semantic_name,cmd_id,direction,status,evidence,notes
FFMLFGHGMPB,7,,mapped-not-observed,PacketOpcodes.java,imported control-set mapping; target-client verification still required
PersonalSceneJumpReq,13,,mapped-not-observed,PacketOpcodes.java,imported control-set mapping; target-client verification still required
JDIHBJAEPDK,16,,mapped-not-observed,PacketOpcodes.java,imported control-set mapping; target-client verification still required
SetBattlePassViewedRsp,20,,mapped-not-observed,PacketOpcodes.java,imported control-set mapping; target-client verification still required
ReliquaryOfferExtractRsp,24,,mapped-not-observed,PacketOpcodes.java,imported control-set mapping; target-client verification still required
GetScenePointRsp,26,,mapped-not-observed,PacketOpcodes.java,imported control-set mapping; target-client verification still required
MichiaeMatsuriRemoveChallengeMarkNotify,29,,mapped-not-observed,PacketOpcodes.java,imported control-set mapping; target-client verification still required
FOAAHOOFBEI,33,,mapped-not-observed,PacketOpcodes.java,imported control-set mapping; target-client verification still required
LMPEJGKFMBO,35,,mapped-not-observed,PacketOpcodes.java,imported control-set mapping; target-client verification still required
UpgradeRoguelikeShikigamiReq,38,,mapped-not-observed,PacketOpcodes.java,imported control-set mapping; target-client verification still required
TakeCityReputationExploreRewardRsp,48,,mapped-not-observed,PacketOpcodes.java,imported control-set mapping; target-client verification still required
KOJABFMGOEO,57,,mapped-not-observed,PacketOpcodes.java,imported control-set mapping; target-client verification still required
ExclusiveRuleNotify,72,,mapped-not-observed,PacketOpcodes.java,imported control-set mapping; target-client verification still required
PCHDKIBLEFH,74,,mapped-not-observed,PacketOpcodes.java,imported control-set mapping; target-client verification still required
GetGameplayRecommendationReq,79,,mapped-not-observed,PacketOpcodes.java,imported control-set mapping; target-client verification still required
HomePreviewBlueprintRsp,83,,mapped-not-observed,PacketOpcodes.java,imported control-set mapping; target-client verification still required
NDHIIEMEJFO,98,,mapped-not-observed,PacketOpcodes.java,imported control-set mapping; target-client verification still required
GetDungeonEntryExploreConditionRsp,100,,mapped-not-observed,PacketOpcodes.java,imported control-set mapping; target-client verification still required
NDLJLOKEEBF,106,,mapped-not-observed,PacketOpcodes.java,imported control-set mapping; target-client verification still required
GetBlossomBriefInfoListRsp,112,,mapped-not-observed,PacketOpcodes.java,imported control-set mapping; target-client verification still required
_WeekActiveSelectAvatarReq,114,,mapped-not-observed,PacketOpcodes.java,imported control-set mapping; target-client verification still required
WinterCampGetFriendWishListRsp,133,,mapped-not-observed,PacketOpcodes.java,imported control-set mapping; target-client verification still required
CoinCollectPrepareStageNotify,141,,mapped-not-observed,PacketOpcodes.java,imported control-set mapping; target-client verification still required
AvatarChangeAnimHashReq,155,,mapped-not-observed,PacketOpcodes.java,imported control-set mapping; target-client verification still required
BAMFFFPKDEH,206,,mapped-not-observed,PacketOpcodes.java,imported control-set mapping; target-client verification still required
AvatarRenameInfoNotify,209,,mapped-not-observed,PacketOpcodes.java,imported control-set mapping; target-client verification still required
ReliquaryOfferCompanionNotify,228,,mapped-not-observed,PacketOpcodes.java,imported control-set mapping; target-client verification still required
JCIINONFDBE,236,,mapped-not-observed,PacketOpcodes.java,imported control-set mapping; target-client verification still required
KJIDAHPEBFI,237,,mapped-not-observed,PacketOpcodes.java,imported control-set mapping; target-client verification still required
AAJAOEJLENE,238,,mapped-not-observed,PacketOpcodes.java,imported control-set mapping; target-client verification still required
GetPlayerMpModeAvailabilityRsp,241,,mapped-not-observed,PacketOpcodes.java,imported control-set mapping; target-client verification still required
BONPIFJDHPA,280,,mapped-not-observed,PacketOpcodes.java,imported control-set mapping; target-client verification still required
ScenePlayGuestReplyInviteRsp,282,,mapped-not-observed,PacketOpcodes.java,imported control-set mapping; target-client verification still required
NpcTalkReq,283,,mapped-not-observed,PacketOpcodes.java,imported control-set mapping; target-client verification still required
RequestLiveInfoRsp,291,,mapped-not-observed,PacketOpcodes.java,imported control-set mapping; target-client verification still required
ACNCLLFKKPE,314,,mapped-not-observed,PacketOpcodes.java,imported control-set mapping; target-client verification still required
ODAONOJEIKB,315,,mapped-not-observed,PacketOpcodes.java,imported control-set mapping; target-client verification still required
GCGGetArenaHistoryDeckDetailInfoReq,318,,mapped-not-observed,PacketOpcodes.java,imported control-set mapping; target-client verification still required
HomeDeleteBlueprintRsp,325,,mapped-not-observed,PacketOpcodes.java,imported control-set mapping; target-client verification still required
_BeyondHallChangeTagsNotify,326,,mapped-not-observed,PacketOpcodes.java,imported control-set mapping; target-client verification still required
KDNBHKFPJLE,329,,mapped-not-observed,PacketOpcodes.java,imported control-set mapping; target-client verification still required
GCLLBFJLMPJ,332,,mapped-not-observed,PacketOpcodes.java,imported control-set mapping; target-client verification still required
CLGMFGMHFDO,350,,mapped-not-observed,PacketOpcodes.java,imported control-set mapping; target-client verification still required
UgcPlayerAddItemOverStackNotify,354,,mapped-not-observed,PacketOpcodes.java,imported control-set mapping; target-client verification still required
IFIAPDFNGJO,375,,mapped-not-observed,PacketOpcodes.java,imported control-set mapping; target-client verification still required
TakeoffEquipReq,378,,mapped-not-observed,PacketOpcodes.java,imported control-set mapping; target-client verification still required
PlayerIpRegionNotify,389,,mapped-not-observed,PacketOpcodes.java,imported control-set mapping; target-client verification still required
_AnecdoteFinishNotify,406,,mapped-not-observed,PacketOpcodes.java,imported control-set mapping; target-client verification still required
LunaRiteTakeSacrificeRewardRsp,419,,mapped-not-observed,PacketOpcodes.java,imported control-set mapping; target-client verification still required
RogueDiaryTiredAvatarNotify,425,,mapped-not-observed,PacketOpcodes.java,imported control-set mapping; target-client verification still required
MLCMHMNLLDN,426,,mapped-not-observed,PacketOpcodes.java,imported control-set mapping; target-client verification still required
GetPlayerFriendListReq,427,,mapped-not-observed,PacketOpcodes.java,imported control-set mapping; target-client verification still required
StoreWeightLimitNotify,450,,mapped-not-observed,PacketOpcodes.java,imported control-set mapping; target-client verification still required
KFNCGMKBDHL,454,,mapped-not-observed,PacketOpcodes.java,imported control-set mapping; target-client verification still required
ClientAIStateNotify,467,,mapped-not-observed,PacketOpcodes.java,imported control-set mapping; target-client verification still required
SceneForceUnlockNotify,470,,mapped-not-observed,PacketOpcodes.java,imported control-set mapping; target-client verification still required
CutSceneEndNotify,472,,mapped-not-observed,PacketOpcodes.java,imported control-set mapping; target-client verification still required
_TakeFurnitureMakeAllReq,478,,mapped-not-observed,PacketOpcodes.java,imported control-set mapping; target-client verification still required
GalleryStopNotify,480,,mapped-not-observed,PacketOpcodes.java,imported control-set mapping; target-client verification still required
EvtCostStaminaNotify,485,,mapped-not-observed,PacketOpcodes.java,imported control-set mapping; target-client verification still required
PrivateChatNotify,486,,mapped-not-observed,PacketOpcodes.java,imported control-set mapping; target-client verification still required
RemoveRandTaskInfoNotify,492,,mapped-not-observed,PacketOpcodes.java,imported control-set mapping; target-client verification still required
SetPlayerSignatureReq,493,,mapped-not-observed,PacketOpcodes.java,imported control-set mapping; target-client verification still required
ForceAddPlayerFriendRsp,501,,mapped-not-observed,PacketOpcodes.java,imported control-set mapping; target-client verification still required
BCPGHPPJDFE,503,,mapped-not-observed,PacketOpcodes.java,imported control-set mapping; target-client verification still required
AvatarGainCostumeNotify,514,,mapped-not-observed,PacketOpcodes.java,imported control-set mapping; target-client verification still required
OEGOCBCLCDE,516,,mapped-not-observed,PacketOpcodes.java,imported control-set mapping; target-client verification still required
LMNJPHPIDHJ,518,,mapped-not-observed,PacketOpcodes.java,imported control-set mapping; target-client verification still required
_PlayerSetStrangerChatSettingRsp,531,,mapped-not-observed,PacketOpcodes.java,imported control-set mapping; target-client verification still required
HomeGetFishFarmingInfoRsp,541,,mapped-not-observed,PacketOpcodes.java,imported control-set mapping; target-client verification still required
HomeUpdatePictureFrameInfoRsp,550,,mapped-not-observed,PacketOpcodes.java,imported control-set mapping; target-client verification still required
_SceneChangeTagReq,551,,mapped-not-observed,PacketOpcodes.java,imported control-set mapping; target-client verification still required
BDHGMNOKOLC,552,,mapped-not-observed,PacketOpcodes.java,imported control-set mapping; target-client verification still required
FEPKPKKBEEB,557,,mapped-not-observed,PacketOpcodes.java,imported control-set mapping; target-client verification still required
ECLCHOOFELN,562,,mapped-not-observed,PacketOpcodes.java,imported control-set mapping; target-client verification still required
_AvatarChangeWeaponSkinRsp,575,,mapped-not-observed,PacketOpcodes.java,imported control-set mapping; target-client verification still required
SaveAkaFesArchitectDungeonReq,577,,mapped-not-observed,PacketOpcodes.java,imported control-set mapping; target-client verification still required
NOLGEJELEEL,579,,mapped-not-observed,PacketOpcodes.java,imported control-set mapping; target-client verification still required
MOBGDLLGKOP,581,,mapped-not-observed,PacketOpcodes.java,imported control-set mapping; target-client verification still required
PlayerOfferingRsp,582,,mapped-not-observed,PacketOpcodes.java,imported control-set mapping; target-client verification still required
OPDOONBOPAD,586,,mapped-not-observed,PacketOpcodes.java,imported control-set mapping; target-client verification still required
MEMOBKBBOCD,590,,mapped-not-observed,PacketOpcodes.java,imported control-set mapping; target-client verification still required
FleurFairBalloonSettleNotify,592,,mapped-not-observed,PacketOpcodes.java,imported control-set mapping; target-client verification still required
AllWidgetDataNotify,599,,mapped-not-observed,PacketOpcodes.java,imported control-set mapping; target-client verification still required
EffigyChallengeV2DungeonInfoNotify,614,,mapped-not-observed,PacketOpcodes.java,imported control-set mapping; target-client verification still required
_BeyondChatRsp,638,,mapped-not-observed,PacketOpcodes.java,imported control-set mapping; target-client verification still required
ItemAddHintNotify,652,,mapped-not-observed,PacketOpcodes.java,imported control-set mapping; target-client verification still required
EALGJHGIPFI,658,,mapped-not-observed,PacketOpcodes.java,imported control-set mapping; target-client verification still required
CookRecipeDataNotify,666,,mapped-not-observed,PacketOpcodes.java,imported control-set mapping; target-client verification still required
GHDDBKFFKHH,675,,mapped-not-observed,PacketOpcodes.java,imported control-set mapping; target-client verification still required
SelectEffigyChallengeConditionReq,690,,mapped-not-observed,PacketOpcodes.java,imported control-set mapping; target-client verification still required
EBKECFJMDEP,704,,mapped-not-observed,PacketOpcodes.java,imported control-set mapping; target-client verification still required
HomePriorCheckNotify,705,,mapped-not-observed,PacketOpcodes.java,imported control-set mapping; target-client verification still required
GJGJFEMDPFH,706,,mapped-not-observed,PacketOpcodes.java,imported control-set mapping; target-client verification still required
MKOEEBGBHAB,715,,mapped-not-observed,PacketOpcodes.java,imported control-set mapping; target-client verification still required
IGMCOPOAGFC,722,,mapped-not-observed,PacketOpcodes.java,imported control-set mapping; target-client verification still required
DBDPOLMJDNO,735,,mapped-not-observed,PacketOpcodes.java,imported control-set mapping; target-client verification still required
LGODIBPJMBB,748,,mapped-not-observed,PacketOpcodes.java,imported control-set mapping; target-client verification still required
SealBattleEndNotify,750,,mapped-not-observed,PacketOpcodes.java,imported control-set mapping; target-client verification still required
NJMGBCMDCJK,757,,mapped-not-observed,PacketOpcodes.java,imported control-set mapping; target-client verification still required
MiracleRingTakeRewardReq,762,,mapped-not-observed,PacketOpcodes.java,imported control-set mapping; target-client verification still required
BartenderGetFormulaReq,764,,mapped-not-observed,PacketOpcodes.java,imported control-set mapping; target-client verification still required
ServerCondMeetQuestListUpdateNotify,783,,mapped-not-observed,PacketOpcodes.java,imported control-set mapping; target-client verification still required
KMCJLBHGEMG,785,,mapped-not-observed,PacketOpcodes.java,imported control-set mapping; target-client verification still required
KJBHHAMONNC,793,,mapped-not-observed,PacketOpcodes.java,imported control-set mapping; target-client verification still required
WorktopOptionNotify,799,,mapped-not-observed,PacketOpcodes.java,imported control-set mapping; target-client verification still required
AvatarSkillUpgradeReq,819,,mapped-not-observed,PacketOpcodes.java,imported control-set mapping; target-client verification still required
DEIGGGMFHON,829,,mapped-not-observed,PacketOpcodes.java,imported control-set mapping; target-client verification still required
FinishedTalkIdListNotify,843,,mapped-not-observed,PacketOpcodes.java,imported control-set mapping; target-client verification still required
BigTalentPointConvertReq,846,,mapped-not-observed,PacketOpcodes.java,imported control-set mapping; target-client verification still required
ChangeGameTimeReq,847,,mapped-not-observed,PacketOpcodes.java,imported control-set mapping; target-client verification still required
LevelTagDataNotify,863,,mapped-not-observed,PacketOpcodes.java,imported control-set mapping; target-client verification still required
EKFGNLICFPE,868,,mapped-not-observed,PacketOpcodes.java,imported control-set mapping; target-client verification still required
FJFCPJNEBLD,871,,mapped-not-observed,PacketOpcodes.java,imported control-set mapping; target-client verification still required
DungeonDieOptionReq,873,,mapped-not-observed,PacketOpcodes.java,imported control-set mapping; target-client verification still required
EHBEMDODEHH,875,,mapped-not-observed,PacketOpcodes.java,imported control-set mapping; target-client verification still required
GadgetInteractRsp,881,,mapped-not-observed,PacketOpcodes.java,imported control-set mapping; target-client verification still required
TakeResinCardDailyRewardRsp,893,,mapped-not-observed,PacketOpcodes.java,imported control-set mapping; target-client verification still required
ActivitySelectAvatarCardRsp,898,,mapped-not-observed,PacketOpcodes.java,imported control-set mapping; target-client verification still required
LDHMALEOFCL,912,,mapped-not-observed,PacketOpcodes.java,imported control-set mapping; target-client verification still required
CanUseSkillNotify,918,,mapped-not-observed,PacketOpcodes.java,imported control-set mapping; target-client verification still required
_TowerDefenseOperationNotify,947,,mapped-not-observed,PacketOpcodes.java,imported control-set mapping; target-client verification still required
BFFEPPAMACC,956,,mapped-not-observed,PacketOpcodes.java,imported control-set mapping; target-client verification still required
_DungeonBatchPreloadMonsterNotify,971,,mapped-not-observed,PacketOpcodes.java,imported control-set mapping; target-client verification still required
GetOnlinePlayerListRsp,972,,mapped-not-observed,PacketOpcodes.java,imported control-set mapping; target-client verification still required
ProudSkillUpgradeRsp,976,,mapped-not-observed,PacketOpcodes.java,imported control-set mapping; target-client verification still required
GetPlayerSocialDetailReq,982,,mapped-not-observed,PacketOpcodes.java,imported control-set mapping; target-client verification still required
HMDJCNLNHNE,1001,,mapped-not-observed,PacketOpcodes.java,imported control-set mapping; target-client verification still required
OMIGEIPEIDE,1002,,mapped-not-observed,PacketOpcodes.java,imported control-set mapping; target-client verification still required
PKLELBDJHAG,1004,,mapped-not-observed,PacketOpcodes.java,imported control-set mapping; target-client verification still required
PlayerStartMatchRsp,1006,,mapped-not-observed,PacketOpcodes.java,imported control-set mapping; target-client verification still required
MBIGNILDLKP,1008,,mapped-not-observed,PacketOpcodes.java,imported control-set mapping; target-client verification still required
FGCOMAKFIMP,1009,,mapped-not-observed,PacketOpcodes.java,imported control-set mapping; target-client verification still required
KFHDBBONOKC,1010,,mapped-not-observed,PacketOpcodes.java,imported control-set mapping; target-client verification still required
IOFBHEJFBNP,1011,,mapped-not-observed,PacketOpcodes.java,imported control-set mapping; target-client verification still required
AEJJNFJBJDL,1013,,mapped-not-observed,PacketOpcodes.java,imported control-set mapping; target-client verification still required
LDBPMFNPEAI,1016,,mapped-not-observed,PacketOpcodes.java,imported control-set mapping; target-client verification still required
OJAMCBIFCNM,1017,,mapped-not-observed,PacketOpcodes.java,imported control-set mapping; target-client verification still required
NJFDEKOBMDN,1019,,mapped-not-observed,PacketOpcodes.java,imported control-set mapping; target-client verification still required
HomeResourceNotify,1023,,mapped-not-observed,PacketOpcodes.java,imported control-set mapping; target-client verification still required
GDCDCBKAIED,1024,,mapped-not-observed,PacketOpcodes.java,imported control-set mapping; target-client verification still required
HAFPJCJHAPF,1025,,mapped-not-observed,PacketOpcodes.java,imported control-set mapping; target-client verification still required
MEFAJDPNHCB,1026,,mapped-not-observed,PacketOpcodes.java,imported control-set mapping; target-client verification still required
FLJALADMJOI,1027,,mapped-not-observed,PacketOpcodes.java,imported control-set mapping; target-client verification still required
_AvatarEscoffierSkillCookRsp,1040,,mapped-not-observed,PacketOpcodes.java,imported control-set mapping; target-client verification still required
DFPGJJBAMGB,1048,,mapped-not-observed,PacketOpcodes.java,imported control-set mapping; target-client verification still required
GalleryIslandPartyDownHillInfoNotify,1053,,mapped-not-observed,PacketOpcodes.java,imported control-set mapping; target-client verification still required
GetActivityInfoRsp,1056,,mapped-not-observed,PacketOpcodes.java,imported control-set mapping; target-client verification still required
DungeonDataNotify,1057,,mapped-not-observed,PacketOpcodes.java,imported control-set mapping; target-client verification still required
StartBuoyantCombatGalleryRsp,1070,,mapped-not-observed,PacketOpcodes.java,imported control-set mapping; target-client verification still required
IFNALNKMOGD,1076,,mapped-not-observed,PacketOpcodes.java,imported control-set mapping; target-client verification still required
OPJCIPKIBNN,1084,,mapped-not-observed,PacketOpcodes.java,imported control-set mapping; target-client verification still required
ViewCodexReq,1108,,mapped-not-observed,PacketOpcodes.java,imported control-set mapping; target-client verification still required
CKIJDHIBPNG,1113,,mapped-not-observed,PacketOpcodes.java,imported control-set mapping; target-client verification still required
GCGChallengeUpdateNotify,1117,,mapped-not-observed,PacketOpcodes.java,imported control-set mapping; target-client verification still required
CoinCollectChooseSkillReq,1141,,mapped-not-observed,PacketOpcodes.java,imported control-set mapping; target-client verification still required
PLBJHIOJCLH,1145,,mapped-not-observed,PacketOpcodes.java,imported control-set mapping; target-client verification still required
_ExchangeItemRsp,1160,,mapped-not-observed,PacketOpcodes.java,imported control-set mapping; target-client verification still required
MEDIAICHPDL,1166,,mapped-not-observed,PacketOpcodes.java,imported control-set mapping; target-client verification still required
CityReputationDataNotify,1167,,mapped-not-observed,PacketOpcodes.java,imported control-set mapping; target-client verification still required
_GetPlayerMutelistRsp,1171,,mapped-not-observed,PacketOpcodes.java,imported control-set mapping; target-client verification still required
EGPBDHGKCNC,1174,,mapped-not-observed,PacketOpcodes.java,imported control-set mapping; target-client verification still required
_DungeonChatChannelDataNotify,1178,,mapped-not-observed,PacketOpcodes.java,imported control-set mapping; target-client verification still required
MistTrialGetChallengeMissionRsp,1185,,mapped-not-observed,PacketOpcodes.java,imported control-set mapping; target-client verification still required
BrickBreakerSelectAvatarRsp,1189,,mapped-not-observed,PacketOpcodes.java,imported control-set mapping; target-client verification still required
ExecuteGroupTriggerRsp,1192,,mapped-not-observed,PacketOpcodes.java,imported control-set mapping; target-client verification still required
FEMLJCEENAM,1209,,mapped-not-observed,PacketOpcodes.java,imported control-set mapping; target-client verification still required
GachaActivityTakeRewardRsp,1216,,mapped-not-observed,PacketOpcodes.java,imported control-set mapping; target-client verification still required
DungeonWayPointNotify,1222,,mapped-not-observed,PacketOpcodes.java,imported control-set mapping; target-client verification still required
ActivityTakeScoreRewardRsp,1240,,mapped-not-observed,PacketOpcodes.java,imported control-set mapping; target-client verification still required
BuyGoodsRsp,1241,,mapped-not-observed,PacketOpcodes.java,imported control-set mapping; target-client verification still required
ELBLIGDECNMReq,1245,,mapped-not-observed,PacketOpcodes.java,imported control-set mapping; target-client verification still required
SeaLampTakePhaseRewardRsp,1246,,mapped-not-observed,PacketOpcodes.java,imported control-set mapping; target-client verification still required
SceneTransToPointReq,1252,,mapped-not-observed,PacketOpcodes.java,imported control-set mapping; target-client verification still required
GIILKNAJJKA,1273,,mapped-not-observed,PacketOpcodes.java,imported control-set mapping; target-client verification still required
FPIOIMMDMJE,1288,,mapped-not-observed,PacketOpcodes.java,imported control-set mapping; target-client verification still required
SceneTimeNotify,1307,,mapped-not-observed,PacketOpcodes.java,imported control-set mapping; target-client verification still required
GKBLDPINOBK,1316,,mapped-not-observed,PacketOpcodes.java,imported control-set mapping; target-client verification still required
OHLPIMMGJKC,1318,,mapped-not-observed,PacketOpcodes.java,imported control-set mapping; target-client verification still required
WidgetGadgetDataNotify,1325,,mapped-not-observed,PacketOpcodes.java,imported control-set mapping; target-client verification still required
GCGDSChangeDeckNameReq,1333,,mapped-not-observed,PacketOpcodes.java,imported control-set mapping; target-client verification still required
_ActivityClientPlayEnterDungeonReq,1339,,mapped-not-observed,PacketOpcodes.java,imported control-set mapping; target-client verification still required
PEBBPALOFBP,1345,,mapped-not-observed,PacketOpcodes.java,imported control-set mapping; target-client verification still required
CKHFABNCLOL,1349,,mapped-not-observed,PacketOpcodes.java,imported control-set mapping; target-client verification still required
NJPFGAHBPDF,1350,,mapped-not-observed,PacketOpcodes.java,imported control-set mapping; target-client verification still required
PotionEnterDungeonReq,1354,,mapped-not-observed,PacketOpcodes.java,imported control-set mapping; target-client verification still required
JHIFLKDJNLL,1357,,mapped-not-observed,PacketOpcodes.java,imported control-set mapping; target-client verification still required
DailyTaskScoreRewardNotify,1358,,mapped-not-observed,PacketOpcodes.java,imported control-set mapping; target-client verification still required
BIOICCNNEGN,1388,,mapped-not-observed,PacketOpcodes.java,imported control-set mapping; target-client verification still required
_WeekActiveDetailUpdateNotify,1395,,mapped-not-observed,PacketOpcodes.java,imported control-set mapping; target-client verification still required
DGGJAIFKICP,1410,,mapped-not-observed,PacketOpcodes.java,imported control-set mapping; target-client verification still required
GetDailyDungeonEntryInfoRsp,1412,,mapped-not-observed,PacketOpcodes.java,imported control-set mapping; target-client verification still required
HomeAvatarRewardEventGetReq,1414,,mapped-not-observed,PacketOpcodes.java,imported control-set mapping; target-client verification still required
DMJHBCIPONP,1417,,mapped-not-observed,PacketOpcodes.java,imported control-set mapping; target-client verification still required
AJHLDKLDPOJ,1439,,mapped-not-observed,PacketOpcodes.java,imported control-set mapping; target-client verification still required
ServerGlobalValueChangeNotify,1441,,mapped-not-observed,PacketOpcodes.java,imported control-set mapping; target-client verification still required
WorldRoutineTypeRefreshNotify,1471,,mapped-not-observed,PacketOpcodes.java,imported control-set mapping; target-client verification still required
BOKGJKLLIGF,1472,,mapped-not-observed,PacketOpcodes.java,imported control-set mapping; target-client verification still required
EntityForceSyncRsp,1476,,mapped-not-observed,PacketOpcodes.java,imported control-set mapping; target-client verification still required
FleurFairMusicGameStartRsp,1477,,mapped-not-observed,PacketOpcodes.java,imported control-set mapping; target-client verification still required
DraftOwnerStartInviteReq,1482,,mapped-not-observed,PacketOpcodes.java,imported control-set mapping; target-client verification still required
OGCNCDJEFKH,1483,,mapped-not-observed,PacketOpcodes.java,imported control-set mapping; target-client verification still required
QuickUseWidgetReq,1490,,mapped-not-observed,PacketOpcodes.java,imported control-set mapping; target-client verification still required
TakeEffigyFirstPassRewardReq,1496,,mapped-not-observed,PacketOpcodes.java,imported control-set mapping; target-client verification still required
KFLOJDHDIJE,1500,,mapped-not-observed,PacketOpcodes.java,imported control-set mapping; target-client verification still required
GHDKEOIDFOP,1512,,mapped-not-observed,PacketOpcodes.java,imported control-set mapping; target-client verification still required
ChessPickCardNotify,1515,,mapped-not-observed,PacketOpcodes.java,imported control-set mapping; target-client verification still required
WidgetActiveChangeNotify,1516,,mapped-not-observed,PacketOpcodes.java,imported control-set mapping; target-client verification still required
FFGMBMLCGPC,1519,,mapped-not-observed,PacketOpcodes.java,imported control-set mapping; target-client verification still required
AJJADEJJDGE,1529,,mapped-not-observed,PacketOpcodes.java,imported control-set mapping; target-client verification still required
FleurFairStageSettleNotify,1538,,mapped-not-observed,PacketOpcodes.java,imported control-set mapping; target-client verification still required
FungusCaptureSettleNotify,1553,,mapped-not-observed,PacketOpcodes.java,imported control-set mapping; target-client verification still required
PhotoActivityFinishReq,1560,,mapped-not-observed,PacketOpcodes.java,imported control-set mapping; target-client verification still required
HomeEditCustomFurnitureReq,1561,,mapped-not-observed,PacketOpcodes.java,imported control-set mapping; target-client verification still required
AAJAKHDIGAP,1573,,mapped-not-observed,PacketOpcodes.java,imported control-set mapping; target-client verification still required
EvtBeingHitsCombineNotify,1584,,mapped-not-observed,PacketOpcodes.java,imported control-set mapping; target-client verification still required
FishAttractNotify,1604,,mapped-not-observed,PacketOpcodes.java,imported control-set mapping; target-client verification still required
BILPGLDMHEB,1627,,mapped-not-observed,PacketOpcodes.java,imported control-set mapping; target-client verification still required
ActivityTakeWatcherRewardBatchRsp,1631,,mapped-not-observed,PacketOpcodes.java,imported control-set mapping; target-client verification still required
_LanV6LanternGiftFriendInfoRsp,1633,,mapped-not-observed,PacketOpcodes.java,imported control-set mapping; target-client verification still required
GadgetAutoPickDropInfoNotify,1636,,mapped-not-observed,PacketOpcodes.java,imported control-set mapping; target-client verification still required
ANLEECIIFBB,1640,,mapped-not-observed,PacketOpcodes.java,imported control-set mapping; target-client verification still required
JNMNKCGEOFH,1642,,mapped-not-observed,PacketOpcodes.java,imported control-set mapping; target-client verification still required
GetScenePointReq,1649,,mapped-not-observed,PacketOpcodes.java,imported control-set mapping; target-client verification still required
_UgcEnterDungeonRsp,1660,,mapped-not-observed,PacketOpcodes.java,imported control-set mapping; target-client verification still required
DuelHeartSettleNotify,1679,,mapped-not-observed,PacketOpcodes.java,imported control-set mapping; target-client verification still required
KKEKMFIHJCI,1682,,mapped-not-observed,PacketOpcodes.java,imported control-set mapping; target-client verification still required
GachaWishReq,1703,,mapped-not-observed,PacketOpcodes.java,imported control-set mapping; target-client verification still required
HEEFJOMPDHM,1707,,mapped-not-observed,PacketOpcodes.java,imported control-set mapping; target-client verification still required
MPGNKGAJJNJ,1709,,mapped-not-observed,PacketOpcodes.java,imported control-set mapping; target-client verification still required
MonsterForceAlertNotify,1737,,mapped-not-observed,PacketOpcodes.java,imported control-set mapping; target-client verification still required
_PlayerApplyHomeCreateBlueprintResultNotify,1738,,mapped-not-observed,PacketOpcodes.java,imported control-set mapping; target-client verification still required
ICFIOCBOKFD,1747,,mapped-not-observed,PacketOpcodes.java,imported control-set mapping; target-client verification still required
LMONIBEGGCH,1752,,mapped-not-observed,PacketOpcodes.java,imported control-set mapping; target-client verification still required
GetNextResourceInfoRsp,1761,,mapped-not-observed,PacketOpcodes.java,imported control-set mapping; target-client verification still required
BMKBINFDPAK,1769,,mapped-not-observed,PacketOpcodes.java,imported control-set mapping; target-client verification still required
ReliquaryOfferExtractReq,1781,,mapped-not-observed,PacketOpcodes.java,imported control-set mapping; target-client verification still required
BartenderStartLevelRsp,1785,,mapped-not-observed,PacketOpcodes.java,imported control-set mapping; target-client verification still required
_BeyondPlayerQuitFromHallNotify,1786,,mapped-not-observed,PacketOpcodes.java,imported control-set mapping; target-client verification still required
NJKJLDFNPMC,1790,,mapped-not-observed,PacketOpcodes.java,imported control-set mapping; target-client verification still required
EvtAvatarUpdateFocusNotify,1796,,mapped-not-observed,PacketOpcodes.java,imported control-set mapping; target-client verification still required
OAHPBMPCGHG,1810,,mapped-not-observed,PacketOpcodes.java,imported control-set mapping; target-client verification still required
PPDDPAFAMPD,1811,,mapped-not-observed,PacketOpcodes.java,imported control-set mapping; target-client verification still required
HomeClearGroupRecordRsp,1823,,mapped-not-observed,PacketOpcodes.java,imported control-set mapping; target-client verification still required
McoinExchangeHcoinReq,1843,,mapped-not-observed,PacketOpcodes.java,imported control-set mapping; target-client verification still required
BMLAGHOEKIC,1845,,mapped-not-observed,PacketOpcodes.java,imported control-set mapping; target-client verification still required
KBFJCFGIADM,1862,,mapped-not-observed,PacketOpcodes.java,imported control-set mapping; target-client verification still required
OOFHPJAFEFC,1879,,mapped-not-observed,PacketOpcodes.java,imported control-set mapping; target-client verification still required
PAAMJLCCKKB,1881,,mapped-not-observed,PacketOpcodes.java,imported control-set mapping; target-client verification still required
EDFGBIIOAAN,1897,,mapped-not-observed,PacketOpcodes.java,imported control-set mapping; target-client verification still required
HHDPHPHPKPI,1911,,mapped-not-observed,PacketOpcodes.java,imported control-set mapping; target-client verification still required
SceneAudioNotify,1922,,mapped-not-observed,PacketOpcodes.java,imported control-set mapping; target-client verification still required
ACFDLMBNANC,1926,,mapped-not-observed,PacketOpcodes.java,imported control-set mapping; target-client verification still required
NEDDMBPCHFG,1928,,mapped-not-observed,PacketOpcodes.java,imported control-set mapping; target-client verification still required
HPODPOOMBPB,1929,,mapped-not-observed,PacketOpcodes.java,imported control-set mapping; target-client verification still required
PCLEHGGPNKK,1947,,mapped-not-observed,PacketOpcodes.java,imported control-set mapping; target-client verification still required
ILMFEODGCFB,1954,,mapped-not-observed,PacketOpcodes.java,imported control-set mapping; target-client verification still required
AkaFesRhythmStartPlayRsp,1955,,mapped-not-observed,PacketOpcodes.java,imported control-set mapping; target-client verification still required
_UgcEnterDungeonReq,1971,,mapped-not-observed,PacketOpcodes.java,imported control-set mapping; target-client verification still required
HomePreChangeEditModeNotify,1974,,mapped-not-observed,PacketOpcodes.java,imported control-set mapping; target-client verification still required
JPJCKHFOKHO,1976,,mapped-not-observed,PacketOpcodes.java,imported control-set mapping; target-client verification still required
AvatarSkillDepotChangeNotify,1977,,mapped-not-observed,PacketOpcodes.java,imported control-set mapping; target-client verification still required
_GetStreamingVideoUrlReq,1978,,mapped-not-observed,PacketOpcodes.java,imported control-set mapping; target-client verification still required
AGEHCBMBIFF,1982,,mapped-not-observed,PacketOpcodes.java,imported control-set mapping; target-client verification still required
OIEIILKEHGB,1984,,mapped-not-observed,PacketOpcodes.java,imported control-set mapping; target-client verification still required
_UgcDungeonChangeEditRoomReq,1986,,mapped-not-observed,PacketOpcodes.java,imported control-set mapping; target-client verification still required
OtherPlayerEnterHomeNotify,1995,,mapped-not-observed,PacketOpcodes.java,imported control-set mapping; target-client verification still required
GadgetGeneralRewardInfoNotify,2019,,mapped-not-observed,PacketOpcodes.java,imported control-set mapping; target-client verification still required
ScenePlayInviteResultNotify,2026,,mapped-not-observed,PacketOpcodes.java,imported control-set mapping; target-client verification still required
CCHBCILFJLK,2027,,mapped-not-observed,PacketOpcodes.java,imported control-set mapping; target-client verification still required
SandwormCannonActivitySettleNotify,2033,,mapped-not-observed,PacketOpcodes.java,imported control-set mapping; target-client verification still required
ItemGivingReq,2045,,mapped-not-observed,PacketOpcodes.java,imported control-set mapping; target-client verification still required
DEAFGFEJEOO,2056,,mapped-not-observed,PacketOpcodes.java,imported control-set mapping; target-client verification still required
HNGHFPHHBMJ,2067,,mapped-not-observed,PacketOpcodes.java,imported control-set mapping; target-client verification still required
JOLNAEJFOHK,2068,,mapped-not-observed,PacketOpcodes.java,imported control-set mapping; target-client verification still required
WorldPlayerInfoNotify,2076,,mapped-not-observed,PacketOpcodes.java,imported control-set mapping; target-client verification still required
JGIBMAILELD,2082,,mapped-not-observed,PacketOpcodes.java,imported control-set mapping; target-client verification still required
BKEGFCADNKP,2093,,mapped-not-observed,PacketOpcodes.java,imported control-set mapping; target-client verification still required
KLPNDPBGDJD,2101,,mapped-not-observed,PacketOpcodes.java,imported control-set mapping; target-client verification still required
HMLBEIJBIKM,2114,,mapped-not-observed,PacketOpcodes.java,imported control-set mapping; target-client verification still required
BDCGCJPGAJG,2124,,mapped-not-observed,PacketOpcodes.java,imported control-set mapping; target-client verification still required
AAPEEJIHKFE,2130,,mapped-not-observed,PacketOpcodes.java,imported control-set mapping; target-client verification still required
HLNMHJGCGLP,2141,,mapped-not-observed,PacketOpcodes.java,imported control-set mapping; target-client verification still required
PNOLOFBODAM,2142,,mapped-not-observed,PacketOpcodes.java,imported control-set mapping; target-client verification still required
KCJCNHKHJCB,2144,,mapped-not-observed,PacketOpcodes.java,imported control-set mapping; target-client verification still required
HomeFishFarmingInfoNotify,2148,,mapped-not-observed,PacketOpcodes.java,imported control-set mapping; target-client verification still required
KAOPMFDDDAD,2162,,mapped-not-observed,PacketOpcodes.java,imported control-set mapping; target-client verification still required
HAEDLDJLPAK,2163,,mapped-not-observed,PacketOpcodes.java,imported control-set mapping; target-client verification still required
ONEOMKFJLAE,2183,,mapped-not-observed,PacketOpcodes.java,imported control-set mapping; target-client verification still required
DEMPCEGPDMP,2185,,mapped-not-observed,PacketOpcodes.java,imported control-set mapping; target-client verification still required
CNMDKFFKEDB,2194,,mapped-not-observed,PacketOpcodes.java,imported control-set mapping; target-client verification still required
_BeyondHallRoomCardChangeNotify,2210,,mapped-not-observed,PacketOpcodes.java,imported control-set mapping; target-client verification still required
EvtAvatarLockChairReq,2217,,mapped-not-observed,PacketOpcodes.java,imported control-set mapping; target-client verification still required
InterpretInferenceWordRsp,2242,,mapped-not-observed,PacketOpcodes.java,imported control-set mapping; target-client verification still required
UnionCmdNotify,2246,,mapped-not-observed,PacketOpcodes.java,imported control-set mapping; target-client verification still required
GCGBossChallengeUpdateNotify,2269,,mapped-not-observed,PacketOpcodes.java,imported control-set mapping; target-client verification still required
UgcTowerLevelUpNotify,2278,,mapped-not-observed,PacketOpcodes.java,imported control-set mapping; target-client verification still required
HODGMKGPIPM,2288,,mapped-not-observed,PacketOpcodes.java,imported control-set mapping; target-client verification still required
OrderFinishNotify,2293,,mapped-not-observed,PacketOpcodes.java,imported control-set mapping; target-client verification still required
PIFNPBAHPFM,2298,,mapped-not-observed,PacketOpcodes.java,imported control-set mapping; target-client verification still required
GMShowNavMeshRsp,2310,,mapped-not-observed,PacketOpcodes.java,imported control-set mapping; target-client verification still required
EDDELCKHBHJ,2324,,mapped-not-observed,PacketOpcodes.java,imported control-set mapping; target-client verification still required
QueryPathReq,2328,,mapped-not-observed,PacketOpcodes.java,imported control-set mapping; target-client verification still required
CJAAPGLFPNO,2341,,mapped-not-observed,PacketOpcodes.java,imported control-set mapping; target-client verification still required
FIOPMABFGIE,2342,,mapped-not-observed,PacketOpcodes.java,imported control-set mapping; target-client verification still required
QueryPathRsp,2343,,mapped-not-observed,PacketOpcodes.java,imported control-set mapping; target-client verification still required
LCEEAENIPNB,2347,,mapped-not-observed,PacketOpcodes.java,imported control-set mapping; target-client verification still required
LDADBBOIDOB,2351,,mapped-not-observed,PacketOpcodes.java,imported control-set mapping; target-client verification still required
GMShowObstacleRsp,2355,,mapped-not-observed,PacketOpcodes.java,imported control-set mapping; target-client verification still required
PathfindingEnterSceneReq,2357,,mapped-not-observed,PacketOpcodes.java,imported control-set mapping; target-client verification still required
NAHAGELILAL,2364,,mapped-not-observed,PacketOpcodes.java,imported control-set mapping; target-client verification still required
ObstacleModifyNotify,2365,,mapped-not-observed,PacketOpcodes.java,imported control-set mapping; target-client verification still required
OHCNNJJPHLN,2372,,mapped-not-observed,PacketOpcodes.java,imported control-set mapping; target-client verification still required
LIHIGCOLGPG,2393,,mapped-not-observed,PacketOpcodes.java,imported control-set mapping; target-client verification still required
SelectAsterMidDifficultyRsp,2401,,mapped-not-observed,PacketOpcodes.java,imported control-set mapping; target-client verification still required
InBattleMechanicusCardResultNotify,2421,,mapped-not-observed,PacketOpcodes.java,imported control-set mapping; target-client verification still required
_QuestRenameMiscReq,2429,,mapped-not-observed,PacketOpcodes.java,imported control-set mapping; target-client verification still required
FunitureMakeMakeInfoChangeNotify,2430,,mapped-not-observed,PacketOpcodes.java,imported control-set mapping; target-client verification still required
InBattleMechanicusSettleNotify,2432,,mapped-not-observed,PacketOpcodes.java,imported control-set mapping; target-client verification still required
MainCoopFailNotify,2441,,mapped-not-observed,PacketOpcodes.java,imported control-set mapping; target-client verification still required
LLDMFIJEIPC,2445,,mapped-not-observed,PacketOpcodes.java,imported control-set mapping; target-client verification still required
HomeComfortInfoNotify,2471,,mapped-not-observed,PacketOpcodes.java,imported control-set mapping; target-client verification still required
LCFNECLJIMJ,2481,,mapped-not-observed,PacketOpcodes.java,imported control-set mapping; target-client verification still required
FishEscapeNotify,2486,,mapped-not-observed,PacketOpcodes.java,imported control-set mapping; target-client verification still required
DPOIKBLHNHH,2492,,mapped-not-observed,PacketOpcodes.java,imported control-set mapping; target-client verification still required
BartenderGetFormulaRsp,2495,,mapped-not-observed,PacketOpcodes.java,imported control-set mapping; target-client verification still required
EvtBeingHealedNotify,2496,,mapped-not-observed,PacketOpcodes.java,imported control-set mapping; target-client verification still required
LFFJLPIHCHL,2499,,mapped-not-observed,PacketOpcodes.java,imported control-set mapping; target-client verification still required
ActivityScheduleInfoNotify,2516,,mapped-not-observed,PacketOpcodes.java,imported control-set mapping; target-client verification still required
PDBEODEKJOC,2557,,mapped-not-observed,PacketOpcodes.java,imported control-set mapping; target-client verification still required
AvatarSkillUpgradeRsp,2562,,mapped-not-observed,PacketOpcodes.java,imported control-set mapping; target-client verification still required
MpPlayGuestReplyInviteRsp,2563,,mapped-not-observed,PacketOpcodes.java,imported control-set mapping; target-client verification still required
DDPKBGAFFJO,2568,,mapped-not-observed,PacketOpcodes.java,imported control-set mapping; target-client verification still required
EntityAiSyncNotify,2569,,mapped-not-observed,PacketOpcodes.java,imported control-set mapping; target-client verification still required
ForgeQueueManipulateReq,2573,,mapped-not-observed,PacketOpcodes.java,imported control-set mapping; target-client verification still required
EJJBFAEKIBH,2574,,mapped-not-observed,PacketOpcodes.java,imported control-set mapping; target-client verification still required
CrystalLinkDungeonInfoNotify,2578,,mapped-not-observed,PacketOpcodes.java,imported control-set mapping; target-client verification still required
ReformFireworksReq,2587,,mapped-not-observed,PacketOpcodes.java,imported control-set mapping; target-client verification still required
_PullStrangerChatRsp,2592,,mapped-not-observed,PacketOpcodes.java,imported control-set mapping; target-client verification still required
IBCIIPBJANA,2603,,mapped-not-observed,PacketOpcodes.java,imported control-set mapping; target-client verification still required
JHGACINDJGI,2628,,mapped-not-observed,PacketOpcodes.java,imported control-set mapping; target-client verification still required
EGAJDNEHANH,2648,,mapped-not-observed,PacketOpcodes.java,imported control-set mapping; target-client verification still required
HomeLimitedShopInfoRsp,2652,,mapped-not-observed,PacketOpcodes.java,imported control-set mapping; target-client verification still required
FOJIIAGPIFI,2653,,mapped-not-observed,PacketOpcodes.java,imported control-set mapping; target-client verification still required
LJPOECMEGAC,2655,,mapped-not-observed,PacketOpcodes.java,imported control-set mapping; target-client verification still required
_AnecdoteAreaInfoUpdateNotify,2657,,mapped-not-observed,PacketOpcodes.java,imported control-set mapping; target-client verification still required
CHJEICCFOCO,2660,,mapped-not-observed,PacketOpcodes.java,imported control-set mapping; target-client verification still required
SetNameCardReq,2661,,mapped-not-observed,PacketOpcodes.java,imported control-set mapping; target-client verification still required
QuestRenameAvatarReq,2670,,mapped-not-observed,PacketOpcodes.java,imported control-set mapping; target-client verification still required
_BeyondPlayerReportReq,2673,,mapped-not-observed,PacketOpcodes.java,imported control-set mapping; target-client verification still required
LuaSetOptionNotify,2674,,mapped-not-observed,PacketOpcodes.java,imported control-set mapping; target-client verification still required
GroupLinkAllNotify,2686,,mapped-not-observed,PacketOpcodes.java,imported control-set mapping; target-client verification still required
PPPHNLLNCJN,2693,,mapped-not-observed,PacketOpcodes.java,imported control-set mapping; target-client verification still required
LEBNIJBHBGP,2704,,mapped-not-observed,PacketOpcodes.java,imported control-set mapping; target-client verification still required
FDODCJHJPCA,2707,,mapped-not-observed,PacketOpcodes.java,imported control-set mapping; target-client verification still required
_BeyondBuyPaidDlcReq,2712,,mapped-not-observed,PacketOpcodes.java,imported control-set mapping; target-client verification still required
MichiaeMatsuriGainCrystalExpUpdateNotify,2724,,mapped-not-observed,PacketOpcodes.java,imported control-set mapping; target-client verification still required
BlessingAcceptGivePicRsp,2726,,mapped-not-observed,PacketOpcodes.java,imported control-set mapping; target-client verification still required
_TowerDefenseEnterDungeonRsp,2731,,mapped-not-observed,PacketOpcodes.java,imported control-set mapping; target-client verification still required
TreasureMapBonusChallengeNotify,2739,,mapped-not-observed,PacketOpcodes.java,imported control-set mapping; target-client verification still required
ScenePlayBattleInfoNotify,2762,,mapped-not-observed,PacketOpcodes.java,imported control-set mapping; target-client verification still required
_BeyondCreateHallRsp,2767,,mapped-not-observed,PacketOpcodes.java,imported control-set mapping; target-client verification still required
CCAGBJMJDDN,2770,,mapped-not-observed,PacketOpcodes.java,imported control-set mapping; target-client verification still required
TriggerRoguelikeRuneRsp,2784,,mapped-not-observed,PacketOpcodes.java,imported control-set mapping; target-client verification still required
PJMKCIEFAAE,2788,,mapped-not-observed,PacketOpcodes.java,imported control-set mapping; target-client verification still required
POOFDPIBMNI,2790,,mapped-not-observed,PacketOpcodes.java,imported control-set mapping; target-client verification still required
PullRecentChatReq,2791,,mapped-not-observed,PacketOpcodes.java,imported control-set mapping; target-client verification still required
KIJJBDPOILC,2799,,mapped-not-observed,PacketOpcodes.java,imported control-set mapping; target-client verification still required
_EntityChangeAnimHashRsp,2806,,mapped-not-observed,PacketOpcodes.java,imported control-set mapping; target-client verification still required
HomeBalloonGallerySettleNotify,2811,,mapped-not-observed,PacketOpcodes.java,imported control-set mapping; target-client verification still required
AJLJDPLBILD,2816,,mapped-not-observed,PacketOpcodes.java,imported control-set mapping; target-client verification still required
BonusActivityInfoRsp,2826,,mapped-not-observed,PacketOpcodes.java,imported control-set mapping; target-client verification still required
COKFCAMICGE,2830,,mapped-not-observed,PacketOpcodes.java,imported control-set mapping; target-client verification still required
OEBNBCLJBEF,2833,,mapped-not-observed,PacketOpcodes.java,imported control-set mapping; target-client verification still required
QuestUpdateQuestVarRsp,2837,,mapped-not-observed,PacketOpcodes.java,imported control-set mapping; target-client verification still required
SceneRouteChangeNotify,2838,,mapped-not-observed,PacketOpcodes.java,imported control-set mapping; target-client verification still required
DailyTaskDataNotify,2841,,mapped-not-observed,PacketOpcodes.java,imported control-set mapping; target-client verification still required
BPKLFJKJJBJ,2845,,mapped-not-observed,PacketOpcodes.java,imported control-set mapping; target-client verification still required
TakeBattlePassRewardRsp,2848,,mapped-not-observed,PacketOpcodes.java,imported control-set mapping; target-client verification still required
FocusAvatarReq,2852,,mapped-not-observed,PacketOpcodes.java,imported control-set mapping; target-client verification still required
AvatarSkillMaxChargeCountNotify,2869,,mapped-not-observed,PacketOpcodes.java,imported control-set mapping; target-client verification still required
PlayerCookArgsRsp,2871,,mapped-not-observed,PacketOpcodes.java,imported control-set mapping; target-client verification still required
HitTreeNotify,2874,,mapped-not-observed,PacketOpcodes.java,imported control-set mapping; target-client verification still required
GCGDSDeckSaveRsp,2884,,mapped-not-observed,PacketOpcodes.java,imported control-set mapping; target-client verification still required
BMMOJHBOLFB,2885,,mapped-not-observed,PacketOpcodes.java,imported control-set mapping; target-client verification still required
COEPHMIKICA,2890,,mapped-not-observed,PacketOpcodes.java,imported control-set mapping; target-client verification still required
TakeCityReputationParentQuestReq,2897,,mapped-not-observed,PacketOpcodes.java,imported control-set mapping; target-client verification still required
_AnecdoteWishInfoUpdateNotify,2898,,mapped-not-observed,PacketOpcodes.java,imported control-set mapping; target-client verification still required
ChannellerSlabLoopDungeonSelectConditionRsp,2899,,mapped-not-observed,PacketOpcodes.java,imported control-set mapping; target-client verification still required
LLOEBOLBIAO,2907,,mapped-not-observed,PacketOpcodes.java,imported control-set mapping; target-client verification still required
CFGHNCODDJE,2919,,mapped-not-observed,PacketOpcodes.java,imported control-set mapping; target-client verification still required
ELBLIGDECNMRsp,2923,,mapped-not-observed,PacketOpcodes.java,imported control-set mapping; target-client verification still required
StartCoopPointRsp,2925,,mapped-not-observed,PacketOpcodes.java,imported control-set mapping; target-client verification still required
_IntelligenceScanInfoNotify,2932,,mapped-not-observed,PacketOpcodes.java,imported control-set mapping; target-client verification still required
EffigyChallengeV2EnterDungeonRsp,2936,,mapped-not-observed,PacketOpcodes.java,imported control-set mapping; target-client verification still required
IJPMPAOHIBD,2937,,mapped-not-observed,PacketOpcodes.java,imported control-set mapping; target-client verification still required
JABIOBADIMF,2947,,mapped-not-observed,PacketOpcodes.java,imported control-set mapping; target-client verification still required
_BeyondItemAddHintNotify,2956,,mapped-not-observed,PacketOpcodes.java,imported control-set mapping; target-client verification still required
NJAABBHJMHC,2964,,mapped-not-observed,PacketOpcodes.java,imported control-set mapping; target-client verification still required
OFIGJJGONDB,2967,,mapped-not-observed,PacketOpcodes.java,imported control-set mapping; target-client verification still required
FJAAIPIEIOJ,2988,,mapped-not-observed,PacketOpcodes.java,imported control-set mapping; target-client verification still required
FurnitureMakeRsp,2989,,mapped-not-observed,PacketOpcodes.java,imported control-set mapping; target-client verification still required
FAPOMGEOHAK,3002,,mapped-not-observed,PacketOpcodes.java,imported control-set mapping; target-client verification still required
EvtSetAttackTargetNotify,3005,,mapped-not-observed,PacketOpcodes.java,imported control-set mapping; target-client verification still required
BGKGECKFKOA,3006,,mapped-not-observed,PacketOpcodes.java,imported control-set mapping; target-client verification still required
GOEMLECBLLA,3013,,mapped-not-observed,PacketOpcodes.java,imported control-set mapping; target-client verification still required
GetReunionMissionInfoRsp,3026,,mapped-not-observed,PacketOpcodes.java,imported control-set mapping; target-client verification still required
BatchBuyGoodsReq,3046,,mapped-not-observed,PacketOpcodes.java,imported control-set mapping; target-client verification still required
KIGPDGAINMO,3059,,mapped-not-observed,PacketOpcodes.java,imported control-set mapping; target-client verification still required
IFIMCGFEDCI,3060,,mapped-not-observed,PacketOpcodes.java,imported control-set mapping; target-client verification still required
FinishedParentQuestNotify,3062,,mapped-not-observed,PacketOpcodes.java,imported control-set mapping; target-client verification still required
PlayerNicknameNotify,3064,,mapped-not-observed,PacketOpcodes.java,imported control-set mapping; target-client verification still required
UgcPlayerAssembleBuffRsp,3086,,mapped-not-observed,PacketOpcodes.java,imported control-set mapping; target-client verification still required
ActivityTakeWatcherRewardRsp,3087,,mapped-not-observed,PacketOpcodes.java,imported control-set mapping; target-client verification still required
SetCodexPushtipsReadReq,3090,,mapped-not-observed,PacketOpcodes.java,imported control-set mapping; target-client verification still required
AskAddFriendReq,3092,,mapped-not-observed,PacketOpcodes.java,imported control-set mapping; target-client verification still required
EvtLocalGadgetOwnerLeaveSceneNotify,3095,,mapped-not-observed,PacketOpcodes.java,imported control-set mapping; target-client verification still required
SingleRestartBrickBreakerReq,3111,,mapped-not-observed,PacketOpcodes.java,imported control-set mapping; target-client verification still required
_LanV6CardCreateReq,3119,,mapped-not-observed,PacketOpcodes.java,imported control-set mapping; target-client verification still required
PersonalLineAllDataReq,3132,,mapped-not-observed,PacketOpcodes.java,imported control-set mapping; target-client verification still required
EntityForceSyncReq,3153,,mapped-not-observed,PacketOpcodes.java,imported control-set mapping; target-client verification still required
BGAHBIHEDDO,3155,,mapped-not-observed,PacketOpcodes.java,imported control-set mapping; target-client verification still required
FoundationReq,3167,,mapped-not-observed,PacketOpcodes.java,imported control-set mapping; target-client verification still required
GGIDNLOJBKG,3170,,mapped-not-observed,PacketOpcodes.java,imported control-set mapping; target-client verification still required
BMPEKCMBIAI,3174,,mapped-not-observed,PacketOpcodes.java,imported control-set mapping; target-client verification still required
IGEGMOPHMHO,3176,,mapped-not-observed,PacketOpcodes.java,imported control-set mapping; target-client verification still required
_LanV6CardSetFavoriteRsp,3178,,mapped-not-observed,PacketOpcodes.java,imported control-set mapping; target-client verification still required
COOHMBLEKDH,3181,,mapped-not-observed,PacketOpcodes.java,imported control-set mapping; target-client verification still required
RogueDungeonPlayerCellChangeNotify,3188,,mapped-not-observed,PacketOpcodes.java,imported control-set mapping; target-client verification still required
ELHFIGODGNN,3190,,mapped-not-observed,PacketOpcodes.java,imported control-set mapping; target-client verification still required
FMHHGCPANOP,3204,,mapped-not-observed,PacketOpcodes.java,imported control-set mapping; target-client verification still required
ChannellerSlabLoopDungeonSelectConditionReq,3207,,mapped-not-observed,PacketOpcodes.java,imported control-set mapping; target-client verification still required
GearActivityFinishPlayGearReq,3209,,mapped-not-observed,PacketOpcodes.java,imported control-set mapping; target-client verification still required
StartCoopPointReq,3213,,mapped-not-observed,PacketOpcodes.java,imported control-set mapping; target-client verification still required
WidgetCaptureAnimalRsp,3216,,mapped-not-observed,PacketOpcodes.java,imported control-set mapping; target-client verification still required
GCGDSDeckUpdateNotify,3218,,mapped-not-observed,PacketOpcodes.java,imported control-set mapping; target-client verification still required
_LanV6CardDeleteRsp,3238,,mapped-not-observed,PacketOpcodes.java,imported control-set mapping; target-client verification still required
PlayerApplyEnterMpAfterMatchAgreedNotify,3244,,mapped-not-observed,PacketOpcodes.java,imported control-set mapping; target-client verification still required
ReliquaryOfferDefineRsp,3259,,mapped-not-observed,PacketOpcodes.java,imported control-set mapping; target-client verification still required
SceneGalleryInfoNotify,3264,,mapped-not-observed,PacketOpcodes.java,imported control-set mapping; target-client verification still required
CCNLHAKKGJP,3266,,mapped-not-observed,PacketOpcodes.java,imported control-set mapping; target-client verification still required
PlayerDataNotify,3272,,mapped-not-observed,PacketOpcodes.java,imported control-set mapping; target-client verification still required
_FurnitureMakeSlotUnlockReq,3278,,mapped-not-observed,PacketOpcodes.java,imported control-set mapping; target-client verification still required
HideAndSeekSettleNotify,3281,,mapped-not-observed,PacketOpcodes.java,imported control-set mapping; target-client verification still required
MichiaeMatsuriRemoveChestMarkNotify,3304,,mapped-not-observed,PacketOpcodes.java,imported control-set mapping; target-client verification still required
GivingRecordNotify,3314,,mapped-not-observed,PacketOpcodes.java,imported control-set mapping; target-client verification still required
EquipRoguelikeRuneRsp,3316,,mapped-not-observed,PacketOpcodes.java,imported control-set mapping; target-client verification still required
SetWidgetSlotReq,3319,,mapped-not-observed,PacketOpcodes.java,imported control-set mapping; target-client verification still required
HomeLimitedShopInfoChangeNotify,3323,,mapped-not-observed,PacketOpcodes.java,imported control-set mapping; target-client verification still required
AkaFesRhythmEnterDungeonReq,3329,,mapped-not-observed,PacketOpcodes.java,imported control-set mapping; target-client verification still required
BCLOOCPFGBG,3332,,mapped-not-observed,PacketOpcodes.java,imported control-set mapping; target-client verification still required
MarkEntityInMinMapNotify,3333,,mapped-not-observed,PacketOpcodes.java,imported control-set mapping; target-client verification still required
PCMAENDLDLG,3334,,mapped-not-observed,PacketOpcodes.java,imported control-set mapping; target-client verification still required
IIIDEJABBGJ,3340,,mapped-not-observed,PacketOpcodes.java,imported control-set mapping; target-client verification still required
PostEnterSceneReq,3343,,mapped-not-observed,PacketOpcodes.java,imported control-set mapping; target-client verification still required
GetFriendShowNameCardInfoRsp,3344,,mapped-not-observed,PacketOpcodes.java,imported control-set mapping; target-client verification still required
_GetBeyondPlayerSocialInfoRsp,3347,,mapped-not-observed,PacketOpcodes.java,imported control-set mapping; target-client verification still required
SceneCreateEntityRsp,3361,,mapped-not-observed,PacketOpcodes.java,imported control-set mapping; target-client verification still required
FoundationNotify,3392,,mapped-not-observed,PacketOpcodes.java,imported control-set mapping; target-client verification still required
_LanV6RemoveCardRsp,3395,,mapped-not-observed,PacketOpcodes.java,imported control-set mapping; target-client verification still required
_WorldOwnerPlayerDataNotify,3396,,mapped-not-observed,PacketOpcodes.java,imported control-set mapping; target-client verification still required
_BeyondAddCosmeticNotify,3399,,mapped-not-observed,PacketOpcodes.java,imported control-set mapping; target-client verification still required
_TakeAllForgeOutputRsp,3416,,mapped-not-observed,PacketOpcodes.java,imported control-set mapping; target-client verification still required
IBGJNANGLIP,3419,,mapped-not-observed,PacketOpcodes.java,imported control-set mapping; target-client verification still required
CJKAGIBABOH,3429,,mapped-not-observed,PacketOpcodes.java,imported control-set mapping; target-client verification still required
DungeonShowReminderNotify,3431,,mapped-not-observed,PacketOpcodes.java,imported control-set mapping; target-client verification still required
NPMJGCGCCKC,3465,,mapped-not-observed,PacketOpcodes.java,imported control-set mapping; target-client verification still required
KKDCFBIECBM,3467,,mapped-not-observed,PacketOpcodes.java,imported control-set mapping; target-client verification still required
SceneEntitiesMoveCombineNotify,3475,,mapped-not-observed,PacketOpcodes.java,imported control-set mapping; target-client verification still required
ABBNDMIMONA,3482,,mapped-not-observed,PacketOpcodes.java,imported control-set mapping; target-client verification still required
DFACOJCKIBC,3491,,mapped-not-observed,PacketOpcodes.java,imported control-set mapping; target-client verification still required
GroupLinkDeleteNotify,3503,,mapped-not-observed,PacketOpcodes.java,imported control-set mapping; target-client verification still required
NpcTalkRsp,3514,,mapped-not-observed,PacketOpcodes.java,imported control-set mapping; target-client verification still required
IMOOEOELIEM,3526,,mapped-not-observed,PacketOpcodes.java,imported control-set mapping; target-client verification still required
FLPFLCPNIAG,3528,,mapped-not-observed,PacketOpcodes.java,imported control-set mapping; target-client verification still required
QuestDelNotify,3530,,mapped-not-observed,PacketOpcodes.java,imported control-set mapping; target-client verification still required
HBDFEKIJDKJ,3531,,mapped-not-observed,PacketOpcodes.java,imported control-set mapping; target-client verification still required
KNFMHINOHIF,3532,,mapped-not-observed,PacketOpcodes.java,imported control-set mapping; target-client verification still required
ChessPlayerInfoNotify,3544,,mapped-not-observed,PacketOpcodes.java,imported control-set mapping; target-client verification still required
KMHMJBLLPCD,3548,,mapped-not-observed,PacketOpcodes.java,imported control-set mapping; target-client verification still required
GalleryBrokenFloorFallNotify,3589,,mapped-not-observed,PacketOpcodes.java,imported control-set mapping; target-client verification still required
BKKNBMFLGJP,3591,,mapped-not-observed,PacketOpcodes.java,imported control-set mapping; target-client verification still required
SpiceActivityProcessFoodRsp,3598,,mapped-not-observed,PacketOpcodes.java,imported control-set mapping; target-client verification still required
QuestListUpdateNotify,3610,,mapped-not-observed,PacketOpcodes.java,imported control-set mapping; target-client verification still required
KNOMFHKMIKJ,3614,,mapped-not-observed,PacketOpcodes.java,imported control-set mapping; target-client verification still required
_GCGReplaySetFavoriteRsp,3615,,mapped-not-observed,PacketOpcodes.java,imported control-set mapping; target-client verification still required
OKNEJIBIJFI,3617,,mapped-not-observed,PacketOpcodes.java,imported control-set mapping; target-client verification still required
UnlockNameCardNotify,3626,,mapped-not-observed,PacketOpcodes.java,imported control-set mapping; target-client verification still required
GadgetCustomTreeInfoNotify,3631,,mapped-not-observed,PacketOpcodes.java,imported control-set mapping; target-client verification still required
OCAGPPNFMGN,3675,,mapped-not-observed,PacketOpcodes.java,imported control-set mapping; target-client verification still required
_MaglevStateUpdateNotify,3689,,mapped-not-observed,PacketOpcodes.java,imported control-set mapping; target-client verification still required
GetPlayerTokenRsp,3713,,mapped-not-observed,PacketOpcodes.java,imported control-set mapping; target-client verification still required
CodexDataFullNotify,3723,,mapped-not-observed,PacketOpcodes.java,imported control-set mapping; target-client verification still required
OODOGOBDLJP,3733,,mapped-not-observed,PacketOpcodes.java,imported control-set mapping; target-client verification still required
GCGGrowthLevelRewardNotify,3736,,mapped-not-observed,PacketOpcodes.java,imported control-set mapping; target-client verification still required
ADKKDHJEGDE,3743,,mapped-not-observed,PacketOpcodes.java,imported control-set mapping; target-client verification still required
QueryCodexMonsterBeKilledNumReq,3755,,mapped-not-observed,PacketOpcodes.java,imported control-set mapping; target-client verification still required
AvatarExpeditionStartReq,3758,,mapped-not-observed,PacketOpcodes.java,imported control-set mapping; target-client verification still required
WidgetCoolDownNotify,3761,,mapped-not-observed,PacketOpcodes.java,imported control-set mapping; target-client verification still required
ODJPECAKAIL,3767,,mapped-not-observed,PacketOpcodes.java,imported control-set mapping; target-client verification still required
_BeyondHallChangeDescriptionReq,3771,,mapped-not-observed,PacketOpcodes.java,imported control-set mapping; target-client verification still required
CDLAAENKJHC,3776,,mapped-not-observed,PacketOpcodes.java,imported control-set mapping; target-client verification still required
EKDJLAIBPJC,3777,,mapped-not-observed,PacketOpcodes.java,imported control-set mapping; target-client verification still required
VintageMarketDeliverItemRsp,3785,,mapped-not-observed,PacketOpcodes.java,imported control-set mapping; target-client verification still required
GCGSetArenaDeckReq,3812,,mapped-not-observed,PacketOpcodes.java,imported control-set mapping; target-client verification still required
KECMPAFCLIA,3828,,mapped-not-observed,PacketOpcodes.java,imported control-set mapping; target-client verification still required
_MusicGameBookSettleReq,3829,,mapped-not-observed,PacketOpcodes.java,imported control-set mapping; target-client verification still required
GCGReplayBriefDataNotify,3831,,mapped-not-observed,PacketOpcodes.java,imported control-set mapping; target-client verification still required
DKBEABLPKHO,3835,,mapped-not-observed,PacketOpcodes.java,imported control-set mapping; target-client verification still required
_SetFoodStarStateReq,3838,,mapped-not-observed,PacketOpcodes.java,imported control-set mapping; target-client verification still required
ProudSkillUpgradeReq,3860,,mapped-not-observed,PacketOpcodes.java,imported control-set mapping; target-client verification still required
AJOLGAEOPDE,3868,,mapped-not-observed,PacketOpcodes.java,imported control-set mapping; target-client verification still required
UgcDungeonOpStarredRoomReq,3875,,mapped-not-observed,PacketOpcodes.java,imported control-set mapping; target-client verification still required
NJLFEHOLDDB,3893,,mapped-not-observed,PacketOpcodes.java,imported control-set mapping; target-client verification still required
GmTalkRsp,3904,,mapped-not-observed,PacketOpcodes.java,imported control-set mapping; target-client verification still required
WatcherChangeNotify,3917,,mapped-not-observed,PacketOpcodes.java,imported control-set mapping; target-client verification still required
CANIKGGABFO,3923,,mapped-not-observed,PacketOpcodes.java,imported control-set mapping; target-client verification still required
WinterCampRaceScoreNotify,3924,,mapped-not-observed,PacketOpcodes.java,imported control-set mapping; target-client verification still required
AkaFesPotionDungeonSettleNotify,3929,,mapped-not-observed,PacketOpcodes.java,imported control-set mapping; target-client verification still required
TryEnterHomeRsp,3936,,mapped-not-observed,PacketOpcodes.java,imported control-set mapping; target-client verification still required
MKHCGFPCHPC,3940,,mapped-not-observed,PacketOpcodes.java,imported control-set mapping; target-client verification still required
IGJBOPPHOAI,3945,,mapped-not-observed,PacketOpcodes.java,imported control-set mapping; target-client verification still required
MHHMAHCJAGK,3962,,mapped-not-observed,PacketOpcodes.java,imported control-set mapping; target-client verification still required
NAOJMDABLEA,3963,,mapped-not-observed,PacketOpcodes.java,imported control-set mapping; target-client verification still required
LACMCFLALIB,3964,,mapped-not-observed,PacketOpcodes.java,imported control-set mapping; target-client verification still required
BBEDFEHNINH,3980,,mapped-not-observed,PacketOpcodes.java,imported control-set mapping; target-client verification still required
MultistagePlaySettleNotify,3985,,mapped-not-observed,PacketOpcodes.java,imported control-set mapping; target-client verification still required
OKBJDPFMEDN,3991,,mapped-not-observed,PacketOpcodes.java,imported control-set mapping; target-client verification still required
QuestDestroyNpcRsp,3992,,mapped-not-observed,PacketOpcodes.java,imported control-set mapping; target-client verification still required
SorushTrialHitmanGallerySettleNotify,4008,,mapped-not-observed,PacketOpcodes.java,imported control-set mapping; target-client verification still required
PlayerLoginRsp,4026,,mapped-not-observed,PacketOpcodes.java,imported control-set mapping; target-client verification still required
PrivateChatReq,4032,,mapped-not-observed,PacketOpcodes.java,imported control-set mapping; target-client verification still required
BNMKHKOAPLN,4036,,mapped-not-observed,PacketOpcodes.java,imported control-set mapping; target-client verification still required
LIPPDGHBHHJ,4052,,mapped-not-observed,PacketOpcodes.java,imported control-set mapping; target-client verification still required
DBFJKIEBAJJ,4056,,mapped-not-observed,PacketOpcodes.java,imported control-set mapping; target-client verification still required
WinterCampSetWishListRsp,4063,,mapped-not-observed,PacketOpcodes.java,imported control-set mapping; target-client verification still required
HENPBNHALKE,4076,,mapped-not-observed,PacketOpcodes.java,imported control-set mapping; target-client verification still required
HomeBasicInfoNotify,4101,,mapped-not-observed,PacketOpcodes.java,imported control-set mapping; target-client verification still required
GCGDSDataNotify,4103,,mapped-not-observed,PacketOpcodes.java,imported control-set mapping; target-client verification still required
ChannellerSlabSaveAssistInfoReq,4106,,mapped-not-observed,PacketOpcodes.java,imported control-set mapping; target-client verification still required
GetQuestLackingResourceRsp,4109,,mapped-not-observed,PacketOpcodes.java,imported control-set mapping; target-client verification still required
OFJJEDHJEEC,4115,,mapped-not-observed,PacketOpcodes.java,imported control-set mapping; target-client verification still required
ReliquaryPromoteRsp,4117,,mapped-not-observed,PacketOpcodes.java,imported control-set mapping; target-client verification still required
WidgetQuickHitTreeReq,4121,,mapped-not-observed,PacketOpcodes.java,imported control-set mapping; target-client verification still required
MaterialHintRsp,4124,,mapped-not-observed,PacketOpcodes.java,imported control-set mapping; target-client verification still required
SceneEntityMoveRsp,4131,,mapped-not-observed,PacketOpcodes.java,imported control-set mapping; target-client verification still required
_BeyondDelCostumeSetRsp,4134,,mapped-not-observed,PacketOpcodes.java,imported control-set mapping; target-client verification still required
FurnitureCurModuleArrangeCountNotify,4138,,mapped-not-observed,PacketOpcodes.java,imported control-set mapping; target-client verification still required
PDIIHAIJHMH,4141,,mapped-not-observed,PacketOpcodes.java,imported control-set mapping; target-client verification still required
INIMNIPKGII,4148,,mapped-not-observed,PacketOpcodes.java,imported control-set mapping; target-client verification still required
_GetBeyondPlayerDetailRsp,4162,,mapped-not-observed,PacketOpcodes.java,imported control-set mapping; target-client verification still required
CompoundDataNotify,4170,,mapped-not-observed,PacketOpcodes.java,imported control-set mapping; target-client verification still required
ExpeditionStartReq,4176,,mapped-not-observed,PacketOpcodes.java,imported control-set mapping; target-client verification still required
PlayerReportRsp,4177,,mapped-not-observed,PacketOpcodes.java,imported control-set mapping; target-client verification still required
VintageMarketFinishStorePlayReq,4178,,mapped-not-observed,PacketOpcodes.java,imported control-set mapping; target-client verification still required
BMHPFMHOBEC,4181,,mapped-not-observed,PacketOpcodes.java,imported control-set mapping; target-client verification still required
GivingRecordChangeNotify,4197,,mapped-not-observed,PacketOpcodes.java,imported control-set mapping; target-client verification still required
NIOADKEGFGA,4199,,mapped-not-observed,PacketOpcodes.java,imported control-set mapping; target-client verification still required
FLLMDHCAEBE,4209,,mapped-not-observed,PacketOpcodes.java,imported control-set mapping; target-client verification still required
DDEHNBPLDIP,4215,,mapped-not-observed,PacketOpcodes.java,imported control-set mapping; target-client verification still required
ChangeMpTeamAvatarReq,4217,,mapped-not-observed,PacketOpcodes.java,imported control-set mapping; target-client verification still required
ChannellerSlabLoopDungeonTakeFirstPassRewardReq,4222,,mapped-not-observed,PacketOpcodes.java,imported control-set mapping; target-client verification still required
WeaponAwakenReq,4226,,mapped-not-observed,PacketOpcodes.java,imported control-set mapping; target-client verification still required
ClientScriptEventNotify,4227,,mapped-not-observed,PacketOpcodes.java,imported control-set mapping; target-client verification still required
TakeMaterialDeleteReturnReq,4228,,mapped-not-observed,PacketOpcodes.java,imported control-set mapping; target-client verification still required
AranaraCollectionDataNotify,4234,,mapped-not-observed,PacketOpcodes.java,imported control-set mapping; target-client verification still required
FMKDPHDBHIM,4251,,mapped-not-observed,PacketOpcodes.java,imported control-set mapping; target-client verification still required
VintageMarketStoreUnlockSlotRsp,4258,,mapped-not-observed,PacketOpcodes.java,imported control-set mapping; target-client verification still required
GCGStartChallengeByCheckRewardRsp,4269,,mapped-not-observed,PacketOpcodes.java,imported control-set mapping; target-client verification still required
NOIOOPAGMPE,4280,,mapped-not-observed,PacketOpcodes.java,imported control-set mapping; target-client verification still required
JBAOIBOAFCD,4282,,mapped-not-observed,PacketOpcodes.java,imported control-set mapping; target-client verification still required
_GetLocalLegendInfoRsp,4288,,mapped-not-observed,PacketOpcodes.java,imported control-set mapping; target-client verification still required
_UseTreasureKeyReq,4301,,mapped-not-observed,PacketOpcodes.java,imported control-set mapping; target-client verification still required
FPELFABLCPI,4304,,mapped-not-observed,PacketOpcodes.java,imported control-set mapping; target-client verification still required
TakeOfferingLevelRewardRsp,4312,,mapped-not-observed,PacketOpcodes.java,imported control-set mapping; target-client verification still required
ELOOOPBLDGF,4313,,mapped-not-observed,PacketOpcodes.java,imported control-set mapping; target-client verification still required
FungusCultivateReq,4316,,mapped-not-observed,PacketOpcodes.java,imported control-set mapping; target-client verification still required
LOCAOJENNKJ,4325,,mapped-not-observed,PacketOpcodes.java,imported control-set mapping; target-client verification still required
HomeTransferReq,4330,,mapped-not-observed,PacketOpcodes.java,imported control-set mapping; target-client verification still required
ActivityPushTipsInfoNotify,4350,,mapped-not-observed,PacketOpcodes.java,imported control-set mapping; target-client verification still required
_TowerDefenseOperationRsp,4353,,mapped-not-observed,PacketOpcodes.java,imported control-set mapping; target-client verification still required
KEMNJHOGDKE,4355,,mapped-not-observed,PacketOpcodes.java,imported control-set mapping; target-client verification still required
ChooseCurAvatarTeamReq,4361,,mapped-not-observed,PacketOpcodes.java,imported control-set mapping; target-client verification still required
JFNMMAFIGHI,4381,,mapped-not-observed,PacketOpcodes.java,imported control-set mapping; target-client verification still required
OLMNLLANOML,4389,,mapped-not-observed,PacketOpcodes.java,imported control-set mapping; target-client verification still required
KHGIDJCCEKG,4399,,mapped-not-observed,PacketOpcodes.java,imported control-set mapping; target-client verification still required
GetAllUnlockNameCardRsp,4400,,mapped-not-observed,PacketOpcodes.java,imported control-set mapping; target-client verification still required
FleurFairBuffEnergyNotify,4401,,mapped-not-observed,PacketOpcodes.java,imported control-set mapping; target-client verification still required
InvestigationMonsterUpdateNotify,4409,,mapped-not-observed,PacketOpcodes.java,imported control-set mapping; target-client verification still required
GetPlayerFriendListRsp,4410,,mapped-not-observed,PacketOpcodes.java,imported control-set mapping; target-client verification still required
PacmanSetMapRotateTypeReq,4419,,mapped-not-observed,PacketOpcodes.java,imported control-set mapping; target-client verification still required
MDMEMKOEJIO,4422,,mapped-not-observed,PacketOpcodes.java,imported control-set mapping; target-client verification still required
NDDLMAEFGPC,4423,,mapped-not-observed,PacketOpcodes.java,imported control-set mapping; target-client verification still required
PotionSaveDungeonResultReq,4461,,mapped-not-observed,PacketOpcodes.java,imported control-set mapping; target-client verification still required
TakeCityReputationLevelRewardRsp,4463,,mapped-not-observed,PacketOpcodes.java,imported control-set mapping; target-client verification still required
AreaPlayInfoNotify,4469,,mapped-not-observed,PacketOpcodes.java,imported control-set mapping; target-client verification still required
_ActivityClientPlayStartReq,4484,,mapped-not-observed,PacketOpcodes.java,imported control-set mapping; target-client verification still required
_ActivityClientPlayEnterDungeonRsp,4487,,mapped-not-observed,PacketOpcodes.java,imported control-set mapping; target-client verification still required
MHJGFJCGOCO,4490,,mapped-not-observed,PacketOpcodes.java,imported control-set mapping; target-client verification still required
AIGMODPCHFB,4519,,mapped-not-observed,PacketOpcodes.java,imported control-set mapping; target-client verification still required
COCOBNGBAIP,4529,,mapped-not-observed,PacketOpcodes.java,imported control-set mapping; target-client verification still required
PlayerEyePointStateNotify,4530,,mapped-not-observed,PacketOpcodes.java,imported control-set mapping; target-client verification still required
_BeyondHallChangeAuthModeNotify,4532,,mapped-not-observed,PacketOpcodes.java,imported control-set mapping; target-client verification still required
SetFriendRemarkNameRsp,4543,,mapped-not-observed,PacketOpcodes.java,imported control-set mapping; target-client verification still required
_UgcDungeonChangePublishedSettingRsp,4555,,mapped-not-observed,PacketOpcodes.java,imported control-set mapping; target-client verification still required
PAIPHHEMNBF,4560,,mapped-not-observed,PacketOpcodes.java,imported control-set mapping; target-client verification still required
TakeFurnitureMakeReq,4563,,mapped-not-observed,PacketOpcodes.java,imported control-set mapping; target-client verification still required
_StrangerChatRsp,4567,,mapped-not-observed,PacketOpcodes.java,imported control-set mapping; target-client verification still required
LKPOCMAIOHA,4586,,mapped-not-observed,PacketOpcodes.java,imported control-set mapping; target-client verification still required
UseMiracleRingReq,4592,,mapped-not-observed,PacketOpcodes.java,imported control-set mapping; target-client verification still required
KNCOBJGHCMO,4613,,mapped-not-observed,PacketOpcodes.java,imported control-set mapping; target-client verification still required
HGNEHIEJCEE,4615,,mapped-not-observed,PacketOpcodes.java,imported control-set mapping; target-client verification still required
TakePlayerLevelRewardRsp,4616,,mapped-not-observed,PacketOpcodes.java,imported control-set mapping; target-client verification still required
MistTrialSettleNotify,4637,,mapped-not-observed,PacketOpcodes.java,imported control-set mapping; target-client verification still required
DPEMKGAJNFF,4650,,mapped-not-observed,PacketOpcodes.java,imported control-set mapping; target-client verification still required
GCBGBNDDCOP,4675,,mapped-not-observed,PacketOpcodes.java,imported control-set mapping; target-client verification still required
FAOKEBHNAED,4680,,mapped-not-observed,PacketOpcodes.java,imported control-set mapping; target-client verification still required
HomePlantInfoRsp,4693,,mapped-not-observed,PacketOpcodes.java,imported control-set mapping; target-client verification still required
PlayerCookArgsReq,4694,,mapped-not-observed,PacketOpcodes.java,imported control-set mapping; target-client verification still required
PlayerCookRsp,4698,,mapped-not-observed,PacketOpcodes.java,imported control-set mapping; target-client verification still required
PlayerApplyEnterMpRsp,4703,,mapped-not-observed,PacketOpcodes.java,imported control-set mapping; target-client verification still required
StartEffigyChallengeReq,4716,,mapped-not-observed,PacketOpcodes.java,imported control-set mapping; target-client verification still required
JMBJECONMHO,4721,,mapped-not-observed,PacketOpcodes.java,imported control-set mapping; target-client verification still required
LJBFOPCEOEM,4722,,mapped-not-observed,PacketOpcodes.java,imported control-set mapping; target-client verification still required
PABHHNCJPIO,4727,,mapped-not-observed,PacketOpcodes.java,imported control-set mapping; target-client verification still required
_MonsterChessV2SettleNotify,4735,,mapped-not-observed,PacketOpcodes.java,imported control-set mapping; target-client verification still required
PushTipsChangeNotify,4737,,mapped-not-observed,PacketOpcodes.java,imported control-set mapping; target-client verification still required
AKNECGAFPGG,4748,,mapped-not-observed,PacketOpcodes.java,imported control-set mapping; target-client verification still required
EnterSceneDoneRsp,4752,,mapped-not-observed,PacketOpcodes.java,imported control-set mapping; target-client verification still required
PJPLNFFGLCN,4758,,mapped-not-observed,PacketOpcodes.java,imported control-set mapping; target-client verification still required
OpActivityDataNotify,4766,,mapped-not-observed,PacketOpcodes.java,imported control-set mapping; target-client verification still required
AGILNBLNEKF,4768,,mapped-not-observed,PacketOpcodes.java,imported control-set mapping; target-client verification still required
TowerBuffSelectReq,4779,,mapped-not-observed,PacketOpcodes.java,imported control-set mapping; target-client verification still required
DragonSpineChapterOpenNotify,4784,,mapped-not-observed,PacketOpcodes.java,imported control-set mapping; target-client verification still required
JLGCCAMPPLM,4787,,mapped-not-observed,PacketOpcodes.java,imported control-set mapping; target-client verification still required
HCJDGDGMCDE,4792,,mapped-not-observed,PacketOpcodes.java,imported control-set mapping; target-client verification still required
GetQuestLackingResourceReq,4816,,mapped-not-observed,PacketOpcodes.java,imported control-set mapping; target-client verification still required
_MonsterChessV2FlagSelectRsp,4825,,mapped-not-observed,PacketOpcodes.java,imported control-set mapping; target-client verification still required
DungeonCandidateTeamDismissNotify,4851,,mapped-not-observed,PacketOpcodes.java,imported control-set mapping; target-client verification still required
AvatarExpeditionCallBackReq,4859,,mapped-not-observed,PacketOpcodes.java,imported control-set mapping; target-client verification still required
AvatarExpeditionDataNotify,4867,,mapped-not-observed,PacketOpcodes.java,imported control-set mapping; target-client verification still required
GNCGPNCIAMF,4871,,mapped-not-observed,PacketOpcodes.java,imported control-set mapping; target-client verification still required
EPALGCABPCG,4873,,mapped-not-observed,PacketOpcodes.java,imported control-set mapping; target-client verification still required
TakeBackGivingItemReq,4879,,mapped-not-observed,PacketOpcodes.java,imported control-set mapping; target-client verification still required
JHHKHNMMFMD,4898,,mapped-not-observed,PacketOpcodes.java,imported control-set mapping; target-client verification still required
VintageMarketStoreChooseStrategyRsp,4899,,mapped-not-observed,PacketOpcodes.java,imported control-set mapping; target-client verification still required
LuminanceStoneChallengeSettleNotify,4931,,mapped-not-observed,PacketOpcodes.java,imported control-set mapping; target-client verification still required
PBAEGIPOMHG,4934,,mapped-not-observed,PacketOpcodes.java,imported control-set mapping; target-client verification still required
HPGAEOBJDAK,4939,,mapped-not-observed,PacketOpcodes.java,imported control-set mapping; target-client verification still required
WindFieldGalleryInfoNotify,4948,,mapped-not-observed,PacketOpcodes.java,imported control-set mapping; target-client verification still required
PlayerHomeCompInfoNotify,4958,,mapped-not-observed,PacketOpcodes.java,imported control-set mapping; target-client verification still required
TakeCityReputationExploreRewardReq,4973,,mapped-not-observed,PacketOpcodes.java,imported control-set mapping; target-client verification still required
TrialAvatarFirstPassDungeonNotify,4976,,mapped-not-observed,PacketOpcodes.java,imported control-set mapping; target-client verification still required
CNKEGKEKAMD,4977,,mapped-not-observed,PacketOpcodes.java,imported control-set mapping; target-client verification still required
NNKIMJILKEN,4982,,mapped-not-observed,PacketOpcodes.java,imported control-set mapping; target-client verification still required
FMDGEHDCPAN,5003,,mapped-not-observed,PacketOpcodes.java,imported control-set mapping; target-client verification still required
DDINJLABBFI,5008,,mapped-not-observed,PacketOpcodes.java,imported control-set mapping; target-client verification still required
ChessSelectedCardsNotify,5009,,mapped-not-observed,PacketOpcodes.java,imported control-set mapping; target-client verification still required
LGCGBPEDMNL,5013,,mapped-not-observed,PacketOpcodes.java,imported control-set mapping; target-client verification still required
TakeReunionFirstGiftRewardRsp,5024,,mapped-not-observed,PacketOpcodes.java,imported control-set mapping; target-client verification still required
GEIDMBEICBD,5031,,mapped-not-observed,PacketOpcodes.java,imported control-set mapping; target-client verification still required
AvatarWearFlycloakReq,5054,,mapped-not-observed,PacketOpcodes.java,imported control-set mapping; target-client verification still required
JourneyDiceDungeonSettleNotify,5058,,mapped-not-observed,PacketOpcodes.java,imported control-set mapping; target-client verification still required
AntiAddictNotify,5094,,mapped-not-observed,PacketOpcodes.java,imported control-set mapping; target-client verification still required
MBBKMPBNPFH,5104,,mapped-not-observed,PacketOpcodes.java,imported control-set mapping; target-client verification still required
OpActivityStateNotify,5107,,mapped-not-observed,PacketOpcodes.java,imported control-set mapping; target-client verification still required
BargainOfferPriceReq,5116,,mapped-not-observed,PacketOpcodes.java,imported control-set mapping; target-client verification still required
MDEHHBAHLFI,5180,,mapped-not-observed,PacketOpcodes.java,imported control-set mapping; target-client verification still required
LanternRiteEndFireworksReformRsp,5207,,mapped-not-observed,PacketOpcodes.java,imported control-set mapping; target-client verification still required
_MonsterChessV2FlagSelectReq,5213,,mapped-not-observed,PacketOpcodes.java,imported control-set mapping; target-client verification still required
WorldPlayerDieNotify,5224,,mapped-not-observed,PacketOpcodes.java,imported control-set mapping; target-client verification still required
WorldPlayerReviveReq,5232,,mapped-not-observed,PacketOpcodes.java,imported control-set mapping; target-client verification still required
DEAEILCILDB,5234,,mapped-not-observed,PacketOpcodes.java,imported control-set mapping; target-client verification still required
JourneyDiceEnterDungeonReq,5240,,mapped-not-observed,PacketOpcodes.java,imported control-set mapping; target-client verification still required
_CustomGalleryTargetNotify,5247,,mapped-not-observed,PacketOpcodes.java,imported control-set mapping; target-client verification still required
FMPLLOHEFKN,5250,,mapped-not-observed,PacketOpcodes.java,imported control-set mapping; target-client verification still required
_UgcDungeonSettleNotify,5257,,mapped-not-observed,PacketOpcodes.java,imported control-set mapping; target-client verification still required
_ActivityClientPlayGetFriendRecordListRsp,5266,,mapped-not-observed,PacketOpcodes.java,imported control-set mapping; target-client verification still required
ServerDisconnectClientNotify,5268,,mapped-not-observed,PacketOpcodes.java,imported control-set mapping; target-client verification still required
HELOJJDGALH,5271,,mapped-not-observed,PacketOpcodes.java,imported control-set mapping; target-client verification still required
PCIGCNLGCHB,5274,,mapped-not-observed,PacketOpcodes.java,imported control-set mapping; target-client verification still required
FDACILNFINB,5291,,mapped-not-observed,PacketOpcodes.java,imported control-set mapping; target-client verification still required
OHIBBFABNIO,5320,,mapped-not-observed,PacketOpcodes.java,imported control-set mapping; target-client verification still required
DPDAJBFEKAC,5333,,mapped-not-observed,PacketOpcodes.java,imported control-set mapping; target-client verification still required
BJAPGPEKBKE,5349,,mapped-not-observed,PacketOpcodes.java,imported control-set mapping; target-client verification still required
_MonsterChessV2FlagUpgradeReq,5351,,mapped-not-observed,PacketOpcodes.java,imported control-set mapping; target-client verification still required
SetFriendEnterHomeOptionReq,5359,,mapped-not-observed,PacketOpcodes.java,imported control-set mapping; target-client verification still required
DFKEAEDEMDN,5371,,mapped-not-observed,PacketOpcodes.java,imported control-set mapping; target-client verification still required
MpPlayGuestReplyInviteReq,5376,,mapped-not-observed,PacketOpcodes.java,imported control-set mapping; target-client verification still required
NEMFNOFPMCH,5386,,mapped-not-observed,PacketOpcodes.java,imported control-set mapping; target-client verification still required
ActivityCondStateChangeNotify,5397,,mapped-not-observed,PacketOpcodes.java,imported control-set mapping; target-client verification still required
EnterSceneDoneReq,5406,,mapped-not-observed,PacketOpcodes.java,imported control-set mapping; target-client verification still required
ItemRenameAvatarRsp,5408,,mapped-not-observed,PacketOpcodes.java,imported control-set mapping; target-client verification still required
AddBlacklistRsp,5419,,mapped-not-observed,PacketOpcodes.java,imported control-set mapping; target-client verification still required
_PrismaticCrystalCountChangeNotify,5425,,mapped-not-observed,PacketOpcodes.java,imported control-set mapping; target-client verification still required
CoopProgressUpdateNotify,5436,,mapped-not-observed,PacketOpcodes.java,imported control-set mapping; target-client verification still required
BJEAJPAEFGH,5451,,mapped-not-observed,PacketOpcodes.java,imported control-set mapping; target-client verification still required
FJIIANKJOIH,5479,,mapped-not-observed,PacketOpcodes.java,imported control-set mapping; target-client verification still required
AHDCBAPKDBP,5483,,mapped-not-observed,PacketOpcodes.java,imported control-set mapping; target-client verification still required
OENBEMLOFIO,5496,,mapped-not-observed,PacketOpcodes.java,imported control-set mapping; target-client verification still required
ECJPMCMAOJG,5511,,mapped-not-observed,PacketOpcodes.java,imported control-set mapping; target-client verification still required
AchievementUpdateNotify,5513,,mapped-not-observed,PacketOpcodes.java,imported control-set mapping; target-client verification still required
IDEMGCKBDEF,5528,,mapped-not-observed,PacketOpcodes.java,imported control-set mapping; target-client verification still required
HomeGetGroupRecordRsp,5538,,mapped-not-observed,PacketOpcodes.java,imported control-set mapping; target-client verification still required
ChannellerSlabSaveAssistInfoRsp,5558,,mapped-not-observed,PacketOpcodes.java,imported control-set mapping; target-client verification still required
AvatarExpeditionStartRsp,5569,,mapped-not-observed,PacketOpcodes.java,imported control-set mapping; target-client verification still required
MapAreaChangeNotify,5579,,mapped-not-observed,PacketOpcodes.java,imported control-set mapping; target-client verification still required
ChannelerSlabEnterLoopDungeonRsp,5595,,mapped-not-observed,PacketOpcodes.java,imported control-set mapping; target-client verification still required
IHODNAJFGHA,5598,,mapped-not-observed,PacketOpcodes.java,imported control-set mapping; target-client verification still required
HMCLACKOKHF,5605,,mapped-not-observed,PacketOpcodes.java,imported control-set mapping; target-client verification still required
IKIANMHHKOC,5613,,mapped-not-observed,PacketOpcodes.java,imported control-set mapping; target-client verification still required
InstableSprayEnterDungeonReq,5618,,mapped-not-observed,PacketOpcodes.java,imported control-set mapping; target-client verification still required
_QuestFocusQuitReq,5619,,mapped-not-observed,PacketOpcodes.java,imported control-set mapping; target-client verification still required
GallerySumoKillMonsterNotify,5620,,mapped-not-observed,PacketOpcodes.java,imported control-set mapping; target-client verification still required
DungeonReviseLevelNotify,5626,,mapped-not-observed,PacketOpcodes.java,imported control-set mapping; target-client verification still required
OKOLFPMEPPL,5627,,mapped-not-observed,PacketOpcodes.java,imported control-set mapping; target-client verification still required
_AvatarExtraLevelUpgradeRsp,5633,,mapped-not-observed,PacketOpcodes.java,imported control-set mapping; target-client verification still required
_SnowRaceHideSettleNotify,5652,,mapped-not-observed,PacketOpcodes.java,imported control-set mapping; target-client verification still required
_SetReliquaryStarStateReq,5672,,mapped-not-observed,PacketOpcodes.java,imported control-set mapping; target-client verification still required
TeamChainDungeonInfoNotify,5693,,mapped-not-observed,PacketOpcodes.java,imported control-set mapping; target-client verification still required
HONNOHKEAMF,5700,,mapped-not-observed,PacketOpcodes.java,imported control-set mapping; target-client verification still required
KNCGKJOOCEG,5706,,mapped-not-observed,PacketOpcodes.java,imported control-set mapping; target-client verification still required
NKAPAKBEPHM,5708,,mapped-not-observed,PacketOpcodes.java,imported control-set mapping; target-client verification still required
AvatarExpeditionGetRewardReq,5726,,mapped-not-observed,PacketOpcodes.java,imported control-set mapping; target-client verification still required
JHICHIFKILM,5729,,mapped-not-observed,PacketOpcodes.java,imported control-set mapping; target-client verification still required
EffigyChallengeV2ChooseSkillReq,5738,,mapped-not-observed,PacketOpcodes.java,imported control-set mapping; target-client verification still required
TakeOfferingLevelRewardReq,5745,,mapped-not-observed,PacketOpcodes.java,imported control-set mapping; target-client verification still required
DungeonCandidateTeamInfoNotify,5746,,mapped-not-observed,PacketOpcodes.java,imported control-set mapping; target-client verification still required
ACFBHIPGGIA,5748,,mapped-not-observed,PacketOpcodes.java,imported control-set mapping; target-client verification still required
EvtDestroyGadgetNotify,5753,,mapped-not-observed,PacketOpcodes.java,imported control-set mapping; target-client verification still required
EGHBJIMNHAD,5759,,mapped-not-observed,PacketOpcodes.java,imported control-set mapping; target-client verification still required
GadgetInteractReq,5765,,mapped-not-observed,PacketOpcodes.java,imported control-set mapping; target-client verification still required
TowerGetFloorStarRewardRsp,5775,,mapped-not-observed,PacketOpcodes.java,imported control-set mapping; target-client verification still required
AEHJNEBDJEE,5787,,mapped-not-observed,PacketOpcodes.java,imported control-set mapping; target-client verification still required
EAMECNGCFEL,5792,,mapped-not-observed,PacketOpcodes.java,imported control-set mapping; target-client verification still required
NKIENAHDMCG,5811,,mapped-not-observed,PacketOpcodes.java,imported control-set mapping; target-client verification still required
_UgcDungeonPlayRecordNotify,5825,,mapped-not-observed,PacketOpcodes.java,imported control-set mapping; target-client verification still required
IHBFDBMHMKM,5831,,mapped-not-observed,PacketOpcodes.java,imported control-set mapping; target-client verification still required
_FurnitureMakeSlotUnlockRsp,5837,,mapped-not-observed,PacketOpcodes.java,imported control-set mapping; target-client verification still required
CalcWeaponUpgradeReturnItemsRsp,5849,,mapped-not-observed,PacketOpcodes.java,imported control-set mapping; target-client verification still required
WinterCampGiveFriendItemReq,5872,,mapped-not-observed,PacketOpcodes.java,imported control-set mapping; target-client verification still required
GetReunionMissionInfoReq,5880,,mapped-not-observed,PacketOpcodes.java,imported control-set mapping; target-client verification still required
HKABPCDBKCJ,5894,,mapped-not-observed,PacketOpcodes.java,imported control-set mapping; target-client verification still required
UnlockPersonalLineReq,5896,,mapped-not-observed,PacketOpcodes.java,imported control-set mapping; target-client verification still required
PlayerInvestigationTargetNotify,5903,,mapped-not-observed,PacketOpcodes.java,imported control-set mapping; target-client verification still required
AvatarPromoteGetRewardRsp,5905,,mapped-not-observed,PacketOpcodes.java,imported control-set mapping; target-client verification still required
JAIOKOPLKKK,5909,,mapped-not-observed,PacketOpcodes.java,imported control-set mapping; target-client verification still required
BlessingGetFriendPicListRsp,5926,,mapped-not-observed,PacketOpcodes.java,imported control-set mapping; target-client verification still required
HCOJBCEPBNP,5928,,mapped-not-observed,PacketOpcodes.java,imported control-set mapping; target-client verification still required
AsterLargeInfoNotify,5937,,mapped-not-observed,PacketOpcodes.java,imported control-set mapping; target-client verification still required
GBIIFKJMAJG,5940,,mapped-not-observed,PacketOpcodes.java,imported control-set mapping; target-client verification still required
_GetBeyondPlayerInfoReq,5960,,mapped-not-observed,PacketOpcodes.java,imported control-set mapping; target-client verification still required
PlayerSetPauseReq,5963,,mapped-not-observed,PacketOpcodes.java,imported control-set mapping; target-client verification still required
AssociateInferenceWordReq,5965,,mapped-not-observed,PacketOpcodes.java,imported control-set mapping; target-client verification still required
WidgetUseAttachAbilityGroupChangeNotify,5968,,mapped-not-observed,PacketOpcodes.java,imported control-set mapping; target-client verification still required
FindHilichurlFinishSecondQuestNotify,5970,,mapped-not-observed,PacketOpcodes.java,imported control-set mapping; target-client verification still required
CheckSegmentCRCReq,5975,,mapped-not-observed,PacketOpcodes.java,imported control-set mapping; target-client verification still required
_TrialAvatarInDungeonTrainingStepNotify,5979,,mapped-not-observed,PacketOpcodes.java,imported control-set mapping; target-client verification still required
_EnterMapLayerReq,5991,,mapped-not-observed,PacketOpcodes.java,imported control-set mapping; target-client verification still required
CBLAGDJICKN,5992,,mapped-not-observed,PacketOpcodes.java,imported control-set mapping; target-client verification still required
_AvatarLinneaSkillCaptureNotify,6009,,mapped-not-observed,PacketOpcodes.java,imported control-set mapping; target-client verification still required
HomePlantFieldNotify,6012,,mapped-not-observed,PacketOpcodes.java,imported control-set mapping; target-client verification still required
ExecuteGroupTriggerReq,6015,,mapped-not-observed,PacketOpcodes.java,imported control-set mapping; target-client verification still required
GCGSettleOptionReq,6024,,mapped-not-observed,PacketOpcodes.java,imported control-set mapping; target-client verification still required
JIGLGFPIFKH,6031,,mapped-not-observed,PacketOpcodes.java,imported control-set mapping; target-client verification still required
_AddMutelistRsp,6087,,mapped-not-observed,PacketOpcodes.java,imported control-set mapping; target-client verification still required
ToTheMoonAddObstacleReq,6101,,mapped-not-observed,PacketOpcodes.java,imported control-set mapping; target-client verification still required
DENKOCECDFP,6105,,mapped-not-observed,PacketOpcodes.java,imported control-set mapping; target-client verification still required
ToTheMoonQueryPathRsp,6123,,mapped-not-observed,PacketOpcodes.java,imported control-set mapping; target-client verification still required
ToTheMoonObstaclesModifyNotify,6130,,mapped-not-observed,PacketOpcodes.java,imported control-set mapping; target-client verification still required
LOHDOJILBEM,6132,,mapped-not-observed,PacketOpcodes.java,imported control-set mapping; target-client verification still required
FFHNFBBGMLM,6133,,mapped-not-observed,PacketOpcodes.java,imported control-set mapping; target-client verification still required
ToTheMoonAddObstacleRsp,6135,,mapped-not-observed,PacketOpcodes.java,imported control-set mapping; target-client verification still required
ToTheMoonRemoveObstacleRsp,6178,,mapped-not-observed,PacketOpcodes.java,imported control-set mapping; target-client verification still required
ToTheMoonQueryPathReq,6188,,mapped-not-observed,PacketOpcodes.java,imported control-set mapping; target-client verification still required
ToTheMoonRemoveObstacleReq,6190,,mapped-not-observed,PacketOpcodes.java,imported control-set mapping; target-client verification still required
PPCNDFIEEIC,6192,,mapped-not-observed,PacketOpcodes.java,imported control-set mapping; target-client verification still required
ToTheMoonEnterSceneReq,6200,,mapped-not-observed,PacketOpcodes.java,imported control-set mapping; target-client verification still required
GetCityHuntingOfferRsp,6204,,mapped-not-observed,PacketOpcodes.java,imported control-set mapping; target-client verification still required
QuestTransmitReq,6206,,mapped-not-observed,PacketOpcodes.java,imported control-set mapping; target-client verification still required
DCDAHEFNBFM,6218,,mapped-not-observed,PacketOpcodes.java,imported control-set mapping; target-client verification still required
GCGGetArenaHistoryInfoRsp,6225,,mapped-not-observed,PacketOpcodes.java,imported control-set mapping; target-client verification still required
MKLFEDPFCHI,6226,,mapped-not-observed,PacketOpcodes.java,imported control-set mapping; target-client verification still required
EOMCJECOLKJ,6233,,mapped-not-observed,PacketOpcodes.java,imported control-set mapping; target-client verification still required
JEJHGBFAEKA,6241,,mapped-not-observed,PacketOpcodes.java,imported control-set mapping; target-client verification still required
SceneEntityDisappearNotify,6253,,mapped-not-observed,PacketOpcodes.java,imported control-set mapping; target-client verification still required
LKADPFLJIOH,6254,,mapped-not-observed,PacketOpcodes.java,imported control-set mapping; target-client verification still required
EFEMPNMOAJA,6257,,mapped-not-observed,PacketOpcodes.java,imported control-set mapping; target-client verification still required
ItemGivingRsp,6261,,mapped-not-observed,PacketOpcodes.java,imported control-set mapping; target-client verification still required
BFNGLKGAKHH,6262,,mapped-not-observed,PacketOpcodes.java,imported control-set mapping; target-client verification still required
ChatChannelInfoNotify,6263,,mapped-not-observed,PacketOpcodes.java,imported control-set mapping; target-client verification still required
GCGSetArenaDeckRsp,6264,,mapped-not-observed,PacketOpcodes.java,imported control-set mapping; target-client verification still required
WatcherAllDataNotify,6265,,mapped-not-observed,PacketOpcodes.java,imported control-set mapping; target-client verification still required
PMHOFKJNGKK,6280,,mapped-not-observed,PacketOpcodes.java,imported control-set mapping; target-client verification still required
MAEOCONGOAP,6297,,mapped-not-observed,PacketOpcodes.java,imported control-set mapping; target-client verification still required
HJOMJOJJAMH,6301,,mapped-not-observed,PacketOpcodes.java,imported control-set mapping; target-client verification still required
EvtAiSyncCombatThreatInfoNotify,6304,,mapped-not-observed,PacketOpcodes.java,imported control-set mapping; target-client verification still required
NNEFDMIGGPP,6306,,mapped-not-observed,PacketOpcodes.java,imported control-set mapping; target-client verification still required
BHNABOFAKFA,6307,,mapped-not-observed,PacketOpcodes.java,imported control-set mapping; target-client verification still required
GalleryBounceConjuringHitNotify,6308,,mapped-not-observed,PacketOpcodes.java,imported control-set mapping; target-client verification still required
PlayerQuitFromHomeNotify,6314,,mapped-not-observed,PacketOpcodes.java,imported control-set mapping; target-client verification still required
MuqadasPotionCaptureWeaknessReq,6325,,mapped-not-observed,PacketOpcodes.java,imported control-set mapping; target-client verification still required
_BeyondProfilePictureDataNotify,6326,,mapped-not-observed,PacketOpcodes.java,imported control-set mapping; target-client verification still required
BartenderLevelProgressNotify,6349,,mapped-not-observed,PacketOpcodes.java,imported control-set mapping; target-client verification still required
FungusFighterTrainingInfoNotify,6351,,mapped-not-observed,PacketOpcodes.java,imported control-set mapping; target-client verification still required
GCJENALAFDD,6356,,mapped-not-observed,PacketOpcodes.java,imported control-set mapping; target-client verification still required
AINPOFDBMGH,6358,,mapped-not-observed,PacketOpcodes.java,imported control-set mapping; target-client verification still required
KNNMDIKJICD,6362,,mapped-not-observed,PacketOpcodes.java,imported control-set mapping; target-client verification still required
CHGJICIKHIE,6363,,mapped-not-observed,PacketOpcodes.java,imported control-set mapping; target-client verification still required
ChessPickCardReq,6373,,mapped-not-observed,PacketOpcodes.java,imported control-set mapping; target-client verification still required
FBENJJBMOJC,6382,,mapped-not-observed,PacketOpcodes.java,imported control-set mapping; target-client verification still required
JACGDJNKMMN,6392,,mapped-not-observed,PacketOpcodes.java,imported control-set mapping; target-client verification still required
FungusFighterTrainingGallerySettleNotify,6416,,mapped-not-observed,PacketOpcodes.java,imported control-set mapping; target-client verification still required
_GCGReplaySetFavoriteReq,6418,,mapped-not-observed,PacketOpcodes.java,imported control-set mapping; target-client verification still required
PlayerApplyEnterMpNotify,6425,,mapped-not-observed,PacketOpcodes.java,imported control-set mapping; target-client verification still required
MiracleRingTakeRewardRsp,6427,,mapped-not-observed,PacketOpcodes.java,imported control-set mapping; target-client verification still required
PlayerMatchAgreedResultNotify,6439,,mapped-not-observed,PacketOpcodes.java,imported control-set mapping; target-client verification still required
FleurFairFallSettleNotify,6440,,mapped-not-observed,PacketOpcodes.java,imported control-set mapping; target-client verification still required
CLDFFMNGPGI,6441,,mapped-not-observed,PacketOpcodes.java,imported control-set mapping; target-client verification still required
CoopPointUpdateNotify,6448,,mapped-not-observed,PacketOpcodes.java,imported control-set mapping; target-client verification still required
NNMABPIDIEG,6454,,mapped-not-observed,PacketOpcodes.java,imported control-set mapping; target-client verification still required
MiracleRingDestroyNotify,6455,,mapped-not-observed,PacketOpcodes.java,imported control-set mapping; target-client verification still required
NGPFKNPLGNB,6463,,mapped-not-observed,PacketOpcodes.java,imported control-set mapping; target-client verification still required
JGODKNIBOHL,6467,,mapped-not-observed,PacketOpcodes.java,imported control-set mapping; target-client verification still required
_ActivityClientPlayGetFriendRecordListReq,6472,,mapped-not-observed,PacketOpcodes.java,imported control-set mapping; target-client verification still required
EnterTrialAvatarActivityDungeonReq,6473,,mapped-not-observed,PacketOpcodes.java,imported control-set mapping; target-client verification still required
ChangeGameTimeRsp,6474,,mapped-not-observed,PacketOpcodes.java,imported control-set mapping; target-client verification still required
CoopChapterUpdateNotify,6477,,mapped-not-observed,PacketOpcodes.java,imported control-set mapping; target-client verification still required
GalleryCrystalLinkBuffInfoNotify,6481,,mapped-not-observed,PacketOpcodes.java,imported control-set mapping; target-client verification still required
ILKDPODJODM,6486,,mapped-not-observed,PacketOpcodes.java,imported control-set mapping; target-client verification still required
_CustomGalleryScoreBoardUpdateNotify,6504,,mapped-not-observed,PacketOpcodes.java,imported control-set mapping; target-client verification still required
DungeonPreloadMonsterNotify,6506,,mapped-not-observed,PacketOpcodes.java,imported control-set mapping; target-client verification still required
_AnecdoteDelNotify,6508,,mapped-not-observed,PacketOpcodes.java,imported control-set mapping; target-client verification still required
RegionSearchChangeRegionNotify,6509,,mapped-not-observed,PacketOpcodes.java,imported control-set mapping; target-client verification still required
PPLKPIHODOC,6515,,mapped-not-observed,PacketOpcodes.java,imported control-set mapping; target-client verification still required
AvatarFightPropUpdateNotify,6516,,mapped-not-observed,PacketOpcodes.java,imported control-set mapping; target-client verification still required
PKLHDMAJFJI,6522,,mapped-not-observed,PacketOpcodes.java,imported control-set mapping; target-client verification still required
ScenePlayBattleUidOpNotify,6526,,mapped-not-observed,PacketOpcodes.java,imported control-set mapping; target-client verification still required
ParentQuestInferenceDataNotify,6527,,mapped-not-observed,PacketOpcodes.java,imported control-set mapping; target-client verification still required
SetSceneWeatherAreaReq,6539,,mapped-not-observed,PacketOpcodes.java,imported control-set mapping; target-client verification still required
PFBOLCHBFBL,6547,,mapped-not-observed,PacketOpcodes.java,imported control-set mapping; target-client verification still required
GEEEHAPBLLE,6553,,mapped-not-observed,PacketOpcodes.java,imported control-set mapping; target-client verification still required
PMBGGCALGLJ,6561,,mapped-not-observed,PacketOpcodes.java,imported control-set mapping; target-client verification still required
_IntelligenceScanReq,6572,,mapped-not-observed,PacketOpcodes.java,imported control-set mapping; target-client verification still required
JPHBCDGGFOF,6579,,mapped-not-observed,PacketOpcodes.java,imported control-set mapping; target-client verification still required
_PenumbraAdventureFlightGearSettleNotify,6586,,mapped-not-observed,PacketOpcodes.java,imported control-set mapping; target-client verification still required
LFDNKOGLGDK,6593,,mapped-not-observed,PacketOpcodes.java,imported control-set mapping; target-client verification still required
ClientAbilitiesInitFinishCombineRsp1,6598,,mapped-not-observed,PacketOpcodes.java,imported control-set mapping; target-client verification still required
_TakeBeyondBattlePassMissionPointRsp,6601,,mapped-not-observed,PacketOpcodes.java,imported control-set mapping; target-client verification still required
QuestCreateEntityRsp,6602,,mapped-not-observed,PacketOpcodes.java,imported control-set mapping; target-client verification still required
LuaEnvironmentEffectNotify,6607,,mapped-not-observed,PacketOpcodes.java,imported control-set mapping; target-client verification still required
EvtFaceToDirNotify,6608,,mapped-not-observed,PacketOpcodes.java,imported control-set mapping; target-client verification still required
JHDPNGBDDLJ,6610,,mapped-not-observed,PacketOpcodes.java,imported control-set mapping; target-client verification still required
AbilityInvocationsNotify,6622,,mapped-not-observed,PacketOpcodes.java,imported control-set mapping; target-client verification still required
SceneInitFinishReq,6623,,mapped-not-observed,PacketOpcodes.java,imported control-set mapping; target-client verification still required
VehicleInteractRsp,6628,,mapped-not-observed,PacketOpcodes.java,imported control-set mapping; target-client verification still required
HuntingOngoingNotify,6634,,mapped-not-observed,PacketOpcodes.java,imported control-set mapping; target-client verification still required
DEHOEIGHPKF,6649,,mapped-not-observed,PacketOpcodes.java,imported control-set mapping; target-client verification still required
ClientAbilitiesInitFinishCombineNotify,6657,,mapped-not-observed,PacketOpcodes.java,imported control-set mapping; target-client verification still required
_WeekActiveSelectAvatarRsp,6671,,mapped-not-observed,PacketOpcodes.java,imported control-set mapping; target-client verification still required
GetBonusActivityRewardRsp,6682,,mapped-not-observed,PacketOpcodes.java,imported control-set mapping; target-client verification still required
CNEANJHCBBA,6691,,mapped-not-observed,PacketOpcodes.java,imported control-set mapping; target-client verification still required
PKCEOOKALAD,6698,,mapped-not-observed,PacketOpcodes.java,imported control-set mapping; target-client verification still required
ChangeTeamNameRsp,6702,,mapped-not-observed,PacketOpcodes.java,imported control-set mapping; target-client verification still required
GMJNOIMMPJD,6717,,mapped-not-observed,PacketOpcodes.java,imported control-set mapping; target-client verification still required
AnchorPointDataNotify,6733,,mapped-not-observed,PacketOpcodes.java,imported control-set mapping; target-client verification still required
AINGOKDDDIK,6748,,mapped-not-observed,PacketOpcodes.java,imported control-set mapping; target-client verification still required
DEJCPOEEMDJ,6750,,mapped-not-observed,PacketOpcodes.java,imported control-set mapping; target-client verification still required
MiracleRingDropResultNotify,6768,,mapped-not-observed,PacketOpcodes.java,imported control-set mapping; target-client verification still required
RegionalPlayInfoNotify,6771,,mapped-not-observed,PacketOpcodes.java,imported control-set mapping; target-client verification still required
EnterWorldAreaRsp,6774,,mapped-not-observed,PacketOpcodes.java,imported control-set mapping; target-client verification still required
MiracleRingDataNotify,6776,,mapped-not-observed,PacketOpcodes.java,imported control-set mapping; target-client verification still required
PFDDCBHIIDA,6780,,mapped-not-observed,PacketOpcodes.java,imported control-set mapping; target-client verification still required
SkyCrystalDetectorDataUpdateNotify,6791,,mapped-not-observed,PacketOpcodes.java,imported control-set mapping; target-client verification still required
KAHIDGJJGBA,6794,,mapped-not-observed,PacketOpcodes.java,imported control-set mapping; target-client verification still required
ForgeGetQueueDataRsp,6800,,mapped-not-observed,PacketOpcodes.java,imported control-set mapping; target-client verification still required
EOLDBLCHPED,6801,,mapped-not-observed,PacketOpcodes.java,imported control-set mapping; target-client verification still required
EnterSceneReadyRsp,6809,,mapped-not-observed,PacketOpcodes.java,imported control-set mapping; target-client verification still required
DGEAEEPHCIA,6812,,mapped-not-observed,PacketOpcodes.java,imported control-set mapping; target-client verification still required
_AutoChessSettleNotify,6817,,mapped-not-observed,PacketOpcodes.java,imported control-set mapping; target-client verification still required
SorushTrialStartGalleryRsp,6839,,mapped-not-observed,PacketOpcodes.java,imported control-set mapping; target-client verification still required
ONNJBJBMBFE,6840,,mapped-not-observed,PacketOpcodes.java,imported control-set mapping; target-client verification still required
GCGDSBanCardNotify,6875,,mapped-not-observed,PacketOpcodes.java,imported control-set mapping; target-client verification still required
ClientAbilityInitFinishNotify,6889,,mapped-not-observed,PacketOpcodes.java,imported control-set mapping; target-client verification still required
KBGODHKPJEL,6900,,mapped-not-observed,PacketOpcodes.java,imported control-set mapping; target-client verification still required
MCGGKOBMLIK,6920,,mapped-not-observed,PacketOpcodes.java,imported control-set mapping; target-client verification still required
CombatInvocationsNotify,6930,,mapped-not-observed,PacketOpcodes.java,imported control-set mapping; target-client verification still required
PJJNBFBOGCN,6936,,mapped-not-observed,PacketOpcodes.java,imported control-set mapping; target-client verification still required
HLAALBHEELB,6949,,mapped-not-observed,PacketOpcodes.java,imported control-set mapping; target-client verification still required
MarkTargetInvestigationMonsterNotify,6954,,mapped-not-observed,PacketOpcodes.java,imported control-set mapping; target-client verification still required
ClientLoadingCostumeVerificationNotify,6956,,mapped-not-observed,PacketOpcodes.java,imported control-set mapping; target-client verification still required
HomeExchangeWoodRsp,6968,,mapped-not-observed,PacketOpcodes.java,imported control-set mapping; target-client verification still required
BlessingGetAllRecvPicRecordListRsp,6973,,mapped-not-observed,PacketOpcodes.java,imported control-set mapping; target-client verification still required
GetAreaExplorePointRsp,6978,,mapped-not-observed,PacketOpcodes.java,imported control-set mapping; target-client verification still required
EDAKADNJBDN,6982,,mapped-not-observed,PacketOpcodes.java,imported control-set mapping; target-client verification still required
GetSceneNpcPositionRsp,6983,,mapped-not-observed,PacketOpcodes.java,imported control-set mapping; target-client verification still required
PlayerCompoundMaterialBoostReq,6991,,mapped-not-observed,PacketOpcodes.java,imported control-set mapping; target-client verification still required
BlossomChestCreateNotify,6993,,mapped-not-observed,PacketOpcodes.java,imported control-set mapping; target-client verification still required
EHILNPOJOEJ,6994,,mapped-not-observed,PacketOpcodes.java,imported control-set mapping; target-client verification still required
HomeLimitedShopGoodsListRsp,7013,,mapped-not-observed,PacketOpcodes.java,imported control-set mapping; target-client verification still required
OFMIJJMNOCH,7025,,mapped-not-observed,PacketOpcodes.java,imported control-set mapping; target-client verification still required
JPEPFFJMDAA,7026,,mapped-not-observed,PacketOpcodes.java,imported control-set mapping; target-client verification still required
DPKLLGIKKGO,7027,,mapped-not-observed,PacketOpcodes.java,imported control-set mapping; target-client verification still required
PushTipsReadFinishRsp,7034,,mapped-not-observed,PacketOpcodes.java,imported control-set mapping; target-client verification still required
LJFKJMBMHKG,7039,,mapped-not-observed,PacketOpcodes.java,imported control-set mapping; target-client verification still required
MDEKPNKGKDD,7042,,mapped-not-observed,PacketOpcodes.java,imported control-set mapping; target-client verification still required
OpenBlossomCircleCampGuideNotify,7051,,mapped-not-observed,PacketOpcodes.java,imported control-set mapping; target-client verification still required
PlayerOfferingDataNotify,7055,,mapped-not-observed,PacketOpcodes.java,imported control-set mapping; target-client verification still required
_MiscRenameDataNotify,7064,,mapped-not-observed,PacketOpcodes.java,imported control-set mapping; target-client verification still required
BattlePassMissionUpdateNotify,7080,,mapped-not-observed,PacketOpcodes.java,imported control-set mapping; target-client verification still required
BGDAILADEFA,7083,,mapped-not-observed,PacketOpcodes.java,imported control-set mapping; target-client verification still required
ChangeWidgetBackgroundActiveStateReq,7098,,mapped-not-observed,PacketOpcodes.java,imported control-set mapping; target-client verification still required
GDAFJIJLNAO,7113,,mapped-not-observed,PacketOpcodes.java,imported control-set mapping; target-client verification still required
InstableSprayGalleryInfoNotify,7115,,mapped-not-observed,PacketOpcodes.java,imported control-set mapping; target-client verification still required
EMDAKFFDJIE,7127,,mapped-not-observed,PacketOpcodes.java,imported control-set mapping; target-client verification still required
FBLBDPPBMOC,7134,,mapped-not-observed,PacketOpcodes.java,imported control-set mapping; target-client verification still required
BrickBreakerSetChangingReq,7138,,mapped-not-observed,PacketOpcodes.java,imported control-set mapping; target-client verification still required
DDCHHDPGDIG,7154,,mapped-not-observed,PacketOpcodes.java,imported control-set mapping; target-client verification still required
JOONCKFLPAG,7161,,mapped-not-observed,PacketOpcodes.java,imported control-set mapping; target-client verification still required
AkaFesRhythmFinishPlayReq,7164,,mapped-not-observed,PacketOpcodes.java,imported control-set mapping; target-client verification still required
DJFIHMEOPFA,7165,,mapped-not-observed,PacketOpcodes.java,imported control-set mapping; target-client verification still required
AvatarChangeAnimHashRsp,7167,,mapped-not-observed,PacketOpcodes.java,imported control-set mapping; target-client verification still required
FishCastRodReq,7175,,mapped-not-observed,PacketOpcodes.java,imported control-set mapping; target-client verification still required
ENGILFHILPJ,7176,,mapped-not-observed,PacketOpcodes.java,imported control-set mapping; target-client verification still required
_AvatarEscoffierSkillCookDataNotify,7204,,mapped-not-observed,PacketOpcodes.java,imported control-set mapping; target-client verification still required
OOKEIJNPFCK,7205,,mapped-not-observed,PacketOpcodes.java,imported control-set mapping; target-client verification still required
COIJMEBGNPB,7210,,mapped-not-observed,PacketOpcodes.java,imported control-set mapping; target-client verification still required
OMHIKCFPAJO,7212,,mapped-not-observed,PacketOpcodes.java,imported control-set mapping; target-client verification still required
BeginCameraSceneLookNotify,7214,,mapped-not-observed,PacketOpcodes.java,imported control-set mapping; target-client verification still required
EPMJKPGEAIG,7222,,mapped-not-observed,PacketOpcodes.java,imported control-set mapping; target-client verification still required
_TakeDailyTaskScoreRewardRsp,7226,,mapped-not-observed,PacketOpcodes.java,imported control-set mapping; target-client verification still required
LLLAPOHHOHK,7237,,mapped-not-observed,PacketOpcodes.java,imported control-set mapping; target-client verification still required
GachaActivityPercentNotify,7240,,mapped-not-observed,PacketOpcodes.java,imported control-set mapping; target-client verification still required
IMBPAFNNBOA,7242,,mapped-not-observed,PacketOpcodes.java,imported control-set mapping; target-client verification still required
DFMBODMPEJH,7243,,mapped-not-observed,PacketOpcodes.java,imported control-set mapping; target-client verification still required
AnimatorForceSetAirMoveNotify,7253,,mapped-not-observed,PacketOpcodes.java,imported control-set mapping; target-client verification still required
StartRogueEliteCellChallengeReq,7254,,mapped-not-observed,PacketOpcodes.java,imported control-set mapping; target-client verification still required
_BeyondHallChangeTagsRsp,7262,,mapped-not-observed,PacketOpcodes.java,imported control-set mapping; target-client verification still required
JGHBGHCGNHO,7265,,mapped-not-observed,PacketOpcodes.java,imported control-set mapping; target-client verification still required
DungeonChallengeBeginNotify,7266,,mapped-not-observed,PacketOpcodes.java,imported control-set mapping; target-client verification still required
CBCPONKNFPA,7272,,mapped-not-observed,PacketOpcodes.java,imported control-set mapping; target-client verification still required
PMNOEEAAEMO,7280,,mapped-not-observed,PacketOpcodes.java,imported control-set mapping; target-client verification still required
_ActivityClientPlayStartRsp,7292,,mapped-not-observed,PacketOpcodes.java,imported control-set mapping; target-client verification still required
ReliquaryUpgradeReq,7294,,mapped-not-observed,PacketOpcodes.java,imported control-set mapping; target-client verification still required
HMGHPPMPCFA,7302,,mapped-not-observed,PacketOpcodes.java,imported control-set mapping; target-client verification still required
DungeonRestartInviteReplyRsp,7315,,mapped-not-observed,PacketOpcodes.java,imported control-set mapping; target-client verification still required
NLOOJNFFNDB,7332,,mapped-not-observed,PacketOpcodes.java,imported control-set mapping; target-client verification still required
AkaFesArchitectDungeonRecoverNotify,7335,,mapped-not-observed,PacketOpcodes.java,imported control-set mapping; target-client verification still required
ClientTransmitReq,7378,,mapped-not-observed,PacketOpcodes.java,imported control-set mapping; target-client verification still required
FNHPGMMDIKP,7382,,mapped-not-observed,PacketOpcodes.java,imported control-set mapping; target-client verification still required
FDILAAKGOPM,7385,,mapped-not-observed,PacketOpcodes.java,imported control-set mapping; target-client verification still required
TowerEnterLevelRsp,7393,,mapped-not-observed,PacketOpcodes.java,imported control-set mapping; target-client verification still required
SceneEntityMoveNotify,7399,,mapped-not-observed,PacketOpcodes.java,imported control-set mapping; target-client verification still required
_TowerDefenseOperationReq,7401,,mapped-not-observed,PacketOpcodes.java,imported control-set mapping; target-client verification still required
_LanV6CardLikeReq,7402,,mapped-not-observed,PacketOpcodes.java,imported control-set mapping; target-client verification still required
HomeSetBlueprintSlotOptionReq,7407,,mapped-not-observed,PacketOpcodes.java,imported control-set mapping; target-client verification still required
EditUgcDungeonBriefNotify,7414,,mapped-not-observed,PacketOpcodes.java,imported control-set mapping; target-client verification still required
HomeChangeBgmNotify,7459,,mapped-not-observed,PacketOpcodes.java,imported control-set mapping; target-client verification still required
AllSeenMonsterNotify,7462,,mapped-not-observed,PacketOpcodes.java,imported control-set mapping; target-client verification still required
IJKNLFPLHJN,7475,,mapped-not-observed,PacketOpcodes.java,imported control-set mapping; target-client verification still required
WinterCampAcceptAllGiveItemRsp,7476,,mapped-not-observed,PacketOpcodes.java,imported control-set mapping; target-client verification still required
ArenaChallengeFinishNotify,7487,,mapped-not-observed,PacketOpcodes.java,imported control-set mapping; target-client verification still required
GCGGameCreateFailReasonNotify,7500,,mapped-not-observed,PacketOpcodes.java,imported control-set mapping; target-client verification still required
HLKEHCIJBJO,7502,,mapped-not-observed,PacketOpcodes.java,imported control-set mapping; target-client verification still required
OICONGDLNHG,7504,,mapped-not-observed,PacketOpcodes.java,imported control-set mapping; target-client verification still required
SelectWorktopOptionRsp,7515,,mapped-not-observed,PacketOpcodes.java,imported control-set mapping; target-client verification still required
OPKHBBNDHME,7520,,mapped-not-observed,PacketOpcodes.java,imported control-set mapping; target-client verification still required
_QuestMutualContinueRsp,7534,,mapped-not-observed,PacketOpcodes.java,imported control-set mapping; target-client verification still required
_SetReliquaryStarStateRsp,7536,,mapped-not-observed,PacketOpcodes.java,imported control-set mapping; target-client verification still required
_ActivityClientPlayLevelInfoUpdateNotify,7538,,mapped-not-observed,PacketOpcodes.java,imported control-set mapping; target-client verification still required
DungeonCandidateTeamCreateReq,7541,,mapped-not-observed,PacketOpcodes.java,imported control-set mapping; target-client verification still required
SumoDungeonSettleNotify,7547,,mapped-not-observed,PacketOpcodes.java,imported control-set mapping; target-client verification still required
JHOFCGNAALN,7577,,mapped-not-observed,PacketOpcodes.java,imported control-set mapping; target-client verification still required
_SceneOwnerGadgetChainLevelNotify,7584,,mapped-not-observed,PacketOpcodes.java,imported control-set mapping; target-client verification still required
StoreItemDelNotify,7586,,mapped-not-observed,PacketOpcodes.java,imported control-set mapping; target-client verification still required
ADGMHJNNGKM,7599,,mapped-not-observed,PacketOpcodes.java,imported control-set mapping; target-client verification still required
GHKFILOEEOE,7609,,mapped-not-observed,PacketOpcodes.java,imported control-set mapping; target-client verification still required
PlayerCancelMatchReq,7618,,mapped-not-observed,PacketOpcodes.java,imported control-set mapping; target-client verification still required
HomeSearchBlueprintRsp,7620,,mapped-not-observed,PacketOpcodes.java,imported control-set mapping; target-client verification still required
_CustomGalleryProgressUpdateNotify,7623,,mapped-not-observed,PacketOpcodes.java,imported control-set mapping; target-client verification still required
LKJDBDGCANC,7631,,mapped-not-observed,PacketOpcodes.java,imported control-set mapping; target-client verification still required
_AnecdoteMakeWishRsp,7636,,mapped-not-observed,PacketOpcodes.java,imported control-set mapping; target-client verification still required
QuestListNotify,7638,,mapped-not-observed,PacketOpcodes.java,imported control-set mapping; target-client verification still required
HomePreviewBlueprintReq,7639,,mapped-not-observed,PacketOpcodes.java,imported control-set mapping; target-client verification still required
SetOpenStateReq,7645,,mapped-not-observed,PacketOpcodes.java,imported control-set mapping; target-client verification still required
TowerFloorRecordChangeNotify,7649,,mapped-not-observed,PacketOpcodes.java,imported control-set mapping; target-client verification still required
GetSignInRewardReq,7654,,mapped-not-observed,PacketOpcodes.java,imported control-set mapping; target-client verification still required
QuestDestroyEntityReq,7656,,mapped-not-observed,PacketOpcodes.java,imported control-set mapping; target-client verification still required
HomeGetArrangementInfoRsp,7664,,mapped-not-observed,PacketOpcodes.java,imported control-set mapping; target-client verification still required
GetInvestigationMonsterReq,7666,,mapped-not-observed,PacketOpcodes.java,imported control-set mapping; target-client verification still required
OpenStateChangeNotify,7670,,mapped-not-observed,PacketOpcodes.java,imported control-set mapping; target-client verification still required
JPMLNONDGHG,7672,,mapped-not-observed,PacketOpcodes.java,imported control-set mapping; target-client verification still required
BattlePassAllDataNotify,7676,,mapped-not-observed,PacketOpcodes.java,imported control-set mapping; target-client verification still required
H5ActivityIdsNotify,7679,,mapped-not-observed,PacketOpcodes.java,imported control-set mapping; target-client verification still required
APHHKODJAFE,7692,,mapped-not-observed,PacketOpcodes.java,imported control-set mapping; target-client verification still required
TowerBriefDataNotify,7704,,mapped-not-observed,PacketOpcodes.java,imported control-set mapping; target-client verification still required
RoguelikeRuneRecordUpdateNotify,7720,,mapped-not-observed,PacketOpcodes.java,imported control-set mapping; target-client verification still required
PANCNOHGCPJ,7723,,mapped-not-observed,PacketOpcodes.java,imported control-set mapping; target-client verification still required
ILEJCHMEAGC,7726,,mapped-not-observed,PacketOpcodes.java,imported control-set mapping; target-client verification still required
DBMDFFHNDHM,7734,,mapped-not-observed,PacketOpcodes.java,imported control-set mapping; target-client verification still required
GetChatEmojiCollectionRsp,7739,,mapped-not-observed,PacketOpcodes.java,imported control-set mapping; target-client verification still required
CompoundUnlockNotify,7750,,mapped-not-observed,PacketOpcodes.java,imported control-set mapping; target-client verification still required
NHFJOIPDBFH,7756,,mapped-not-observed,PacketOpcodes.java,imported control-set mapping; target-client verification still required
BuoyantCombatSettleNotify,7758,,mapped-not-observed,PacketOpcodes.java,imported control-set mapping; target-client verification still required
AFIENOJODHE,7778,,mapped-not-observed,PacketOpcodes.java,imported control-set mapping; target-client verification still required
APNFFIPCCIE,7788,,mapped-not-observed,PacketOpcodes.java,imported control-set mapping; target-client verification still required
TeamChainRestartDungeonReq,7818,,mapped-not-observed,PacketOpcodes.java,imported control-set mapping; target-client verification still required
UnfreezeGroupLimitNotify,7819,,mapped-not-observed,PacketOpcodes.java,imported control-set mapping; target-client verification still required
MJEEGGACJDG,7828,,mapped-not-observed,PacketOpcodes.java,imported control-set mapping; target-client verification still required
GetShopReq,7829,,mapped-not-observed,PacketOpcodes.java,imported control-set mapping; target-client verification still required
AsterMidInfoNotify,7830,,mapped-not-observed,PacketOpcodes.java,imported control-set mapping; target-client verification still required
BargainTerminateNotify,7831,,mapped-not-observed,PacketOpcodes.java,imported control-set mapping; target-client verification still required
_ActivityClientPlayCurLevelInfoUpdateNotify,7838,,mapped-not-observed,PacketOpcodes.java,imported control-set mapping; target-client verification still required
MpPlayPrepareInterruptNotify,7851,,mapped-not-observed,PacketOpcodes.java,imported control-set mapping; target-client verification still required
GachaWishRsp,7862,,mapped-not-observed,PacketOpcodes.java,imported control-set mapping; target-client verification still required
EFFKEODFBNN,7867,,mapped-not-observed,PacketOpcodes.java,imported control-set mapping; target-client verification still required
BFGPPDNBJMH,7902,,mapped-not-observed,PacketOpcodes.java,imported control-set mapping; target-client verification still required
EvtAnimatorStateChangedNotify,7910,,mapped-not-observed,PacketOpcodes.java,imported control-set mapping; target-client verification still required
_VehiclePhlogistonNotify,7926,,mapped-not-observed,PacketOpcodes.java,imported control-set mapping; target-client verification still required
SceneAvatarStaminaStepRsp,7933,,mapped-not-observed,PacketOpcodes.java,imported control-set mapping; target-client verification still required
GJOCENLDHJH,7935,,mapped-not-observed,PacketOpcodes.java,imported control-set mapping; target-client verification still required
FCAMEPJIIDN,7940,,mapped-not-observed,PacketOpcodes.java,imported control-set mapping; target-client verification still required
IBOGKPJEMOE,7945,,mapped-not-observed,PacketOpcodes.java,imported control-set mapping; target-client verification still required
SceneWeatherForcastRsp,7949,,mapped-not-observed,PacketOpcodes.java,imported control-set mapping; target-client verification still required
DealAddFriendRsp,7962,,mapped-not-observed,PacketOpcodes.java,imported control-set mapping; target-client verification still required
GachaActivityTakeRewardReq,7969,,mapped-not-observed,PacketOpcodes.java,imported control-set mapping; target-client verification still required
TakeReunionMissionRewardReq,7971,,mapped-not-observed,PacketOpcodes.java,imported control-set mapping; target-client verification still required
FJABBAOMINB,7972,,mapped-not-observed,PacketOpcodes.java,imported control-set mapping; target-client verification still required
PCPIJOHICAK,7981,,mapped-not-observed,PacketOpcodes.java,imported control-set mapping; target-client verification still required
BGJLNEKCPFG,7986,,mapped-not-observed,PacketOpcodes.java,imported control-set mapping; target-client verification still required
WorldPlayerLocationNotify,7988,,mapped-not-observed,PacketOpcodes.java,imported control-set mapping; target-client verification still required
AvatarExpeditionGetRewardRsp,8001,,mapped-not-observed,PacketOpcodes.java,imported control-set mapping; target-client verification still required
PlayerCookReq,8003,,mapped-not-observed,PacketOpcodes.java,imported control-set mapping; target-client verification still required
ChannellerSlabLoopDungeonTakeFirstPassRewardRsp,8009,,mapped-not-observed,PacketOpcodes.java,imported control-set mapping; target-client verification still required
SetFriendRemarkNameReq,8018,,mapped-not-observed,PacketOpcodes.java,imported control-set mapping; target-client verification still required
UgcNotify,8020,,mapped-not-observed,PacketOpcodes.java,imported control-set mapping; target-client verification still required
NFMPOMNOLAI,8033,,mapped-not-observed,PacketOpcodes.java,imported control-set mapping; target-client verification still required
BDEJPJEIJIP,8036,,mapped-not-observed,PacketOpcodes.java,imported control-set mapping; target-client verification still required
SetEquipLockStateReq,8042,,mapped-not-observed,PacketOpcodes.java,imported control-set mapping; target-client verification still required
BAJKELIAKIH,8054,,mapped-not-observed,PacketOpcodes.java,imported control-set mapping; target-client verification still required
MpPlayOwnerStartInviteRsp,8056,,mapped-not-observed,PacketOpcodes.java,imported control-set mapping; target-client verification still required
UgcDungeonPlayAllDataNotify,8061,,mapped-not-observed,PacketOpcodes.java,imported control-set mapping; target-client verification still required
WorldRoutineTypeCloseNotify,8094,,mapped-not-observed,PacketOpcodes.java,imported control-set mapping; target-client verification still required
GGAJKMEACMJ,8095,,mapped-not-observed,PacketOpcodes.java,imported control-set mapping; target-client verification still required
CheckAddItemExceedLimitNotify,8097,,mapped-not-observed,PacketOpcodes.java,imported control-set mapping; target-client verification still required
PPIMHCCCMAA,8099,,mapped-not-observed,PacketOpcodes.java,imported control-set mapping; target-client verification still required
GCGDSChangeDeckNameRsp,8101,,mapped-not-observed,PacketOpcodes.java,imported control-set mapping; target-client verification still required
GetWidgetSlotRsp,8105,,mapped-not-observed,PacketOpcodes.java,imported control-set mapping; target-client verification still required
CMPFCLJOKHB,8113,,mapped-not-observed,PacketOpcodes.java,imported control-set mapping; target-client verification still required
GCGGetArenaHistoryDeckDetailInfoRsp,8117,,mapped-not-observed,PacketOpcodes.java,imported control-set mapping; target-client verification still required
_BeyondHallChangeBgmRsp,8125,,mapped-not-observed,PacketOpcodes.java,imported control-set mapping; target-client verification still required
ScenePlayGuestReplyInviteReq,8129,,mapped-not-observed,PacketOpcodes.java,imported control-set mapping; target-client verification still required
BargainStartNotify,8139,,mapped-not-observed,PacketOpcodes.java,imported control-set mapping; target-client verification still required
EvtBulletMoveNotify,8146,,mapped-not-observed,PacketOpcodes.java,imported control-set mapping; target-client verification still required
EvtBulletHitNotify,8151,,mapped-not-observed,PacketOpcodes.java,imported control-set mapping; target-client verification still required
WatcherEventTypeNotify,8155,,mapped-not-observed,PacketOpcodes.java,imported control-set mapping; target-client verification still required
ReunionActivateNotify,8175,,mapped-not-observed,PacketOpcodes.java,imported control-set mapping; target-client verification still required
ActivityInfoNotify,8184,,mapped-not-observed,PacketOpcodes.java,imported control-set mapping; target-client verification still required
EvtBeingHitNotify,8186,,mapped-not-observed,PacketOpcodes.java,imported control-set mapping; target-client verification still required
DungeonRestartInviteNotify,8198,,mapped-not-observed,PacketOpcodes.java,imported control-set mapping; target-client verification still required
LBPMFDMAHEN,8213,,mapped-not-observed,PacketOpcodes.java,imported control-set mapping; target-client verification still required
ResinChangeNotify,8226,,mapped-not-observed,PacketOpcodes.java,imported control-set mapping; target-client verification still required
BGPGNFFFNED,8227,,mapped-not-observed,PacketOpcodes.java,imported control-set mapping; target-client verification still required
BrickBreakerSelectAvatarReq,8229,,mapped-not-observed,PacketOpcodes.java,imported control-set mapping; target-client verification still required
BOEBCKIMFLD,8240,,mapped-not-observed,PacketOpcodes.java,imported control-set mapping; target-client verification still required
CLCHGFDNCHC,8241,,mapped-not-observed,PacketOpcodes.java,imported control-set mapping; target-client verification still required
AvatarUnlockTalentNotify,8243,,mapped-not-observed,PacketOpcodes.java,imported control-set mapping; target-client verification still required
DigActivityMarkPointChangeNotify,8255,,mapped-not-observed,PacketOpcodes.java,imported control-set mapping; target-client verification still required
_LanV6CardNpcLikeReq,8256,,mapped-not-observed,PacketOpcodes.java,imported control-set mapping; target-client verification still required
JLGHHJBDLMD,8258,,mapped-not-observed,PacketOpcodes.java,imported control-set mapping; target-client verification still required
BJONOELAKLI,8267,,mapped-not-observed,PacketOpcodes.java,imported control-set mapping; target-client verification still required
FMAMDOPJKNH,8281,,mapped-not-observed,PacketOpcodes.java,imported control-set mapping; target-client verification still required
EKLGBPEJBII,8286,,mapped-not-observed,PacketOpcodes.java,imported control-set mapping; target-client verification still required
GetSignInRewardRsp,8291,,mapped-not-observed,PacketOpcodes.java,imported control-set mapping; target-client verification still required
GetPushTipsRewardReq,8298,,mapped-not-observed,PacketOpcodes.java,imported control-set mapping; target-client verification still required
CCGDKIIMEAL,8307,,mapped-not-observed,PacketOpcodes.java,imported control-set mapping; target-client verification still required
JKGHMMOOOIL,8314,,mapped-not-observed,PacketOpcodes.java,imported control-set mapping; target-client verification still required
ActivityGetFriendGiftWishListRsp,8335,,mapped-not-observed,PacketOpcodes.java,imported control-set mapping; target-client verification still required
DJBBKFGKKKB,8337,,mapped-not-observed,PacketOpcodes.java,imported control-set mapping; target-client verification still required
UgcGetShopGadgetInfoReq,8344,,mapped-not-observed,PacketOpcodes.java,imported control-set mapping; target-client verification still required
LevelupCityReq,8352,,mapped-not-observed,PacketOpcodes.java,imported control-set mapping; target-client verification still required
BBLOEOCEMBH,8355,,mapped-not-observed,PacketOpcodes.java,imported control-set mapping; target-client verification still required
CoinCollectChooseSkillRsp,8359,,mapped-not-observed,PacketOpcodes.java,imported control-set mapping; target-client verification still required
DLGONBFIMMP,8378,,mapped-not-observed,PacketOpcodes.java,imported control-set mapping; target-client verification still required
FurnitureMakeCancelReq,8383,,mapped-not-observed,PacketOpcodes.java,imported control-set mapping; target-client verification still required
MLKEOEPENOC,8389,,mapped-not-observed,PacketOpcodes.java,imported control-set mapping; target-client verification still required
BrickBreakerSettleNotify,8393,,mapped-not-observed,PacketOpcodes.java,imported control-set mapping; target-client verification still required
ShowMessageNotify,8397,,mapped-not-observed,PacketOpcodes.java,imported control-set mapping; target-client verification still required
PNHPNOEGAND,8406,,mapped-not-observed,PacketOpcodes.java,imported control-set mapping; target-client verification still required
TakeCompoundOutputReq,8446,,mapped-not-observed,PacketOpcodes.java,imported control-set mapping; target-client verification still required
KNFNMDADNDO,8447,,mapped-not-observed,PacketOpcodes.java,imported control-set mapping; target-client verification still required
AvatarFollowRouteNotify,8449,,mapped-not-observed,PacketOpcodes.java,imported control-set mapping; target-client verification still required
_BossChestInfoNotify,8463,,mapped-not-observed,PacketOpcodes.java,imported control-set mapping; target-client verification still required
HPDMFHDCLCD,8465,,mapped-not-observed,PacketOpcodes.java,imported control-set mapping; target-client verification still required
OFCAEIEAGFB,8469,,mapped-not-observed,PacketOpcodes.java,imported control-set mapping; target-client verification still required
_GetRecommendedMusicGameBookReq,8475,,mapped-not-observed,PacketOpcodes.java,imported control-set mapping; target-client verification still required
_ActivityClientPlayBeginRsp,8494,,mapped-not-observed,PacketOpcodes.java,imported control-set mapping; target-client verification still required
_BeyondHallChangeBgmNotify,8500,,mapped-not-observed,PacketOpcodes.java,imported control-set mapping; target-client verification still required
MonsterPointArrayRouteUpdateNotify,8507,,mapped-not-observed,PacketOpcodes.java,imported control-set mapping; target-client verification still required
ANENBCAMLIG,8516,,mapped-not-observed,PacketOpcodes.java,imported control-set mapping; target-client verification still required
FCLPEGIOLDM,8524,,mapped-not-observed,PacketOpcodes.java,imported control-set mapping; target-client verification still required
CDBNMFEMMML,8529,,mapped-not-observed,PacketOpcodes.java,imported control-set mapping; target-client verification still required
AvatarPromoteGetRewardReq,8532,,mapped-not-observed,PacketOpcodes.java,imported control-set mapping; target-client verification still required
AdjustWorldLevelRsp,8535,,mapped-not-observed,PacketOpcodes.java,imported control-set mapping; target-client verification still required
PDDGJNIHALB,8549,,mapped-not-observed,PacketOpcodes.java,imported control-set mapping; target-client verification still required
_UgcVoteReq,8551,,mapped-not-observed,PacketOpcodes.java,imported control-set mapping; target-client verification still required
ForgeQueueDataNotify,8557,,mapped-not-observed,PacketOpcodes.java,imported control-set mapping; target-client verification still required
AIFNFNKPBPN,8564,,mapped-not-observed,PacketOpcodes.java,imported control-set mapping; target-client verification still required
FurnitureMakeCancelRsp,8571,,mapped-not-observed,PacketOpcodes.java,imported control-set mapping; target-client verification still required
DestroyMaterialReq,8587,,mapped-not-observed,PacketOpcodes.java,imported control-set mapping; target-client verification still required
ReliquaryPromoteReq,8590,,mapped-not-observed,PacketOpcodes.java,imported control-set mapping; target-client verification still required
GetOpActivityInfoRsp,8593,,mapped-not-observed,PacketOpcodes.java,imported control-set mapping; target-client verification still required
FireworksReformDataNotify,8597,,mapped-not-observed,PacketOpcodes.java,imported control-set mapping; target-client verification still required
APAIAJNCCNB,8602,,mapped-not-observed,PacketOpcodes.java,imported control-set mapping; target-client verification still required
_MonsterChessCardLevelChangeNotify,8609,,mapped-not-observed,PacketOpcodes.java,imported control-set mapping; target-client verification still required
KLGLIBDNIJF,8615,,mapped-not-observed,PacketOpcodes.java,imported control-set mapping; target-client verification still required
NPMACILOJKI,8616,,mapped-not-observed,PacketOpcodes.java,imported control-set mapping; target-client verification still required
FGPCLPMGHLL,8626,,mapped-not-observed,PacketOpcodes.java,imported control-set mapping; target-client verification still required
KAAMHDOIOOJ,8644,,mapped-not-observed,PacketOpcodes.java,imported control-set mapping; target-client verification still required
_AquariumDivingSettleReq,8652,,mapped-not-observed,PacketOpcodes.java,imported control-set mapping; target-client verification still required
GCGBasicDataNotify,8657,,mapped-not-observed,PacketOpcodes.java,imported control-set mapping; target-client verification still required
HomeModuleSeenRsp,8676,,mapped-not-observed,PacketOpcodes.java,imported control-set mapping; target-client verification still required
ScenePlayBattleResultNotify,8678,,mapped-not-observed,PacketOpcodes.java,imported control-set mapping; target-client verification still required
AEOODPAOMFM,8687,,mapped-not-observed,PacketOpcodes.java,imported control-set mapping; target-client verification still required
OMJPBDEPCBG,8701,,mapped-not-observed,PacketOpcodes.java,imported control-set mapping; target-client verification still required
BBFFDHMPFJM,8710,,mapped-not-observed,PacketOpcodes.java,imported control-set mapping; target-client verification still required
ENCBHBIIAOM,8719,,mapped-not-observed,PacketOpcodes.java,imported control-set mapping; target-client verification still required
NMKJAMNHIIG,8721,,mapped-not-observed,PacketOpcodes.java,imported control-set mapping; target-client verification still required
NNNCNGIICKG,8730,,mapped-not-observed,PacketOpcodes.java,imported control-set mapping; target-client verification still required
GetScenePerformanceRsp,8733,,mapped-not-observed,PacketOpcodes.java,imported control-set mapping; target-client verification still required
AvatarExpeditionAllDataRsp,8748,,mapped-not-observed,PacketOpcodes.java,imported control-set mapping; target-client verification still required
GetAllMailResultNotify,8750,,mapped-not-observed,PacketOpcodes.java,imported control-set mapping; target-client verification still required
PlayerChatNotify,8762,,mapped-not-observed,PacketOpcodes.java,imported control-set mapping; target-client verification still required
FEHFPMOOJEG,8763,,mapped-not-observed,PacketOpcodes.java,imported control-set mapping; target-client verification still required
ChangeMailStarNotify,8766,,mapped-not-observed,PacketOpcodes.java,imported control-set mapping; target-client verification still required
MEBLGOEMAME,8778,,mapped-not-observed,PacketOpcodes.java,imported control-set mapping; target-client verification still required
EvtAvatarEnterFocusNotify,8782,,mapped-not-observed,PacketOpcodes.java,imported control-set mapping; target-client verification still required
_MusicGameBookAllDataNotify,8786,,mapped-not-observed,PacketOpcodes.java,imported control-set mapping; target-client verification still required
KMALBJAGLAL,8789,,mapped-not-observed,PacketOpcodes.java,imported control-set mapping; target-client verification still required
AvatarLifeStateChangeNotify,8790,,mapped-not-observed,PacketOpcodes.java,imported control-set mapping; target-client verification still required
BJPOLINNNNM,8808,,mapped-not-observed,PacketOpcodes.java,imported control-set mapping; target-client verification still required
_BattlePassSetRewardPlanReq,8811,,mapped-not-observed,PacketOpcodes.java,imported control-set mapping; target-client verification still required
AvatarGainFlycloakNotify,8814,,mapped-not-observed,PacketOpcodes.java,imported control-set mapping; target-client verification still required
EnterChessDungeonReq,8817,,mapped-not-observed,PacketOpcodes.java,imported control-set mapping; target-client verification still required
MpPlayOwnerCheckRsp,8829,,mapped-not-observed,PacketOpcodes.java,imported control-set mapping; target-client verification still required
ADPOLBAMNNG,8833,,mapped-not-observed,PacketOpcodes.java,imported control-set mapping; target-client verification still required
PSPlayerApplyEnterMpRsp,8840,,mapped-not-observed,PacketOpcodes.java,imported control-set mapping; target-client verification still required
GadgetChangeLevelTagReq,8842,,mapped-not-observed,PacketOpcodes.java,imported control-set mapping; target-client verification still required
GetOnlinePlayerInfoRsp,8843,,mapped-not-observed,PacketOpcodes.java,imported control-set mapping; target-client verification still required
LanV3BoatSettleNotify,8847,,mapped-not-observed,PacketOpcodes.java,imported control-set mapping; target-client verification still required
CGNAFJLOMCI,8880,,mapped-not-observed,PacketOpcodes.java,imported control-set mapping; target-client verification still required
HCLLNFNIKBE,8890,,mapped-not-observed,PacketOpcodes.java,imported control-set mapping; target-client verification still required
MFMDALJBFHK,8908,,mapped-not-observed,PacketOpcodes.java,imported control-set mapping; target-client verification still required
CheckGroupReplacedRsp,8911,,mapped-not-observed,PacketOpcodes.java,imported control-set mapping; target-client verification still required
AddSeenMonsterNotify,8918,,mapped-not-observed,PacketOpcodes.java,imported control-set mapping; target-client verification still required
ViewLanternProjectionTipsReq,8927,,mapped-not-observed,PacketOpcodes.java,imported control-set mapping; target-client verification still required
GalleryFlowerCatchNotify,8947,,mapped-not-observed,PacketOpcodes.java,imported control-set mapping; target-client verification still required
HomeAvatarSummonAllEventNotify,8948,,mapped-not-observed,PacketOpcodes.java,imported control-set mapping; target-client verification still required
ELEFEMDJMOO,8951,,mapped-not-observed,PacketOpcodes.java,imported control-set mapping; target-client verification still required
StartRogueDiaryPlayRsp,8956,,mapped-not-observed,PacketOpcodes.java,imported control-set mapping; target-client verification still required
DungeonInterruptChallengeReq,8969,,mapped-not-observed,PacketOpcodes.java,imported control-set mapping; target-client verification still required
SumoSwitchTeamReq,8988,,mapped-not-observed,PacketOpcodes.java,imported control-set mapping; target-client verification still required
NOHJDPCIPPL,8991,,mapped-not-observed,PacketOpcodes.java,imported control-set mapping; target-client verification still required
ClientPauseNotify,8996,,mapped-not-observed,PacketOpcodes.java,imported control-set mapping; target-client verification still required
DEHIOICICPG,9006,,mapped-not-observed,PacketOpcodes.java,imported control-set mapping; target-client verification still required
GetWorldMpInfoRsp,9016,,mapped-not-observed,PacketOpcodes.java,imported control-set mapping; target-client verification still required
ScenePlayInfoListNotify,9021,,mapped-not-observed,PacketOpcodes.java,imported control-set mapping; target-client verification still required
AsterMidCampInfoNotify,9033,,mapped-not-observed,PacketOpcodes.java,imported control-set mapping; target-client verification still required
UpdateAbilityCreatedMovingPlatformNotify,9036,,mapped-not-observed,PacketOpcodes.java,imported control-set mapping; target-client verification still required
DKPJIAKAJHH,9037,,mapped-not-observed,PacketOpcodes.java,imported control-set mapping; target-client verification still required
UseMiracleRingRsp,9044,,mapped-not-observed,PacketOpcodes.java,imported control-set mapping; target-client verification still required
AvatarChangeCostumeRsp,9057,,mapped-not-observed,PacketOpcodes.java,imported control-set mapping; target-client verification still required
MLNGJJBBBMG,9069,,mapped-not-observed,PacketOpcodes.java,imported control-set mapping; target-client verification still required
HBECODPJIEN,9075,,mapped-not-observed,PacketOpcodes.java,imported control-set mapping; target-client verification still required
FIMNNHEOFPD,9092,,mapped-not-observed,PacketOpcodes.java,imported control-set mapping; target-client verification still required
ALLKCBCNAJI,9113,,mapped-not-observed,PacketOpcodes.java,imported control-set mapping; target-client verification still required
ClientSetGameTimeReq,9122,,mapped-not-observed,PacketOpcodes.java,imported control-set mapping; target-client verification still required
_SceneMpUnlockNotify,9135,,mapped-not-observed,PacketOpcodes.java,imported control-set mapping; target-client verification still required
IKHHIGCHGME,9140,,mapped-not-observed,PacketOpcodes.java,imported control-set mapping; target-client verification still required
PPDCCDBFIDI,9141,,mapped-not-observed,PacketOpcodes.java,imported control-set mapping; target-client verification still required
GetParentQuestVideoKeyRsp,9147,,mapped-not-observed,PacketOpcodes.java,imported control-set mapping; target-client verification still required
WidgetWeatherWizardDataNotify,9150,,mapped-not-observed,PacketOpcodes.java,imported control-set mapping; target-client verification still required
_MonsterChessV2CardLevelChangeNotify,9153,,mapped-not-observed,PacketOpcodes.java,imported control-set mapping; target-client verification still required
GCGTCInviteRsp,9158,,mapped-not-observed,PacketOpcodes.java,imported control-set mapping; target-client verification still required
FishBaitGoneNotify,9168,,mapped-not-observed,PacketOpcodes.java,imported control-set mapping; target-client verification still required
DMCILGNIMHL,9179,,mapped-not-observed,PacketOpcodes.java,imported control-set mapping; target-client verification still required
JGGGGCPPBPM,9185,,mapped-not-observed,PacketOpcodes.java,imported control-set mapping; target-client verification still required
ClientTransmitRsp,9195,,mapped-not-observed,PacketOpcodes.java,imported control-set mapping; target-client verification still required
OGPOJCHGKMM,9202,,mapped-not-observed,PacketOpcodes.java,imported control-set mapping; target-client verification still required
ChangeAvatarRsp,9209,,mapped-not-observed,PacketOpcodes.java,imported control-set mapping; target-client verification still required
TakeReunionWatcherRewardRsp,9221,,mapped-not-observed,PacketOpcodes.java,imported control-set mapping; target-client verification still required
HMLHHHAKIAF,9237,,mapped-not-observed,PacketOpcodes.java,imported control-set mapping; target-client verification still required
FurnitureMakeBeHelpedNotify,9270,,mapped-not-observed,PacketOpcodes.java,imported control-set mapping; target-client verification still required
RefreshRogueDiaryCardRsp,9278,,mapped-not-observed,PacketOpcodes.java,imported control-set mapping; target-client verification still required
EffigyChallengeV2ChooseSkillRsp,9279,,mapped-not-observed,PacketOpcodes.java,imported control-set mapping; target-client verification still required
PlayerLoginReq,9282,,mapped-not-observed,PacketOpcodes.java,imported control-set mapping; target-client verification still required
BKACFCAPBMI,9288,,mapped-not-observed,PacketOpcodes.java,imported control-set mapping; target-client verification still required
HomeChooseModuleRsp,9292,,mapped-not-observed,PacketOpcodes.java,imported control-set mapping; target-client verification still required
ServerMessageNotify,9296,,mapped-not-observed,PacketOpcodes.java,imported control-set mapping; target-client verification still required
CLINMLGCMJL,9304,,mapped-not-observed,PacketOpcodes.java,imported control-set mapping; target-client verification still required
CutSceneBeginNotify,9315,,mapped-not-observed,PacketOpcodes.java,imported control-set mapping; target-client verification still required
HomeEditCustomFurnitureRsp,9321,,mapped-not-observed,PacketOpcodes.java,imported control-set mapping; target-client verification still required
EFOOECLJHKL,9327,,mapped-not-observed,PacketOpcodes.java,imported control-set mapping; target-client verification still required
GLBKFJNGAKO,9334,,mapped-not-observed,PacketOpcodes.java,imported control-set mapping; target-client verification still required
FleurFairMusicGameSettleReq,9346,,mapped-not-observed,PacketOpcodes.java,imported control-set mapping; target-client verification still required
OHIMIGBCMEB,9347,,mapped-not-observed,PacketOpcodes.java,imported control-set mapping; target-client verification still required
CharAmusementSettleNotify,9362,,mapped-not-observed,PacketOpcodes.java,imported control-set mapping; target-client verification still required
CombineFormulaDataNotify,9365,,mapped-not-observed,PacketOpcodes.java,imported control-set mapping; target-client verification still required
UnlockTransPointReq,9369,,mapped-not-observed,PacketOpcodes.java,imported control-set mapping; target-client verification still required
OBKIBKIJMIA,9375,,mapped-not-observed,PacketOpcodes.java,imported control-set mapping; target-client verification still required
GCGTCTavernChallengeUpdateNotify,9389,,mapped-not-observed,PacketOpcodes.java,imported control-set mapping; target-client verification still required
MHAKNFEHJHO,9392,,mapped-not-observed,PacketOpcodes.java,imported control-set mapping; target-client verification still required
HPBOANLHPPH,9394,,mapped-not-observed,PacketOpcodes.java,imported control-set mapping; target-client verification still required
JMPEDOJIBBK,9402,,mapped-not-observed,PacketOpcodes.java,imported control-set mapping; target-client verification still required
BargainOfferPriceRsp,9419,,mapped-not-observed,PacketOpcodes.java,imported control-set mapping; target-client verification still required
_AvatarGainTraceEffectNotify,9421,,mapped-not-observed,PacketOpcodes.java,imported control-set mapping; target-client verification still required
EBAFBJENLJN,9431,,mapped-not-observed,PacketOpcodes.java,imported control-set mapping; target-client verification still required
PEAHGHEKKLA,9435,,mapped-not-observed,PacketOpcodes.java,imported control-set mapping; target-client verification still required
LGLPEALGEMB,9450,,mapped-not-observed,PacketOpcodes.java,imported control-set mapping; target-client verification still required
_HomeExplosionGallerySettleNotify,9457,,mapped-not-observed,PacketOpcodes.java,imported control-set mapping; target-client verification still required
MIEENPDOGIP,9475,,mapped-not-observed,PacketOpcodes.java,imported control-set mapping; target-client verification still required
TowerCurLevelRecordChangeNotify,9479,,mapped-not-observed,PacketOpcodes.java,imported control-set mapping; target-client verification still required
CFCIBHBHLED,9480,,mapped-not-observed,PacketOpcodes.java,imported control-set mapping; target-client verification still required
SaveUgcDungeonDeploymentReq,9487,,mapped-not-observed,PacketOpcodes.java,imported control-set mapping; target-client verification still required
_BeyondProfileTagListUpdateRsp,9509,,mapped-not-observed,PacketOpcodes.java,imported control-set mapping; target-client verification still required
NKCLHGOHIGF,9520,,mapped-not-observed,PacketOpcodes.java,imported control-set mapping; target-client verification still required
_AvatarChangeTraceEffectNotify,9539,,mapped-not-observed,PacketOpcodes.java,imported control-set mapping; target-client verification still required
MMKLJMCGFHB,9540,,mapped-not-observed,PacketOpcodes.java,imported control-set mapping; target-client verification still required
IGPLMGLOCEM,9550,,mapped-not-observed,PacketOpcodes.java,imported control-set mapping; target-client verification still required
EAFIKALDLPK,9553,,mapped-not-observed,PacketOpcodes.java,imported control-set mapping; target-client verification still required
SyncTeamEntityNotify,9563,,mapped-not-observed,PacketOpcodes.java,imported control-set mapping; target-client verification still required
CookGradeDataNotify,9564,,mapped-not-observed,PacketOpcodes.java,imported control-set mapping; target-client verification still required
ILAIKPDKBCG,9579,,mapped-not-observed,PacketOpcodes.java,imported control-set mapping; target-client verification still required
PlayerEnterSceneNotify,9582,,mapped-not-observed,PacketOpcodes.java,imported control-set mapping; target-client verification still required
CMAACECMBII,9585,,mapped-not-observed,PacketOpcodes.java,imported control-set mapping; target-client verification still required
PIOBEFIHDFC,9592,,mapped-not-observed,PacketOpcodes.java,imported control-set mapping; target-client verification still required
AMFBHINMIIE,9597,,mapped-not-observed,PacketOpcodes.java,imported control-set mapping; target-client verification still required
ChapterStateNotify,9598,,mapped-not-observed,PacketOpcodes.java,imported control-set mapping; target-client verification still required
EJNCJIBNOJM,9613,,mapped-not-observed,PacketOpcodes.java,imported control-set mapping; target-client verification still required
AvatarUpgradeReq,9618,,mapped-not-observed,PacketOpcodes.java,imported control-set mapping; target-client verification still required
EnterScenePeerNotify,9633,,mapped-not-observed,PacketOpcodes.java,imported control-set mapping; target-client verification still required
GetAllSceneGalleryInfoRsp,9640,,mapped-not-observed,PacketOpcodes.java,imported control-set mapping; target-client verification still required
CLGONEOMHJK,9648,,mapped-not-observed,PacketOpcodes.java,imported control-set mapping; target-client verification still required
CLOKFEAOCJO,9652,,mapped-not-observed,PacketOpcodes.java,imported control-set mapping; target-client verification still required
NLBIONCHOKN,9655,,mapped-not-observed,PacketOpcodes.java,imported control-set mapping; target-client verification still required
EEELEGHNJJO,9657,,mapped-not-observed,PacketOpcodes.java,imported control-set mapping; target-client verification still required
DFHFBHGJAHE,9659,,mapped-not-observed,PacketOpcodes.java,imported control-set mapping; target-client verification still required
TowerBuffSelectRsp,9661,,mapped-not-observed,PacketOpcodes.java,imported control-set mapping; target-client verification still required
OpActivityUpdateNotify,9674,,mapped-not-observed,PacketOpcodes.java,imported control-set mapping; target-client verification still required
HJDLCKJJOFH,9677,,mapped-not-observed,PacketOpcodes.java,imported control-set mapping; target-client verification still required
MistTrialFloorLevelNotify,9680,,mapped-not-observed,PacketOpcodes.java,imported control-set mapping; target-client verification still required
GetAuthkeyRsp,9681,,mapped-not-observed,PacketOpcodes.java,imported control-set mapping; target-client verification still required
LOAEDCMMMAF,9682,,mapped-not-observed,PacketOpcodes.java,imported control-set mapping; target-client verification still required
AOOMEACPJBB,9688,,mapped-not-observed,PacketOpcodes.java,imported control-set mapping; target-client verification still required
SpiceActivityFinishMakeSpiceReq,9693,,mapped-not-observed,PacketOpcodes.java,imported control-set mapping; target-client verification still required
GGDNAHMEGKP,9703,,mapped-not-observed,PacketOpcodes.java,imported control-set mapping; target-client verification still required
_BattlePassSetRewardPlanRsp,9706,,mapped-not-observed,PacketOpcodes.java,imported control-set mapping; target-client verification still required
ProjectorOptionReq,9710,,mapped-not-observed,PacketOpcodes.java,imported control-set mapping; target-client verification still required
NCKJGDKCFMA,9726,,mapped-not-observed,PacketOpcodes.java,imported control-set mapping; target-client verification still required
EnterAkaFesArchitectDungeonRsp,9735,,mapped-not-observed,PacketOpcodes.java,imported control-set mapping; target-client verification still required
EntityFightPropUpdateNotify,9736,,mapped-not-observed,PacketOpcodes.java,imported control-set mapping; target-client verification still required
IrodoriMasterGalleryCgEndNotify,9746,,mapped-not-observed,PacketOpcodes.java,imported control-set mapping; target-client verification still required
UgcDungeonSwitchRoomInviteResultNotify,9762,,mapped-not-observed,PacketOpcodes.java,imported control-set mapping; target-client verification still required
_GetActivityPreviewAvatarInfoRsp,9770,,mapped-not-observed,PacketOpcodes.java,imported control-set mapping; target-client verification still required
HMOCBHAGMID,9777,,mapped-not-observed,PacketOpcodes.java,imported control-set mapping; target-client verification still required
_GetBeyondPlayerInfoRsp,9779,,mapped-not-observed,PacketOpcodes.java,imported control-set mapping; target-client verification still required
DungeonEntryInfoRsp,9782,,mapped-not-observed,PacketOpcodes.java,imported control-set mapping; target-client verification still required
FungusCultivateRsp,9786,,mapped-not-observed,PacketOpcodes.java,imported control-set mapping; target-client verification still required
NALBKOPFIFD,9787,,mapped-not-observed,PacketOpcodes.java,imported control-set mapping; target-client verification still required
ADPOBMOKHFA,9795,,mapped-not-observed,PacketOpcodes.java,imported control-set mapping; target-client verification still required
WindFieldGalleryChallengeInfoNotify,9802,,mapped-not-observed,PacketOpcodes.java,imported control-set mapping; target-client verification still required
EAMHPKNBJBB,9803,,mapped-not-observed,PacketOpcodes.java,imported control-set mapping; target-client verification still required
GHJJJIPJBCG,9809,,mapped-not-observed,PacketOpcodes.java,imported control-set mapping; target-client verification still required
ONLECPFAJKJ,9813,,mapped-not-observed,PacketOpcodes.java,imported control-set mapping; target-client verification still required
EchoShellTakeRewardReq,9815,,mapped-not-observed,PacketOpcodes.java,imported control-set mapping; target-client verification still required
DCDGCMFGOAI,9825,,mapped-not-observed,PacketOpcodes.java,imported control-set mapping; target-client verification still required
IrodoriEditFlowerCombinationRsp,9828,,mapped-not-observed,PacketOpcodes.java,imported control-set mapping; target-client verification still required
_BeyondRenameCostumeSetReq,9829,,mapped-not-observed,PacketOpcodes.java,imported control-set mapping; target-client verification still required
MODECGEBDHA,9835,,mapped-not-observed,PacketOpcodes.java,imported control-set mapping; target-client verification still required
MonsterSummonTagNotify,9836,,mapped-not-observed,PacketOpcodes.java,imported control-set mapping; target-client verification still required
VintageCampGroupBundleRegisterNotify,9839,,mapped-not-observed,PacketOpcodes.java,imported control-set mapping; target-client verification still required
VintageMarketStoreUnlockSlotReq,9847,,mapped-not-observed,PacketOpcodes.java,imported control-set mapping; target-client verification still required
GCGLevelChallengeNotify,9850,,mapped-not-observed,PacketOpcodes.java,imported control-set mapping; target-client verification still required
PullPrivateChatReq,9857,,mapped-not-observed,PacketOpcodes.java,imported control-set mapping; target-client verification still required
QuestUpdateQuestTimeVarNotify,9865,,mapped-not-observed,PacketOpcodes.java,imported control-set mapping; target-client verification still required
AvatarUpgradeRsp,9873,,mapped-not-observed,PacketOpcodes.java,imported control-set mapping; target-client verification still required
ADGJHGIMMOO,9879,,mapped-not-observed,PacketOpcodes.java,imported control-set mapping; target-client verification still required
DBKADEHFPGH,9882,,mapped-not-observed,PacketOpcodes.java,imported control-set mapping; target-client verification still required
TakeBattlePassRewardReq,9892,,mapped-not-observed,PacketOpcodes.java,imported control-set mapping; target-client verification still required
PlayerRechargeDataNotify,9913,,mapped-not-observed,PacketOpcodes.java,imported control-set mapping; target-client verification still required
OKADDKBBEBM,9926,,mapped-not-observed,PacketOpcodes.java,imported control-set mapping; target-client verification still required
GCGCheatInfoNotify,9932,,mapped-not-observed,PacketOpcodes.java,imported control-set mapping; target-client verification still required
EntityAuthorityChangeNotify,9935,,mapped-not-observed,PacketOpcodes.java,imported control-set mapping; target-client verification still required
GCGDuelCompareNotify,9942,,mapped-not-observed,PacketOpcodes.java,imported control-set mapping; target-client verification still required
NALAANIPKMF,9946,,mapped-not-observed,PacketOpcodes.java,imported control-set mapping; target-client verification still required
GDJJELOFOPD,9959,,mapped-not-observed,PacketOpcodes.java,imported control-set mapping; target-client verification still required
FocusAvatarRsp,9968,,mapped-not-observed,PacketOpcodes.java,imported control-set mapping; target-client verification still required
HEEBOANELBA,9969,,mapped-not-observed,PacketOpcodes.java,imported control-set mapping; target-client verification still required
BJKJMKCBFIF,9971,,mapped-not-observed,PacketOpcodes.java,imported control-set mapping; target-client verification still required
HomeChangeModuleReq,9972,,mapped-not-observed,PacketOpcodes.java,imported control-set mapping; target-client verification still required
GCGSettleNotify,9975,,mapped-not-observed,PacketOpcodes.java,imported control-set mapping; target-client verification still required
JEFIHIAPGBE,9980,,mapped-not-observed,PacketOpcodes.java,imported control-set mapping; target-client verification still required
GMNMJJEGOJE,9988,,mapped-not-observed,PacketOpcodes.java,imported control-set mapping; target-client verification still required
KEFILHHHBCB,9995,,mapped-not-observed,PacketOpcodes.java,imported control-set mapping; target-client verification still required
EKADHMJOIJB,9997,,mapped-not-observed,PacketOpcodes.java,imported control-set mapping; target-client verification still required
RogueDiaryDungeonSettleNotify,20005,,mapped-not-observed,PacketOpcodes.java,imported control-set mapping; target-client verification still required
UseWidgetCreateGadgetReq,20020,,mapped-not-observed,PacketOpcodes.java,imported control-set mapping; target-client verification still required
PlayerInvestigationAllInfoNotify,20026,,mapped-not-observed,PacketOpcodes.java,imported control-set mapping; target-client verification still required
CHLFLNMHFIE,20032,,mapped-not-observed,PacketOpcodes.java,imported control-set mapping; target-client verification still required
PlayerSignatureNotify,20051,,mapped-not-observed,PacketOpcodes.java,imported control-set mapping; target-client verification still required
FPCKPAHLBDD,20060,,mapped-not-observed,PacketOpcodes.java,imported control-set mapping; target-client verification still required
DJAODLPAOBL,20071,,mapped-not-observed,PacketOpcodes.java,imported control-set mapping; target-client verification still required
MFEKMJONFGL,20086,,mapped-not-observed,PacketOpcodes.java,imported control-set mapping; target-client verification still required
ChangeAvatarReq,20091,,mapped-not-observed,PacketOpcodes.java,imported control-set mapping; target-client verification still required
GadgetPlayDataNotify,20094,,mapped-not-observed,PacketOpcodes.java,imported control-set mapping; target-client verification still required
JFCKKEOCOFM,20109,,mapped-not-observed,PacketOpcodes.java,imported control-set mapping; target-client verification still required
GadgetTalkChangeNotify,20113,,mapped-not-observed,PacketOpcodes.java,imported control-set mapping; target-client verification still required
PlayerTimeNotify,20114,,mapped-not-observed,PacketOpcodes.java,imported control-set mapping; target-client verification still required
GCGWeekChallengeInfoNotify,20117,,mapped-not-observed,PacketOpcodes.java,imported control-set mapping; target-client verification still required
GetBattlePassProductRsp,20122,,mapped-not-observed,PacketOpcodes.java,imported control-set mapping; target-client verification still required
PlayerQuitDungeonRsp,20129,,mapped-not-observed,PacketOpcodes.java,imported control-set mapping; target-client verification still required
TowerTeamSelectReq,20134,,mapped-not-observed,PacketOpcodes.java,imported control-set mapping; target-client verification still required
CityReputationLevelupNotify,20151,,mapped-not-observed,PacketOpcodes.java,imported control-set mapping; target-client verification still required
ScenePlayBattleInfoListNotify,20153,,mapped-not-observed,PacketOpcodes.java,imported control-set mapping; target-client verification still required
AllWidgetBackgroundActiveStateNotify,20161,,mapped-not-observed,PacketOpcodes.java,imported control-set mapping; target-client verification still required
JOAMFCJFBMM,20166,,mapped-not-observed,PacketOpcodes.java,imported control-set mapping; target-client verification still required
HomeCreateBlueprintReq,20179,,mapped-not-observed,PacketOpcodes.java,imported control-set mapping; target-client verification still required
DungeonPlayerDieNotify,20184,,mapped-not-observed,PacketOpcodes.java,imported control-set mapping; target-client verification still required
KPBGGDGLOBB,20207,,mapped-not-observed,PacketOpcodes.java,imported control-set mapping; target-client verification still required
KCOJNHHEDJJ,20210,,mapped-not-observed,PacketOpcodes.java,imported control-set mapping; target-client verification still required
_GetStreamingVideoUrlRsp,20215,,mapped-not-observed,PacketOpcodes.java,imported control-set mapping; target-client verification still required
OpenStateUpdateNotify,20218,,mapped-not-observed,PacketOpcodes.java,imported control-set mapping; target-client verification still required
DJBDDHOEMLC,20229,,mapped-not-observed,PacketOpcodes.java,imported control-set mapping; target-client verification still required
GetSceneNpcPositionReq,20231,,mapped-not-observed,PacketOpcodes.java,imported control-set mapping; target-client verification still required
DungeonChallengeFinishNotify,20234,,mapped-not-observed,PacketOpcodes.java,imported control-set mapping; target-client verification still required
GCGInviteGuestBattleRsp,20235,,mapped-not-observed,PacketOpcodes.java,imported control-set mapping; target-client verification still required
GadgetChainLevelUpdateNotify,20241,,mapped-not-observed,PacketOpcodes.java,imported control-set mapping; target-client verification still required
_QuestFocusQuitRsp,20244,,mapped-not-observed,PacketOpcodes.java,imported control-set mapping; target-client verification still required
LBHBLIJGOMJ,20248,,mapped-not-observed,PacketOpcodes.java,imported control-set mapping; target-client verification still required
_MonsterChessV2ArtifactSelectRsp,20249,,mapped-not-observed,PacketOpcodes.java,imported control-set mapping; target-client verification still required
OfferingPariTakeFinishRewardRsp,20272,,mapped-not-observed,PacketOpcodes.java,imported control-set mapping; target-client verification still required
GCGHeartBeatNotify,20276,,mapped-not-observed,PacketOpcodes.java,imported control-set mapping; target-client verification still required
PlayerCompoundMaterialReq,20299,,mapped-not-observed,PacketOpcodes.java,imported control-set mapping; target-client verification still required
GMJHOMBLCDF,20302,,mapped-not-observed,PacketOpcodes.java,imported control-set mapping; target-client verification still required
PlayerQuitFromMpNotify,20318,,mapped-not-observed,PacketOpcodes.java,imported control-set mapping; target-client verification still required
MJIGNDHNLGP,20321,,mapped-not-observed,PacketOpcodes.java,imported control-set mapping; target-client verification still required
PingReq,20324,,mapped-not-observed,PacketOpcodes.java,imported control-set mapping; target-client verification still required
_BeyondGachaBriefInfoNotify,20333,,mapped-not-observed,PacketOpcodes.java,imported control-set mapping; target-client verification still required
PlantFlowerSetFlowerWishReq,20335,,mapped-not-observed,PacketOpcodes.java,imported control-set mapping; target-client verification still required
SpiceActivityFinishMakeSpiceRsp,20336,,mapped-not-observed,PacketOpcodes.java,imported control-set mapping; target-client verification still required
_AvatarChangeTraceEffectReq,20338,,mapped-not-observed,PacketOpcodes.java,imported control-set mapping; target-client verification still required
PLGLDBAONCH,20357,,mapped-not-observed,PacketOpcodes.java,imported control-set mapping; target-client verification still required
AvatarFetterDataNotify,20382,,mapped-not-observed,PacketOpcodes.java,imported control-set mapping; target-client verification still required
IslandPartySettleNotify,20388,,mapped-not-observed,PacketOpcodes.java,imported control-set mapping; target-client verification still required
GetHomeExchangeWoodInfoRsp,20390,,mapped-not-observed,PacketOpcodes.java,imported control-set mapping; target-client verification still required
SeeMonsterReq,20398,,mapped-not-observed,PacketOpcodes.java,imported control-set mapping; target-client verification still required
OAALBBPKIEB,20402,,mapped-not-observed,PacketOpcodes.java,imported control-set mapping; target-client verification still required
ChannelerSlabStageOneoffDungeonNotify,20414,,mapped-not-observed,PacketOpcodes.java,imported control-set mapping; target-client verification still required
SaveUgcReq,20424,,mapped-not-observed,PacketOpcodes.java,imported control-set mapping; target-client verification still required
MLLGMAMHIFI,20433,,mapped-not-observed,PacketOpcodes.java,imported control-set mapping; target-client verification still required
EFEEIAPKEJN,20442,,mapped-not-observed,PacketOpcodes.java,imported control-set mapping; target-client verification still required
HomeGetBlueprintSlotInfoRsp,20448,,mapped-not-observed,PacketOpcodes.java,imported control-set mapping; target-client verification still required
AvatarChangeCostumeNotify,20449,,mapped-not-observed,PacketOpcodes.java,imported control-set mapping; target-client verification still required
MistTrialDunegonFailNotify,20451,,mapped-not-observed,PacketOpcodes.java,imported control-set mapping; target-client verification still required
APEMKHKPIFM,20454,,mapped-not-observed,PacketOpcodes.java,imported control-set mapping; target-client verification still required
AMBGIDGFBPF,20460,,mapped-not-observed,PacketOpcodes.java,imported control-set mapping; target-client verification still required
GetShopmallDataReq,20461,,mapped-not-observed,PacketOpcodes.java,imported control-set mapping; target-client verification still required
ServerBuffChangeNotify,20465,,mapped-not-observed,PacketOpcodes.java,imported control-set mapping; target-client verification still required
_UpdateWorldWatcherNotify,20475,,mapped-not-observed,PacketOpcodes.java,imported control-set mapping; target-client verification still required
NOFICLDIGOB,20476,,mapped-not-observed,PacketOpcodes.java,imported control-set mapping; target-client verification still required
UpdatePS4FriendListRsp,20480,,mapped-not-observed,PacketOpcodes.java,imported control-set mapping; target-client verification still required
_QuestSceneryInfoUpdateNotify,20490,,mapped-not-observed,PacketOpcodes.java,imported control-set mapping; target-client verification still required
_QuestEventArchiveInfoUpdateNotify,20497,,mapped-not-observed,PacketOpcodes.java,imported control-set mapping; target-client verification still required
IKIPJJICMEA,20499,,mapped-not-observed,PacketOpcodes.java,imported control-set mapping; target-client verification still required
SceneAvatarStaminaStepReq,20510,,mapped-not-observed,PacketOpcodes.java,imported control-set mapping; target-client verification still required
CCNELDCCOEO,20513,,mapped-not-observed,PacketOpcodes.java,imported control-set mapping; target-client verification still required
QuickUseWidgetRsp,20520,,mapped-not-observed,PacketOpcodes.java,imported control-set mapping; target-client verification still required
TakeReunionWatcherRewardReq,20533,,mapped-not-observed,PacketOpcodes.java,imported control-set mapping; target-client verification still required
COEMJDELKAD,20546,,mapped-not-observed,PacketOpcodes.java,imported control-set mapping; target-client verification still required
EILEJAIPLOJ,20551,,mapped-not-observed,PacketOpcodes.java,imported control-set mapping; target-client verification still required
QueryCodexMonsterBeKilledNumRsp,20558,,mapped-not-observed,PacketOpcodes.java,imported control-set mapping; target-client verification still required
HomeDeleteBlueprintReq,20560,,mapped-not-observed,PacketOpcodes.java,imported control-set mapping; target-client verification still required
WidgetUpdateExtraCDReq,20566,,mapped-not-observed,PacketOpcodes.java,imported control-set mapping; target-client verification still required
AvatarAddNotify,20572,,mapped-not-observed,PacketOpcodes.java,imported control-set mapping; target-client verification still required
EchoShellTakeRewardRsp,20582,,mapped-not-observed,PacketOpcodes.java,imported control-set mapping; target-client verification still required
GetActivityShopSheetInfoRsp,20593,,mapped-not-observed,PacketOpcodes.java,imported control-set mapping; target-client verification still required
SetEquipLockStateRsp,20595,,mapped-not-observed,PacketOpcodes.java,imported control-set mapping; target-client verification still required
CombineRsp,20600,,mapped-not-observed,PacketOpcodes.java,imported control-set mapping; target-client verification still required
AsterLittleInfoNotify,20608,,mapped-not-observed,PacketOpcodes.java,imported control-set mapping; target-client verification still required
AEMOOKJLIKH,20622,,mapped-not-observed,PacketOpcodes.java,imported control-set mapping; target-client verification still required
KBMBMAKEDNA,20630,,mapped-not-observed,PacketOpcodes.java,imported control-set mapping; target-client verification still required
PlayerMatchStopNotify,20667,,mapped-not-observed,PacketOpcodes.java,imported control-set mapping; target-client verification still required
ClientRemoveCombatEndModifierNotify,20674,,mapped-not-observed,PacketOpcodes.java,imported control-set mapping; target-client verification still required
TowerLevelStarCondNotify,20675,,mapped-not-observed,PacketOpcodes.java,imported control-set mapping; target-client verification still required
EffigyChallengeV2EnterDungeonReq,20676,,mapped-not-observed,PacketOpcodes.java,imported control-set mapping; target-client verification still required
ScenePlayBattleInterruptNotify,20684,,mapped-not-observed,PacketOpcodes.java,imported control-set mapping; target-client verification still required
CreateVehicleReq,20685,,mapped-not-observed,PacketOpcodes.java,imported control-set mapping; target-client verification still required
LPBCDLOKJGC,20702,,mapped-not-observed,PacketOpcodes.java,imported control-set mapping; target-client verification still required
GadgetChainLevelChangeNotify,20703,,mapped-not-observed,PacketOpcodes.java,imported control-set mapping; target-client verification still required
_UgcDungeonCandidateTeamCreateReq,20707,,mapped-not-observed,PacketOpcodes.java,imported control-set mapping; target-client verification still required
_SorushWidgetDataNotify,20730,,mapped-not-observed,PacketOpcodes.java,imported control-set mapping; target-client verification still required
GetRecentMpPlayerListRsp,20737,,mapped-not-observed,PacketOpcodes.java,imported control-set mapping; target-client verification still required
TakeCityReputationLevelRewardReq,20742,,mapped-not-observed,PacketOpcodes.java,imported control-set mapping; target-client verification still required
DHOKPFPMBAL,20756,,mapped-not-observed,PacketOpcodes.java,imported control-set mapping; target-client verification still required
SignInInfoRsp,20757,,mapped-not-observed,PacketOpcodes.java,imported control-set mapping; target-client verification still required
ChatChannelUpdateNotify,20758,,mapped-not-observed,PacketOpcodes.java,imported control-set mapping; target-client verification still required
AvatarSkillChangeNotify,20762,,mapped-not-observed,PacketOpcodes.java,imported control-set mapping; target-client verification still required
PlayerGetForceQuitBanInfoRsp,20769,,mapped-not-observed,PacketOpcodes.java,imported control-set mapping; target-client verification still required
NIGNADGOGMI,20783,,mapped-not-observed,PacketOpcodes.java,imported control-set mapping; target-client verification still required
KDDJIDIIBBE,20786,,mapped-not-observed,PacketOpcodes.java,imported control-set mapping; target-client verification still required
KIOBIBMNGFE,20790,,mapped-not-observed,PacketOpcodes.java,imported control-set mapping; target-client verification still required
_DungeonQuickOpenRsp,20791,,mapped-not-observed,PacketOpcodes.java,imported control-set mapping; target-client verification still required
ScenePlayOwnerCheckRsp,20805,,mapped-not-observed,PacketOpcodes.java,imported control-set mapping; target-client verification still required
LMPAIHMEFLB,20807,,mapped-not-observed,PacketOpcodes.java,imported control-set mapping; target-client verification still required
IADGNJNDPLH,20812,,mapped-not-observed,PacketOpcodes.java,imported control-set mapping; target-client verification still required
NMPCDAGJKKD,20813,,mapped-not-observed,PacketOpcodes.java,imported control-set mapping; target-client verification still required
GalleryStartNotify,20814,,mapped-not-observed,PacketOpcodes.java,imported control-set mapping; target-client verification still required
TriggerCreateGadgetToEquipPartNotify,20817,,mapped-not-observed,PacketOpcodes.java,imported control-set mapping; target-client verification still required
SetPlayerNameRsp,20824,,mapped-not-observed,PacketOpcodes.java,imported control-set mapping; target-client verification still required
_MonsterChessV2RoundSettleNotify,20837,,mapped-not-observed,PacketOpcodes.java,imported control-set mapping; target-client verification still required
BonusActivityUpdateNotify,20842,,mapped-not-observed,PacketOpcodes.java,imported control-set mapping; target-client verification still required
RogueDiaryDungeonInfoNotify,20847,,mapped-not-observed,PacketOpcodes.java,imported control-set mapping; target-client verification still required
GravenInnocencePhotoFinishRsp,20855,,mapped-not-observed,PacketOpcodes.java,imported control-set mapping; target-client verification still required
TakeResinCardDailyRewardReq,20861,,mapped-not-observed,PacketOpcodes.java,imported control-set mapping; target-client verification still required
_UgcDungeonSaveDataReq,20869,,mapped-not-observed,PacketOpcodes.java,imported control-set mapping; target-client verification still required
ReliquaryDecomposeRsp,20871,,mapped-not-observed,PacketOpcodes.java,imported control-set mapping; target-client verification still required
EDBHIOADMJK,20874,,mapped-not-observed,PacketOpcodes.java,imported control-set mapping; target-client verification still required
_SeekerDetectorDataNotify,20875,,mapped-not-observed,PacketOpcodes.java,imported control-set mapping; target-client verification still required
ServerUpdateGlobalValueNotify,20882,,mapped-not-observed,PacketOpcodes.java,imported control-set mapping; target-client verification still required
SetNameCardRsp,20885,,mapped-not-observed,PacketOpcodes.java,imported control-set mapping; target-client verification still required
CoopRewardUpdateNotify,20896,,mapped-not-observed,PacketOpcodes.java,imported control-set mapping; target-client verification still required
SingleStartBrickBreakerReq,20901,,mapped-not-observed,PacketOpcodes.java,imported control-set mapping; target-client verification still required
GalleryBulletHitNotify,20903,,mapped-not-observed,PacketOpcodes.java,imported control-set mapping; target-client verification still required
NMMOPLOGBJB,20906,,mapped-not-observed,PacketOpcodes.java,imported control-set mapping; target-client verification still required
CIANMDFKGBO,20910,,mapped-not-observed,PacketOpcodes.java,imported control-set mapping; target-client verification still required
PlayerPropChangeReasonNotify,20925,,mapped-not-observed,PacketOpcodes.java,imported control-set mapping; target-client verification still required
PlayerEnterDungeonReq,20931,,mapped-not-observed,PacketOpcodes.java,imported control-set mapping; target-client verification still required
EKHFPHHOIKI,20938,,mapped-not-observed,PacketOpcodes.java,imported control-set mapping; target-client verification still required
LCANGKBCNKJ,20939,,mapped-not-observed,PacketOpcodes.java,imported control-set mapping; target-client verification still required
NKDLDIOFFNP,20946,,mapped-not-observed,PacketOpcodes.java,imported control-set mapping; target-client verification still required
CICNJKOJLAN,20954,,mapped-not-observed,PacketOpcodes.java,imported control-set mapping; target-client verification still required
WearEquipRsp,20967,,mapped-not-observed,PacketOpcodes.java,imported control-set mapping; target-client verification still required
FMGBJNEEABP,20974,,mapped-not-observed,PacketOpcodes.java,imported control-set mapping; target-client verification still required
StartRogueDiaryPlayReq,20985,,mapped-not-observed,PacketOpcodes.java,imported control-set mapping; target-client verification still required
OJKIDELKKFH,20989,,mapped-not-observed,PacketOpcodes.java,imported control-set mapping; target-client verification still required
QuestRenameAvatarRsp,20993,,mapped-not-observed,PacketOpcodes.java,imported control-set mapping; target-client verification still required
EvtDoSkillSuccNotify,20995,,mapped-not-observed,PacketOpcodes.java,imported control-set mapping; target-client verification still required
NCDHECPCPPO,20999,,mapped-not-observed,PacketOpcodes.java,imported control-set mapping; target-client verification still required
_BeyondProfileTagListNotify,21004,,mapped-not-observed,PacketOpcodes.java,imported control-set mapping; target-client verification still required
MpPlayGuestReplyNotify,21009,,mapped-not-observed,PacketOpcodes.java,imported control-set mapping; target-client verification still required
CBILDLMMGAC,21010,,mapped-not-observed,PacketOpcodes.java,imported control-set mapping; target-client verification still required
EGKBOGOJHEG,21020,,mapped-not-observed,PacketOpcodes.java,imported control-set mapping; target-client verification still required
EJDOPMJGBFD,21030,,mapped-not-observed,PacketOpcodes.java,imported control-set mapping; target-client verification still required
PlayerGameTimeNotify,21032,,mapped-not-observed,PacketOpcodes.java,imported control-set mapping; target-client verification still required
AINOHKFAFAL,21033,,mapped-not-observed,PacketOpcodes.java,imported control-set mapping; target-client verification still required
GCGInviteGuestBattleReq,21044,,mapped-not-observed,PacketOpcodes.java,imported control-set mapping; target-client verification still required
IrodoriMasterGallerySettleNotify,21059,,mapped-not-observed,PacketOpcodes.java,imported control-set mapping; target-client verification still required
NLIANOABOOB,21073,,mapped-not-observed,PacketOpcodes.java,imported control-set mapping; target-client verification still required
PlayerPreEnterMpNotify,21080,,mapped-not-observed,PacketOpcodes.java,imported control-set mapping; target-client verification still required
MDHHPFOHJLG,21086,,mapped-not-observed,PacketOpcodes.java,imported control-set mapping; target-client verification still required
NHFCGBCLEJA,21093,,mapped-not-observed,PacketOpcodes.java,imported control-set mapping; target-client verification still required
SetUpAvatarTeamRsp,21109,,mapped-not-observed,PacketOpcodes.java,imported control-set mapping; target-client verification still required
SceneEntitiesMovesReq,21118,,mapped-not-observed,PacketOpcodes.java,imported control-set mapping; target-client verification still required
MiracleRingDeliverItemReq,21122,,mapped-not-observed,PacketOpcodes.java,imported control-set mapping; target-client verification still required
SalesmanTakeRewardReq,21130,,mapped-not-observed,PacketOpcodes.java,imported control-set mapping; target-client verification still required
SeaLampContributeItemRsp,21131,,mapped-not-observed,PacketOpcodes.java,imported control-set mapping; target-client verification still required
BartenderCompleteOrderRsp,21166,,mapped-not-observed,PacketOpcodes.java,imported control-set mapping; target-client verification still required
LNNGHBOCCLC,21167,,mapped-not-observed,PacketOpcodes.java,imported control-set mapping; target-client verification still required
BHNGIHMHPPE,21183,,mapped-not-observed,PacketOpcodes.java,imported control-set mapping; target-client verification still required
CutSceneFinishNotify,21200,,mapped-not-observed,PacketOpcodes.java,imported control-set mapping; target-client verification still required
MarkMapReq,21206,,mapped-not-observed,PacketOpcodes.java,imported control-set mapping; target-client verification still required
ForgeStartReq,21223,,mapped-not-observed,PacketOpcodes.java,imported control-set mapping; target-client verification still required
BAFFDBJIOEA,21240,,mapped-not-observed,PacketOpcodes.java,imported control-set mapping; target-client verification still required
_MonsterChessCardSelectRsp,21244,,mapped-not-observed,PacketOpcodes.java,imported control-set mapping; target-client verification still required
SeaLampTakePhaseRewardReq,21245,,mapped-not-observed,PacketOpcodes.java,imported control-set mapping; target-client verification still required
MNOCBKKPDCI,21257,,mapped-not-observed,PacketOpcodes.java,imported control-set mapping; target-client verification still required
PlayerInjectFixNotify,21258,,mapped-not-observed,PacketOpcodes.java,imported control-set mapping; target-client verification still required
ResinCardDataUpdateNotify,21268,,mapped-not-observed,PacketOpcodes.java,imported control-set mapping; target-client verification still required
BartenderCompleteOrderReq,21274,,mapped-not-observed,PacketOpcodes.java,imported control-set mapping; target-client verification still required
GetShopmallDataRsp,21279,,mapped-not-observed,PacketOpcodes.java,imported control-set mapping; target-client verification still required
PCKEGBAPIDK,21296,,mapped-not-observed,PacketOpcodes.java,imported control-set mapping; target-client verification still required
PlayerWorldSceneInfoListNotify,21302,,mapped-not-observed,PacketOpcodes.java,imported control-set mapping; target-client verification still required
FAOIBFHFNFA,21303,,mapped-not-observed,PacketOpcodes.java,imported control-set mapping; target-client verification still required
PJFEBILHHJJ,21312,,mapped-not-observed,PacketOpcodes.java,imported control-set mapping; target-client verification still required
KDBCLPEOGLI,21324,,mapped-not-observed,PacketOpcodes.java,imported control-set mapping; target-client verification still required
_AnecdoteCanWishRsp,21331,,mapped-not-observed,PacketOpcodes.java,imported control-set mapping; target-client verification still required
CGMOFCBMODM,21333,,mapped-not-observed,PacketOpcodes.java,imported control-set mapping; target-client verification still required
PotionResetChallengeRsp,21358,,mapped-not-observed,PacketOpcodes.java,imported control-set mapping; target-client verification still required
CDANGAIKIGH,21361,,mapped-not-observed,PacketOpcodes.java,imported control-set mapping; target-client verification still required
UgcDungeonStarredDungeonAndRoomNotify,21365,,mapped-not-observed,PacketOpcodes.java,imported control-set mapping; target-client verification still required
LIODHLJFJBK,21367,,mapped-not-observed,PacketOpcodes.java,imported control-set mapping; target-client verification still required
_DungeonChatChannelUpdateNotify,21370,,mapped-not-observed,PacketOpcodes.java,imported control-set mapping; target-client verification still required
TowerEnterLevelReq,21373,,mapped-not-observed,PacketOpcodes.java,imported control-set mapping; target-client verification still required
BrickBreakerPlayerSetSkillNotify,21375,,mapped-not-observed,PacketOpcodes.java,imported control-set mapping; target-client verification still required
EffigyChallengeV4SelectAvatarReq,21388,,mapped-not-observed,PacketOpcodes.java,imported control-set mapping; target-client verification still required
DIICIBFPICB,21392,,mapped-not-observed,PacketOpcodes.java,imported control-set mapping; target-client verification still required
LMBNHHEABFO,21395,,mapped-not-observed,PacketOpcodes.java,imported control-set mapping; target-client verification still required
BrickBreakerSelectSkillReq,21401,,mapped-not-observed,PacketOpcodes.java,imported control-set mapping; target-client verification still required
IOGCAMIBAJD,21403,,mapped-not-observed,PacketOpcodes.java,imported control-set mapping; target-client verification still required
_GetBeyondGachaInfoRsp,21423,,mapped-not-observed,PacketOpcodes.java,imported control-set mapping; target-client verification still required
LHOBLEHEMLB,21430,,mapped-not-observed,PacketOpcodes.java,imported control-set mapping; target-client verification still required
HomeUpdatePictureFrameInfoReq,21432,,mapped-not-observed,PacketOpcodes.java,imported control-set mapping; target-client verification still required
PlayerPropNotify,21436,,mapped-not-observed,PacketOpcodes.java,imported control-set mapping; target-client verification still required
BlessingRedeemRewardRsp,21441,,mapped-not-observed,PacketOpcodes.java,imported control-set mapping; target-client verification still required
_DungeonLowerDifficultyReq,21449,,mapped-not-observed,PacketOpcodes.java,imported control-set mapping; target-client verification still required
EABGBKCCGKC,21451,,mapped-not-observed,PacketOpcodes.java,imported control-set mapping; target-client verification still required
WidgetCaptureAnimalReq,21457,,mapped-not-observed,PacketOpcodes.java,imported control-set mapping; target-client verification still required
EquipRoguelikeRuneReq,21493,,mapped-not-observed,PacketOpcodes.java,imported control-set mapping; target-client verification still required
UpdateReunionWatcherNotify,21498,,mapped-not-observed,PacketOpcodes.java,imported control-set mapping; target-client verification still required
GCGPVEStartGameReq,21511,,mapped-not-observed,PacketOpcodes.java,imported control-set mapping; target-client verification still required
_SetWidgetQuickSlotListReq,21516,,mapped-not-observed,PacketOpcodes.java,imported control-set mapping; target-client verification still required
PlayerCompoundMaterialBoostRsp,21535,,mapped-not-observed,PacketOpcodes.java,imported control-set mapping; target-client verification still required
HomePlantWeedReq,21538,,mapped-not-observed,PacketOpcodes.java,imported control-set mapping; target-client verification still required
DeathZoneInfoNotify,21541,,mapped-not-observed,PacketOpcodes.java,imported control-set mapping; target-client verification still required
IICLDGBICCN,21544,,mapped-not-observed,PacketOpcodes.java,imported control-set mapping; target-client verification still required
AvatarTeamAllDataNotify,21546,,mapped-not-observed,PacketOpcodes.java,imported control-set mapping; target-client verification still required
PushTipsAllDataNotify,21552,,mapped-not-observed,PacketOpcodes.java,imported control-set mapping; target-client verification still required
HEAEIPCOPEM,21555,,mapped-not-observed,PacketOpcodes.java,imported control-set mapping; target-client verification still required
GMFOEBGJCIN,21580,,mapped-not-observed,PacketOpcodes.java,imported control-set mapping; target-client verification still required
RogueDiaryRepairInfoNotify,21587,,mapped-not-observed,PacketOpcodes.java,imported control-set mapping; target-client verification still required
EffigyChallengeV4ReplyInviteRestartDungeonReq,21601,,mapped-not-observed,PacketOpcodes.java,imported control-set mapping; target-client verification still required
CEBJMIEOBBA,21605,,mapped-not-observed,PacketOpcodes.java,imported control-set mapping; target-client verification still required
EnterSceneReadyReq,21608,,mapped-not-observed,PacketOpcodes.java,imported control-set mapping; target-client verification still required
SaveMainCoopReq,21623,,mapped-not-observed,PacketOpcodes.java,imported control-set mapping; target-client verification still required
UpgradeRoguelikeShikigamiRsp,21627,,mapped-not-observed,PacketOpcodes.java,imported control-set mapping; target-client verification still required
FBKNPGIHAOI,21629,,mapped-not-observed,PacketOpcodes.java,imported control-set mapping; target-client verification still required
HomePlantSeedReq,21646,,mapped-not-observed,PacketOpcodes.java,imported control-set mapping; target-client verification still required
RemoveCustomDungeonRsp,21650,,mapped-not-observed,PacketOpcodes.java,imported control-set mapping; target-client verification still required
MpPlayPrepareNotify,21654,,mapped-not-observed,PacketOpcodes.java,imported control-set mapping; target-client verification still required
_ShowBubbleTalkNotify,21655,,mapped-not-observed,PacketOpcodes.java,imported control-set mapping; target-client verification still required
_WitchNicoleRoomInfoNotify,21662,,mapped-not-observed,PacketOpcodes.java,imported control-set mapping; target-client verification still required
DoGachaRsp,21670,,mapped-not-observed,PacketOpcodes.java,imported control-set mapping; target-client verification still required
_UnlockPersonalLineReqAlt,21679,,mapped-not-observed,PacketOpcodes.java,imported control-set mapping; target-client verification still required
GKGKFBGIMJH,21685,,mapped-not-observed,PacketOpcodes.java,imported control-set mapping; target-client verification still required
ClientReportNotify,21693,,mapped-not-observed,PacketOpcodes.java,imported control-set mapping; target-client verification still required
GetUgcBriefInfoRsp,21702,,mapped-not-observed,PacketOpcodes.java,imported control-set mapping; target-client verification still required
WinterCampRecvItemNotify,21703,,mapped-not-observed,PacketOpcodes.java,imported control-set mapping; target-client verification still required
VintageMarketFinishStorePlayRsp,21705,,mapped-not-observed,PacketOpcodes.java,imported control-set mapping; target-client verification still required
GalleryCrystalLinkKillMonsterNotify,21715,,mapped-not-observed,PacketOpcodes.java,imported control-set mapping; target-client verification still required
MJHPAKFDPLF,21725,,mapped-not-observed,PacketOpcodes.java,imported control-set mapping; target-client verification still required
SpiceActivityGivingRecordNotify,21748,,mapped-not-observed,PacketOpcodes.java,imported control-set mapping; target-client verification still required
AbilityInvocationFailNotify,21755,,mapped-not-observed,PacketOpcodes.java,imported control-set mapping; target-client verification still required
UgcDungeonOpStarredDungeonReq,21756,,mapped-not-observed,PacketOpcodes.java,imported control-set mapping; target-client verification still required
ODPGOEBODJO,21769,,mapped-not-observed,PacketOpcodes.java,imported control-set mapping; target-client verification still required
NOJMBPNDNBK,21770,,mapped-not-observed,PacketOpcodes.java,imported control-set mapping; target-client verification still required
FDMOOGNDEFH,21778,,mapped-not-observed,PacketOpcodes.java,imported control-set mapping; target-client verification still required
BFAOJJLGAOM,21803,,mapped-not-observed,PacketOpcodes.java,imported control-set mapping; target-client verification still required
ClearRoguelikeCurseNotify,21804,,mapped-not-observed,PacketOpcodes.java,imported control-set mapping; target-client verification still required
JMJIFIFIADC,21810,,mapped-not-observed,PacketOpcodes.java,imported control-set mapping; target-client verification still required
JACOFEKFHEL,21814,,mapped-not-observed,PacketOpcodes.java,imported control-set mapping; target-client verification still required
TowerAllDataRsp,21818,,mapped-not-observed,PacketOpcodes.java,imported control-set mapping; target-client verification still required
UgcDungeonDataNotify,21830,,mapped-not-observed,PacketOpcodes.java,imported control-set mapping; target-client verification still required
PDDMMAJJLOB,21835,,mapped-not-observed,PacketOpcodes.java,imported control-set mapping; target-client verification still required
StartArenaChallengeLevelRsp,21838,,mapped-not-observed,PacketOpcodes.java,imported control-set mapping; target-client verification still required
CAAPIFPLBGM,21856,,mapped-not-observed,PacketOpcodes.java,imported control-set mapping; target-client verification still required
ChannellerSlabOneOffDungeonInfoRsp,21863,,mapped-not-observed,PacketOpcodes.java,imported control-set mapping; target-client verification still required
EFHLEEKDLND,21864,,mapped-not-observed,PacketOpcodes.java,imported control-set mapping; target-client verification still required
LGEBJNJFLAI,21866,,mapped-not-observed,PacketOpcodes.java,imported control-set mapping; target-client verification still required
COFKLKFOJNG,21869,,mapped-not-observed,PacketOpcodes.java,imported control-set mapping; target-client verification still required
DungeonPlayerDieReq,21870,,mapped-not-observed,PacketOpcodes.java,imported control-set mapping; target-client verification still required
PKPCHPPNDFE,21891,,mapped-not-observed,PacketOpcodes.java,imported control-set mapping; target-client verification still required
EvtEntityStartDieEndNotify,21895,,mapped-not-observed,PacketOpcodes.java,imported control-set mapping; target-client verification still required
GetAllActivatedBargainDataRsp,21898,,mapped-not-observed,PacketOpcodes.java,imported control-set mapping; target-client verification still required
SealBattleBeginNotify,21905,,mapped-not-observed,PacketOpcodes.java,imported control-set mapping; target-client verification still required
MOJKLMNHDKL,21918,,mapped-not-observed,PacketOpcodes.java,imported control-set mapping; target-client verification still required
PlantFlowerGetCanGiveFriendFlowerRsp,21953,,mapped-not-observed,PacketOpcodes.java,imported control-set mapping; target-client verification still required
BartenderCancelOrderRsp,21974,,mapped-not-observed,PacketOpcodes.java,imported control-set mapping; target-client verification still required
LNHGOKMJLOH,21976,,mapped-not-observed,PacketOpcodes.java,imported control-set mapping; target-client verification still required
MichiaeMatsuriStartBossChallengeReq,21977,,mapped-not-observed,PacketOpcodes.java,imported control-set mapping; target-client verification still required
GetPushTipsRewardRsp,21994,,mapped-not-observed,PacketOpcodes.java,imported control-set mapping; target-client verification still required
HomeAvatarTalkReq,22008,,mapped-not-observed,PacketOpcodes.java,imported control-set mapping; target-client verification still required
KCHHFLOCCEG,22013,,mapped-not-observed,PacketOpcodes.java,imported control-set mapping; target-client verification still required
UgcPlayerBuyItemInShopReq,22017,,mapped-not-observed,PacketOpcodes.java,imported control-set mapping; target-client verification still required
MGNFCHDMNEJ,22026,,mapped-not-observed,PacketOpcodes.java,imported control-set mapping; target-client verification still required
NFMDDJOEHKA,22031,,mapped-not-observed,PacketOpcodes.java,imported control-set mapping; target-client verification still required
_BeyondHallChangeAuthModeRsp,22055,,mapped-not-observed,PacketOpcodes.java,imported control-set mapping; target-client verification still required
NEBAEPMGKAP,22058,,mapped-not-observed,PacketOpcodes.java,imported control-set mapping; target-client verification still required
_AddQuestContentProgressBatchReq,22065,,mapped-not-observed,PacketOpcodes.java,imported control-set mapping; target-client verification still required
NALEHDDJJKA,22066,,mapped-not-observed,PacketOpcodes.java,imported control-set mapping; target-client verification still required
EvtCreateGadgetNotify,22067,,mapped-not-observed,PacketOpcodes.java,imported control-set mapping; target-client verification still required
GetShopRsp,22081,,mapped-not-observed,PacketOpcodes.java,imported control-set mapping; target-client verification still required
RoguelikeSelectAvatarAndEnterDungeonReq,22085,,mapped-not-observed,PacketOpcodes.java,imported control-set mapping; target-client verification still required
GetCompoundDataRsp,22086,,mapped-not-observed,PacketOpcodes.java,imported control-set mapping; target-client verification still required
EnterRoguelikeDungeonNotify,22087,,mapped-not-observed,PacketOpcodes.java,imported control-set mapping; target-client verification still required
CheckSegmentCRCNotify,22089,,mapped-not-observed,PacketOpcodes.java,imported control-set mapping; target-client verification still required
ReliquaryOfferDefineReq,22095,,mapped-not-observed,PacketOpcodes.java,imported control-set mapping; target-client verification still required
OEOFGCDKBIF,22096,,mapped-not-observed,PacketOpcodes.java,imported control-set mapping; target-client verification still required
VehicleStaminaNotify,22099,,mapped-not-observed,PacketOpcodes.java,imported control-set mapping; target-client verification still required
GroupSuiteNotify,22103,,mapped-not-observed,PacketOpcodes.java,imported control-set mapping; target-client verification still required
KPFKAFKMIHJ,22109,,mapped-not-observed,PacketOpcodes.java,imported control-set mapping; target-client verification still required
GetActivityScheduleRsp,22111,,mapped-not-observed,PacketOpcodes.java,imported control-set mapping; target-client verification still required
GetMapAreaRsp,22137,,mapped-not-observed,PacketOpcodes.java,imported control-set mapping; target-client verification still required
PlayerLogoutReq,22142,,mapped-not-observed,PacketOpcodes.java,imported control-set mapping; target-client verification still required
HomeChangeModuleRsp,22143,,mapped-not-observed,PacketOpcodes.java,imported control-set mapping; target-client verification still required
JNGICDLLECF,22147,,mapped-not-observed,PacketOpcodes.java,imported control-set mapping; target-client verification still required
PlayerStoreNotify,22160,,mapped-not-observed,PacketOpcodes.java,imported control-set mapping; target-client verification still required
HomeAvatarSummonFinishReq,22162,,mapped-not-observed,PacketOpcodes.java,imported control-set mapping; target-client verification still required
ActivitySaleChangeNotify,22176,,mapped-not-observed,PacketOpcodes.java,imported control-set mapping; target-client verification still required
NBANNLGLBMG,22177,,mapped-not-observed,PacketOpcodes.java,imported control-set mapping; target-client verification still required
HomeAvatarRewardEventGetRsp,22180,,mapped-not-observed,PacketOpcodes.java,imported control-set mapping; target-client verification still required
MuqadasPotionDungeonSettleNotify,22183,,mapped-not-observed,PacketOpcodes.java,imported control-set mapping; target-client verification still required
KEJOFHLFLMH,22195,,mapped-not-observed,PacketOpcodes.java,imported control-set mapping; target-client verification still required
GetDungeonEntryExploreConditionReq,22203,,mapped-not-observed,PacketOpcodes.java,imported control-set mapping; target-client verification still required
DEPGGDDONAI,22208,,mapped-not-observed,PacketOpcodes.java,imported control-set mapping; target-client verification still required
RogueDiaryReviveAvatarReq,22216,,mapped-not-observed,PacketOpcodes.java,imported control-set mapping; target-client verification still required
ActivityGetRecvGiftListRsp,22217,,mapped-not-observed,PacketOpcodes.java,imported control-set mapping; target-client verification still required
FurnitureMakeStartReq,22221,,mapped-not-observed,PacketOpcodes.java,imported control-set mapping; target-client verification still required
ForgeQueueManipulateRsp,22232,,mapped-not-observed,PacketOpcodes.java,imported control-set mapping; target-client verification still required
BPBIKGHGKNN,22239,,mapped-not-observed,PacketOpcodes.java,imported control-set mapping; target-client verification still required
IHIJIGFEMMH,22247,,mapped-not-observed,PacketOpcodes.java,imported control-set mapping; target-client verification still required
TakeInvestigationTargetRewardRsp,22263,,mapped-not-observed,PacketOpcodes.java,imported control-set mapping; target-client verification still required
PlayerRandomCookReq,22279,,mapped-not-observed,PacketOpcodes.java,imported control-set mapping; target-client verification still required
_QuestQuickLaunchReq,22282,,mapped-not-observed,PacketOpcodes.java,imported control-set mapping; target-client verification still required
VehicleInteractReq,22285,,mapped-not-observed,PacketOpcodes.java,imported control-set mapping; target-client verification still required
FHHNJNNILJP,22291,,mapped-not-observed,PacketOpcodes.java,imported control-set mapping; target-client verification still required
GadgetStateNotify,22292,,mapped-not-observed,PacketOpcodes.java,imported control-set mapping; target-client verification still required
FBNHJOMHHEC,22294,,mapped-not-observed,PacketOpcodes.java,imported control-set mapping; target-client verification still required
SetPlayerNameReq,22295,,mapped-not-observed,PacketOpcodes.java,imported control-set mapping; target-client verification still required
IIMNNONDIAP,22303,,mapped-not-observed,PacketOpcodes.java,imported control-set mapping; target-client verification still required
RechargeRsp,22306,,mapped-not-observed,PacketOpcodes.java,imported control-set mapping; target-client verification still required
ScenePlayGuestReplyNotify,22309,,mapped-not-observed,PacketOpcodes.java,imported control-set mapping; target-client verification still required
GDFEBCCPLNE,22322,,mapped-not-observed,PacketOpcodes.java,imported control-set mapping; target-client verification still required
SetCodexPushtipsReadRsp,22326,,mapped-not-observed,PacketOpcodes.java,imported control-set mapping; target-client verification still required
EvtAiSyncSkillCdNotify,22336,,mapped-not-observed,PacketOpcodes.java,imported control-set mapping; target-client verification still required
JLPIHENCHNE,22348,,mapped-not-observed,PacketOpcodes.java,imported control-set mapping; target-client verification still required
MMLEPINNJKJ,22355,,mapped-not-observed,PacketOpcodes.java,imported control-set mapping; target-client verification still required
HCIAMLEFLJL,22359,,mapped-not-observed,PacketOpcodes.java,imported control-set mapping; target-client verification still required
NormalUidOpNotify,22391,,mapped-not-observed,PacketOpcodes.java,imported control-set mapping; target-client verification still required
LunaRiteHintPointRsp,22395,,mapped-not-observed,PacketOpcodes.java,imported control-set mapping; target-client verification still required
ActivityDisableTransferPointInteractionNotify,22397,,mapped-not-observed,PacketOpcodes.java,imported control-set mapping; target-client verification still required
HomePictureFrameInfoNotify,22400,,mapped-not-observed,PacketOpcodes.java,imported control-set mapping; target-client verification still required
GCGSkillPreviewNotify,22411,,mapped-not-observed,PacketOpcodes.java,imported control-set mapping; target-client verification still required
BEECDMJMPOD,22415,,mapped-not-observed,PacketOpcodes.java,imported control-set mapping; target-client verification still required
UgcDungeonOfficialUploadNotify,22425,,mapped-not-observed,PacketOpcodes.java,imported control-set mapping; target-client verification still required
SaveMainCoopRsp,22426,,mapped-not-observed,PacketOpcodes.java,imported control-set mapping; target-client verification still required
SelectWorktopOptionReq,22443,,mapped-not-observed,PacketOpcodes.java,imported control-set mapping; target-client verification still required
TakeCompoundOutputRsp,22444,,mapped-not-observed,PacketOpcodes.java,imported control-set mapping; target-client verification still required
MaterialDeleteReturnNotify,22451,,mapped-not-observed,PacketOpcodes.java,imported control-set mapping; target-client verification still required
DungeonCandidateTeamInviteNotify,22453,,mapped-not-observed,PacketOpcodes.java,imported control-set mapping; target-client verification still required
ReunionDailyRefreshNotify,22454,,mapped-not-observed,PacketOpcodes.java,imported control-set mapping; target-client verification still required
SetChatEmojiCollectionReq,22461,,mapped-not-observed,PacketOpcodes.java,imported control-set mapping; target-client verification still required
HomeAvatarSummonEventReq,22473,,mapped-not-observed,PacketOpcodes.java,imported control-set mapping; target-client verification still required
JIOHELNPINH,22474,,mapped-not-observed,PacketOpcodes.java,imported control-set mapping; target-client verification still required
PBFOBPBHHNN,22487,,mapped-not-observed,PacketOpcodes.java,imported control-set mapping; target-client verification still required
BossChestActivateNotify,22501,,mapped-not-observed,PacketOpcodes.java,imported control-set mapping; target-client verification still required
FleurFairReplayMiniGameReq,22507,,mapped-not-observed,PacketOpcodes.java,imported control-set mapping; target-client verification still required
HomePlantInfoNotify,22513,,mapped-not-observed,PacketOpcodes.java,imported control-set mapping; target-client verification still required
KCGJCLKNIHN,22518,,mapped-not-observed,PacketOpcodes.java,imported control-set mapping; target-client verification still required
ActivityReadPushTipsReq,22522,,mapped-not-observed,PacketOpcodes.java,imported control-set mapping; target-client verification still required
CEOEBCGEIKF,22523,,mapped-not-observed,PacketOpcodes.java,imported control-set mapping; target-client verification still required
KBNMEGKBPKP,22526,,mapped-not-observed,PacketOpcodes.java,imported control-set mapping; target-client verification still required
EFLAOLDDHAP,22527,,mapped-not-observed,PacketOpcodes.java,imported control-set mapping; target-client verification still required
MJKDECEJMIJ,22528,,mapped-not-observed,PacketOpcodes.java,imported control-set mapping; target-client verification still required
AHIBPIIJDIG,22539,,mapped-not-observed,PacketOpcodes.java,imported control-set mapping; target-client verification still required
BOPBCAOMOGP,22546,,mapped-not-observed,PacketOpcodes.java,imported control-set mapping; target-client verification still required
SeaLampTakeContributionRewardReq,22570,,mapped-not-observed,PacketOpcodes.java,imported control-set mapping; target-client verification still required
ABNHBMOKNAB,22577,,mapped-not-observed,PacketOpcodes.java,imported control-set mapping; target-client verification still required
OHEBLHJHGEG,22579,,mapped-not-observed,PacketOpcodes.java,imported control-set mapping; target-client verification still required
MaterialHintNotify,22584,,mapped-not-observed,PacketOpcodes.java,imported control-set mapping; target-client verification still required
DPNJKHKDBFB,22594,,mapped-not-observed,PacketOpcodes.java,imported control-set mapping; target-client verification still required
JDGOEGJFMHP,22599,,mapped-not-observed,PacketOpcodes.java,imported control-set mapping; target-client verification still required
DNFBFDPINBA,22612,,mapped-not-observed,PacketOpcodes.java,imported control-set mapping; target-client verification still required
UpdatePlayerShowNameCardListRsp,22615,,mapped-not-observed,PacketOpcodes.java,imported control-set mapping; target-client verification still required
HomeUpdateArrangementInfoReq,22623,,mapped-not-observed,PacketOpcodes.java,imported control-set mapping; target-client verification still required
_MirrorWorldSceneDetailUpdateNotify,22629,,mapped-not-observed,PacketOpcodes.java,imported control-set mapping; target-client verification still required
JCFDAFLIABG,22631,,mapped-not-observed,PacketOpcodes.java,imported control-set mapping; target-client verification still required
CEKANICMMIO,22641,,mapped-not-observed,PacketOpcodes.java,imported control-set mapping; target-client verification still required
ForgeDataNotify,22647,,mapped-not-observed,PacketOpcodes.java,imported control-set mapping; target-client verification still required
AvatarExpeditionCallBackRsp,22659,,mapped-not-observed,PacketOpcodes.java,imported control-set mapping; target-client verification still required
RogueSwitchAvatarRsp,22673,,mapped-not-observed,PacketOpcodes.java,imported control-set mapping; target-client verification still required
TriggerRoguelikeRuneReq,22676,,mapped-not-observed,PacketOpcodes.java,imported control-set mapping; target-client verification still required
AddRandTaskInfoNotify,22677,,mapped-not-observed,PacketOpcodes.java,imported control-set mapping; target-client verification still required
ADGHJBDBHFK,22678,,mapped-not-observed,PacketOpcodes.java,imported control-set mapping; target-client verification still required
SalvagePreventSettleNotify,22683,,mapped-not-observed,PacketOpcodes.java,imported control-set mapping; target-client verification still required
KMHKCIHABNO,22688,,mapped-not-observed,PacketOpcodes.java,imported control-set mapping; target-client verification still required
FDAPKMFCLOJ,22692,,mapped-not-observed,PacketOpcodes.java,imported control-set mapping; target-client verification still required
GCGApplyInviteBattleRsp,22696,,mapped-not-observed,PacketOpcodes.java,imported control-set mapping; target-client verification still required
LKCJNEALFMJ,22697,,mapped-not-observed,PacketOpcodes.java,imported control-set mapping; target-client verification still required
MpPlayInviteResultNotify,22704,,mapped-not-observed,PacketOpcodes.java,imported control-set mapping; target-client verification still required
PEGMMLBNDPM,22705,,mapped-not-observed,PacketOpcodes.java,imported control-set mapping; target-client verification still required
EvtEntityRenderersChangedNotify,22712,,mapped-not-observed,PacketOpcodes.java,imported control-set mapping; target-client verification still required
ClientHashDebugNotify,22720,,mapped-not-observed,PacketOpcodes.java,imported control-set mapping; target-client verification still required
DJFGCELLGFO,22723,,mapped-not-observed,PacketOpcodes.java,imported control-set mapping; target-client verification still required
HuntingRevealFinalNotify,22728,,mapped-not-observed,PacketOpcodes.java,imported control-set mapping; target-client verification still required
GetFriendShowAvatarInfoRsp,22730,,mapped-not-observed,PacketOpcodes.java,imported control-set mapping; target-client verification still required
JLDLGKJGEDM,22731,,mapped-not-observed,PacketOpcodes.java,imported control-set mapping; target-client verification still required
NNDCGECMNMG,22752,,mapped-not-observed,PacketOpcodes.java,imported control-set mapping; target-client verification still required
GetOnlinePlayerInfoReq,22753,,mapped-not-observed,PacketOpcodes.java,imported control-set mapping; target-client verification still required
NLOGCIICFCL,22756,,mapped-not-observed,PacketOpcodes.java,imported control-set mapping; target-client verification still required
AvatarCardChangeReq,22759,,mapped-not-observed,PacketOpcodes.java,imported control-set mapping; target-client verification still required
SubmitInferenceWordRsp,22768,,mapped-not-observed,PacketOpcodes.java,imported control-set mapping; target-client verification still required
JPOMKCLKADN,22769,,mapped-not-observed,PacketOpcodes.java,imported control-set mapping; target-client verification still required
MuqadasPotionSaveTeamReq,22774,,mapped-not-observed,PacketOpcodes.java,imported control-set mapping; target-client verification still required
CMHPPJFEPJE,22778,,mapped-not-observed,PacketOpcodes.java,imported control-set mapping; target-client verification still required
ChatChannelShieldNotify,22782,,mapped-not-observed,PacketOpcodes.java,imported control-set mapping; target-client verification still required
GBAELOEHJDK,22788,,mapped-not-observed,PacketOpcodes.java,imported control-set mapping; target-client verification still required
HAEAGNKJEJN,22794,,mapped-not-observed,PacketOpcodes.java,imported control-set mapping; target-client verification still required
LanternRiteDoFireworksReformReq,22818,,mapped-not-observed,PacketOpcodes.java,imported control-set mapping; target-client verification still required
OONAJKOFABK,22825,,mapped-not-observed,PacketOpcodes.java,imported control-set mapping; target-client verification still required
IEDNIJODHEJ,22840,,mapped-not-observed,PacketOpcodes.java,imported control-set mapping; target-client verification still required
_LanV6CardDeleteReq,22846,,mapped-not-observed,PacketOpcodes.java,imported control-set mapping; target-client verification still required
DLAOECMIMBE,22849,,mapped-not-observed,PacketOpcodes.java,imported control-set mapping; target-client verification still required
AABHLFKKEFE,22852,,mapped-not-observed,PacketOpcodes.java,imported control-set mapping; target-client verification still required
OBANCHOHEJF,22871,,mapped-not-observed,PacketOpcodes.java,imported control-set mapping; target-client verification still required
_QuestQuickLaunchUpdateNotify,22878,,mapped-not-observed,PacketOpcodes.java,imported control-set mapping; target-client verification still required
ABEIGMGNEAI,22882,,mapped-not-observed,PacketOpcodes.java,imported control-set mapping; target-client verification still required
AMNLFBPLDKN,22894,,mapped-not-observed,PacketOpcodes.java,imported control-set mapping; target-client verification still required
FMHMGEKMOAN,22895,,mapped-not-observed,PacketOpcodes.java,imported control-set mapping; target-client verification still required
GetMailItemRsp,22901,,mapped-not-observed,PacketOpcodes.java,imported control-set mapping; target-client verification still required
CKAMBILALAG,22906,,mapped-not-observed,PacketOpcodes.java,imported control-set mapping; target-client verification still required
AvatarEnterElementViewNotify,22920,,mapped-not-observed,PacketOpcodes.java,imported control-set mapping; target-client verification still required
DungeonDieOptionRsp,22925,,mapped-not-observed,PacketOpcodes.java,imported control-set mapping; target-client verification still required
FBKBFEHGJPE,22932,,mapped-not-observed,PacketOpcodes.java,imported control-set mapping; target-client verification still required
OIOCLKPOPAE,22946,,mapped-not-observed,PacketOpcodes.java,imported control-set mapping; target-client verification still required
CHDGBLAODCL,22966,,mapped-not-observed,PacketOpcodes.java,imported control-set mapping; target-client verification still required
KKOAFKKJAJG,22974,,mapped-not-observed,PacketOpcodes.java,imported control-set mapping; target-client verification still required
RoguelikeResourceBonusPropUpdateNotify,22980,,mapped-not-observed,PacketOpcodes.java,imported control-set mapping; target-client verification still required
AFIODAOINDK,22982,,mapped-not-observed,PacketOpcodes.java,imported control-set mapping; target-client verification still required
GCGMessagePackNotify,22983,,mapped-not-observed,PacketOpcodes.java,imported control-set mapping; target-client verification still required
ANMHODNOMAN,22994,,mapped-not-observed,PacketOpcodes.java,imported control-set mapping; target-client verification still required
_AvatarChangeTraceEffectRsp,22996,,mapped-not-observed,PacketOpcodes.java,imported control-set mapping; target-client verification still required
WeaponAwakenRsp,23006,,mapped-not-observed,PacketOpcodes.java,imported control-set mapping; target-client verification still required
NGEIIPFKCOG,23010,,mapped-not-observed,PacketOpcodes.java,imported control-set mapping; target-client verification still required
NINHGJFBFDE,23018,,mapped-not-observed,PacketOpcodes.java,imported control-set mapping; target-client verification still required
GetBargainDataRsp,23035,,mapped-not-observed,PacketOpcodes.java,imported control-set mapping; target-client verification still required
RogueCellUpdateNotify,23038,,mapped-not-observed,PacketOpcodes.java,imported control-set mapping; target-client verification still required
OPDKJBMJOEM,23044,,mapped-not-observed,PacketOpcodes.java,imported control-set mapping; target-client verification still required
NDGHIOIDNPD,23057,,mapped-not-observed,PacketOpcodes.java,imported control-set mapping; target-client verification still required
MGHFCCMGKKB,23064,,mapped-not-observed,PacketOpcodes.java,imported control-set mapping; target-client verification still required
UnlockAvatarTalentRsp,23065,,mapped-not-observed,PacketOpcodes.java,imported control-set mapping; target-client verification still required
FoundationRsp,23069,,mapped-not-observed,PacketOpcodes.java,imported control-set mapping; target-client verification still required
PNDKPFMCKLP,23070,,mapped-not-observed,PacketOpcodes.java,imported control-set mapping; target-client verification still required
BounceConjuringSettleNotify,23073,,mapped-not-observed,PacketOpcodes.java,imported control-set mapping; target-client verification still required
WorldOwnerBlossomScheduleInfoNotify,23101,,mapped-not-observed,PacketOpcodes.java,imported control-set mapping; target-client verification still required
EENANPMHJOJ,23127,,mapped-not-observed,PacketOpcodes.java,imported control-set mapping; target-client verification still required
SeaLampContributeItemReq,23133,,mapped-not-observed,PacketOpcodes.java,imported control-set mapping; target-client verification still required
DungeonSettleNotify,23138,,mapped-not-observed,PacketOpcodes.java,imported control-set mapping; target-client verification still required
WorldRoutineChangeNotify,23149,,mapped-not-observed,PacketOpcodes.java,imported control-set mapping; target-client verification still required
JGIHCGBLMGI,23154,,mapped-not-observed,PacketOpcodes.java,imported control-set mapping; target-client verification still required
_MonsterChessV2FlagUpgradeRsp,23157,,mapped-not-observed,PacketOpcodes.java,imported control-set mapping; target-client verification still required
DFFJAECMKAK,23158,,mapped-not-observed,PacketOpcodes.java,imported control-set mapping; target-client verification still required
GCGAskDuelRsp,23169,,mapped-not-observed,PacketOpcodes.java,imported control-set mapping; target-client verification still required
LJJFKPAKEKG,23175,,mapped-not-observed,PacketOpcodes.java,imported control-set mapping; target-client verification still required
OfferingPariSearchFinishNotify,23186,,mapped-not-observed,PacketOpcodes.java,imported control-set mapping; target-client verification still required
SceneCreateEntityReq,23202,,mapped-not-observed,PacketOpcodes.java,imported control-set mapping; target-client verification still required
WorldDataNotify,23212,,mapped-not-observed,PacketOpcodes.java,imported control-set mapping; target-client verification still required
SceneInitFinishRsp,23214,,mapped-not-observed,PacketOpcodes.java,imported control-set mapping; target-client verification still required
FEDIDADMJMA,23231,,mapped-not-observed,PacketOpcodes.java,imported control-set mapping; target-client verification still required
IJJOEPGPMBF,23234,,mapped-not-observed,PacketOpcodes.java,imported control-set mapping; target-client verification still required
GetPlayerTokenReq,23252,,mapped-not-observed,PacketOpcodes.java,imported control-set mapping; target-client verification still required
EchoShellUpdateNotify,23279,,mapped-not-observed,PacketOpcodes.java,imported control-set mapping; target-client verification still required
QuestDestroyNpcReq,23280,,mapped-not-observed,PacketOpcodes.java,imported control-set mapping; target-client verification still required
ViewCodexRsp,23293,,mapped-not-observed,PacketOpcodes.java,imported control-set mapping; target-client verification still required
NJBJPGEALCA,23294,,mapped-not-observed,PacketOpcodes.java,imported control-set mapping; target-client verification still required
EKFIBHCJGKM,23295,,mapped-not-observed,PacketOpcodes.java,imported control-set mapping; target-client verification still required
ClientAbilityChangeNotify,23301,,mapped-not-observed,PacketOpcodes.java,imported control-set mapping; target-client verification still required
AnchorPointOpReq,23302,,mapped-not-observed,PacketOpcodes.java,imported control-set mapping; target-client verification still required
_GetRecommendedMusicGameBookRsp,23303,,mapped-not-observed,PacketOpcodes.java,imported control-set mapping; target-client verification still required
GetUgcReq,23307,,mapped-not-observed,PacketOpcodes.java,imported control-set mapping; target-client verification still required
BNAECAHPIDH,23312,,mapped-not-observed,PacketOpcodes.java,imported control-set mapping; target-client verification still required
GPALJMEGAGJ,23316,,mapped-not-observed,PacketOpcodes.java,imported control-set mapping; target-client verification still required
_MonsterChessV2ActionNotify,23317,,mapped-not-observed,PacketOpcodes.java,imported control-set mapping; target-client verification still required
MultistagePlayInfoNotify,23357,,mapped-not-observed,PacketOpcodes.java,imported control-set mapping; target-client verification still required
HostPlayerNotify,23365,,mapped-not-observed,PacketOpcodes.java,imported control-set mapping; target-client verification still required
GetSceneAreaRsp,23366,,mapped-not-observed,PacketOpcodes.java,imported control-set mapping; target-client verification still required
AddQuestContentProgressReq,23368,,mapped-not-observed,PacketOpcodes.java,imported control-set mapping; target-client verification still required
GetActivityShopSheetInfoReq,23378,,mapped-not-observed,PacketOpcodes.java,imported control-set mapping; target-client verification still required
LNLFLGBODCJ,23380,,mapped-not-observed,PacketOpcodes.java,imported control-set mapping; target-client verification still required
LJOEKHCKHKH,23411,,mapped-not-observed,PacketOpcodes.java,imported control-set mapping; target-client verification still required
AvatarFetterLevelRewardRsp,23417,,mapped-not-observed,PacketOpcodes.java,imported control-set mapping; target-client verification still required
MJLBGLLMOME,23426,,mapped-not-observed,PacketOpcodes.java,imported control-set mapping; target-client verification still required
MarkNewNotify,23431,,mapped-not-observed,PacketOpcodes.java,imported control-set mapping; target-client verification still required
POCHOKOGBMJ,23432,,mapped-not-observed,PacketOpcodes.java,imported control-set mapping; target-client verification still required
NMNKJICKGCL,23456,,mapped-not-observed,PacketOpcodes.java,imported control-set mapping; target-client verification still required
CAMJIKEODAF,23474,,mapped-not-observed,PacketOpcodes.java,imported control-set mapping; target-client verification still required
NGDFKCBAFHI,23475,,mapped-not-observed,PacketOpcodes.java,imported control-set mapping; target-client verification still required
_BeyondCosmeticDataNotify,23484,,mapped-not-observed,PacketOpcodes.java,imported control-set mapping; target-client verification still required
IKAEFGPKJEH,23488,,mapped-not-observed,PacketOpcodes.java,imported control-set mapping; target-client verification still required
EKDANHFDCCG,23502,,mapped-not-observed,PacketOpcodes.java,imported control-set mapping; target-client verification still required
APENJJAONPN,23507,,mapped-not-observed,PacketOpcodes.java,imported control-set mapping; target-client verification still required
DungeonRestartInviteReplyNotify,23509,,mapped-not-observed,PacketOpcodes.java,imported control-set mapping; target-client verification still required
SceneTransToPointRsp,23515,,mapped-not-observed,PacketOpcodes.java,imported control-set mapping; target-client verification still required
WatcherEventNotify,23532,,mapped-not-observed,PacketOpcodes.java,imported control-set mapping; target-client verification still required
AsterProgressInfoNotify,23543,,mapped-not-observed,PacketOpcodes.java,imported control-set mapping; target-client verification still required
LHKOPAOHLEL,23547,,mapped-not-observed,PacketOpcodes.java,imported control-set mapping; target-client verification still required
DLCNPHCELPE,23568,,mapped-not-observed,PacketOpcodes.java,imported control-set mapping; target-client verification still required
DailyTaskUnlockedCitiesNotify,23571,,mapped-not-observed,PacketOpcodes.java,imported control-set mapping; target-client verification still required
PlayerChatReq,23579,,mapped-not-observed,PacketOpcodes.java,imported control-set mapping; target-client verification still required
DGONDJOOGNA,23586,,mapped-not-observed,PacketOpcodes.java,imported control-set mapping; target-client verification still required
BuyGoodsReq,23592,,mapped-not-observed,PacketOpcodes.java,imported control-set mapping; target-client verification still required
IMLIHFDNFFD,23603,,mapped-not-observed,PacketOpcodes.java,imported control-set mapping; target-client verification still required
UgcDungeonScoreNotify,23606,,mapped-not-observed,PacketOpcodes.java,imported control-set mapping; target-client verification still required
DPCHKBPKFML,23614,,mapped-not-observed,PacketOpcodes.java,imported control-set mapping; target-client verification still required
GetAuthkeyReq,23630,,mapped-not-observed,PacketOpcodes.java,imported control-set mapping; target-client verification still required
FinishedParentQuestUpdateNotify,23631,,mapped-not-observed,PacketOpcodes.java,imported control-set mapping; target-client verification still required
AvatarPropNotify,23634,,mapped-not-observed,PacketOpcodes.java,imported control-set mapping; target-client verification still required
EnterChessDungeonRsp,23638,,mapped-not-observed,PacketOpcodes.java,imported control-set mapping; target-client verification still required
LFJIIDGGPGB,23650,,mapped-not-observed,PacketOpcodes.java,imported control-set mapping; target-client verification still required
EvtFaceToEntityNotify,23654,,mapped-not-observed,PacketOpcodes.java,imported control-set mapping; target-client verification still required
EMILDEDDHLM,23673,,mapped-not-observed,PacketOpcodes.java,imported control-set mapping; target-client verification still required
IAGBLABLFHM,23675,,mapped-not-observed,PacketOpcodes.java,imported control-set mapping; target-client verification still required
HomeModuleSeenReq,23679,,mapped-not-observed,PacketOpcodes.java,imported control-set mapping; target-client verification still required
GBMIGDBECBC,23682,,mapped-not-observed,PacketOpcodes.java,imported control-set mapping; target-client verification still required
DCNOGEEFGFB,23693,,mapped-not-observed,PacketOpcodes.java,imported control-set mapping; target-client verification still required
OGGKNBPCLJM,23697,,mapped-not-observed,PacketOpcodes.java,imported control-set mapping; target-client verification still required
WidgetGadgetAllDataNotify,23698,,mapped-not-observed,PacketOpcodes.java,imported control-set mapping; target-client verification still required
_AnecdoteRewardInfoUpdateNotify,23703,,mapped-not-observed,PacketOpcodes.java,imported control-set mapping; target-client verification still required
SetPlayerSignatureRsp,23734,,mapped-not-observed,PacketOpcodes.java,imported control-set mapping; target-client verification still required
EntityTagChangeNotify,23737,,mapped-not-observed,PacketOpcodes.java,imported control-set mapping; target-client verification still required
_UseTreasureKeyRsp,23742,,mapped-not-observed,PacketOpcodes.java,imported control-set mapping; target-client verification still required
CMOLKMEADPO,23745,,mapped-not-observed,PacketOpcodes.java,imported control-set mapping; target-client verification still required
GMAGMFEOOAM,23760,,mapped-not-observed,PacketOpcodes.java,imported control-set mapping; target-client verification still required
FKJJJECNKKL,23761,,mapped-not-observed,PacketOpcodes.java,imported control-set mapping; target-client verification still required
DGMLEFGNFCJ,23762,,mapped-not-observed,PacketOpcodes.java,imported control-set mapping; target-client verification still required
MIKMBPNBIIE,23770,,mapped-not-observed,PacketOpcodes.java,imported control-set mapping; target-client verification still required
SetUpLunchBoxWidgetReq,23773,,mapped-not-observed,PacketOpcodes.java,imported control-set mapping; target-client verification still required
OFIJGFNFACJ,23775,,mapped-not-observed,PacketOpcodes.java,imported control-set mapping; target-client verification still required
EMKCJAAFIEL,23779,,mapped-not-observed,PacketOpcodes.java,imported control-set mapping; target-client verification still required
PersonalLineAllDataRsp,23782,,mapped-not-observed,PacketOpcodes.java,imported control-set mapping; target-client verification still required
OPGNOFMAAGF,23786,,mapped-not-observed,PacketOpcodes.java,imported control-set mapping; target-client verification still required
QuestDestroyEntityRsp,23804,,mapped-not-observed,PacketOpcodes.java,imported control-set mapping; target-client verification still required
SelectRoguelikeDungeonCardRsp,23839,,mapped-not-observed,PacketOpcodes.java,imported control-set mapping; target-client verification still required
FHCGHFKLDDP,23852,,mapped-not-observed,PacketOpcodes.java,imported control-set mapping; target-client verification still required
CPGKLJCOGEP,23863,,mapped-not-observed,PacketOpcodes.java,imported control-set mapping; target-client verification still required
EPMEJNJPPOF,23866,,mapped-not-observed,PacketOpcodes.java,imported control-set mapping; target-client verification still required
_SetWidgetSettingRsp,23887,,mapped-not-observed,PacketOpcodes.java,imported control-set mapping; target-client verification still required
DIHBHPBCDHE,23892,,mapped-not-observed,PacketOpcodes.java,imported control-set mapping; target-client verification still required
GetPlayerAskFriendListRsp,23900,,mapped-not-observed,PacketOpcodes.java,imported control-set mapping; target-client verification still required
GCAHPDOBHLD,23905,,mapped-not-observed,PacketOpcodes.java,imported control-set mapping; target-client verification still required
MailChangeNotify,23925,,mapped-not-observed,PacketOpcodes.java,imported control-set mapping; target-client verification still required
_DungeonQuickOpenReq,23939,,mapped-not-observed,PacketOpcodes.java,imported control-set mapping; target-client verification still required
WeaponPromoteRsp,23948,,mapped-not-observed,PacketOpcodes.java,imported control-set mapping; target-client verification still required
_DungeonLowerDifficultyRsp,23963,,mapped-not-observed,PacketOpcodes.java,imported control-set mapping; target-client verification still required
CFACNIOCMPG,23986,,mapped-not-observed,PacketOpcodes.java,imported control-set mapping; target-client verification still required
_TakeAquariumTaskRewardRsp,23990,,mapped-not-observed,PacketOpcodes.java,imported control-set mapping; target-client verification still required
GMGDPPCGIMN,23992,,mapped-not-observed,PacketOpcodes.java,imported control-set mapping; target-client verification still required
DCEBOGAPMCD,23997,,mapped-not-observed,PacketOpcodes.java,imported control-set mapping; target-client verification still required
KKGKEINFECB,24003,,mapped-not-observed,PacketOpcodes.java,imported control-set mapping; target-client verification still required
GearActivityFinishPlayPictureRsp,24010,,mapped-not-observed,PacketOpcodes.java,imported control-set mapping; target-client verification still required
AkaFesRhythmFinishPlayRsp,24018,,mapped-not-observed,PacketOpcodes.java,imported control-set mapping; target-client verification still required
AvatarChangeCostumeReq,24021,,mapped-not-observed,PacketOpcodes.java,imported control-set mapping; target-client verification still required
HuntingGiveUpReq,24040,,mapped-not-observed,PacketOpcodes.java,imported control-set mapping; target-client verification still required
BPJBKFPPJBH,24050,,mapped-not-observed,PacketOpcodes.java,imported control-set mapping; target-client verification still required
KONCGCIEHIP,24051,,mapped-not-observed,PacketOpcodes.java,imported control-set mapping; target-client verification still required
DoRoguelikeDungeonCardGachaRsp,24062,,mapped-not-observed,PacketOpcodes.java,imported control-set mapping; target-client verification still required
_MusicGameBookSettleRsp,24067,,mapped-not-observed,PacketOpcodes.java,imported control-set mapping; target-client verification still required
_GetShopBatchRsp,24069,,mapped-not-observed,PacketOpcodes.java,imported control-set mapping; target-client verification still required
ECHCPFIGBAC,24075,,mapped-not-observed,PacketOpcodes.java,imported control-set mapping; target-client verification still required
ScenePlayOutofRegionNotify,24084,,mapped-not-observed,PacketOpcodes.java,imported control-set mapping; target-client verification still required
AddReunionReportedTypeReq,24087,,mapped-not-observed,PacketOpcodes.java,imported control-set mapping; target-client verification still required
PlayerGameTimeByLuaNotify,24091,,mapped-not-observed,PacketOpcodes.java,imported control-set mapping; target-client verification still required
_QuestQuickLaunchRsp,24097,,mapped-not-observed,PacketOpcodes.java,imported control-set mapping; target-client verification still required
UgcDungeonOpStarredRoomRsp,24100,,mapped-not-observed,PacketOpcodes.java,imported control-set mapping; target-client verification still required
FJLKLIPDMDD,24111,,mapped-not-observed,PacketOpcodes.java,imported control-set mapping; target-client verification still required
CrystalLinkEnterDungeonRsp,24121,,mapped-not-observed,PacketOpcodes.java,imported control-set mapping; target-client verification still required
LCCCMJKPNEA,24123,,mapped-not-observed,PacketOpcodes.java,imported control-set mapping; target-client verification still required
NINBOLDFPMA,24130,,mapped-not-observed,PacketOpcodes.java,imported control-set mapping; target-client verification still required
CGMACKHFMDC,24133,,mapped-not-observed,PacketOpcodes.java,imported control-set mapping; target-client verification still required
MKIAGIKCAOB,24143,,mapped-not-observed,PacketOpcodes.java,imported control-set mapping; target-client verification still required
EditUgcDungeonNotify,24152,,mapped-not-observed,PacketOpcodes.java,imported control-set mapping; target-client verification still required
MCMAANPJMBC,24153,,mapped-not-observed,PacketOpcodes.java,imported control-set mapping; target-client verification still required
WidgetQuickHitTreeRsp,24161,,mapped-not-observed,PacketOpcodes.java,imported control-set mapping; target-client verification still required
MNBKEGBNCHL,24181,,mapped-not-observed,PacketOpcodes.java,imported control-set mapping; target-client verification still required
SealBattleProgressNotify,24186,,mapped-not-observed,PacketOpcodes.java,imported control-set mapping; target-client verification still required
_BeyondPlayerReportRsp,24190,,mapped-not-observed,PacketOpcodes.java,imported control-set mapping; target-client verification still required
ChangeMpTeamAvatarRsp,24192,,mapped-not-observed,PacketOpcodes.java,imported control-set mapping; target-client verification still required
IAAMFCHLCGL,24220,,mapped-not-observed,PacketOpcodes.java,imported control-set mapping; target-client verification still required
FHNEICPMMBL,24233,,mapped-not-observed,PacketOpcodes.java,imported control-set mapping; target-client verification still required
EvtAvatarSitDownNotify,24247,,mapped-not-observed,PacketOpcodes.java,imported control-set mapping; target-client verification still required
ProudSkillChangeNotify,24261,,mapped-not-observed,PacketOpcodes.java,imported control-set mapping; target-client verification still required
PlayerEnterDungeonRsp,24269,,mapped-not-observed,PacketOpcodes.java,imported control-set mapping; target-client verification still required
_UgcDungeonChangeEditRoomRsp,24272,,mapped-not-observed,PacketOpcodes.java,imported control-set mapping; target-client verification still required
PlayerCancelMatchRsp,24288,,mapped-not-observed,PacketOpcodes.java,imported control-set mapping; target-client verification still required
FleurFairReplayMiniGameRsp,24289,,mapped-not-observed,PacketOpcodes.java,imported control-set mapping; target-client verification still required
HomeSetBlueprintSlotOptionRsp,24291,,mapped-not-observed,PacketOpcodes.java,imported control-set mapping; target-client verification still required
FPNPIDNLJNN,24313,,mapped-not-observed,PacketOpcodes.java,imported control-set mapping; target-client verification still required
AchievementAllDataNotify,24317,,mapped-not-observed,PacketOpcodes.java,imported control-set mapping; target-client verification still required
_BeyondDoGachaRsp,24323,,mapped-not-observed,PacketOpcodes.java,imported control-set mapping; target-client verification still required
AskAddFriendRsp,24324,,mapped-not-observed,PacketOpcodes.java,imported control-set mapping; target-client verification still required
_TakeReunionVideoRewardRsp,24326,,mapped-not-observed,PacketOpcodes.java,imported control-set mapping; target-client verification still required
_BeyondChatChannelUpdateNotify,24334,,mapped-not-observed,PacketOpcodes.java,imported control-set mapping; target-client verification still required
DestroyMaterialRsp,24340,,mapped-not-observed,PacketOpcodes.java,imported control-set mapping; target-client verification still required
ClientCollectorDataNotify,24341,,mapped-not-observed,PacketOpcodes.java,imported control-set mapping; target-client verification still required
CFMADCAEOMP,24342,,mapped-not-observed,PacketOpcodes.java,imported control-set mapping; target-client verification still required
RoguelikeGiveUpRsp,24343,,mapped-not-observed,PacketOpcodes.java,imported control-set mapping; target-client verification still required
_PlayerSetStrangerChatSettingReq,24352,,mapped-not-observed,PacketOpcodes.java,imported control-set mapping; target-client verification still required
FKBKHDJJAPF,24359,,mapped-not-observed,PacketOpcodes.java,imported control-set mapping; target-client verification still required
KBKMBJOAIFO,24370,,mapped-not-observed,PacketOpcodes.java,imported control-set mapping; target-client verification still required
HGKMLCKCHBD,24371,,mapped-not-observed,PacketOpcodes.java,imported control-set mapping; target-client verification still required
UgcPlayerBuyItemInShopRsp,24379,,mapped-not-observed,PacketOpcodes.java,imported control-set mapping; target-client verification still required
_WeekActiveGetRewardReq,24390,,mapped-not-observed,PacketOpcodes.java,imported control-set mapping; target-client verification still required
PKEKNELIKJA,24396,,mapped-not-observed,PacketOpcodes.java,imported control-set mapping; target-client verification still required
DragonSpineCoinChangeNotify,24405,,mapped-not-observed,PacketOpcodes.java,imported control-set mapping; target-client verification still required
GearActivityFinishPlayPictureReq,24411,,mapped-not-observed,PacketOpcodes.java,imported control-set mapping; target-client verification still required
BuyResinRsp,24412,,mapped-not-observed,PacketOpcodes.java,imported control-set mapping; target-client verification still required
DOLMCAMLJHM,24413,,mapped-not-observed,PacketOpcodes.java,imported control-set mapping; target-client verification still required
_WispCageDataNotify,24417,,mapped-not-observed,PacketOpcodes.java,imported control-set mapping; target-client verification still required
HomeCustomFurnitureInfoNotify,24418,,mapped-not-observed,PacketOpcodes.java,imported control-set mapping; target-client verification still required
CodexDataUpdateNotify,24419,,mapped-not-observed,PacketOpcodes.java,imported control-set mapping; target-client verification still required
GetExpeditionAssistInfoListRsp,24420,,mapped-not-observed,PacketOpcodes.java,imported control-set mapping; target-client verification still required
ReliquaryOfferDataNotify,24434,,mapped-not-observed,PacketOpcodes.java,imported control-set mapping; target-client verification still required
EAKIKIHEBNG,24438,,mapped-not-observed,PacketOpcodes.java,imported control-set mapping; target-client verification still required
IGDOHHJHIKP,24450,,mapped-not-observed,PacketOpcodes.java,imported control-set mapping; target-client verification still required
UpdateSalvageBundleMarkReq,24452,,mapped-not-observed,PacketOpcodes.java,imported control-set mapping; target-client verification still required
BMEOCPEIBHG,24454,,mapped-not-observed,PacketOpcodes.java,imported control-set mapping; target-client verification still required
UgcDungeonOpStarredDungeonRsp,24455,,mapped-not-observed,PacketOpcodes.java,imported control-set mapping; target-client verification still required
GCGStartChallengeRsp,24456,,mapped-not-observed,PacketOpcodes.java,imported control-set mapping; target-client verification still required
EHAMGAEIHFJ,24463,,mapped-not-observed,PacketOpcodes.java,imported control-set mapping; target-client verification still required
RechargeReq,24467,,mapped-not-observed,PacketOpcodes.java,imported control-set mapping; target-client verification still required
_AquariumDivingBagUpdateReq,24480,,mapped-not-observed,PacketOpcodes.java,imported control-set mapping; target-client verification still required
_FlowerLandReputationInfo,24486,,mapped-not-observed,PacketOpcodes.java,imported control-set mapping; target-client verification still required
ABANIAPGGNE,24493,,mapped-not-observed,PacketOpcodes.java,imported control-set mapping; target-client verification still required
SetUpAvatarTeamReq,24510,,mapped-not-observed,PacketOpcodes.java,imported control-set mapping; target-client verification still required
PlayerSetLanguageReq,24516,,mapped-not-observed,PacketOpcodes.java,imported control-set mapping; target-client verification still required
GEMADFJFIGL,24539,,mapped-not-observed,PacketOpcodes.java,imported control-set mapping; target-client verification still required
BLKDIMBFGNK,24540,,mapped-not-observed,PacketOpcodes.java,imported control-set mapping; target-client verification still required
GCGInviteBattleNotify,24542,,mapped-not-observed,PacketOpcodes.java,imported control-set mapping; target-client verification still required
MPFFCJKLKJL,24547,,mapped-not-observed,PacketOpcodes.java,imported control-set mapping; target-client verification still required
ALPHEHMMLKO,24558,,mapped-not-observed,PacketOpcodes.java,imported control-set mapping; target-client verification still required
HKBEEKEFBPI,24561,,mapped-not-observed,PacketOpcodes.java,imported control-set mapping; target-client verification still required
NIHICDCBJAG,24562,,mapped-not-observed,PacketOpcodes.java,imported control-set mapping; target-client verification still required
DungeonCandidateTeamSetReadyReq,24565,,mapped-not-observed,PacketOpcodes.java,imported control-set mapping; target-client verification still required
ElectroherculesBattleSelectDifficultyReq,24578,,mapped-not-observed,PacketOpcodes.java,imported control-set mapping; target-client verification still required
AvatarEquipChangeNotify,24582,,mapped-not-observed,PacketOpcodes.java,imported control-set mapping; target-client verification still required
JJJBEHAGLHM,24586,,mapped-not-observed,PacketOpcodes.java,imported control-set mapping; target-client verification still required
FleurFairMusicGameSettleRsp,24598,,mapped-not-observed,PacketOpcodes.java,imported control-set mapping; target-client verification still required
LCNLHAOBBFE,24604,,mapped-not-observed,PacketOpcodes.java,imported control-set mapping; target-client verification still required
AvatarSkillInfoNotify,24619,,mapped-not-observed,PacketOpcodes.java,imported control-set mapping; target-client verification still required
PlayerEnterSceneInfoNotify,24624,,mapped-not-observed,PacketOpcodes.java,imported control-set mapping; target-client verification still required
RemotePlayerWidgetNotify,24627,,mapped-not-observed,PacketOpcodes.java,imported control-set mapping; target-client verification still required
HNCAHFPHAPC,24640,,mapped-not-observed,PacketOpcodes.java,imported control-set mapping; target-client verification still required
_BeyondProfileTagListUpdateReq,24647,,mapped-not-observed,PacketOpcodes.java,imported control-set mapping; target-client verification still required
BlessingAcceptAllGivePicRsp,24656,,mapped-not-observed,PacketOpcodes.java,imported control-set mapping; target-client verification still required
KGOBLCJLPOL,24666,,mapped-not-observed,PacketOpcodes.java,imported control-set mapping; target-client verification still required
RoguelikeEffectDataNotify,24686,,mapped-not-observed,PacketOpcodes.java,imported control-set mapping; target-client verification still required
AEEONEOABPB,24693,,mapped-not-observed,PacketOpcodes.java,imported control-set mapping; target-client verification still required
_TakeBeyondBattlePassRewardRsp,24696,,mapped-not-observed,PacketOpcodes.java,imported control-set mapping; target-client verification still required
BlossomChestInfoNotify,24698,,mapped-not-observed,PacketOpcodes.java,imported control-set mapping; target-client verification still required
WidgetReportReq,24700,,mapped-not-observed,PacketOpcodes.java,imported control-set mapping; target-client verification still required
_AvatarChangeWeaponSkinReq,24702,,mapped-not-observed,PacketOpcodes.java,imported control-set mapping; target-client verification still required
RoguelikeRefreshCardCostUpdateNotify,24704,,mapped-not-observed,PacketOpcodes.java,imported control-set mapping; target-client verification still required
TakeReunionMissionRewardRsp,24710,,mapped-not-observed,PacketOpcodes.java,imported control-set mapping; target-client verification still required
KBCEOHKJBLC,24713,,mapped-not-observed,PacketOpcodes.java,imported control-set mapping; target-client verification still required
AMBOIICFPDA,24716,,mapped-not-observed,PacketOpcodes.java,imported control-set mapping; target-client verification still required
ANPPHOKNGJD,24720,,mapped-not-observed,PacketOpcodes.java,imported control-set mapping; target-client verification still required
GetSceneAreaReq,24721,,mapped-not-observed,PacketOpcodes.java,imported control-set mapping; target-client verification still required
AvatarFlycloakChangeNotify,24726,,mapped-not-observed,PacketOpcodes.java,imported control-set mapping; target-client verification still required
TakeReunionSignInRewardReq,24739,,mapped-not-observed,PacketOpcodes.java,imported control-set mapping; target-client verification still required
PerformOperationNotify,24743,,mapped-not-observed,PacketOpcodes.java,imported control-set mapping; target-client verification still required
LanternRiteStartFireworksReformRsp,24748,,mapped-not-observed,PacketOpcodes.java,imported control-set mapping; target-client verification still required
BNIIAENKNEO,24761,,mapped-not-observed,PacketOpcodes.java,imported control-set mapping; target-client verification still required
WinterCampTriathlonSettleNotify,24776,,mapped-not-observed,PacketOpcodes.java,imported control-set mapping; target-client verification still required
AvatarFetterLevelRewardReq,24780,,mapped-not-observed,PacketOpcodes.java,imported control-set mapping; target-client verification still required
IJFIOFBPAJO,24790,,mapped-not-observed,PacketOpcodes.java,imported control-set mapping; target-client verification still required
HPBCFMJEKND,24800,,mapped-not-observed,PacketOpcodes.java,imported control-set mapping; target-client verification still required
GCGGrowthLevelNotify,24807,,mapped-not-observed,PacketOpcodes.java,imported control-set mapping; target-client verification still required
ScenePlayerInfoNotify,24809,,mapped-not-observed,PacketOpcodes.java,imported control-set mapping; target-client verification still required
AllShareCDDataNotify,24819,,mapped-not-observed,PacketOpcodes.java,imported control-set mapping; target-client verification still required
BHHJENAJHFP,24820,,mapped-not-observed,PacketOpcodes.java,imported control-set mapping; target-client verification still required
OGJLNKGKLLB,24828,,mapped-not-observed,PacketOpcodes.java,imported control-set mapping; target-client verification still required
CAACHEGPEJD,24829,,mapped-not-observed,PacketOpcodes.java,imported control-set mapping; target-client verification still required
HCBIPECFAAI,24831,,mapped-not-observed,PacketOpcodes.java,imported control-set mapping; target-client verification still required
PPEFJHEJECD,24832,,mapped-not-observed,PacketOpcodes.java,imported control-set mapping; target-client verification still required
LanV3RaceSettleNotify,24845,,mapped-not-observed,PacketOpcodes.java,imported control-set mapping; target-client verification still required
PlayerPropChangeNotify,24846,,mapped-not-observed,PacketOpcodes.java,imported control-set mapping; target-client verification still required
ElectroherculesBattleSelectDifficultyRsp,24856,,mapped-not-observed,PacketOpcodes.java,imported control-set mapping; target-client verification still required
GetReunionPrivilegeInfoReq,24880,,mapped-not-observed,PacketOpcodes.java,imported control-set mapping; target-client verification still required
DECGJNNCJJE,24894,,mapped-not-observed,PacketOpcodes.java,imported control-set mapping; target-client verification still required
VintageMarketStoreChooseStrategyReq,24913,,mapped-not-observed,PacketOpcodes.java,imported control-set mapping; target-client verification still required
ECLMNGALFOG,24919,,mapped-not-observed,PacketOpcodes.java,imported control-set mapping; target-client verification still required
BrickBreakerPlayerSetChangingNotify,24928,,mapped-not-observed,PacketOpcodes.java,imported control-set mapping; target-client verification still required
IGENACMGGAP,24932,,mapped-not-observed,PacketOpcodes.java,imported control-set mapping; target-client verification still required
LifeStateChangeNotify,24935,,mapped-not-observed,PacketOpcodes.java,imported control-set mapping; target-client verification still required
ReliquaryDecomposeReq,24936,,mapped-not-observed,PacketOpcodes.java,imported control-set mapping; target-client verification still required
ChannellerSlabLoopDungeonChallengeInfoNotify,24964,,mapped-not-observed,PacketOpcodes.java,imported control-set mapping; target-client verification still required
LBHMKEJOOEA,24973,,mapped-not-observed,PacketOpcodes.java,imported control-set mapping; target-client verification still required
FishBattleEndReq,24977,,mapped-not-observed,PacketOpcodes.java,imported control-set mapping; target-client verification still required
ODGGANGFEIF,24988,,mapped-not-observed,PacketOpcodes.java,imported control-set mapping; target-client verification still required
IHPNNKOMHMO,25001,,mapped-not-observed,PacketOpcodes.java,imported control-set mapping; target-client verification still required
ChannellerSlabEnterLoopDungeonReq,25006,,mapped-not-observed,PacketOpcodes.java,imported control-set mapping; target-client verification still required
OMGJLOONCFG,25018,,mapped-not-observed,PacketOpcodes.java,imported control-set mapping; target-client verification still required
GetCityReputationMapInfoRsp,25025,,mapped-not-observed,PacketOpcodes.java,imported control-set mapping; target-client verification still required
EffigyChallengeResultNotify,25040,,mapped-not-observed,PacketOpcodes.java,imported control-set mapping; target-client verification still required
_PenumbraAdventureTargetShootingSettleNotify,25042,,mapped-not-observed,PacketOpcodes.java,imported control-set mapping; target-client verification still required
AIPIOLMKHBF,25044,,mapped-not-observed,PacketOpcodes.java,imported control-set mapping; target-client verification still required
InterruptGalleryReq,25059,,mapped-not-observed,PacketOpcodes.java,imported control-set mapping; target-client verification still required
NDPIAGDHJGO,25078,,mapped-not-observed,PacketOpcodes.java,imported control-set mapping; target-client verification still required
ScenePlayerSoundNotify,25095,,mapped-not-observed,PacketOpcodes.java,imported control-set mapping; target-client verification still required
WinterCampStageInfoChangeNotify,25102,,mapped-not-observed,PacketOpcodes.java,imported control-set mapping; target-client verification still required
EvtAvatarLockChairRsp,25106,,mapped-not-observed,PacketOpcodes.java,imported control-set mapping; target-client verification still required
GIBBKAFCHNF,25111,,mapped-not-observed,PacketOpcodes.java,imported control-set mapping; target-client verification still required
UnlockAvatarTalentReq,25121,,mapped-not-observed,PacketOpcodes.java,imported control-set mapping; target-client verification still required
MpPlayOwnerInviteNotify,25124,,mapped-not-observed,PacketOpcodes.java,imported control-set mapping; target-client verification still required
OGPBKKHENMK,25127,,mapped-not-observed,PacketOpcodes.java,imported control-set mapping; target-client verification still required
DropHintNotify,25131,,mapped-not-observed,PacketOpcodes.java,imported control-set mapping; target-client verification still required
GCGReplayAskDuelRsp,25147,,mapped-not-observed,PacketOpcodes.java,imported control-set mapping; target-client verification still required
ReliquaryUpgradeRsp,25149,,mapped-not-observed,PacketOpcodes.java,imported control-set mapping; target-client verification still required
MDBDJEFELAN,25154,,mapped-not-observed,PacketOpcodes.java,imported control-set mapping; target-client verification still required
HCDFOHEBFJJ,25159,,mapped-not-observed,PacketOpcodes.java,imported control-set mapping; target-client verification still required
JBECEGEPGEI,25164,,mapped-not-observed,PacketOpcodes.java,imported control-set mapping; target-client verification still required
GMFLEBMPBPI,25165,,mapped-not-observed,PacketOpcodes.java,imported control-set mapping; target-client verification still required
OneoffGatherPointDetectorDataNotify,25175,,mapped-not-observed,PacketOpcodes.java,imported control-set mapping; target-client verification still required
EntityMoveRoomNotify,25177,,mapped-not-observed,PacketOpcodes.java,imported control-set mapping; target-client verification still required
_SetWidgetSettingReq,25209,,mapped-not-observed,PacketOpcodes.java,imported control-set mapping; target-client verification still required
GalleryPreStartNotify,25211,,mapped-not-observed,PacketOpcodes.java,imported control-set mapping; target-client verification still required
PlayerInvestigationNotify,25214,,mapped-not-observed,PacketOpcodes.java,imported control-set mapping; target-client verification still required
ClientSetGameTimeRsp,25217,,mapped-not-observed,PacketOpcodes.java,imported control-set mapping; target-client verification still required
_UgcDungeonPublishDungeonReq,25221,,mapped-not-observed,PacketOpcodes.java,imported control-set mapping; target-client verification still required
AIDEJCFHMPP,25224,,mapped-not-observed,PacketOpcodes.java,imported control-set mapping; target-client verification still required
RegionSearchNotify,25227,,mapped-not-observed,PacketOpcodes.java,imported control-set mapping; target-client verification still required
HCFIKCJHIHJ,25233,,mapped-not-observed,PacketOpcodes.java,imported control-set mapping; target-client verification still required
SeaLampTakeContributionRewardRsp,25241,,mapped-not-observed,PacketOpcodes.java,imported control-set mapping; target-client verification still required
MGNLKMNMCGE,25244,,mapped-not-observed,PacketOpcodes.java,imported control-set mapping; target-client verification still required
DungeonRestartRsp,25275,,mapped-not-observed,PacketOpcodes.java,imported control-set mapping; target-client verification still required
QuestGlobalVarNotify,25277,,mapped-not-observed,PacketOpcodes.java,imported control-set mapping; target-client verification still required
HEENKABNGHE,25293,,mapped-not-observed,PacketOpcodes.java,imported control-set mapping; target-client verification still required
HomeMarkPointNotify,25297,,mapped-not-observed,PacketOpcodes.java,imported control-set mapping; target-client verification still required
_HideAndSeekV4SettleNotify,25298,,mapped-not-observed,PacketOpcodes.java,imported control-set mapping; target-client verification still required
PullRecentChatRsp,25313,,mapped-not-observed,PacketOpcodes.java,imported control-set mapping; target-client verification still required
EffigyChallengeV4SelectDifficultyReq,25323,,mapped-not-observed,PacketOpcodes.java,imported control-set mapping; target-client verification still required
DIIOKGMCILK,25324,,mapped-not-observed,PacketOpcodes.java,imported control-set mapping; target-client verification still required
BattlePassCurScheduleUpdateNotify,25334,,mapped-not-observed,PacketOpcodes.java,imported control-set mapping; target-client verification still required
UgcDungeonLeftDeathCountNotify,25345,,mapped-not-observed,PacketOpcodes.java,imported control-set mapping; target-client verification still required
AddAranaraCollectionNotify,25348,,mapped-not-observed,PacketOpcodes.java,imported control-set mapping; target-client verification still required
MPLJADMBFNG,25350,,mapped-not-observed,PacketOpcodes.java,imported control-set mapping; target-client verification still required
_ActivityClientPlayBeginReq,25353,,mapped-not-observed,PacketOpcodes.java,imported control-set mapping; target-client verification still required
NMHDOEDPKLD,25357,,mapped-not-observed,PacketOpcodes.java,imported control-set mapping; target-client verification still required
ICIDPCJNFAA,25358,,mapped-not-observed,PacketOpcodes.java,imported control-set mapping; target-client verification still required
ILEONMGKJOO,25362,,mapped-not-observed,PacketOpcodes.java,imported control-set mapping; target-client verification still required
VintageMarketStartStorePlayRsp,25367,,mapped-not-observed,PacketOpcodes.java,imported control-set mapping; target-client verification still required
GalleryBalloonShootNotify,25375,,mapped-not-observed,PacketOpcodes.java,imported control-set mapping; target-client verification still required
PotionEnterDungeonNotify,25380,,mapped-not-observed,PacketOpcodes.java,imported control-set mapping; target-client verification still required
HILALKOAEJC,25392,,mapped-not-observed,PacketOpcodes.java,imported control-set mapping; target-client verification still required
BeginCameraSceneLookWithTemplateNotify,25396,,mapped-not-observed,PacketOpcodes.java,imported control-set mapping; target-client verification still required
_MonsterSnapSettleReq,25397,,mapped-not-observed,PacketOpcodes.java,imported control-set mapping; target-client verification still required
_GalleryInitNotify,25398,,mapped-not-observed,PacketOpcodes.java,imported control-set mapping; target-client verification still required
EnterWorldAreaReq,25407,,mapped-not-observed,PacketOpcodes.java,imported control-set mapping; target-client verification still required
NAPJAGAPMFA,25408,,mapped-not-observed,PacketOpcodes.java,imported control-set mapping; target-client verification still required
LOOGLBBKMHG,25414,,mapped-not-observed,PacketOpcodes.java,imported control-set mapping; target-client verification still required
GCGTavernNpcInfoNotify,25416,,mapped-not-observed,PacketOpcodes.java,imported control-set mapping; target-client verification still required
PLOBNAMNGEO,25423,,mapped-not-observed,PacketOpcodes.java,imported control-set mapping; target-client verification still required
BPNPPHFDKMN,25426,,mapped-not-observed,PacketOpcodes.java,imported control-set mapping; target-client verification still required
RedeemLegendaryKeyRsp,25427,,mapped-not-observed,PacketOpcodes.java,imported control-set mapping; target-client verification still required
FMEIIIKOKBM,25448,,mapped-not-observed,PacketOpcodes.java,imported control-set mapping; target-client verification still required
UseItemRsp,25449,,mapped-not-observed,PacketOpcodes.java,imported control-set mapping; target-client verification still required
SetLimitOptimizationNotify,25455,,mapped-not-observed,PacketOpcodes.java,imported control-set mapping; target-client verification still required
WeaponUpgradeRsp,25465,,mapped-not-observed,PacketOpcodes.java,imported control-set mapping; target-client verification still required
InstableSprayLevelFinishNotify,25466,,mapped-not-observed,PacketOpcodes.java,imported control-set mapping; target-client verification still required
ExpeditionStartRsp,25488,,mapped-not-observed,PacketOpcodes.java,imported control-set mapping; target-client verification still required
LPMKELEKING,25495,,mapped-not-observed,PacketOpcodes.java,imported control-set mapping; target-client verification still required
CCFCEALGINO,25503,,mapped-not-observed,PacketOpcodes.java,imported control-set mapping; target-client verification still required
CJHECJFNOEH,25504,,mapped-not-observed,PacketOpcodes.java,imported control-set mapping; target-client verification still required
WorldPlayerRTTNotify,25508,,mapped-not-observed,PacketOpcodes.java,imported control-set mapping; target-client verification still required
GetGameTimeLockedQuestListRsp,25511,,mapped-not-observed,PacketOpcodes.java,imported control-set mapping; target-client verification still required
FKOKMBFDMAM,25522,,mapped-not-observed,PacketOpcodes.java,imported control-set mapping; target-client verification still required
UgcDungeonSwitchRoomInviteReplyNotify,25523,,mapped-not-observed,PacketOpcodes.java,imported control-set mapping; target-client verification still required
BILPEKCIFLC,25524,,mapped-not-observed,PacketOpcodes.java,imported control-set mapping; target-client verification still required
DungeonCandidateTeamPlayerLeaveNotify,25528,,mapped-not-observed,PacketOpcodes.java,imported control-set mapping; target-client verification still required
ActivityCoinInfoNotify,25531,,mapped-not-observed,PacketOpcodes.java,imported control-set mapping; target-client verification still required
MEJDMPAGJGL,25532,,mapped-not-observed,PacketOpcodes.java,imported control-set mapping; target-client verification still required
_MaglevStateChangeNotify,25535,,mapped-not-observed,PacketOpcodes.java,imported control-set mapping; target-client verification still required
LAPJIGDDJGP,25536,,mapped-not-observed,PacketOpcodes.java,imported control-set mapping; target-client verification still required
TowerLevelEndNotify,25538,,mapped-not-observed,PacketOpcodes.java,imported control-set mapping; target-client verification still required
GetGameplayRecommendationRsp,25548,,mapped-not-observed,PacketOpcodes.java,imported control-set mapping; target-client verification still required
MultistagePlayFinishStageRsp,25550,,mapped-not-observed,PacketOpcodes.java,imported control-set mapping; target-client verification still required
HEALIKNDHBF,25555,,mapped-not-observed,PacketOpcodes.java,imported control-set mapping; target-client verification still required
ScenePointUnlockNotify,25567,,mapped-not-observed,PacketOpcodes.java,imported control-set mapping; target-client verification still required
GEOEINHHKJA,25569,,mapped-not-observed,PacketOpcodes.java,imported control-set mapping; target-client verification still required
EffigyChallengeInfoNotify,25575,,mapped-not-observed,PacketOpcodes.java,imported control-set mapping; target-client verification still required
UpdatePlayerShowAvatarListRsp,25577,,mapped-not-observed,PacketOpcodes.java,imported control-set mapping; target-client verification still required
GBCOJGLPABH,25603,,mapped-not-observed,PacketOpcodes.java,imported control-set mapping; target-client verification still required
ECBJPBMCBLK,25604,,mapped-not-observed,PacketOpcodes.java,imported control-set mapping; target-client verification still required
_GetMultiAreaExplorePercentRsp,25607,,mapped-not-observed,PacketOpcodes.java,imported control-set mapping; target-client verification still required
GCGDSDeckSaveReq,25609,,mapped-not-observed,PacketOpcodes.java,imported control-set mapping; target-client verification still required
DMEAKHDFOIG,25611,,mapped-not-observed,PacketOpcodes.java,imported control-set mapping; target-client verification still required
LunaRiteSacrificeRsp,25613,,mapped-not-observed,PacketOpcodes.java,imported control-set mapping; target-client verification still required
_TakeWorldWatcherRewardRsp,25616,,mapped-not-observed,PacketOpcodes.java,imported control-set mapping; target-client verification still required
TeamResonanceChangeNotify,25621,,mapped-not-observed,PacketOpcodes.java,imported control-set mapping; target-client verification still required
EchoNotify,25629,,mapped-not-observed,PacketOpcodes.java,imported control-set mapping; target-client verification still required
ActivitySetGiftWishReq,25630,,mapped-not-observed,PacketOpcodes.java,imported control-set mapping; target-client verification still required
AvatarTeamUpdateNotify,25632,,mapped-not-observed,PacketOpcodes.java,imported control-set mapping; target-client verification still required
FKIBIOGPPEE,25633,,mapped-not-observed,PacketOpcodes.java,imported control-set mapping; target-client verification still required
_BeyondDoGachaReq,25639,,mapped-not-observed,PacketOpcodes.java,imported control-set mapping; target-client verification still required
_PlayerApplyHomeCreateBlueprintResultRsp,25648,,mapped-not-observed,PacketOpcodes.java,imported control-set mapping; target-client verification still required
GadgetPlayStopNotify,25650,,mapped-not-observed,PacketOpcodes.java,imported control-set mapping; target-client verification still required
HomeKickPlayerRsp,25652,,mapped-not-observed,PacketOpcodes.java,imported control-set mapping; target-client verification still required
SyncScenePlayTeamEntityNotify,25654,,mapped-not-observed,PacketOpcodes.java,imported control-set mapping; target-client verification still required
HomeExchangeWoodReq,25657,,mapped-not-observed,PacketOpcodes.java,imported control-set mapping; target-client verification still required
IBPHJAPBNOC,25660,,mapped-not-observed,PacketOpcodes.java,imported control-set mapping; target-client verification still required
_UgcDungeonPublishResultNotify,25669,,mapped-not-observed,PacketOpcodes.java,imported control-set mapping; target-client verification still required
BCOEEHAPKHP,25674,,mapped-not-observed,PacketOpcodes.java,imported control-set mapping; target-client verification still required
ICFHDNBAAPO,25676,,mapped-not-observed,PacketOpcodes.java,imported control-set mapping; target-client verification still required
UseItemReq,25681,,mapped-not-observed,PacketOpcodes.java,imported control-set mapping; target-client verification still required
OfferingPariSearchRsp,25683,,mapped-not-observed,PacketOpcodes.java,imported control-set mapping; target-client verification still required
AvatarPropChangeReasonNotify,25688,,mapped-not-observed,PacketOpcodes.java,imported control-set mapping; target-client verification still required
HomeRacingGallerySettleNotify,25691,,mapped-not-observed,PacketOpcodes.java,imported control-set mapping; target-client verification still required
PHJADDJILFG,25697,,mapped-not-observed,PacketOpcodes.java,imported control-set mapping; target-client verification still required
ChannellerSlabOneOffDungeonInfoNotify,25699,,mapped-not-observed,PacketOpcodes.java,imported control-set mapping; target-client verification still required
ACPKGDJAFEJ,25700,,mapped-not-observed,PacketOpcodes.java,imported control-set mapping; target-client verification still required
HEAFDGCACGK,25701,,mapped-not-observed,PacketOpcodes.java,imported control-set mapping; target-client verification still required
CFJDBHFFFHI,25707,,mapped-not-observed,PacketOpcodes.java,imported control-set mapping; target-client verification still required
JMIGEKNMLEB,25708,,mapped-not-observed,PacketOpcodes.java,imported control-set mapping; target-client verification still required
DropItemReq,25716,,mapped-not-observed,PacketOpcodes.java,imported control-set mapping; target-client verification still required
GetAllH5ActivityInfoRsp,25724,,mapped-not-observed,PacketOpcodes.java,imported control-set mapping; target-client verification still required
NKIEJCINADJ,25725,,mapped-not-observed,PacketOpcodes.java,imported control-set mapping; target-client verification still required
_AnecdoteConflictInfoRsp,25726,,mapped-not-observed,PacketOpcodes.java,imported control-set mapping; target-client verification still required
HDCDLMJMBLC,25732,,mapped-not-observed,PacketOpcodes.java,imported control-set mapping; target-client verification still required
WindSeedClientNotify,25742,,mapped-not-observed,PacketOpcodes.java,imported control-set mapping; target-client verification still required
QuestUpdateQuestVarReq,25747,,mapped-not-observed,PacketOpcodes.java,imported control-set mapping; target-client verification still required
GetPlayerBlacklistRsp,25748,,mapped-not-observed,PacketOpcodes.java,imported control-set mapping; target-client verification still required
CommonPlayerTipsNotify,25755,,mapped-not-observed,PacketOpcodes.java,imported control-set mapping; target-client verification still required
DMHAKHGFCDG,25765,,mapped-not-observed,PacketOpcodes.java,imported control-set mapping; target-client verification still required
SaveUgcRsp,25766,,mapped-not-observed,PacketOpcodes.java,imported control-set mapping; target-client verification still required
GCGTCTavernInfoNotify,25770,,mapped-not-observed,PacketOpcodes.java,imported control-set mapping; target-client verification still required
DFFJMIOJPHG,25771,,mapped-not-observed,PacketOpcodes.java,imported control-set mapping; target-client verification still required
LBCCMJNBDOE,25774,,mapped-not-observed,PacketOpcodes.java,imported control-set mapping; target-client verification still required
CoopDataNotify,25775,,mapped-not-observed,PacketOpcodes.java,imported control-set mapping; target-client verification still required
AIMLBCCMNNN,25784,,mapped-not-observed,PacketOpcodes.java,imported control-set mapping; target-client verification still required
SetWidgetSlotRsp,25794,,mapped-not-observed,PacketOpcodes.java,imported control-set mapping; target-client verification still required
RefreshBackgroundAvatarRsp,25819,,mapped-not-observed,PacketOpcodes.java,imported control-set mapping; target-client verification still required
_MonsterChessV2CardSelectRsp,25827,,mapped-not-observed,PacketOpcodes.java,imported control-set mapping; target-client verification still required
_BeyondSeasonNotify,25838,,mapped-not-observed,PacketOpcodes.java,imported control-set mapping; target-client verification still required
KHBEGFMKGCB,25846,,mapped-not-observed,PacketOpcodes.java,imported control-set mapping; target-client verification still required
PlayerStartMatchReq,25847,,mapped-not-observed,PacketOpcodes.java,imported control-set mapping; target-client verification still required
GPNLMLGMOFE,25848,,mapped-not-observed,PacketOpcodes.java,imported control-set mapping; target-client verification still required
AbilityChangeNotify,25853,,mapped-not-observed,PacketOpcodes.java,imported control-set mapping; target-client verification still required
HomeLimitedShopBuyGoodsRsp,25876,,mapped-not-observed,PacketOpcodes.java,imported control-set mapping; target-client verification still required
PostEnterSceneRsp,25882,,mapped-not-observed,PacketOpcodes.java,imported control-set mapping; target-client verification still required
EvtAvatarStandUpNotify,25884,,mapped-not-observed,PacketOpcodes.java,imported control-set mapping; target-client verification still required
JAPMAEHMHPG,25902,,mapped-not-observed,PacketOpcodes.java,imported control-set mapping; target-client verification still required
CNAPAHHPNBP,25909,,mapped-not-observed,PacketOpcodes.java,imported control-set mapping; target-client verification still required
HomeAvatarTalkRsp,25916,,mapped-not-observed,PacketOpcodes.java,imported control-set mapping; target-client verification still required
OABJEFNEFMA,25919,,mapped-not-observed,PacketOpcodes.java,imported control-set mapping; target-client verification still required
CFINBKAMNAD,25924,,mapped-not-observed,PacketOpcodes.java,imported control-set mapping; target-client verification still required
DragonSpineChapterFinishNotify,25934,,mapped-not-observed,PacketOpcodes.java,imported control-set mapping; target-client verification still required
GFOKIAOHPKO,25935,,mapped-not-observed,PacketOpcodes.java,imported control-set mapping; target-client verification still required
JHKNNCOIEFL,25949,,mapped-not-observed,PacketOpcodes.java,imported control-set mapping; target-client verification still required
AJNBNHADKDD,25959,,mapped-not-observed,PacketOpcodes.java,imported control-set mapping; target-client verification still required
FLCEAHLMMEM,25960,,mapped-not-observed,PacketOpcodes.java,imported control-set mapping; target-client verification still required
ItemCdGroupTimeNotify,25967,,mapped-not-observed,PacketOpcodes.java,imported control-set mapping; target-client verification still required
SceneEntitiesMovesRsp,25974,,mapped-not-observed,PacketOpcodes.java,imported control-set mapping; target-client verification still required
ReserveRogueDiaryAvatarReq,25976,,mapped-not-observed,PacketOpcodes.java,imported control-set mapping; target-client verification still required
RoguelikeCardGachaNotify,25978,,mapped-not-observed,PacketOpcodes.java,imported control-set mapping; target-client verification still required
PIHOBBKMLFN,25984,,mapped-not-observed,PacketOpcodes.java,imported control-set mapping; target-client verification still required
NFMJPNMPMJL,25986,,mapped-not-observed,PacketOpcodes.java,imported control-set mapping; target-client verification still required
GetPlayerSocialDetailRsp,25989,,mapped-not-observed,PacketOpcodes.java,imported control-set mapping; target-client verification still required
BPKAHGMFEKB,26004,,mapped-not-observed,PacketOpcodes.java,imported control-set mapping; target-client verification still required
AnchorPointOpRsp,26006,,mapped-not-observed,PacketOpcodes.java,imported control-set mapping; target-client verification still required
ScenePlayerLocationNotify,26016,,mapped-not-observed,PacketOpcodes.java,imported control-set mapping; target-client verification still required
DoGachaReq,26017,,mapped-not-observed,PacketOpcodes.java,imported control-set mapping; target-client verification still required
StoreItemChangeNotify,26018,,mapped-not-observed,PacketOpcodes.java,imported control-set mapping; target-client verification still required
TakeEffigyFirstPassRewardRsp,26022,,mapped-not-observed,PacketOpcodes.java,imported control-set mapping; target-client verification still required
SumoRestartDungeonRsp,26026,,mapped-not-observed,PacketOpcodes.java,imported control-set mapping; target-client verification still required
DeathZoneObserveNotify,26031,,mapped-not-observed,PacketOpcodes.java,imported control-set mapping; target-client verification still required
LMBKCKGDJAL,26046,,mapped-not-observed,PacketOpcodes.java,imported control-set mapping; target-client verification still required
AICABELOEKJ,26048,,mapped-not-observed,PacketOpcodes.java,imported control-set mapping; target-client verification still required
SetPlayerPropReq,26049,,mapped-not-observed,PacketOpcodes.java,imported control-set mapping; target-client verification still required
GetMapMarkTipsRsp,26050,,mapped-not-observed,PacketOpcodes.java,imported control-set mapping; target-client verification still required
IPLDLDKMJPJ,26064,,mapped-not-observed,PacketOpcodes.java,imported control-set mapping; target-client verification still required
FriendInfoChangeNotify,26065,,mapped-not-observed,PacketOpcodes.java,imported control-set mapping; target-client verification still required
WeaponPromoteReq,26071,,mapped-not-observed,PacketOpcodes.java,imported control-set mapping; target-client verification still required
FOADGDGDANI,26072,,mapped-not-observed,PacketOpcodes.java,imported control-set mapping; target-client verification still required
IDFGOMHIPGL,26079,,mapped-not-observed,PacketOpcodes.java,imported control-set mapping; target-client verification still required
LEJDICHKPAJ,26088,,mapped-not-observed,PacketOpcodes.java,imported control-set mapping; target-client verification still required
APMPFJFJNAM,26095,,mapped-not-observed,PacketOpcodes.java,imported control-set mapping; target-client verification still required
SetPlayerBornDataReq,26105,,mapped-not-observed,PacketOpcodes.java,imported control-set mapping; target-client verification still required
GrantRewardNotify,26117,,mapped-not-observed,PacketOpcodes.java,imported control-set mapping; target-client verification still required
GetReunionPrivilegeInfoRsp,26119,,mapped-not-observed,PacketOpcodes.java,imported control-set mapping; target-client verification still required
ActivitySelectAvatarCardReq,26125,,mapped-not-observed,PacketOpcodes.java,imported control-set mapping; target-client verification still required
AvatarChangeElementTypeReq,26128,,mapped-not-observed,PacketOpcodes.java,imported control-set mapping; target-client verification still required
_TakeWorldWatcherRewardBatchRsp,26134,,mapped-not-observed,PacketOpcodes.java,imported control-set mapping; target-client verification still required
GCGDSCardNumChangeNotify,26135,,mapped-not-observed,PacketOpcodes.java,imported control-set mapping; target-client verification still required
ActivityBannerNotify,26136,,mapped-not-observed,PacketOpcodes.java,imported control-set mapping; target-client verification still required
FishingGallerySettleNotify,26138,,mapped-not-observed,PacketOpcodes.java,imported control-set mapping; target-client verification still required
KJNLPDAOBIL,26142,,mapped-not-observed,PacketOpcodes.java,imported control-set mapping; target-client verification still required
DFODLFOKJOO,26147,,mapped-not-observed,PacketOpcodes.java,imported control-set mapping; target-client verification still required
GJLIBONIIEO,26154,,mapped-not-observed,PacketOpcodes.java,imported control-set mapping; target-client verification still required
PJMNDBADAOM,26157,,mapped-not-observed,PacketOpcodes.java,imported control-set mapping; target-client verification still required
AFFKPMDJOFL,26162,,mapped-not-observed,PacketOpcodes.java,imported control-set mapping; target-client verification still required
DPPGPOIHEDO,26169,,mapped-not-observed,PacketOpcodes.java,imported control-set mapping; target-client verification still required
NLNIKDIBAHJ,26175,,mapped-not-observed,PacketOpcodes.java,imported control-set mapping; target-client verification still required
JIMLHKAACLJ,26176,,mapped-not-observed,PacketOpcodes.java,imported control-set mapping; target-client verification still required
PlayerQuitDungeonReq,26190,,mapped-not-observed,PacketOpcodes.java,imported control-set mapping; target-client verification still required
_AnecdoteInfoUpdateNotify,26199,,mapped-not-observed,PacketOpcodes.java,imported control-set mapping; target-client verification still required
EHEOAKMNMEA,26235,,mapped-not-observed,PacketOpcodes.java,imported control-set mapping; target-client verification still required
GlobalBuildingInfoNotify,26244,,mapped-not-observed,PacketOpcodes.java,imported control-set mapping; target-client verification still required
TakeBattlePassMissionPointRsp,26251,,mapped-not-observed,PacketOpcodes.java,imported control-set mapping; target-client verification still required
SceneForceLockNotify,26255,,mapped-not-observed,PacketOpcodes.java,imported control-set mapping; target-client verification still required
OACEDALNMKD,26302,,mapped-not-observed,PacketOpcodes.java,imported control-set mapping; target-client verification still required
AvatarFightPropNotify,26318,,mapped-not-observed,PacketOpcodes.java,imported control-set mapping; target-client verification still required
FLKELEJHLOC,26330,,mapped-not-observed,PacketOpcodes.java,imported control-set mapping; target-client verification still required
MKGKOOPHGJB,26370,,mapped-not-observed,PacketOpcodes.java,imported control-set mapping; target-client verification still required
EFECJBHJAPB,26388,,mapped-not-observed,PacketOpcodes.java,imported control-set mapping; target-client verification still required
_WeekActiveGetRewardRsp,26395,,mapped-not-observed,PacketOpcodes.java,imported control-set mapping; target-client verification still required
LevelupCityRsp,26402,,mapped-not-observed,PacketOpcodes.java,imported control-set mapping; target-client verification still required
FHPBJEGIIND,26403,,mapped-not-observed,PacketOpcodes.java,imported control-set mapping; target-client verification still required
ProjectorOptionRsp,26410,,mapped-not-observed,PacketOpcodes.java,imported control-set mapping; target-client verification still required
CrystalLinkEnterDungeonReq,26412,,mapped-not-observed,PacketOpcodes.java,imported control-set mapping; target-client verification still required
TryEnterHomeReq,26415,,mapped-not-observed,PacketOpcodes.java,imported control-set mapping; target-client verification still required
HPMGHGGDAEF,26418,,mapped-not-observed,PacketOpcodes.java,imported control-set mapping; target-client verification still required
_FunitureMakeMakeInfoChangeBatchNotify,26421,,mapped-not-observed,PacketOpcodes.java,imported control-set mapping; target-client verification still required
DELMJCPELAE,26422,,mapped-not-observed,PacketOpcodes.java,imported control-set mapping; target-client verification still required
ActivityGiveFriendGiftReq,26425,,mapped-not-observed,PacketOpcodes.java,imported control-set mapping; target-client verification still required
ServerAnnounceNotify,26426,,mapped-not-observed,PacketOpcodes.java,imported control-set mapping; target-client verification still required
LNDDAPMIIDK,26433,,mapped-not-observed,PacketOpcodes.java,imported control-set mapping; target-client verification still required
_AnecdoteFinishRsp,26471,,mapped-not-observed,PacketOpcodes.java,imported control-set mapping; target-client verification still required
MDLCDMLHOBE,26478,,mapped-not-observed,PacketOpcodes.java,imported control-set mapping; target-client verification still required
EvtRushMoveNotify,26479,,mapped-not-observed,PacketOpcodes.java,imported control-set mapping; target-client verification still required
GCGDeckHonorCharacterInfoNotify,26480,,mapped-not-observed,PacketOpcodes.java,imported control-set mapping; target-client verification still required
HCONJAHFJPO,26497,,mapped-not-observed,PacketOpcodes.java,imported control-set mapping; target-client verification still required
ScenePlayOwnerStartInviteRsp,26508,,mapped-not-observed,PacketOpcodes.java,imported control-set mapping; target-client verification still required
ScenePlayOwnerInviteNotify,26510,,mapped-not-observed,PacketOpcodes.java,imported control-set mapping; target-client verification still required
MOAIACPGEAF,26512,,mapped-not-observed,PacketOpcodes.java,imported control-set mapping; target-client verification still required
IDFMCKCOJPO,26524,,mapped-not-observed,PacketOpcodes.java,imported control-set mapping; target-client verification still required
LGNDFMECFJI,26527,,mapped-not-observed,PacketOpcodes.java,imported control-set mapping; target-client verification still required
WidgetSlotChangeNotify,26533,,mapped-not-observed,PacketOpcodes.java,imported control-set mapping; target-client verification still required
SummerTimeV2BoatSettleNotify,26554,,mapped-not-observed,PacketOpcodes.java,imported control-set mapping; target-client verification still required
_DailyAttendanceDataNotify,26558,,mapped-not-observed,PacketOpcodes.java,imported control-set mapping; target-client verification still required
ShowCommonTipsNotify,26569,,mapped-not-observed,PacketOpcodes.java,imported control-set mapping; target-client verification still required
JALIDOAEBFA,26570,,mapped-not-observed,PacketOpcodes.java,imported control-set mapping; target-client verification still required
CCEOPHEIFCG,26575,,mapped-not-observed,PacketOpcodes.java,imported control-set mapping; target-client verification still required
MIGCLANKKPM,26576,,mapped-not-observed,PacketOpcodes.java,imported control-set mapping; target-client verification still required
PingRsp,26578,,mapped-not-observed,PacketOpcodes.java,imported control-set mapping; target-client verification still required
HomeKickPlayerReq,26592,,mapped-not-observed,PacketOpcodes.java,imported control-set mapping; target-client verification still required
HKKIDKEDMIF,26598,,mapped-not-observed,PacketOpcodes.java,imported control-set mapping; target-client verification still required
DungeonEntryToBeExploreNotify,26609,,mapped-not-observed,PacketOpcodes.java,imported control-set mapping; target-client verification still required
AddNoGachaAvatarCardNotify,26637,,mapped-not-observed,PacketOpcodes.java,imported control-set mapping; target-client verification still required
KPBMKIMLDJC,26643,,mapped-not-observed,PacketOpcodes.java,imported control-set mapping; target-client verification still required
_BeyondBuyPaidDlcRsp,26644,,mapped-not-observed,PacketOpcodes.java,imported control-set mapping; target-client verification still required
NDELMIPKPED,26651,,mapped-not-observed,PacketOpcodes.java,imported control-set mapping; target-client verification still required
NCDDACPBBDF,26654,,mapped-not-observed,PacketOpcodes.java,imported control-set mapping; target-client verification still required
AAIELCNDDNB,26655,,mapped-not-observed,PacketOpcodes.java,imported control-set mapping; target-client verification still required
WearEquipReq,26671,,mapped-not-observed,PacketOpcodes.java,imported control-set mapping; target-client verification still required
OBHMAOCOGHH,26673,,mapped-not-observed,PacketOpcodes.java,imported control-set mapping; target-client verification still required
LaunchFireworksReq,26674,,mapped-not-observed,PacketOpcodes.java,imported control-set mapping; target-client verification still required
DungeonEntryInfoReq,26692,,mapped-not-observed,PacketOpcodes.java,imported control-set mapping; target-client verification still required
EDAPOOOFBGJ,26693,,mapped-not-observed,PacketOpcodes.java,imported control-set mapping; target-client verification still required
_BeyondCreateHallReq,26704,,mapped-not-observed,PacketOpcodes.java,imported control-set mapping; target-client verification still required
BHGAEKGJMGF,26710,,mapped-not-observed,PacketOpcodes.java,imported control-set mapping; target-client verification still required
LHJNCHOHBAN,26712,,mapped-not-observed,PacketOpcodes.java,imported control-set mapping; target-client verification still required
JLIJBCOBJIO,26716,,mapped-not-observed,PacketOpcodes.java,imported control-set mapping; target-client verification still required
ActivityTakeAllScoreRewardRsp,26720,,mapped-not-observed,PacketOpcodes.java,imported control-set mapping; target-client verification still required
ChallengeRecordNotify,26726,,mapped-not-observed,PacketOpcodes.java,imported control-set mapping; target-client verification still required
ECDKMMNCOEJ,26731,,mapped-not-observed,PacketOpcodes.java,imported control-set mapping; target-client verification still required
AvatarDieAnimationEndRsp,26739,,mapped-not-observed,PacketOpcodes.java,imported control-set mapping; target-client verification still required
_QuestRenameMiscRsp,26749,,mapped-not-observed,PacketOpcodes.java,imported control-set mapping; target-client verification still required
DropItemRsp,26750,,mapped-not-observed,PacketOpcodes.java,imported control-set mapping; target-client verification still required
JCPKLIDFJOH,26761,,mapped-not-observed,PacketOpcodes.java,imported control-set mapping; target-client verification still required
ChannelerSlabStageActiveChallengeIndexNotify,26767,,mapped-not-observed,PacketOpcodes.java,imported control-set mapping; target-client verification still required
BFCEOINHIIK,26774,,mapped-not-observed,PacketOpcodes.java,imported control-set mapping; target-client verification still required
FireworksLaunchDataNotify,26777,,mapped-not-observed,PacketOpcodes.java,imported control-set mapping; target-client verification still required
PlayerFishingDataNotify,26786,,mapped-not-observed,PacketOpcodes.java,imported control-set mapping; target-client verification still required
NLGAPJJPCHK,26787,,mapped-not-observed,PacketOpcodes.java,imported control-set mapping; target-client verification still required
GetGachaInfoReq,26788,,mapped-not-observed,PacketOpcodes.java,imported control-set mapping; target-client verification still required
GalleryFallCatchNotify,26803,,mapped-not-observed,PacketOpcodes.java,imported control-set mapping; target-client verification still required
_UgcDungeonCandidateTeamCreateRsp,26819,,mapped-not-observed,PacketOpcodes.java,imported control-set mapping; target-client verification still required
DungeonCandidateTeamReplyInviteRsp,26824,,mapped-not-observed,PacketOpcodes.java,imported control-set mapping; target-client verification still required
ExecuteGadgetLuaReq,26835,,mapped-not-observed,PacketOpcodes.java,imported control-set mapping; target-client verification still required
StartArenaChallengeLevelReq,26836,,mapped-not-observed,PacketOpcodes.java,imported control-set mapping; target-client verification still required
_BeyondBattlePassCurScheduleUpdateNotify,26843,,mapped-not-observed,PacketOpcodes.java,imported control-set mapping; target-client verification still required
EKEHDGDINBM,26848,,mapped-not-observed,PacketOpcodes.java,imported control-set mapping; target-client verification still required
MCJPILPDKNP,26862,,mapped-not-observed,PacketOpcodes.java,imported control-set mapping; target-client verification still required
TakeBackGivingItemRsp,26864,,mapped-not-observed,PacketOpcodes.java,imported control-set mapping; target-client verification still required
CardProductRewardNotify,26872,,mapped-not-observed,PacketOpcodes.java,imported control-set mapping; target-client verification still required
LBHFHNGCFMH,26876,,mapped-not-observed,PacketOpcodes.java,imported control-set mapping; target-client verification still required
BNDJHMPKLDB,26881,,mapped-not-observed,PacketOpcodes.java,imported control-set mapping; target-client verification still required
KGFNLJJNMIB,26887,,mapped-not-observed,PacketOpcodes.java,imported control-set mapping; target-client verification still required
DailyTaskProgressNotify,26904,,mapped-not-observed,PacketOpcodes.java,imported control-set mapping; target-client verification still required
RogueDiaryCoinAddNotify,26917,,mapped-not-observed,PacketOpcodes.java,imported control-set mapping; target-client verification still required
OCGHIALHBFC,26920,,mapped-not-observed,PacketOpcodes.java,imported control-set mapping; target-client verification still required
CJOMLEJDKFH,26926,,mapped-not-observed,PacketOpcodes.java,imported control-set mapping; target-client verification still required
GGBCADBBBMB,26928,,mapped-not-observed,PacketOpcodes.java,imported control-set mapping; target-client verification still required
GGEBGEGGOIH,26959,,mapped-not-observed,PacketOpcodes.java,imported control-set mapping; target-client verification still required
ELDPNEFDLLB,26962,,mapped-not-observed,PacketOpcodes.java,imported control-set mapping; target-client verification still required
KPHKMKLKADJ,26969,,mapped-not-observed,PacketOpcodes.java,imported control-set mapping; target-client verification still required
_UnlockExternalSystemQuestRsp,26997,,mapped-not-observed,PacketOpcodes.java,imported control-set mapping; target-client verification still required
AOIGGEPKFIO,27010,,mapped-not-observed,PacketOpcodes.java,imported control-set mapping; target-client verification still required
LGGJFBCEGKM,27056,,mapped-not-observed,PacketOpcodes.java,imported control-set mapping; target-client verification still required
NGCINBOFFMJ,27068,,mapped-not-observed,PacketOpcodes.java,imported control-set mapping; target-client verification still required
BNJACEOJDCE,27075,,mapped-not-observed,PacketOpcodes.java,imported control-set mapping; target-client verification still required
WatcherEventStageNotify,27103,,mapped-not-observed,PacketOpcodes.java,imported control-set mapping; target-client verification still required
IDBFBCKDFJL,27106,,mapped-not-observed,PacketOpcodes.java,imported control-set mapping; target-client verification still required
_BeyondRenameCostumeSetRsp,27114,,mapped-not-observed,PacketOpcodes.java,imported control-set mapping; target-client verification still required
ABJLJDNCJNP,27119,,mapped-not-observed,PacketOpcodes.java,imported control-set mapping; target-client verification still required
HuntingRevealClueNotify,27128,,mapped-not-observed,PacketOpcodes.java,imported control-set mapping; target-client verification still required
MpBlockNotify,27129,,mapped-not-observed,PacketOpcodes.java,imported control-set mapping; target-client verification still required
MonsterAIConfigHashNotify,27134,,mapped-not-observed,PacketOpcodes.java,imported control-set mapping; target-client verification still required
PlantFlowerGiveFriendFlowerReq,27139,,mapped-not-observed,PacketOpcodes.java,imported control-set mapping; target-client verification still required
GalleryWillStartCountdownNotify,27143,,mapped-not-observed,PacketOpcodes.java,imported control-set mapping; target-client verification still required
KICICFICMIK,27144,,mapped-not-observed,PacketOpcodes.java,imported control-set mapping; target-client verification still required
McoinExchangeHcoinRsp,27147,,mapped-not-observed,PacketOpcodes.java,imported control-set mapping; target-client verification still required
MAGPJPFAHMM,27148,,mapped-not-observed,PacketOpcodes.java,imported control-set mapping; target-client verification still required
CMFKFIMOEFL,27150,,mapped-not-observed,PacketOpcodes.java,imported control-set mapping; target-client verification still required
DraftOwnerStartInviteRsp,27164,,mapped-not-observed,PacketOpcodes.java,imported control-set mapping; target-client verification still required
PPPAJBNFBOO,27174,,mapped-not-observed,PacketOpcodes.java,imported control-set mapping; target-client verification still required
HOANJCLAJOG,27200,,mapped-not-observed,PacketOpcodes.java,imported control-set mapping; target-client verification still required
MGBFHBDPMBE,27201,,mapped-not-observed,PacketOpcodes.java,imported control-set mapping; target-client verification still required
PCIJFBPHGKJ,27210,,mapped-not-observed,PacketOpcodes.java,imported control-set mapping; target-client verification still required
CoinCollectGallerySettleNotify,27228,,mapped-not-observed,PacketOpcodes.java,imported control-set mapping; target-client verification still required
SceneEntityMoveReq,27230,,mapped-not-observed,PacketOpcodes.java,imported control-set mapping; target-client verification still required
EMBHGMEFCOI,27233,,mapped-not-observed,PacketOpcodes.java,imported control-set mapping; target-client verification still required
_MusicGameBookStartReq,27235,,mapped-not-observed,PacketOpcodes.java,imported control-set mapping; target-client verification still required
BlessingGiveFriendPicRsp,27245,,mapped-not-observed,PacketOpcodes.java,imported control-set mapping; target-client verification still required
_PullStrangerChatReq,27246,,mapped-not-observed,PacketOpcodes.java,imported control-set mapping; target-client verification still required
SorushTrialPhotoMatchGallerySettleNotify,27248,,mapped-not-observed,PacketOpcodes.java,imported control-set mapping; target-client verification still required
_TakeBeyondBattlePassRewardReq,27251,,mapped-not-observed,PacketOpcodes.java,imported control-set mapping; target-client verification still required
EntityFightPropNotify,27270,,mapped-not-observed,PacketOpcodes.java,imported control-set mapping; target-client verification still required
GalleryBalloonScoreNotify,27276,,mapped-not-observed,PacketOpcodes.java,imported control-set mapping; target-client verification still required
ReunionPrivilegeChangeNotify,27305,,mapped-not-observed,PacketOpcodes.java,imported control-set mapping; target-client verification still required
GMPEJHLMPIO,27309,,mapped-not-observed,PacketOpcodes.java,imported control-set mapping; target-client verification still required
ELBGMJJCFMC,27334,,mapped-not-observed,PacketOpcodes.java,imported control-set mapping; target-client verification still required
_ShowLoadingScreenNotify,27335,,mapped-not-observed,PacketOpcodes.java,imported control-set mapping; target-client verification still required
HCNLIBDBCND,27336,,mapped-not-observed,PacketOpcodes.java,imported control-set mapping; target-client verification still required
CGPGBNDOENA,27372,,mapped-not-observed,PacketOpcodes.java,imported control-set mapping; target-client verification still required
ILKOGOCKAEF,27373,,mapped-not-observed,PacketOpcodes.java,imported control-set mapping; target-client verification still required
HomeSaveArrangementNoChangeRsp,27386,,mapped-not-observed,PacketOpcodes.java,imported control-set mapping; target-client verification still required
IPCBMJAKOGJ,27387,,mapped-not-observed,PacketOpcodes.java,imported control-set mapping; target-client verification still required
MistTrialSelectAvatarAndEnterDungeonReq,27407,,mapped-not-observed,PacketOpcodes.java,imported control-set mapping; target-client verification still required
GCGTCInviteReq,27412,,mapped-not-observed,PacketOpcodes.java,imported control-set mapping; target-client verification still required
LFIJDJDJIDI,27413,,mapped-not-observed,PacketOpcodes.java,imported control-set mapping; target-client verification still required
HomeAvatarTalkFinishInfoNotify,27416,,mapped-not-observed,PacketOpcodes.java,imported control-set mapping; target-client verification still required
SceneAreaUnlockNotify,27420,,mapped-not-observed,PacketOpcodes.java,imported control-set mapping; target-client verification still required
IIBKDICGFGH,27425,,mapped-not-observed,PacketOpcodes.java,imported control-set mapping; target-client verification still required
CFMBPIFANDL,27427,,mapped-not-observed,PacketOpcodes.java,imported control-set mapping; target-client verification still required
ClientReconnectNotify,27428,,mapped-not-observed,PacketOpcodes.java,imported control-set mapping; target-client verification still required
ChangeTeamNameReq,27436,,mapped-not-observed,PacketOpcodes.java,imported control-set mapping; target-client verification still required
_LanV6CardSetFavoriteReq,27440,,mapped-not-observed,PacketOpcodes.java,imported control-set mapping; target-client verification still required
StartBuoyantCombatGalleryReq,27450,,mapped-not-observed,PacketOpcodes.java,imported control-set mapping; target-client verification still required
IslandPartySailInfoNotify,27453,,mapped-not-observed,PacketOpcodes.java,imported control-set mapping; target-client verification still required
ActivityUpdateWatcherNotify,27458,,mapped-not-observed,PacketOpcodes.java,imported control-set mapping; target-client verification still required
ProudSkillExtraLevelNotify,27466,,mapped-not-observed,PacketOpcodes.java,imported control-set mapping; target-client verification still required
KFIKHMHNGJC,27474,,mapped-not-observed,PacketOpcodes.java,imported control-set mapping; target-client verification still required
BDKFNPIGDAM,27484,,mapped-not-observed,PacketOpcodes.java,imported control-set mapping; target-client verification still required
HCIALPMAAMG,27490,,mapped-not-observed,PacketOpcodes.java,imported control-set mapping; target-client verification still required
AvatarPromoteRsp,27494,,mapped-not-observed,PacketOpcodes.java,imported control-set mapping; target-client verification still required
SetPlayerBirthdayReq,27497,,mapped-not-observed,PacketOpcodes.java,imported control-set mapping; target-client verification still required
IrodoriScanEntityRsp,27498,,mapped-not-observed,PacketOpcodes.java,imported control-set mapping; target-client verification still required
HAEFNIGNKND,27505,,mapped-not-observed,PacketOpcodes.java,imported control-set mapping; target-client verification still required
_MonsterChessBattleDataNotify,27517,,mapped-not-observed,PacketOpcodes.java,imported control-set mapping; target-client verification still required
TakeInvestigationRewardRsp,27528,,mapped-not-observed,PacketOpcodes.java,imported control-set mapping; target-client verification still required
HOJOHIGBKFB,27532,,mapped-not-observed,PacketOpcodes.java,imported control-set mapping; target-client verification still required
_GetShopBatchReq,27535,,mapped-not-observed,PacketOpcodes.java,imported control-set mapping; target-client verification still required
KKMKHGCHNIG,27536,,mapped-not-observed,PacketOpcodes.java,imported control-set mapping; target-client verification still required
FungusRenameReq,27541,,mapped-not-observed,PacketOpcodes.java,imported control-set mapping; target-client verification still required
PlantFlowerEditFlowerCombinationReq,27553,,mapped-not-observed,PacketOpcodes.java,imported control-set mapping; target-client verification still required
CreateVehicleRsp,27567,,mapped-not-observed,PacketOpcodes.java,imported control-set mapping; target-client verification still required
_TakeDailyTaskScoreRewardReq,27568,,mapped-not-observed,PacketOpcodes.java,imported control-set mapping; target-client verification still required
BEFOEKHJKDN,27578,,mapped-not-observed,PacketOpcodes.java,imported control-set mapping; target-client verification still required
ELHDJHJEAPK,27587,,mapped-not-observed,PacketOpcodes.java,imported control-set mapping; target-client verification still required
TreasureMapDetectorDataNotify,27588,,mapped-not-observed,PacketOpcodes.java,imported control-set mapping; target-client verification still required
OPHNJCJAMLD,27592,,mapped-not-observed,PacketOpcodes.java,imported control-set mapping; target-client verification still required
GroupUnloadNotify,27609,,mapped-not-observed,PacketOpcodes.java,imported control-set mapping; target-client verification still required
_ActivityClientPlayFinishReq,27615,,mapped-not-observed,PacketOpcodes.java,imported control-set mapping; target-client verification still required
SeaLampFlyLampRsp,27616,,mapped-not-observed,PacketOpcodes.java,imported control-set mapping; target-client verification still required
PHGAJIPKNDB,27629,,mapped-not-observed,PacketOpcodes.java,imported control-set mapping; target-client verification still required
SumoSwitchTeamRsp,27645,,mapped-not-observed,PacketOpcodes.java,imported control-set mapping; target-client verification still required
FMBOAHOIECL,27653,,mapped-not-observed,PacketOpcodes.java,imported control-set mapping; target-client verification still required
ServerCombatEndNotify,27675,,mapped-not-observed,PacketOpcodes.java,imported control-set mapping; target-client verification still required
_AddAvatarTalentNotify,27682,,mapped-not-observed,PacketOpcodes.java,imported control-set mapping; target-client verification still required
SceneEntityAppearNotify,27685,,mapped-not-observed,PacketOpcodes.java,imported control-set mapping; target-client verification still required
AAFJGBHIDAI,27697,,mapped-not-observed,PacketOpcodes.java,imported control-set mapping; target-client verification still required
IKJECGCMMNG,27716,,mapped-not-observed,PacketOpcodes.java,imported control-set mapping; target-client verification still required
CPMENKGAIKE,27723,,mapped-not-observed,PacketOpcodes.java,imported control-set mapping; target-client verification still required
WinterCampAcceptGiveItemRsp,27724,,mapped-not-observed,PacketOpcodes.java,imported control-set mapping; target-client verification still required
ELLKDGFHIMM,27736,,mapped-not-observed,PacketOpcodes.java,imported control-set mapping; target-client verification still required
BPIMBOJOICD,27759,,mapped-not-observed,PacketOpcodes.java,imported control-set mapping; target-client verification still required
IPLCKHMPHKP,27770,,mapped-not-observed,PacketOpcodes.java,imported control-set mapping; target-client verification still required
EFBONIHKOPF,27781,,mapped-not-observed,PacketOpcodes.java,imported control-set mapping; target-client verification still required
_MonsterChessSettleNotify,27784,,mapped-not-observed,PacketOpcodes.java,imported control-set mapping; target-client verification still required
GCGHintNotify,27788,,mapped-not-observed,PacketOpcodes.java,imported control-set mapping; target-client verification still required
AvatarDataNotify,27799,,mapped-not-observed,PacketOpcodes.java,imported control-set mapping; target-client verification still required
_DungeonTeamBuilderOperationReq,27804,,mapped-not-observed,PacketOpcodes.java,imported control-set mapping; target-client verification still required
HONBJKBMLDK,27806,,mapped-not-observed,PacketOpcodes.java,imported control-set mapping; target-client verification still required
SceneGalleryVintageHuntingSettleNotify,27810,,mapped-not-observed,PacketOpcodes.java,imported control-set mapping; target-client verification still required
AssociateInferenceWordRsp,27812,,mapped-not-observed,PacketOpcodes.java,imported control-set mapping; target-client verification still required
HomeUpdateFishFarmingInfoReq,27820,,mapped-not-observed,PacketOpcodes.java,imported control-set mapping; target-client verification still required
HuntingGiveUpRsp,27823,,mapped-not-observed,PacketOpcodes.java,imported control-set mapping; target-client verification still required
TowerAllDataReq,27826,,mapped-not-observed,PacketOpcodes.java,imported control-set mapping; target-client verification still required
MCBLOGKLGLJ,27835,,mapped-not-observed,PacketOpcodes.java,imported control-set mapping; target-client verification still required
_UnlockExternalSystemQuestReq,27853,,mapped-not-observed,PacketOpcodes.java,imported control-set mapping; target-client verification still required
_TakeFurnitureMakeAllRsp,27862,,mapped-not-observed,PacketOpcodes.java,imported control-set mapping; target-client verification still required
GetUgcRsp,27887,,mapped-not-observed,PacketOpcodes.java,imported control-set mapping; target-client verification still required
TeamChainEnterDungeonReq,27896,,mapped-not-observed,PacketOpcodes.java,imported control-set mapping; target-client verification still required
IrodoriFillPoetryRsp,27901,,mapped-not-observed,PacketOpcodes.java,imported control-set mapping; target-client verification still required
CGPFDGIFKFB,27907,,mapped-not-observed,PacketOpcodes.java,imported control-set mapping; target-client verification still required
ElectroherculesBattleSettleNotify,27911,,mapped-not-observed,PacketOpcodes.java,imported control-set mapping; target-client verification still required
ActivityGetCanGiveFriendGiftRsp,27926,,mapped-not-observed,PacketOpcodes.java,imported control-set mapping; target-client verification still required
GetBargainDataReq,27928,,mapped-not-observed,PacketOpcodes.java,imported control-set mapping; target-client verification still required
FPEGHJANILP,27946,,mapped-not-observed,PacketOpcodes.java,imported control-set mapping; target-client verification still required
WidgetDoBagReq,27964,,mapped-not-observed,PacketOpcodes.java,imported control-set mapping; target-client verification still required
MonsterAlertChangeNotify,27967,,mapped-not-observed,PacketOpcodes.java,imported control-set mapping; target-client verification still required
AHPLPMAENLE,27968,,mapped-not-observed,PacketOpcodes.java,imported control-set mapping; target-client verification still required
HGJIEKLLLBM,27970,,mapped-not-observed,PacketOpcodes.java,imported control-set mapping; target-client verification still required
WorldOwnerDailyTaskNotify,28004,,mapped-not-observed,PacketOpcodes.java,imported control-set mapping; target-client verification still required
PlayerMatchInfoNotify,28008,,mapped-not-observed,PacketOpcodes.java,imported control-set mapping; target-client verification still required
DDNBFOLJKDC,28012,,mapped-not-observed,PacketOpcodes.java,imported control-set mapping; target-client verification still required
OMKEFLIIDFF,28018,,mapped-not-observed,PacketOpcodes.java,imported control-set mapping; target-client verification still required
KCLEOJEHIPA,28021,,mapped-not-observed,PacketOpcodes.java,imported control-set mapping; target-client verification still required
GKDEFPOBOOG,28048,,mapped-not-observed,PacketOpcodes.java,imported control-set mapping; target-client verification still required
FLGHDFNONEO,28052,,mapped-not-observed,PacketOpcodes.java,imported control-set mapping; target-client verification still required
TowerDailyRewardProgressChangeNotify,28053,,mapped-not-observed,PacketOpcodes.java,imported control-set mapping; target-client verification still required
GIKPFDLDEHB,28071,,mapped-not-observed,PacketOpcodes.java,imported control-set mapping; target-client verification still required
ExpeditionChallengeEnterRegionNotify,28075,,mapped-not-observed,PacketOpcodes.java,imported control-set mapping; target-client verification still required
KLILOOCOAIH,28080,,mapped-not-observed,PacketOpcodes.java,imported control-set mapping; target-client verification still required
FishChosenNotify,28084,,mapped-not-observed,PacketOpcodes.java,imported control-set mapping; target-client verification still required
JHBIOHDBBIF,28091,,mapped-not-observed,PacketOpcodes.java,imported control-set mapping; target-client verification still required
GetBonusActivityRewardReq,28092,,mapped-not-observed,PacketOpcodes.java,imported control-set mapping; target-client verification still required
_TakeWorldWatcherRewardBatchReq,28093,,mapped-not-observed,PacketOpcodes.java,imported control-set mapping; target-client verification still required
AIBKNHFNKLI,28096,,mapped-not-observed,PacketOpcodes.java,imported control-set mapping; target-client verification still required
DLOMILCFHPB,28098,,mapped-not-observed,PacketOpcodes.java,imported control-set mapping; target-client verification still required
ItemRenameAvatarReq,28101,,mapped-not-observed,PacketOpcodes.java,imported control-set mapping; target-client verification still required
AvatarWearFlycloakRsp,28109,,mapped-not-observed,PacketOpcodes.java,imported control-set mapping; target-client verification still required
PlayerCompoundMaterialRsp,28111,,mapped-not-observed,PacketOpcodes.java,imported control-set mapping; target-client verification still required
GCPDKENEPKO,28119,,mapped-not-observed,PacketOpcodes.java,imported control-set mapping; target-client verification still required
EntityConfigHashNotify,28121,,mapped-not-observed,PacketOpcodes.java,imported control-set mapping; target-client verification still required
GKMGFKLMFFB,28122,,mapped-not-observed,PacketOpcodes.java,imported control-set mapping; target-client verification still required
UnlockPersonalLineRsp,28128,,mapped-not-observed,PacketOpcodes.java,imported control-set mapping; target-client verification still required
MMPDBCEILFI,28131,,mapped-not-observed,PacketOpcodes.java,imported control-set mapping; target-client verification still required
SetOpenStateRsp,28142,,mapped-not-observed,PacketOpcodes.java,imported control-set mapping; target-client verification still required
PlayerApplyEnterMpResultNotify,28155,,mapped-not-observed,PacketOpcodes.java,imported control-set mapping; target-client verification still required
DPAHGLEOFCC,28156,,mapped-not-observed,PacketOpcodes.java,imported control-set mapping; target-client verification still required
JourneyFinishPlayGearRsp,28160,,mapped-not-observed,PacketOpcodes.java,imported control-set mapping; target-client verification still required
HomeUpdateScenePointFishFarmingInfoReq,28164,,mapped-not-observed,PacketOpcodes.java,imported control-set mapping; target-client verification still required
AddQuestContentProgressRsp,28170,,mapped-not-observed,PacketOpcodes.java,imported control-set mapping; target-client verification still required
HKHBLNAGOKK,28185,,mapped-not-observed,PacketOpcodes.java,imported control-set mapping; target-client verification still required
FishBattleEndRsp,28189,,mapped-not-observed,PacketOpcodes.java,imported control-set mapping; target-client verification still required
_WispCageDeliverItemReq,28195,,mapped-not-observed,PacketOpcodes.java,imported control-set mapping; target-client verification still required
MiracleRingDeliverItemRsp,28200,,mapped-not-observed,PacketOpcodes.java,imported control-set mapping; target-client verification still required
ForgeFormulaDataNotify,28203,,mapped-not-observed,PacketOpcodes.java,imported control-set mapping; target-client verification still required
KKCLMMCAOPE,28204,,mapped-not-observed,PacketOpcodes.java,imported control-set mapping; target-client verification still required
KNALDFLPCBI,28207,,mapped-not-observed,PacketOpcodes.java,imported control-set mapping; target-client verification still required
GFNKDNEBHFH,28218,,mapped-not-observed,PacketOpcodes.java,imported control-set mapping; target-client verification still required
MassiveEntityElementOpBatchNotify,28227,,mapped-not-observed,PacketOpcodes.java,imported control-set mapping; target-client verification still required
_AnecdoteGetDataRsp,28234,,mapped-not-observed,PacketOpcodes.java,imported control-set mapping; target-client verification still required
KOFAKOBPNKP,28241,,mapped-not-observed,PacketOpcodes.java,imported control-set mapping; target-client verification still required
WidgetUpdateExtraCDRsp,28247,,mapped-not-observed,PacketOpcodes.java,imported control-set mapping; target-client verification still required
_BeyondHallChangeTagsReq,28249,,mapped-not-observed,PacketOpcodes.java,imported control-set mapping; target-client verification still required
DMKDPFILCGC,28252,,mapped-not-observed,PacketOpcodes.java,imported control-set mapping; target-client verification still required
ActivityTakeScoreRewardReq,28265,,mapped-not-observed,PacketOpcodes.java,imported control-set mapping; target-client verification still required
OJMAKFKINML,28268,,mapped-not-observed,PacketOpcodes.java,imported control-set mapping; target-client verification still required
VintageMarketDeliverItemReq,28269,,mapped-not-observed,PacketOpcodes.java,imported control-set mapping; target-client verification still required
ChatChannelDataNotify,28272,,mapped-not-observed,PacketOpcodes.java,imported control-set mapping; target-client verification still required
TowerGetFloorStarRewardReq,28279,,mapped-not-observed,PacketOpcodes.java,imported control-set mapping; target-client verification still required
SpringUseRsp,28282,,mapped-not-observed,PacketOpcodes.java,imported control-set mapping; target-client verification still required
_BeyondHallChangeDescriptionRsp,28288,,mapped-not-observed,PacketOpcodes.java,imported control-set mapping; target-client verification still required
KKCIPDMNLJK,28322,,mapped-not-observed,PacketOpcodes.java,imported control-set mapping; target-client verification still required
UpdateSalvageBundleMarkRsp,28328,,mapped-not-observed,PacketOpcodes.java,imported control-set mapping; target-client verification still required
_QuestFocusModeNotify,28334,,mapped-not-observed,PacketOpcodes.java,imported control-set mapping; target-client verification still required
CCHNJOCFNHF,28341,,mapped-not-observed,PacketOpcodes.java,imported control-set mapping; target-client verification still required
IOILHCLLLAO,28344,,mapped-not-observed,PacketOpcodes.java,imported control-set mapping; target-client verification still required
PullPrivateChatRsp,28347,,mapped-not-observed,PacketOpcodes.java,imported control-set mapping; target-client verification still required
SalvageEscortSettleNotify,28358,,mapped-not-observed,PacketOpcodes.java,imported control-set mapping; target-client verification still required
HomeBalloonGalleryScoreNotify,28366,,mapped-not-observed,PacketOpcodes.java,imported control-set mapping; target-client verification still required
SceneWeatherForcastReq,28371,,mapped-not-observed,PacketOpcodes.java,imported control-set mapping; target-client verification still required
FJFDOHFALBD,28374,,mapped-not-observed,PacketOpcodes.java,imported control-set mapping; target-client verification still required
DailyTaskFilterCityRsp,28379,,mapped-not-observed,PacketOpcodes.java,imported control-set mapping; target-client verification still required
EHNLLNNEHDH,28390,,mapped-not-observed,PacketOpcodes.java,imported control-set mapping; target-client verification still required
EditUgcDungeonSettingNotify,28396,,mapped-not-observed,PacketOpcodes.java,imported control-set mapping; target-client verification still required
HitClientTrivialNotify,28399,,mapped-not-observed,PacketOpcodes.java,imported control-set mapping; target-client verification still required
MJCEMGAAHCI,28402,,mapped-not-observed,PacketOpcodes.java,imported control-set mapping; target-client verification still required
OOBKIPCAMII,28406,,mapped-not-observed,PacketOpcodes.java,imported control-set mapping; target-client verification still required
_TakeAquariumTaskRewardReq,28425,,mapped-not-observed,PacketOpcodes.java,imported control-set mapping; target-client verification still required
PlayerReportReq,28427,,mapped-not-observed,PacketOpcodes.java,imported control-set mapping; target-client verification still required
_TowerDefenseEnterDungeonReq,28435,,mapped-not-observed,PacketOpcodes.java,imported control-set mapping; target-client verification still required
KOFNJPKHBGM,28467,,mapped-not-observed,PacketOpcodes.java,imported control-set mapping; target-client verification still required
DungeonInterruptChallengeRsp,28490,,mapped-not-observed,PacketOpcodes.java,imported control-set mapping; target-client verification still required
BrickBreakerSelectSkillRsp,28493,,mapped-not-observed,PacketOpcodes.java,imported control-set mapping; target-client verification still required
CIMGFMFEPLD,28495,,mapped-not-observed,PacketOpcodes.java,imported control-set mapping; target-client verification still required
PlayerLevelRewardUpdateNotify,28500,,mapped-not-observed,PacketOpcodes.java,imported control-set mapping; target-client verification still required
DIBOFJPOMCM,28501,,mapped-not-observed,PacketOpcodes.java,imported control-set mapping; target-client verification still required
GCGGameBriefDataNotify,28508,,mapped-not-observed,PacketOpcodes.java,imported control-set mapping; target-client verification still required
RogueSwitchAvatarReq,28509,,mapped-not-observed,PacketOpcodes.java,imported control-set mapping; target-client verification still required
_StrangerChatDataNotify,28510,,mapped-not-observed,PacketOpcodes.java,imported control-set mapping; target-client verification still required
GCGOperationReq,28526,,mapped-not-observed,PacketOpcodes.java,imported control-set mapping; target-client verification still required
EvtAnimatorParameterNotify,28555,,mapped-not-observed,PacketOpcodes.java,imported control-set mapping; target-client verification still required
PlayerLuaShellNotify,28564,,mapped-not-observed,PacketOpcodes.java,imported control-set mapping; target-client verification still required
_UgcDungeonAddReq,28570,,mapped-not-observed,PacketOpcodes.java,imported control-set mapping; target-client verification still required
DNONOPLNPEF,28571,,mapped-not-observed,PacketOpcodes.java,imported control-set mapping; target-client verification still required
CDNENDNNJML,28572,,mapped-not-observed,PacketOpcodes.java,imported control-set mapping; target-client verification still required
DelMailRsp,28591,,mapped-not-observed,PacketOpcodes.java,imported control-set mapping; target-client verification still required
FungusRenameRsp,28600,,mapped-not-observed,PacketOpcodes.java,imported control-set mapping; target-client verification still required
EnterFungusFighterPlotDungeonRsp,28610,,mapped-not-observed,PacketOpcodes.java,imported control-set mapping; target-client verification still required
WorldChestOpenNotify,28616,,mapped-not-observed,PacketOpcodes.java,imported control-set mapping; target-client verification still required
AMBMIOEKPKJ,28628,,mapped-not-observed,PacketOpcodes.java,imported control-set mapping; target-client verification still required
JOFFGNDEEJH,28633,,mapped-not-observed,PacketOpcodes.java,imported control-set mapping; target-client verification still required
HomeScenePointFishFarmingInfoNotify,28646,,mapped-not-observed,PacketOpcodes.java,imported control-set mapping; target-client verification still required
APLIFPLFBBP,28648,,mapped-not-observed,PacketOpcodes.java,imported control-set mapping; target-client verification still required
KHBIINAGHHG,28661,,mapped-not-observed,PacketOpcodes.java,imported control-set mapping; target-client verification still required
TakeCityReputationParentQuestRsp,28676,,mapped-not-observed,PacketOpcodes.java,imported control-set mapping; target-client verification still required
EBMLKKADDIM,28680,,mapped-not-observed,PacketOpcodes.java,imported control-set mapping; target-client verification still required
ShowTemplateReminderNotify,28686,,mapped-not-observed,PacketOpcodes.java,imported control-set mapping; target-client verification still required
EGAIPCLNLFC,28687,,mapped-not-observed,PacketOpcodes.java,imported control-set mapping; target-client verification still required
UpdatePlayerShowAvatarListReq,28693,,mapped-not-observed,PacketOpcodes.java,imported control-set mapping; target-client verification still required
_BeyondHallChangeAuthModeReq,28720,,mapped-not-observed,PacketOpcodes.java,imported control-set mapping; target-client verification still required
GCGSettleOptionRsp,28721,,mapped-not-observed,PacketOpcodes.java,imported control-set mapping; target-client verification still required
HJOFMOHNFCI,28722,,mapped-not-observed,PacketOpcodes.java,imported control-set mapping; target-client verification still required
IrodoriChessPlayerInfoNotify,28735,,mapped-not-observed,PacketOpcodes.java,imported control-set mapping; target-client verification still required
DODGOEFKAMF,28752,,mapped-not-observed,PacketOpcodes.java,imported control-set mapping; target-client verification still required
_SetFoodStarStateRsp,28754,,mapped-not-observed,PacketOpcodes.java,imported control-set mapping; target-client verification still required
DIMIJGNFPHI,28757,,mapped-not-observed,PacketOpcodes.java,imported control-set mapping; target-client verification still required
EEEKKFPMPHM,28759,,mapped-not-observed,PacketOpcodes.java,imported control-set mapping; target-client verification still required
AvatarDelNotify,28768,,mapped-not-observed,PacketOpcodes.java,imported control-set mapping; target-client verification still required
OMKNGPNBMKI,28785,,mapped-not-observed,PacketOpcodes.java,imported control-set mapping; target-client verification still required
MFPBCBMLDJD,28789,,mapped-not-observed,PacketOpcodes.java,imported control-set mapping; target-client verification still required
VintageMarketStoreViewStrategyRsp,28796,,mapped-not-observed,PacketOpcodes.java,imported control-set mapping; target-client verification still required
ChessPickCardRsp,28802,,mapped-not-observed,PacketOpcodes.java,imported control-set mapping; target-client verification still required
GadgetPlayUidOpNotify,28806,,mapped-not-observed,PacketOpcodes.java,imported control-set mapping; target-client verification still required
WinterCampGetRecvItemListRsp,28812,,mapped-not-observed,PacketOpcodes.java,imported control-set mapping; target-client verification still required
PDNGEJHGAMM,28820,,mapped-not-observed,PacketOpcodes.java,imported control-set mapping; target-client verification still required
QuestProgressUpdateNotify,28822,,mapped-not-observed,PacketOpcodes.java,imported control-set mapping; target-client verification still required
BEAPIGNCAOB,28824,,mapped-not-observed,PacketOpcodes.java,imported control-set mapping; target-client verification still required
HomeAvatarCostumeChangeNotify,28844,,mapped-not-observed,PacketOpcodes.java,imported control-set mapping; target-client verification still required
VintageMarketStartStorePlayReq,28850,,mapped-not-observed,PacketOpcodes.java,imported control-set mapping; target-client verification still required
AvatarEquipAffixStartNotify,28856,,mapped-not-observed,PacketOpcodes.java,imported control-set mapping; target-client verification still required
ChangeWorldToSingleModeRsp,28865,,mapped-not-observed,PacketOpcodes.java,imported control-set mapping; target-client verification still required
_StartBladeHeartGalleryReq,28867,,mapped-not-observed,PacketOpcodes.java,imported control-set mapping; target-client verification still required
MHBMIMONJCJ,28881,,mapped-not-observed,PacketOpcodes.java,imported control-set mapping; target-client verification still required
_UgcDungeonChangePublishedSettingReq,28882,,mapped-not-observed,PacketOpcodes.java,imported control-set mapping; target-client verification still required
MNECGJGHKIB,28888,,mapped-not-observed,PacketOpcodes.java,imported control-set mapping; target-client verification still required
FleurFairMusicGameStartReq,28896,,mapped-not-observed,PacketOpcodes.java,imported control-set mapping; target-client verification still required
DCBODLLPLID,28917,,mapped-not-observed,PacketOpcodes.java,imported control-set mapping; target-client verification still required
_BeyondBattlePassMissionUpdateNotify,28939,,mapped-not-observed,PacketOpcodes.java,imported control-set mapping; target-client verification still required
_QuestMutualShowNotify,28954,,mapped-not-observed,PacketOpcodes.java,imported control-set mapping; target-client verification still required
IAJCKLAPFBO,28956,,mapped-not-observed,PacketOpcodes.java,imported control-set mapping; target-client verification still required
CFIGMNBGOGP,28972,,mapped-not-observed,PacketOpcodes.java,imported control-set mapping; target-client verification still required
GalleryFallScoreNotify,28985,,mapped-not-observed,PacketOpcodes.java,imported control-set mapping; target-client verification still required
TakeoffEquipRsp,28988,,mapped-not-observed,PacketOpcodes.java,imported control-set mapping; target-client verification still required
GPCKNGMGKID,28996,,mapped-not-observed,PacketOpcodes.java,imported control-set mapping; target-client verification still required
TakeFurnitureMakeRsp,29002,,mapped-not-observed,PacketOpcodes.java,imported control-set mapping; target-client verification still required
QuestTransmitRsp,29015,,mapped-not-observed,PacketOpcodes.java,imported control-set mapping; target-client verification still required
FinishDeliveryNotify,29041,,mapped-not-observed,PacketOpcodes.java,imported control-set mapping; target-client verification still required
_UgcVoteRsp,29045,,mapped-not-observed,PacketOpcodes.java,imported control-set mapping; target-client verification still required
WindSeedType1Notify,29056,,mapped-not-observed,PacketOpcodes.java,imported control-set mapping; target-client verification still required
GetInvestigationMonsterRsp,29068,,mapped-not-observed,PacketOpcodes.java,imported control-set mapping; target-client verification still required
AbilityInvocationFixedNotify,29071,,mapped-not-observed,PacketOpcodes.java,imported control-set mapping; target-client verification still required
_GetPlayerFriendBriefRsp,29072,,mapped-not-observed,PacketOpcodes.java,imported control-set mapping; target-client verification still required
_LanV6TakeLanternGiftRsp,29089,,mapped-not-observed,PacketOpcodes.java,imported control-set mapping; target-client verification still required
_StrangerChatNotify,29096,,mapped-not-observed,PacketOpcodes.java,imported control-set mapping; target-client verification still required
ALLJIGCDMID,29099,,mapped-not-observed,PacketOpcodes.java,imported control-set mapping; target-client verification still required
TaskVarNotify,29103,,mapped-not-observed,PacketOpcodes.java,imported control-set mapping; target-client verification still required
FungusFighterRuntimeDataNotify,29110,,mapped-not-observed,PacketOpcodes.java,imported control-set mapping; target-client verification still required
HomeLimitedShopBuyGoodsReq,29111,,mapped-not-observed,PacketOpcodes.java,imported control-set mapping; target-client verification still required
OLLNNMGBCMI,29122,,mapped-not-observed,PacketOpcodes.java,imported control-set mapping; target-client verification still required
BlessingAcceptGivePicReq,29136,,mapped-not-observed,PacketOpcodes.java,imported control-set mapping; target-client verification still required
GadgetPlayStartNotify,29148,,mapped-not-observed,PacketOpcodes.java,imported control-set mapping; target-client verification still required
JGGEHPJLIDD,29159,,mapped-not-observed,PacketOpcodes.java,imported control-set mapping; target-client verification still required
KBKEFNLJGGM,29162,,mapped-not-observed,PacketOpcodes.java,imported control-set mapping; target-client verification still required
ServerTimeNotify,29171,,mapped-not-observed,PacketOpcodes.java,imported control-set mapping; target-client verification still required
LMJKOPOLLOF,29173,,mapped-not-observed,PacketOpcodes.java,imported control-set mapping; target-client verification still required
KGCILOBONKP,29180,,mapped-not-observed,PacketOpcodes.java,imported control-set mapping; target-client verification still required
_MonsterChessV2ArtifactSelectReq,29182,,mapped-not-observed,PacketOpcodes.java,imported control-set mapping; target-client verification still required
_RecentStrangerChatNotify,29186,,mapped-not-observed,PacketOpcodes.java,imported control-set mapping; target-client verification still required
PPDOKFHAMAA,29197,,mapped-not-observed,PacketOpcodes.java,imported control-set mapping; target-client verification still required
SelectEffigyChallengeConditionRsp,29199,,mapped-not-observed,PacketOpcodes.java,imported control-set mapping; target-client verification still required
LKHLKMNNOKN,29209,,mapped-not-observed,PacketOpcodes.java,imported control-set mapping; target-client verification still required
NpcTalkStateNotify,29216,,mapped-not-observed,PacketOpcodes.java,imported control-set mapping; target-client verification still required
JIDHPOCDOHP,29223,,mapped-not-observed,PacketOpcodes.java,imported control-set mapping; target-client verification still required
_BeyondBattlePassAllDataNotify,29231,,mapped-not-observed,PacketOpcodes.java,imported control-set mapping; target-client verification still required
ActivityBannerClearRsp,29240,,mapped-not-observed,PacketOpcodes.java,imported control-set mapping; target-client verification still required
SceneTeamUpdateNotify,29245,,mapped-not-observed,PacketOpcodes.java,imported control-set mapping; target-client verification still required
EntityFightPropChangeReasonNotify,29249,,mapped-not-observed,PacketOpcodes.java,imported control-set mapping; target-client verification still required
GetBattlePassProductReq,29251,,mapped-not-observed,PacketOpcodes.java,imported control-set mapping; target-client verification still required
_StrangerChatReq,29262,,mapped-not-observed,PacketOpcodes.java,imported control-set mapping; target-client verification still required
LKCMCGGIBJO,29266,,mapped-not-observed,PacketOpcodes.java,imported control-set mapping; target-client verification still required
JFADDMOGILF,29272,,mapped-not-observed,PacketOpcodes.java,imported control-set mapping; target-client verification still required
LanternRiteDoFireworksReformRsp,29296,,mapped-not-observed,PacketOpcodes.java,imported control-set mapping; target-client verification still required
ReunionBriefInfoRsp,29308,,mapped-not-observed,PacketOpcodes.java,imported control-set mapping; target-client verification still required
KAAKECOBDBM,29309,,mapped-not-observed,PacketOpcodes.java,imported control-set mapping; target-client verification still required
PlayerApplyEnterHomeResultNotify,29313,,mapped-not-observed,PacketOpcodes.java,imported control-set mapping; target-client verification still required
VintageMarketStoreViewStrategyReq,29322,,mapped-not-observed,PacketOpcodes.java,imported control-set mapping; target-client verification still required
FishPoolDataNotify,29333,,mapped-not-observed,PacketOpcodes.java,imported control-set mapping; target-client verification still required
GetCityReputationInfoRsp,29340,,mapped-not-observed,PacketOpcodes.java,imported control-set mapping; target-client verification still required
DeshretObeliskChestInfoNotify,29346,,mapped-not-observed,PacketOpcodes.java,imported control-set mapping; target-client verification still required
EntityPropNotify,29347,,mapped-not-observed,PacketOpcodes.java,imported control-set mapping; target-client verification still required
HomeAvatarRewardEventNotify,29349,,mapped-not-observed,PacketOpcodes.java,imported control-set mapping; target-client verification still required
_AnecdoteFinishReq,29351,,mapped-not-observed,PacketOpcodes.java,imported control-set mapping; target-client verification still required
JKGFEHKCGHI,29353,,mapped-not-observed,PacketOpcodes.java,imported control-set mapping; target-client verification still required
SalesmanTakeRewardRsp,29368,,mapped-not-observed,PacketOpcodes.java,imported control-set mapping; target-client verification still required
DKCEFCEEMHN,29369,,mapped-not-observed,PacketOpcodes.java,imported control-set mapping; target-client verification still required
HuntingStartNotify,29374,,mapped-not-observed,PacketOpcodes.java,imported control-set mapping; target-client verification still required
SceneDataNotify,29381,,mapped-not-observed,PacketOpcodes.java,imported control-set mapping; target-client verification still required
SetPlayerBirthdayRsp,29394,,mapped-not-observed,PacketOpcodes.java,imported control-set mapping; target-client verification still required
SetUpLunchBoxWidgetRsp,29400,,mapped-not-observed,PacketOpcodes.java,imported control-set mapping; target-client verification still required
_QuestMutualContinueReq,29402,,mapped-not-observed,PacketOpcodes.java,imported control-set mapping; target-client verification still required
CBNNBDBAOJH,29403,,mapped-not-observed,PacketOpcodes.java,imported control-set mapping; target-client verification still required
JOIECKBNLLD,29415,,mapped-not-observed,PacketOpcodes.java,imported control-set mapping; target-client verification still required
TowerRecordHandbookRsp,29419,,mapped-not-observed,PacketOpcodes.java,imported control-set mapping; target-client verification still required
SelectAsterMidDifficultyReq,29428,,mapped-not-observed,PacketOpcodes.java,imported control-set mapping; target-client verification still required
ChallengeDataNotify,29437,,mapped-not-observed,PacketOpcodes.java,imported control-set mapping; target-client verification still required
StartEffigyChallengeRsp,29446,,mapped-not-observed,PacketOpcodes.java,imported control-set mapping; target-client verification still required
NightCrowGadgetObservationMatchReq,29451,,mapped-not-observed,PacketOpcodes.java,imported control-set mapping; target-client verification still required
PlayerRoutineDataNotify,29465,,mapped-not-observed,PacketOpcodes.java,imported control-set mapping; target-client verification still required
GachaSimpleInfoNotify,29467,,mapped-not-observed,PacketOpcodes.java,imported control-set mapping; target-client verification still required
EffigyChallengeV4DungeonInfoNotify,29493,,mapped-not-observed,PacketOpcodes.java,imported control-set mapping; target-client verification still required
TreasureMapRegionInfoNotify,29502,,mapped-not-observed,PacketOpcodes.java,imported control-set mapping; target-client verification still required
UpdateRedPointNotify,29510,,mapped-not-observed,PacketOpcodes.java,imported control-set mapping; target-client verification still required
CookDataNotify,29512,,mapped-not-observed,PacketOpcodes.java,imported control-set mapping; target-client verification still required
DMDPHFEFKIE,29520,,mapped-not-observed,PacketOpcodes.java,imported control-set mapping; target-client verification still required
DataResVersionNotify,29521,,mapped-not-observed,PacketOpcodes.java,imported control-set mapping; target-client verification still required
ChannellerSlabEnterLoopDungeonRsp,29526,,mapped-not-observed,PacketOpcodes.java,imported control-set mapping; target-client verification still required
MKPBKGIEINA,29536,,mapped-not-observed,PacketOpcodes.java,imported control-set mapping; target-client verification still required
_MoveTeamRsp,29538,,mapped-not-observed,PacketOpcodes.java,imported control-set mapping; target-client verification still required
MHFFKPBEDPD,29544,,mapped-not-observed,PacketOpcodes.java,imported control-set mapping; target-client verification still required
BPJAIGKEPPM,29559,,mapped-not-observed,PacketOpcodes.java,imported control-set mapping; target-client verification still required
GCGTCTavernChallengeDataNotify,29560,,mapped-not-observed,PacketOpcodes.java,imported control-set mapping; target-client verification still required
FCGNEEOKMMO,29575,,mapped-not-observed,PacketOpcodes.java,imported control-set mapping; target-client verification still required
CheckUgcUpdateRsp,29580,,mapped-not-observed,PacketOpcodes.java,imported control-set mapping; target-client verification still required
AvatarSatiationDataNotify,29588,,mapped-not-observed,PacketOpcodes.java,imported control-set mapping; target-client verification still required
PersonalSceneJumpRsp,29591,,mapped-not-observed,PacketOpcodes.java,imported control-set mapping; target-client verification still required
BENHPFCNFNE,29598,,mapped-not-observed,PacketOpcodes.java,imported control-set mapping; target-client verification still required
WorldAllRoutineTypeNotify,29599,,mapped-not-observed,PacketOpcodes.java,imported control-set mapping; target-client verification still required
DBELAAGKAKN,29612,,mapped-not-observed,PacketOpcodes.java,imported control-set mapping; target-client verification still required
OBAMDJENJDH,29634,,mapped-not-observed,PacketOpcodes.java,imported control-set mapping; target-client verification still required
OHLCKLOEPBH,29640,,mapped-not-observed,PacketOpcodes.java,imported control-set mapping; target-client verification still required
GravenInnocencePhotoFinishReq,29645,,mapped-not-observed,PacketOpcodes.java,imported control-set mapping; target-client verification still required
NKAONFBNGMI,29662,,mapped-not-observed,PacketOpcodes.java,imported control-set mapping; target-client verification still required
HomeChangeEditModeReq,29665,,mapped-not-observed,PacketOpcodes.java,imported control-set mapping; target-client verification still required
_ActivityClientPlayFinishRsp,29673,,mapped-not-observed,PacketOpcodes.java,imported control-set mapping; target-client verification still required
ENDIGNIHNGI,29674,,mapped-not-observed,PacketOpcodes.java,imported control-set mapping; target-client verification still required
GetAllMailRsp,29682,,mapped-not-observed,PacketOpcodes.java,imported control-set mapping; target-client verification still required
EntityJumpNotify,29685,,mapped-not-observed,PacketOpcodes.java,imported control-set mapping; target-client verification still required
ServerAnnounceRevokeNotify,29694,,mapped-not-observed,PacketOpcodes.java,imported control-set mapping; target-client verification still required
DealAddFriendReq,29699,,mapped-not-observed,PacketOpcodes.java,imported control-set mapping; target-client verification still required
GetBlossomBriefInfoListReq,29702,,mapped-not-observed,PacketOpcodes.java,imported control-set mapping; target-client verification still required
NDJFBLLFELJ,29707,,mapped-not-observed,PacketOpcodes.java,imported control-set mapping; target-client verification still required
NOHCOMGJPHJ,29708,,mapped-not-observed,PacketOpcodes.java,imported control-set mapping; target-client verification still required
ClientTriggerEventNotify,29713,,mapped-not-observed,PacketOpcodes.java,imported control-set mapping; target-client verification still required
PlayerMatchSuccNotify,29718,,mapped-not-observed,PacketOpcodes.java,imported control-set mapping; target-client verification still required
QuestCreateEntityReq,29721,,mapped-not-observed,PacketOpcodes.java,imported control-set mapping; target-client verification still required
HomeSeekFurnitureGalleryScoreNotify,29724,,mapped-not-observed,PacketOpcodes.java,imported control-set mapping; target-client verification still required
DragonSpineChapterProgressChangeNotify,29728,,mapped-not-observed,PacketOpcodes.java,imported control-set mapping; target-client verification still required
OFKONLDJGJE,29731,,mapped-not-observed,PacketOpcodes.java,imported control-set mapping; target-client verification still required
MBGCKNIKNNP,29742,,mapped-not-observed,PacketOpcodes.java,imported control-set mapping; target-client verification still required
GCGLevelChallengeFinishNotify,29745,,mapped-not-observed,PacketOpcodes.java,imported control-set mapping; target-client verification still required
_GetActivityPreviewAvatarInfoReq,29748,,mapped-not-observed,PacketOpcodes.java,imported control-set mapping; target-client verification still required
IslandPartyRaftInfoNotify,29754,,mapped-not-observed,PacketOpcodes.java,imported control-set mapping; target-client verification still required
OHFPDLEIDIL,29763,,mapped-not-observed,PacketOpcodes.java,imported control-set mapping; target-client verification still required
UiSettingInputTypeNotify,29767,,mapped-not-observed,PacketOpcodes.java,imported control-set mapping; target-client verification still required
_BeyondChatChannelDataNotify,29773,,mapped-not-observed,PacketOpcodes.java,imported control-set mapping; target-client verification still required
CKADCNMJOAA,29776,,mapped-not-observed,PacketOpcodes.java,imported control-set mapping; target-client verification still required
AvatarDieAnimationEndReq,29784,,mapped-not-observed,PacketOpcodes.java,imported control-set mapping; target-client verification still required
GravenInnocenceRaceSettleNotify,29798,,mapped-not-observed,PacketOpcodes.java,imported control-set mapping; target-client verification still required
GetGachaInfoRsp,29811,,mapped-not-observed,PacketOpcodes.java,imported control-set mapping; target-client verification still required
CAJBCMKHCMK,29829,,mapped-not-observed,PacketOpcodes.java,imported control-set mapping; target-client verification still required
HGCAFMLDILH,29830,,mapped-not-observed,PacketOpcodes.java,imported control-set mapping; target-client verification still required
_MusicGameBookStartRsp,29833,,mapped-not-observed,PacketOpcodes.java,imported control-set mapping; target-client verification still required
GCGCandidateOpNotify,29837,,mapped-not-observed,PacketOpcodes.java,imported control-set mapping; target-client verification still required
_TeamMoonPhaseChangeNotify,29844,,mapped-not-observed,PacketOpcodes.java,imported control-set mapping; target-client verification still required
_EntityChangeAnimHashReq,29847,,mapped-not-observed,PacketOpcodes.java,imported control-set mapping; target-client verification still required
SetEntityClientDataNotify,29878,,mapped-not-observed,PacketOpcodes.java,imported control-set mapping; target-client verification still required
NBGFLJHFDNM,29885,,mapped-not-observed,PacketOpcodes.java,imported control-set mapping; target-client verification still required
CAJCJAAEIPH,29898,,mapped-not-observed,PacketOpcodes.java,imported control-set mapping; target-client verification still required
BLKBFFCDOOH,29899,,mapped-not-observed,PacketOpcodes.java,imported control-set mapping; target-client verification still required
GCGGetArenaScheduleInfoRsp,29901,,mapped-not-observed,PacketOpcodes.java,imported control-set mapping; target-client verification still required
_AvatarWeaponSkinDataNotify,29904,,mapped-not-observed,PacketOpcodes.java,imported control-set mapping; target-client verification still required
CombineReq,29916,,mapped-not-observed,PacketOpcodes.java,imported control-set mapping; target-client verification still required
BatchBuyGoodsRsp,29921,,mapped-not-observed,PacketOpcodes.java,imported control-set mapping; target-client verification still required
LKAOBAPLPIB,29928,,mapped-not-observed,PacketOpcodes.java,imported control-set mapping; target-client verification still required
SceneAreaWeatherNotify,29947,,mapped-not-observed,PacketOpcodes.java,imported control-set mapping; target-client verification still required
PNJLKENJEJL,29958,,mapped-not-observed,PacketOpcodes.java,imported control-set mapping; target-client verification still required
UpdatePlayerShowNameCardListReq,29960,,mapped-not-observed,PacketOpcodes.java,imported control-set mapping; target-client verification still required
GetPlayerAskFriendListReq,29966,,mapped-not-observed,PacketOpcodes.java,imported control-set mapping; target-client verification still required
_BeyondDelCostumeSetReq,29980,,mapped-not-observed,PacketOpcodes.java,imported control-set mapping; target-client verification still required
SetH5ActivityRedDotTimestampReq,29981,,mapped-not-observed,PacketOpcodes.java,imported control-set mapping; target-client verification still required
PANAJDFIMJF,29986,,mapped-not-observed,PacketOpcodes.java,imported control-set mapping; target-client verification still required
QuestUpdateQuestVarNotify,29989,,mapped-not-observed,PacketOpcodes.java,imported control-set mapping; target-client verification still required
CMOGELPOKKP,29991,,mapped-not-observed,PacketOpcodes.java,imported control-set mapping; target-client verification still required
NGBKOIKCHIL,30175,,mapped-not-observed,PacketOpcodes.java,imported control-set mapping; target-client verification still required
HNLONPDDENG,30411,,mapped-not-observed,PacketOpcodes.java,imported control-set mapping; target-client verification still required
HEEEHPPJJLC,31503,,mapped-not-observed,PacketOpcodes.java,imported control-set mapping; target-client verification still required
_BeyondActivityUpdateWatcherNotify,31595,,mapped-not-observed,PacketOpcodes.java,imported control-set mapping; target-client verification still required
_BeyondActivityTakeWatcherRewardBatchRsp,31706,,mapped-not-observed,PacketOpcodes.java,imported control-set mapping; target-client verification still required
NMOIEKCBPMO,31937,,mapped-not-observed,PacketOpcodes.java,imported control-set mapping; target-client verification still required
BNLNCJIDDFN,31991,,mapped-not-observed,PacketOpcodes.java,imported control-set mapping; target-client verification still required
PDNOKPIPAHN,32078,,mapped-not-observed,PacketOpcodes.java,imported control-set mapping; target-client verification still required
AGBOKDFMLEE,32166,,mapped-not-observed,PacketOpcodes.java,imported control-set mapping; target-client verification still required
HECAKOBBJJL,32926,,mapped-not-observed,PacketOpcodes.java,imported control-set mapping; target-client verification still required
_GetBeyondActivityInfoRsp,33404,,mapped-not-observed,PacketOpcodes.java,imported control-set mapping; target-client verification still required
ODINAAJEFHJ,33783,,mapped-not-observed,PacketOpcodes.java,imported control-set mapping; target-client verification still required
_GetBeyondActivityScheduleRsp,34583,,mapped-not-observed,PacketOpcodes.java,imported control-set mapping; target-client verification still required
_BeyondActivityTakeWatcherRewardRsp,35285,,mapped-not-observed,PacketOpcodes.java,imported control-set mapping; target-client verification still required
IBOAEOJALCM,35389,,mapped-not-observed,PacketOpcodes.java,imported control-set mapping; target-client verification still required
IMMCKOCDCHH,35492,,mapped-not-observed,PacketOpcodes.java,imported control-set mapping; target-client verification still required
_BeyondActivityCoinInfoNotify,35706,,mapped-not-observed,PacketOpcodes.java,imported control-set mapping; target-client verification still required
EAPDNPAOBKA,35906,,mapped-not-observed,PacketOpcodes.java,imported control-set mapping; target-client verification still required
DOKOABDMIPM,36041,,mapped-not-observed,PacketOpcodes.java,imported control-set mapping; target-client verification still required
_BeyondActivityInfoNotify,36151,,mapped-not-observed,PacketOpcodes.java,imported control-set mapping; target-client verification still required
LBNEIHILDLE,36220,,mapped-not-observed,PacketOpcodes.java,imported control-set mapping; target-client verification still required
LBKMMBIAJBE,36317,,mapped-not-observed,PacketOpcodes.java,imported control-set mapping; target-client verification still required
MOOHIIPFICB,36354,,mapped-not-observed,PacketOpcodes.java,imported control-set mapping; target-client verification still required
MBDHHJDOMAE,36367,,mapped-not-observed,PacketOpcodes.java,imported control-set mapping; target-client verification still required
LBLOJJHLBCN,36821,,mapped-not-observed,PacketOpcodes.java,imported control-set mapping; target-client verification still required
_FashionWelfareSelectTargetRewardRsp,36842,,mapped-not-observed,PacketOpcodes.java,imported control-set mapping; target-client verification still required
_FashionWelfareSelectTargetRewardReq,36874,,mapped-not-observed,PacketOpcodes.java,imported control-set mapping; target-client verification still required
_BeyondActivityScheduleInfoNotify,37043,,mapped-not-observed,PacketOpcodes.java,imported control-set mapping; target-client verification still required
KGPGLKDNHBN,37208,,mapped-not-observed,PacketOpcodes.java,imported control-set mapping; target-client verification still required
GHGEAKIFDOO,37474,,mapped-not-observed,PacketOpcodes.java,imported control-set mapping; target-client verification still required
OIHAJBCMLKK,38520,,mapped-not-observed,PacketOpcodes.java,imported control-set mapping; target-client verification still required
GGDHPELNGEP,38853,,mapped-not-observed,PacketOpcodes.java,imported control-set mapping; target-client verification still required
