cmd_id,type_name,type_definition_index,method_name,get_cmd_id_rva,pattern,status,evidence
1,<>c,72448,KELBLCJNIMK,0x11D944F0,mov-eax-imm32-ret,CANDIDATE,constant-return method body
1,<>c,70158,EFNHEANFJDK,0x13D9EA30,mov-eax-imm32-ret,CANDIDATE,constant-return method body
1,<>c,70158,AJBNOBHPFHB,0x13D9EA80,mov-eax-imm32-ret,CANDIDATE,constant-return method body
1,<>c,49198,GOFKAIGIPIC,0xC3FDD10,mov-eax-imm32-ret,CANDIDATE,constant-return method body
1,<>c,49198,JAJHFHHKIGG,0xC3FDD20,mov-eax-imm32-ret,CANDIDATE,constant-return method body
1,AADFOPDBGLF,41644,BMMOLEDOEOB,0xC94C950,mov-eax-imm32-ret,CANDIDATE,constant-return method body
1,AAKFAABLKCH,42325,BMMOLEDOEOB,0x126CEA50,mov-eax-imm32-ret,CANDIDATE,constant-return method body
1,AAMIGIBMBCG,81131,BCEIJLPCDPI,0x126D2960,mov-eax-imm32-ret,CANDIDATE,constant-return method body
1,ABBCOIOLADO,26190,BMMOLEDOEOB,0x7EB5BB0,mov-eax-imm32-ret,CANDIDATE,constant-return method body
1,ABCHDOMLOLM,54853,IMBHADIDAGI,0x7EB6370,mov-eax-imm32-ret,CANDIDATE,constant-return method body
1,ABFOOICEDBJ,60745,BMMOLEDOEOB,0x11B22FC0,mov-eax-imm32-ret,CANDIDATE,constant-return method body
1,ABGHAFANDMI,21698,BMMOLEDOEOB,0x103DA920,mov-eax-imm32-ret,CANDIDATE,constant-return method body
1,ABHONKGMDOA,28165,BMMOLEDOEOB,0xEACC8D0,mov-eax-imm32-ret,CANDIDATE,constant-return method body
1,ABMGKBINNBH,80976,BMMOLEDOEOB,0xBC1D550,mov-eax-imm32-ret,CANDIDATE,constant-return method body
1,ADCHFGEPBEC,63199,BMMOLEDOEOB,0x7154150,mov-eax-imm32-ret,CANDIDATE,constant-return method body
1,ADDEEKKHHJE,65825,BMMOLEDOEOB,0xD4C8540,mov-eax-imm32-ret,CANDIDATE,constant-return method body
1,ADELOBAGBEB,55011,BMMOLEDOEOB,0x10F6FB20,mov-eax-imm32-ret,CANDIDATE,constant-return method body
1,ADHKKFIPCGJ,52870,BMMOLEDOEOB,0xBC2E210,mov-eax-imm32-ret,CANDIDATE,constant-return method body
1,ADMIMPFBBOC,53988,BMMOLEDOEOB,0x715BAB0,mov-eax-imm32-ret,CANDIDATE,constant-return method body
1,ADNIPOHDMCI,19087,BMMOLEDOEOB,0x96A9F90,mov-eax-imm32-ret,CANDIDATE,constant-return method body
1,ADOKKOLOPOB,13613,BMMOLEDOEOB,0x13455390,mov-eax-imm32-ret,CANDIDATE,constant-return method body
1,AELMLLMCPCL,22065,BMMOLEDOEOB,0x10F806C0,mov-eax-imm32-ret,CANDIDATE,constant-return method body
1,AFGENIOCEPC,62945,BMMOLEDOEOB,0xEB11C80,mov-eax-imm32-ret,CANDIDATE,constant-return method body
1,AFIAMECFEDE,71505,LDENIMFOHIM,0x10363F50,mov-eax-imm32-ret,CANDIDATE,constant-return method body
1,AFLLPOJEOJF,23342,BMMOLEDOEOB,0x7170C30,mov-eax-imm32-ret,CANDIDATE,constant-return method body
1,AGENLFONALN,70099,PIKDEADLLHH,0xBC613D0,mov-eax-imm32-ret,CANDIDATE,constant-return method body
1,AGJAPAFDFKD,45504,CKGCOHDILKJ,0x13467BE0,mov-eax-imm32-ret,CANDIDATE,constant-return method body
1,AGKHIHKEJCM,42500,BMMOLEDOEOB,0x10413D60,mov-eax-imm32-ret,CANDIDATE,constant-return method body
1,AGOKBGJBMGK,43174,LBDGFCKNDKN,0x1270AF80,mov-eax-imm32-ret,CANDIDATE,constant-return method body
1,AHFHIEIFKFH,60856,PIKDEADLLHH,0x10F92ED0,mov-eax-imm32-ret,CANDIDATE,constant-return method body
1,AHPLHOBCHDF,18377,BMMOLEDOEOB,0x7EE0CF0,mov-eax-imm32-ret,CANDIDATE,constant-return method body
1,AIABFJNPBGC,87390,LBDGFCKNDKN,0xEE79970,mov-eax-imm32-ret,CANDIDATE,constant-return method body
1,AIMHEBHMNJH,54231,BMMOLEDOEOB,0x1347A680,mov-eax-imm32-ret,CANDIDATE,constant-return method body
1,AJENEDGKIHK,16132,KIIHAEBMHGJ,0x829A130,mov-eax-imm32-ret,CANDIDATE,constant-return method body
1,AJFNMCMLLKD,18260,FBEGMANOFFC,0x1347EFE0,mov-eax-imm32-ret,CANDIDATE,constant-return method body
1,AJLOHELAEJK,48240,KBJLOALMJOC,0x12A7A5C0,mov-eax-imm32-ret,CANDIDATE,constant-return method body
1,AJOFNMKAGBK,69476,BMMOLEDOEOB,0x134843B0,mov-eax-imm32-ret,CANDIDATE,constant-return method body
1,AKBLNHHHOIM,60565,OFICAPCBNIB,0x10446310,mov-eax-imm32-ret,CANDIDATE,constant-return method body
1,AKFMDKPDPMB,49788,IMBHADIDAGI,0xEB47D90,mov-eax-imm32-ret,CANDIDATE,constant-return method body
1,ALHKGIKBMCP,23217,BMMOLEDOEOB,0x71B8E30,mov-eax-imm32-ret,CANDIDATE,constant-return method body
1,ALIOPADPGCP,60034,BMMOLEDOEOB,0x96EE740,mov-eax-imm32-ret,CANDIDATE,constant-return method body
1,ALKLMOMOEBJ,25618,BMMOLEDOEOB,0x11BA1430,mov-eax-imm32-ret,CANDIDATE,constant-return method body
1,ALMLINCBEEB,35198,BMMOLEDOEOB,0xB137B10,mov-eax-imm32-ret,CANDIDATE,constant-return method body
1,AMDMNENKDKG,22180,BMMOLEDOEOB,0x1273DB00,mov-eax-imm32-ret,CANDIDATE,constant-return method body
1,AMFOCIEKNLC,44887,BMMOLEDOEOB,0x8AA6C70,mov-eax-imm32-ret,CANDIDATE,constant-return method body
1,AMOFJHHODFH,72124,LAKJOEEHIGB,0x10FD25E0,mov-eax-imm32-ret,CANDIDATE,constant-return method body
1,AOAMCLNAHDF,77712,BMMOLEDOEOB,0x9705BB0,mov-eax-imm32-ret,CANDIDATE,constant-return method body
1,AOMJGHGJPBB,72686,BMMOLEDOEOB,0x10FDE9D0,mov-eax-imm32-ret,CANDIDATE,constant-return method body
1,APDHMKLDJMN,65414,BMMOLEDOEOB,0xBCB5400,mov-eax-imm32-ret,CANDIDATE,constant-return method body
1,APDNCBKANPM,28784,MNLIOOAHNFB,0xAEACAB0,mov-eax-imm32-ret,CANDIDATE,constant-return method body
1,ARC4Managed,1385,get_InputBlockSize,0x19443890,mov-eax-imm32-ret,CANDIDATE,constant-return method body
1,ARC4Managed,1385,get_OutputBlockSize,0x194438A0,mov-eax-imm32-ret,CANDIDATE,constant-return method body
1,ARC4Managed,62,get_InputBlockSize,0x195416F0,mov-eax-imm32-ret,CANDIDATE,constant-return method body
1,ARC4Managed,62,get_OutputBlockSize,0x19541700,mov-eax-imm32-ret,CANDIDATE,constant-return method body
1,BACEOLPCJLO,88060,BMMOLEDOEOB,0x10488FA0,mov-eax-imm32-ret,CANDIDATE,constant-return method body
1,BAEMNBBFJBC,43352,BMMOLEDOEOB,0x71D6060,mov-eax-imm32-ret,CANDIDATE,constant-return method body
1,BBADMBEFOBA,35013,NIIICEHCLKF,0xEE73690,mov-eax-imm32-ret,CANDIDATE,constant-return method body
1,BBHPMINKKEP,43659,EGJILBGIIAA,0x11380680,mov-eax-imm32-ret,CANDIDATE,constant-return method body
1,BBOHIGAGKOI,67252,BMMOLEDOEOB,0x134E2800,mov-eax-imm32-ret,CANDIDATE,constant-return method body
1,BCBDJLDIPFF,43799,BMMOLEDOEOB,0xC067160,mov-eax-imm32-ret,CANDIDATE,constant-return method body
1,BCBKFHEAPJL,45782,BMMOLEDOEOB,0x10828760,mov-eax-imm32-ret,CANDIDATE,constant-return method body
1,BCGLKNKIMAA,68074,FHKKOPAFPBO,0x10D78E50,mov-eax-imm32-ret,CANDIDATE,constant-return method body
1,BCHCPIMJFLP,55321,BMMOLEDOEOB,0x11FD9D00,mov-eax-imm32-ret,CANDIDATE,constant-return method body
1,BDJCOJICDID,60041,BMMOLEDOEOB,0x8E9A3C0,mov-eax-imm32-ret,CANDIDATE,constant-return method body
1,BDJGJHAMDCP,62305,BMMOLEDOEOB,0x10834F10,mov-eax-imm32-ret,CANDIDATE,constant-return method body
1,BEJJHEIOOOG,35231,BMMOLEDOEOB,0xEE90190,mov-eax-imm32-ret,CANDIDATE,constant-return method body
1,BEMNLGDJEOM,86431,BMMOLEDOEOB,0x108384A0,mov-eax-imm32-ret,CANDIDATE,constant-return method body
1,BFDDHCLAEAJ,26880,KNDAPCADHLF,0x7F5C7F0,mov-eax-imm32-ret,CANDIDATE,constant-return method body
1,BFIABEFGNGB,57882,DPANJANFKDL,0xEC1B7D0,mov-eax-imm32-ret,CANDIDATE,constant-return method body
1,BFJNHBMOBHB,13090,OAAPEEELDBD,0xEE98400,mov-eax-imm32-ret,CANDIDATE,constant-return method body
1,BFOJHIEEADG,85890,BMMOLEDOEOB,0xC4521A0,mov-eax-imm32-ret,CANDIDATE,constant-return method body
1,BGAKIGABCLI,35542,BMMOLEDOEOB,0x12380630,mov-eax-imm32-ret,CANDIDATE,constant-return method body
1,BGIEBGDHMBF,29412,BMMOLEDOEOB,0x92230E0,mov-eax-imm32-ret,CANDIDATE,constant-return method body
1,BGIJODNLPPF,36688,BMMOLEDOEOB,0xD568B00,mov-eax-imm32-ret,CANDIDATE,constant-return method body
1,BGNKCOCDPDJ,52558,BMMOLEDOEOB,0xC455320,mov-eax-imm32-ret,CANDIDATE,constant-return method body
1,BGNMDEOHMKC,31888,BMMOLEDOEOB,0x7F63950,mov-eax-imm32-ret,CANDIDATE,constant-return method body
1,BHANDMIPDMO,79608,FBEGMANOFFC,0xB531E20,mov-eax-imm32-ret,CANDIDATE,constant-return method body
1,BHEELOIGCOE,30490,BMMOLEDOEOB,0xDC8E190,mov-eax-imm32-ret,CANDIDATE,constant-return method body
1,BHEMJAPIMGL,15916,BMMOLEDOEOB,0xAED2E40,mov-eax-imm32-ret,CANDIDATE,constant-return method body
1,BHJABMAJAIK,48808,NFIJPEFLLCL,0x12387690,mov-eax-imm32-ret,CANDIDATE,constant-return method body
1,BILKHAFPJPO,70230,BMMOLEDOEOB,0x12399130,mov-eax-imm32-ret,CANDIDATE,constant-return method body
1,BILMLKMDOPI,24239,BMMOLEDOEOB,0xEEA9DD0,mov-eax-imm32-ret,CANDIDATE,constant-return method body
1,BIMLBNJBBEM,30821,CKGCOHDILKJ,0x12B533E0,mov-eax-imm32-ret,CANDIDATE,constant-return method body
1,BJBIFBKFNHC,66679,CKGCOHDILKJ,0xC466A70,mov-eax-imm32-ret,CANDIDATE,constant-return method body
1,BJCNKKCDIEN,76332,BMMOLEDOEOB,0xAEE7A00,mov-eax-imm32-ret,CANDIDATE,constant-return method body
1,BJDBCLBEDIC,76087,LBDGFCKNDKN,0xF3F2E30,mov-eax-imm32-ret,CANDIDATE,constant-return method body
1,BJJKLFOJDHB,74278,BMMOLEDOEOB,0xEEB73E0,mov-eax-imm32-ret,CANDIDATE,constant-return method body
1,BJLOMDIKPFG,86782,ECECFOEMAOJ,0xEEBBC70,mov-eax-imm32-ret,CANDIDATE,constant-return method body
1,BKKFKKENCCK,61862,BMMOLEDOEOB,0x9B38690,mov-eax-imm32-ret,CANDIDATE,constant-return method body
1,BKMAMGNFGJA,64607,BMMOLEDOEOB,0xAEEEE20,mov-eax-imm32-ret,CANDIDATE,constant-return method body
1,BKNBFHABMOD,26488,BMMOLEDOEOB,0x12B5EE90,mov-eax-imm32-ret,CANDIDATE,constant-return method body
1,BKOMMENNOJE,42137,BMMOLEDOEOB,0x9244820,mov-eax-imm32-ret,CANDIDATE,constant-return method body
1,BKPLLOHOLIC,28661,BMMOLEDOEOB,0xF293070,mov-eax-imm32-ret,CANDIDATE,constant-return method body
1,BLPNGIGADOE,39088,BMMOLEDOEOB,0x13C904A0,mov-eax-imm32-ret,CANDIDATE,constant-return method body
1,BMDDHNNJLCL,63618,BMMOLEDOEOB,0xFFB8910,mov-eax-imm32-ret,CANDIDATE,constant-return method body
1,BMEODDEGAPK,11914,BMMOLEDOEOB,0x11797390,mov-eax-imm32-ret,CANDIDATE,constant-return method body
1,BMFOHALNGJG,58908,BMMOLEDOEOB,0x117A7230,mov-eax-imm32-ret,CANDIDATE,constant-return method body
1,BMICIEHKOKE,59753,BMMOLEDOEOB,0xFFBDF70,mov-eax-imm32-ret,CANDIDATE,constant-return method body
1,BMJHELLFBFG,47835,BMMOLEDOEOB,0x75EDC60,mov-eax-imm32-ret,CANDIDATE,constant-return method body
1,BMOBAIOOCJG,69181,ALCJHOMPLPD,0x9B4C070,mov-eax-imm32-ret,CANDIDATE,constant-return method body
1,BOLDMFMNJOI,35303,KPNNMDAIJNL,0x123BFDC0,mov-eax-imm32-ret,CANDIDATE,constant-return method body
1,BOLOANKLBDK,42865,BMMOLEDOEOB,0xF2ABD20,mov-eax-imm32-ret,CANDIDATE,constant-return method body
1,BONBLHALJBI,54752,BMMOLEDOEOB,0xE808560,mov-eax-imm32-ret,CANDIDATE,constant-return method body
1,BPEMECDIBFM,67830,BPBAMAFNOMP,0x82F4E80,mov-eax-imm32-ret,CANDIDATE,constant-return method body
1,BPEMNPCODIE,57525,BMMOLEDOEOB,0x9B54020,mov-eax-imm32-ret,CANDIDATE,constant-return method body
1,BPEOHNDPFKG,56769,FBEGMANOFFC,0xE80A520,mov-eax-imm32-ret,CANDIDATE,constant-return method body
1,BPIPAPCDKLF,34206,KNDAPCADHLF,0x9490310,mov-eax-imm32-ret,CANDIDATE,constant-return method body
1,BPJNLKIPPCM,13894,BMMOLEDOEOB,0x13318130,mov-eax-imm32-ret,CANDIDATE,constant-return method body
1,BPLEKJADHBK,51658,BMMOLEDOEOB,0x13CB8080,mov-eax-imm32-ret,CANDIDATE,constant-return method body
1,C40Encoder,3736,get_EncodingMode,0x19D6BF40,mov-eax-imm32-ret,CANDIDATE,constant-return method body
1,CADDEJCJHDA,21808,BMMOLEDOEOB,0x9495820,mov-eax-imm32-ret,CANDIDATE,constant-return method body
1,CAIEEGINGGO,49479,BMMOLEDOEOB,0x1331CEA0,mov-eax-imm32-ret,CANDIDATE,constant-return method body
1,CAKHPBCOFFK,61704,BMMOLEDOEOB,0x949F820,mov-eax-imm32-ret,CANDIDATE,constant-return method body
1,CAPEMILNKBI,40009,BMMOLEDOEOB,0x118F4A70,mov-eax-imm32-ret,CANDIDATE,constant-return method body
1,CBBNDBKONDI,59520,BMMOLEDOEOB,0xB921910,mov-eax-imm32-ret,CANDIDATE,constant-return method body
1,CBEAACOGDAK,22384,OKBNGPAGLFA,0x127C7E30,mov-eax-imm32-ret,CANDIDATE,constant-return method body
1,CBNHBHDNOCK,49529,BMMOLEDOEOB,0x9F13220,mov-eax-imm32-ret,CANDIDATE,constant-return method body
1,CBNLHKMMFOJ,23568,BMMOLEDOEOB,0xE81FCB0,mov-eax-imm32-ret,CANDIDATE,constant-return method body
1,CBOHEOODIOC,33913,BMMOLEDOEOB,0x7612A90,mov-eax-imm32-ret,CANDIDATE,constant-return method body
1,CCLHENJICDO,12269,BMMOLEDOEOB,0x11907680,mov-eax-imm32-ret,CANDIDATE,constant-return method body
1,CDCBNJLKAEM,79767,BMMOLEDOEOB,0x7618D00,mov-eax-imm32-ret,CANDIDATE,constant-return method body
1,CDFCALDFEKL,26988,JPIIHIIDEMI,0x124A6C20,mov-eax-imm32-ret,CANDIDATE,constant-return method body
1,CDKBGOKOGHH,27182,BMMOLEDOEOB,0xD1F5460,mov-eax-imm32-ret,CANDIDATE,constant-return method body
1,CDMAKHNGNPC,25049,BMMOLEDOEOB,0x1191EEF0,mov-eax-imm32-ret,CANDIDATE,constant-return method body
1,CEBBEHKPIFP,49373,BMMOLEDOEOB,0x101C04F0,mov-eax-imm32-ret,CANDIDATE,constant-return method body
1,CEDJCCNNHGC,27490,get__pluginGroupCount,0x124ADF50,mov-eax-imm32-ret,CANDIDATE,constant-return method body
1,CEFKPOODAIH,15101,BMMOLEDOEOB,0x13CD9530,mov-eax-imm32-ret,CANDIDATE,constant-return method body
1,CEMCPFPDLEP,28871,BEFDGBADDBB,0xC987530,mov-eax-imm32-ret,CANDIDATE,constant-return method body
1,CEOCMFKKGPH,59509,BMMOLEDOEOB,0xF5647F0,mov-eax-imm32-ret,CANDIDATE,constant-return method body
1,CFFCBJDMKOF,44782,BMMOLEDOEOB,0x79E7790,mov-eax-imm32-ret,CANDIDATE,constant-return method body
1,CFFHCDDEAPE,36318,BMMOLEDOEOB,0x101C92D0,mov-eax-imm32-ret,CANDIDATE,constant-return method body
1,CFICFKPGKEK,37721,BMMOLEDOEOB,0x13395CA0,mov-eax-imm32-ret,CANDIDATE,constant-return method body
1,CFKHDMDNNJK,74320,BMMOLEDOEOB,0x124BB140,mov-eax-imm32-ret,CANDIDATE,constant-return method body
1,CFPLOEADLKJ,68829,BMMOLEDOEOB,0x13E84C40,mov-eax-imm32-ret,CANDIDATE,constant-return method body
1,CGDOBKBMPLF,74786,BMMOLEDOEOB,0x86F5890,mov-eax-imm32-ret,CANDIDATE,constant-return method body
1,CGIBEOGMFAM,73122,IMBHADIDAGI,0xD2C04B0,mov-eax-imm32-ret,CANDIDATE,constant-return method body
1,CGMJJCLLDPB,26829,BMMOLEDOEOB,0x94E2680,mov-eax-imm32-ret,CANDIDATE,constant-return method body
1,CHAAADPHCFH,66740,AMJIAKPMLGA,0xAF74670,mov-eax-imm32-ret,CANDIDATE,constant-return method body
1,CHGAFCEOFOB,76146,NFLCAAEKMEF,0x10C614E0,mov-eax-imm32-ret,CANDIDATE,constant-return method body
1,CHIDHDNMMOM,42094,LIKGFGLPOPL,0xCD3D910,mov-eax-imm32-ret,CANDIDATE,constant-return method body
1,CHMCJMFHKAP,18354,BMMOLEDOEOB,0xF57D7A0,mov-eax-imm32-ret,CANDIDATE,constant-return method body
1,CHNEFNAPPAC,86650,BMMOLEDOEOB,0xBA18460,mov-eax-imm32-ret,CANDIDATE,constant-return method body
1,CIELPELEJFO,82065,BMMOLEDOEOB,0x9F5EF20,mov-eax-imm32-ret,CANDIDATE,constant-return method body
1,CINEDOCPIGO,24942,BMMOLEDOEOB,0x133A87F0,mov-eax-imm32-ret,CANDIDATE,constant-return method body
1,CJEIECLJJAL,61530,get_typeId,0x124E01E0,mov-eax-imm32-ret,CANDIDATE,constant-return method body
1,CJKEECMIJOH,30602,BMMOLEDOEOB,0x7A21210,mov-eax-imm32-ret,CANDIDATE,constant-return method body
1,CJPMEHFMFKL,82376,BMMOLEDOEOB,0xAF85DB0,mov-eax-imm32-ret,CANDIDATE,constant-return method body
1,CKBPGNGJLFI,32078,NIIICEHCLKF,0xC7A47A0,mov-eax-imm32-ret,CANDIDATE,constant-return method body
1,CKDCGBBFDFM,64789,MJIFFKKGKBB,0x9F679A0,mov-eax-imm32-ret,CANDIDATE,constant-return method body
1,CKDCGBBFDFM,64789,IAAOKCAHIKN,0x9F679F0,mov-eax-imm32-ret,CANDIDATE,constant-return method body
1,CKMKDHBHMPM,59803,BMMOLEDOEOB,0x9500AD0,mov-eax-imm32-ret,CANDIDATE,constant-return method body
1,CKNCCCFAELD,20597,BMMOLEDOEOB,0x87EA900,mov-eax-imm32-ret,CANDIDATE,constant-return method body
1,CKPHIDPMFHE,49551,BMMOLEDOEOB,0x124E5610,mov-eax-imm32-ret,CANDIDATE,constant-return method body
1,CKPJFDDKDHM,82745,FBEGMANOFFC,0x7D111B0,mov-eax-imm32-ret,CANDIDATE,constant-return method body
1,CLDMNIDGKHG,59028,IMBHADIDAGI,0xBA2F110,mov-eax-imm32-ret,CANDIDATE,constant-return method body
1,CLMFIFJNAMM,68102,PENLBBJBGFL,0xF5A0DB0,mov-eax-imm32-ret,CANDIDATE,constant-return method body
1,CLPKMNACCHD,15238,BMMOLEDOEOB,0x119A82F0,mov-eax-imm32-ret,CANDIDATE,constant-return method body
1,CMKIBKMMJPC,34650,BMMOLEDOEOB,0x9518FF0,mov-eax-imm32-ret,CANDIDATE,constant-return method body
1,CMLGCNKPKLP,74126,ECECFOEMAOJ,0xAFAAD50,mov-eax-imm32-ret,CANDIDATE,constant-return method body
1,CNAEFGDCAOB,46982,BMMOLEDOEOB,0x13EE4FA0,mov-eax-imm32-ret,CANDIDATE,constant-return method body
1,CNGAKPGFHIN,55206,OBNKBLGBMGD,0x119B0DE0,mov-eax-imm32-ret,CANDIDATE,constant-return method body
1,CNOAAIKIOAC,24040,BMMOLEDOEOB,0xC7E5700,mov-eax-imm32-ret,CANDIDATE,constant-return method body
1,CNOJPDNLAJP,28903,BMMOLEDOEOB,0x13EEC570,mov-eax-imm32-ret,CANDIDATE,constant-return method body
1,COANLJPOOPE,17304,NIIICEHCLKF,0xC7E6D60,mov-eax-imm32-ret,CANDIDATE,constant-return method body
1,CODKOOGACLN,38571,BMMOLEDOEOB,0x1025CD70,mov-eax-imm32-ret,CANDIDATE,constant-return method body
1,COGDHPBKMDB,38970,BMMOLEDOEOB,0x125124D0,mov-eax-imm32-ret,CANDIDATE,constant-return method body
1,COMJICGMHLH,56490,FBEGMANOFFC,0x1025FE90,mov-eax-imm32-ret,CANDIDATE,constant-return method body
1,COMMHMBKHFK,15148,BMMOLEDOEOB,0x13EF3400,mov-eax-imm32-ret,CANDIDATE,constant-return method body
1,CPAFAFJFNHN,41925,BMMOLEDOEOB,0xF5C5460,mov-eax-imm32-ret,CANDIDATE,constant-return method body
1,CPDHDCGALIH,43302,BMMOLEDOEOB,0xAFB6080,mov-eax-imm32-ret,CANDIDATE,constant-return method body
1,CPEJPAAPGAI,57384,BMMOLEDOEOB,0xBA55750,mov-eax-imm32-ret,CANDIDATE,constant-return method body
1,CPKEIJNLANA,32716,BMMOLEDOEOB,0xD32B2F0,mov-eax-imm32-ret,CANDIDATE,constant-return method body
1,CPOPIGGFBKO,15208,DPANJANFKDL,0xF9F5690,mov-eax-imm32-ret,CANDIDATE,constant-return method body
1,ChineseLunisolarCalendar,656,get_BaseCalendarID,0x195C2D30,mov-eax-imm32-ret,CANDIDATE,constant-return method body
1,CinemachineComposer,10775,get_Stage,0x6C05320,mov-eax-imm32-ret,CANDIDATE,constant-return method body
1,CinemachineHardLookAt,10783,get_Stage,0x7098D80,mov-eax-imm32-ret,CANDIDATE,constant-return method body
1,CinemachinePOV,10792,get_Stage,0x6D00410,mov-eax-imm32-ret,CANDIDATE,constant-return method body
1,CinemachineSameAsFollowObject,10793,get_Stage,0x6C48890,mov-eax-imm32-ret,CANDIDATE,constant-return method body
1,ConstructorInfo,536,get_MemberType,0x195AB590,mov-eax-imm32-ret,CANDIDATE,constant-return method body
1,CustomControllerElementTargetSetForBoolean,6472,get_targetCount,0x197AEA00,mov-eax-imm32-ret,CANDIDATE,constant-return method body
1,DAALNEHCDAK,17719,BMMOLEDOEOB,0x133E7A70,mov-eax-imm32-ret,CANDIDATE,constant-return method body
1,DAEKNFGIGDC,86790,BMMOLEDOEOB,0xE91FE90,mov-eax-imm32-ret,CANDIDATE,constant-return method body
1,DAHKIBONGKC,36400,BMMOLEDOEOB,0x7D4EAA0,mov-eax-imm32-ret,CANDIDATE,constant-return method body
1,DAIGDDMNFEP,32274,HGODMPPMHEM,0x8340F90,mov-eax-imm32-ret,CANDIDATE,constant-return method body
1,DBEKHCCHJAL,74460,BMMOLEDOEOB,0x133FB5B0,mov-eax-imm32-ret,CANDIDATE,constant-return method body
1,DBHJCIBANII,32422,BMMOLEDOEOB,0x9544990,mov-eax-imm32-ret,CANDIDATE,constant-return method body
1,DBMJINCCDFN,27149,NJADFBDDMIN,0xBA95370,mov-eax-imm32-ret,CANDIDATE,constant-return method body
1,DBPAACNMLOH,53606,NIIICEHCLKF,0x7C3D4F0,mov-eax-imm32-ret,CANDIDATE,constant-return method body
1,DCJFCPNGPJD,44790,NHHFIMEFDAL,0xA1164A0,mov-eax-imm32-ret,CANDIDATE,constant-return method body
1,DCJMMGEGGNO,88576,BMMOLEDOEOB,0x119D2BA0,mov-eax-imm32-ret,CANDIDATE,constant-return method body
1,DCLFLAEGHLI,28485,LMAJIGMOOMD,0x7357B90,mov-eax-imm32-ret,CANDIDATE,constant-return method body
1,DCMAPAPBOAI,33189,BMMOLEDOEOB,0x10D8B930,mov-eax-imm32-ret,CANDIDATE,constant-return method body
1,DDGNKAGELGJ,69841,BMMOLEDOEOB,0xBA98CC0,mov-eax-imm32-ret,CANDIDATE,constant-return method body
1,DEGJDDMPJIG,24149,BMMOLEDOEOB,0xD356CA0,mov-eax-imm32-ret,CANDIDATE,constant-return method body
1,DEJAMPCMOOI,48390,OAAPEEELDBD,0x7D735B0,mov-eax-imm32-ret,CANDIDATE,constant-return method body
1,DENEBNHLOGJ,75096,HFNLOJNAPCL,0x884E690,mov-eax-imm32-ret,CANDIDATE,constant-return method body
1,DGBAHGDPKBF,68515,BMMOLEDOEOB,0x10DAE3A0,mov-eax-imm32-ret,CANDIDATE,constant-return method body
1,DGEPOKPEMAD,36864,NGPNPHHFDCH,0xA13C7F0,mov-eax-imm32-ret,CANDIDATE,constant-return method body
1,DHAGEMEIFON,61901,BMMOLEDOEOB,0xF60ED60,mov-eax-imm32-ret,CANDIDATE,constant-return method body
1,DHAIGCJMCGG,74317,LAKJOEEHIGB,0x13423220,mov-eax-imm32-ret,CANDIDATE,constant-return method body
1,DHNLLCADBBC,76817,BMMOLEDOEOB,0x11A06CA0,mov-eax-imm32-ret,CANDIDATE,constant-return method body
1,DHOFLJLKFAF,56001,BMMOLEDOEOB,0xA142850,mov-eax-imm32-ret,CANDIDATE,constant-return method body
1,DIGNIOJCEAM,71846,CKGCOHDILKJ,0x1342A3C0,mov-eax-imm32-ret,CANDIDATE,constant-return method body
1,DIIEGFKIBLJ,85250,BMMOLEDOEOB,0x8869E90,mov-eax-imm32-ret,CANDIDATE,constant-return method body
1,DIIMCJILEME,23344,BNHLKAFKCJK,0xA14A780,mov-eax-imm32-ret,CANDIDATE,constant-return method body
1,DKIBMECFCEG,34800,BMMOLEDOEOB,0x10DCC230,mov-eax-imm32-ret,CANDIDATE,constant-return method body
1,DKICDGBCOOF,76192,BMMOLEDOEOB,0x13433300,mov-eax-imm32-ret,CANDIDATE,constant-return method body
1,DKLDMEOAJBJ,12334,BMMOLEDOEOB,0xC865C70,mov-eax-imm32-ret,CANDIDATE,constant-return method body
1,DKNKIHOPIFC,59634,BMMOLEDOEOB,0xE9A31A0,mov-eax-imm32-ret,CANDIDATE,constant-return method body
1,DLFDNGBPAAF,50057,KNDAPCADHLF,0x12573860,mov-eax-imm32-ret,CANDIDATE,constant-return method body
1,DLFFEJMOMGE,65586,NIIICEHCLKF,0x75522C0,mov-eax-imm32-ret,CANDIDATE,constant-return method body
1,DLHFGBIJLDA,30002,BMMOLEDOEOB,0xD38DD80,mov-eax-imm32-ret,CANDIDATE,constant-return method body
1,DMDKHEAMAFI,28375,BMMOLEDOEOB,0xF64D9F0,mov-eax-imm32-ret,CANDIDATE,constant-return method body
1,DMLCLABJCBK,68423,BMMOLEDOEOB,0x95B1130,mov-eax-imm32-ret,CANDIDATE,constant-return method body
1,DMODIICHFLB,47030,BMMOLEDOEOB,0xBAD1D50,mov-eax-imm32-ret,CANDIDATE,constant-return method body
1,DMOEIPCKICJ,75629,BMMOLEDOEOB,0x11A52650,mov-eax-imm32-ret,CANDIDATE,constant-return method body
1,DNAGGJKBCLO,35766,BMMOLEDOEOB,0x889D950,mov-eax-imm32-ret,CANDIDATE,constant-return method body
1,DNCNBFNBCMG,74414,BMMOLEDOEOB,0xA166D30,mov-eax-imm32-ret,CANDIDATE,constant-return method body
1,DNDEKABIJML,72958,BMMOLEDOEOB,0xA1682C0,mov-eax-imm32-ret,CANDIDATE,constant-return method body
1,DNDNKJHEBAE,50198,EJFGBBGHKOK,0xB05BE70,mov-eax-imm32-ret,CANDIDATE,constant-return method body
1,DNIKIFDNAEI,78708,CKGCOHDILKJ,0x95C4B20,mov-eax-imm32-ret,CANDIDATE,constant-return method body
1,DNINIMPMHIB,32271,HGODMPPMHEM,0x107B1FD0,mov-eax-imm32-ret,CANDIDATE,constant-return method body
1,DNKIJIKOEIF,48332,NFLCAAEKMEF,0xF656A30,mov-eax-imm32-ret,CANDIDATE,constant-return method body
1,DNLFLLHAJBL,64787,BMMOLEDOEOB,0x720AED0,mov-eax-imm32-ret,CANDIDATE,constant-return method body
1,DNPKJGIBMNA,79460,BMMOLEDOEOB,0x10DE2C80,mov-eax-imm32-ret,CANDIDATE,constant-return method body
1,DOALMNCPBIB,84647,BMMOLEDOEOB,0x10DE3020,mov-eax-imm32-ret,CANDIDATE,constant-return method body
1,DOAMLCCOBJM,59755,BMMOLEDOEOB,0x88A4360,mov-eax-imm32-ret,CANDIDATE,constant-return method body
1,DOFPEOCBJKD,18310,BMMOLEDOEOB,0x1278D9C0,mov-eax-imm32-ret,CANDIDATE,constant-return method body
1,DOINGHBMFOG,82017,BMMOLEDOEOB,0xF65E8D0,mov-eax-imm32-ret,CANDIDATE,constant-return method body
1,DPHBHGCBKJK,67943,NFLCAAEKMEF,0x13FB8240,mov-eax-imm32-ret,CANDIDATE,constant-return method body
1,DSAirWallEntity,23379,get_DSColliderType,0xC341B00,mov-eax-imm32-ret,CANDIDATE,constant-return method body
1,DSCubeAirWallEntity,15495,get_DSColliderType,0x9107DF0,mov-eax-imm32-ret,CANDIDATE,constant-return method body
1,DSEntityBase,13696,get_entityType,0x9D76320,mov-eax-imm32-ret,CANDIDATE,constant-return method body
1,DSIllegalAreaEntity,74696,get_DSColliderType,0x1214A120,mov-eax-imm32-ret,CANDIDATE,constant-return method body
1,DSLockDoorEntity,77520,get_DSColliderType,0x109AB5E0,mov-eax-imm32-ret,CANDIDATE,constant-return method body
1,DSPlaneEntity,43269,get_DSColliderType,0xFDE6040,mov-eax-imm32-ret,CANDIDATE,constant-return method body
1,DSPressurePlaneEntity,27911,get_DSColliderType,0x91086D0,mov-eax-imm32-ret,CANDIDATE,constant-return method body
1,DSRoomDoorEntity,21460,get_DSColliderType,0x9D7F020,mov-eax-imm32-ret,CANDIDATE,constant-return method body
1,DSSpawnerTriggerEntity,19369,get_DSColliderType,0xAB1B600,mov-eax-imm32-ret,CANDIDATE,constant-return method body
1,DSWallEntity,39393,get_DSColliderType,0xE5956A0,mov-eax-imm32-ret,CANDIDATE,constant-return method body
1,Datatype_ID,3244,get_TokenizedType,0x19965C30,mov-eax-imm32-ret,CANDIDATE,constant-return method body
1,Datatype_normalizedString,3236,get_BuiltInWhitespaceFacet,0x19A0F760,mov-eax-imm32-ret,CANDIDATE,constant-return method body
1,DecoderUTF7Fallback,461,get_MaxCharCount,0x195C6FB0,mov-eax-imm32-ret,CANDIDATE,constant-return method body
1,DualSenseTriggerEffectFeedback,6363,Rewired.ControllerExtensions.IDualSenseTriggerEffect.get_triggerEffectType,0x1987D630,mov-eax-imm32-ret,CANDIDATE,constant-return method body
1,EAKGBMCHEJF,38729,BMMOLEDOEOB,0x102F1C00,mov-eax-imm32-ret,CANDIDATE,constant-return method body
1,EAMGEJBGLJM,86690,BMMOLEDOEOB,0xE9DFB00,mov-eax-imm32-ret,CANDIDATE,constant-return method body
1,EBDGLDCGMFM,79145,BMMOLEDOEOB,0xE9E5F90,mov-eax-imm32-ret,CANDIDATE,constant-return method body
1,EBFCNLKLLNP,77893,BMMOLEDOEOB,0x102F8C40,mov-eax-imm32-ret,CANDIDATE,constant-return method body
1,EBMKJIGEHCI,14537,BMMOLEDOEOB,0xB099D50,mov-eax-imm32-ret,CANDIDATE,constant-return method body
1,ECIAMANLEHN,70266,BMMOLEDOEOB,0xB09E990,mov-eax-imm32-ret,CANDIDATE,constant-return method body
1,EDJGPIHFMKI,12758,BMMOLEDOEOB,0x10E13AC0,mov-eax-imm32-ret,CANDIDATE,constant-return method body
1,EDKHDGLJCLC,66281,BMMOLEDOEOB,0xB0A3080,mov-eax-imm32-ret,CANDIDATE,constant-return method body
1,EDLMIHIKIEC,70337,BMMOLEDOEOB,0x13FEEAF0,mov-eax-imm32-ret,CANDIDATE,constant-return method body
1,EDPNELKENAF,84680,BMMOLEDOEOB,0x13FF0E20,mov-eax-imm32-ret,CANDIDATE,constant-return method body
1,EEECAONKFIN,67080,BMMOLEDOEOB,0xA1C9C90,mov-eax-imm32-ret,CANDIDATE,constant-return method body
1,EFDIKDOGPME,75571,CMNGHIBEDCD,0xBCCD8B0,mov-eax-imm32-ret,CANDIDATE,constant-return method body
1,EFDKHNADMIP,46004,NFLCAAEKMEF,0x89665B0,mov-eax-imm32-ret,CANDIDATE,constant-return method body
1,EFNJHAKJEJN,13562,PFFECIBHFDP,0xD3ED310,mov-eax-imm32-ret,CANDIDATE,constant-return method body
1,EFPHKNJPOHM,20236,NIIICEHCLKF,0x13C70B20,mov-eax-imm32-ret,CANDIDATE,constant-return method body
1,EGAAIMABEMP,71405,BMMOLEDOEOB,0x896E4E0,mov-eax-imm32-ret,CANDIDATE,constant-return method body
1,EGEDHLHBOMC,63402,BMMOLEDOEOB,0x96253C0,mov-eax-imm32-ret,CANDIDATE,constant-return method body
1,EGMBDNBDFGH,67275,BMMOLEDOEOB,0xB0C42B0,mov-eax-imm32-ret,CANDIDATE,constant-return method body
1,EHIELFKDPDF,22719,NGPNPHHFDCH,0xF6C3AD0,mov-eax-imm32-ret,CANDIDATE,constant-return method body
1,EHIKKKGHJJI,70577,BMMOLEDOEOB,0xA1DFA50,mov-eax-imm32-ret,CANDIDATE,constant-return method body
1,EHOHBFHBMKA,83878,BMMOLEDOEOB,0x127D9A30,mov-eax-imm32-ret,CANDIDATE,constant-return method body
1,EIELELCOBBE,20087,BMMOLEDOEOB,0xBB2A8E0,mov-eax-imm32-ret,CANDIDATE,constant-return method body
1,EIJPFIMGDAL,34467,NGPNPHHFDCH,0xEA3BF20,mov-eax-imm32-ret,CANDIDATE,constant-return method body
1,EIOKKLOPFMI,85998,KNDAPCADHLF,0xBB31F20,mov-eax-imm32-ret,CANDIDATE,constant-return method body
1,EJLPBFIILLN,21919,BMMOLEDOEOB,0x11AE0B50,mov-eax-imm32-ret,CANDIDATE,constant-return method body
1,EKKAPFNFLLB,85172,BMMOLEDOEOB,0x8AC9E80,mov-eax-imm32-ret,CANDIDATE,constant-return method body
1,EMDDKLCCMKH,44129,BMMOLEDOEOB,0x11AF7680,mov-eax-imm32-ret,CANDIDATE,constant-return method body
1,EMDMNMHFJPN,55388,HGODMPPMHEM,0xA218FD0,mov-eax-imm32-ret,CANDIDATE,constant-return method body
1,EMGAHINCNKE,68694,FHJCCCIOMHH,0xE8F44F0,mov-eax-imm32-ret,CANDIDATE,constant-return method body
1,EMGBOGLLGLM,18106,BMMOLEDOEOB,0x10E7F310,mov-eax-imm32-ret,CANDIDATE,constant-return method body
1,EMHLCHICIFH,33886,CKGCOHDILKJ,0x1034D7B0,mov-eax-imm32-ret,CANDIDATE,constant-return method body
1,EMLFBKAINJC,71739,EJFGBBGHKOK,0xD415930,mov-eax-imm32-ret,CANDIDATE,constant-return method body
1,EMLHIPOCIDK,68879,BMMOLEDOEOB,0xF6E7C10,mov-eax-imm32-ret,CANDIDATE,constant-return method body
1,ENEMLEKCHFJ,71731,BMMOLEDOEOB,0x89D5E90,mov-eax-imm32-ret,CANDIDATE,constant-return method body
1,ENHOBGKFKJP,54280,NFLCAAEKMEF,0x14053D10,mov-eax-imm32-ret,CANDIDATE,constant-return method body
1,EODLKINFCCM,29866,NIIICEHCLKF,0x10365950,mov-eax-imm32-ret,CANDIDATE,constant-return method body
1,EOPJLJMFCPG,53562,BMMOLEDOEOB,0x12817680,mov-eax-imm32-ret,CANDIDATE,constant-return method body
1,EPDPEANIDGJ,57992,BMMOLEDOEOB,0x1036F3A0,mov-eax-imm32-ret,CANDIDATE,constant-return method body
1,EPEEBINOMAJ,65927,BMMOLEDOEOB,0x10E8E190,mov-eax-imm32-ret,CANDIDATE,constant-return method body
1,EPHOGAKNGJD,83764,KJNGMBNHMJO,0x8B0ED30,mov-eax-imm32-ret,CANDIDATE,constant-return method body
1,EPKJNKHDDEN,23829,BMMOLEDOEOB,0x128198A0,mov-eax-imm32-ret,CANDIDATE,constant-return method body
1,EffectDynamicScalePluginConfig,75828,get_pluginType,0x12161000,mov-eax-imm32-ret,CANDIDATE,constant-return method body
1,EnviroProfile,29970,GetFootprintZonePriority,0xD431A10,mov-eax-imm32-ret,CANDIDATE,constant-return method body
1,FAANCBOICIK,22595,LFBGEJDKDFA,0xA24CA60,mov-eax-imm32-ret,CANDIDATE,constant-return method body
1,FBPCAIFJGPA,86418,BMMOLEDOEOB,0x10EA4B40,mov-eax-imm32-ret,CANDIDATE,constant-return method body
1,FCALAOBMKLI,54525,NFLCAAEKMEF,0xEAA2640,mov-eax-imm32-ret,CANDIDATE,constant-return method body
1,FCFPEDFALLK,51766,BMMOLEDOEOB,0x72E7670,mov-eax-imm32-ret,CANDIDATE,constant-return method body
1,FCJIIBDDODP,72664,BMMOLEDOEOB,0x1100AD60,mov-eax-imm32-ret,CANDIDATE,constant-return method body
1,FDFIJFEEEKE,31109,BMMOLEDOEOB,0xD459100,mov-eax-imm32-ret,CANDIDATE,constant-return method body
1,FDGANDJPJKE,61375,BMMOLEDOEOB,0xEAA3310,mov-eax-imm32-ret,CANDIDATE,constant-return method body
1,FDJLGEKPHLC,13055,NIIICEHCLKF,0x14096BB0,mov-eax-imm32-ret,CANDIDATE,constant-return method body
1,FEEDAEMBLFP,21425,BMMOLEDOEOB,0xD478530,mov-eax-imm32-ret,CANDIDATE,constant-return method body
1,FFBBMBCPOMD,65674,BMMOLEDOEOB,0x7FA3950,mov-eax-imm32-ret,CANDIDATE,constant-return method body
1,FFBIKPCCDDA,35462,BMMOLEDOEOB,0x7FA3A80,mov-eax-imm32-ret,CANDIDATE,constant-return method body
1,FFCNBIEADGO,62621,BMMOLEDOEOB,0x7FA3F90,mov-eax-imm32-ret,CANDIDATE,constant-return method body
1,FGBNHALLMKF,77026,BMMOLEDOEOB,0x1351BEF0,mov-eax-imm32-ret,CANDIDATE,constant-return method body
1,FGDBFNPOELJ,12773,BMMOLEDOEOB,0x10EEBAF0,mov-eax-imm32-ret,CANDIDATE,constant-return method body
1,FGPADPAHNFN,28186,FBEGMANOFFC,0xA2BDE30,mov-eax-imm32-ret,CANDIDATE,constant-return method body
1,FHACDPJPAEP,83457,EJFGBBGHKOK,0xA45A360,mov-eax-imm32-ret,CANDIDATE,constant-return method body
1,FHBDOHINBMD,57500,BMMOLEDOEOB,0xD571C70,mov-eax-imm32-ret,CANDIDATE,constant-return method body
1,FHECOOBHOGD,34005,BMMOLEDOEOB,0xBBC0740,mov-eax-imm32-ret,CANDIDATE,constant-return method body
1,FHEFFFNILPK,62333,BMMOLEDOEOB,0x12853BC0,mov-eax-imm32-ret,CANDIDATE,constant-return method body
1,FIHDBKLDPGN,40774,OCMANGLPJEF,0x733BC40,mov-eax-imm32-ret,CANDIDATE,constant-return method body
1,FINFNMMEIJI,67948,MOFLCHAOJJB,0x10F09880,mov-eax-imm32-ret,CANDIDATE,constant-return method body
1,FJBADCFDBNF,31160,NGONKLGFJEL,0xA47EED0,mov-eax-imm32-ret,CANDIDATE,constant-return method body
1,FJLOCHJJIJO,67380,BMMOLEDOEOB,0xEBBAC60,mov-eax-imm32-ret,CANDIDATE,constant-return method body
1,FKCBLPFOAOF,74117,BMMOLEDOEOB,0xA499820,mov-eax-imm32-ret,CANDIDATE,constant-return method body
1,FKCCGGJCMFD,62622,BMMOLEDOEOB,0xBBDAED0,mov-eax-imm32-ret,CANDIDATE,constant-return method body
1,FKHABMLDHLG,22578,BMMOLEDOEOB,0x10F1F5F0,mov-eax-imm32-ret,CANDIDATE,constant-return method body
1,FKKNHHKAPBE,75831,BMMOLEDOEOB,0xD4A3780,mov-eax-imm32-ret,CANDIDATE,constant-return method body
1,FLEGBPBONDA,21417,BMMOLEDOEOB,0xF872080,mov-eax-imm32-ret,CANDIDATE,constant-return method body
1,FLGGIECONLL,30270,BMMOLEDOEOB,0x12650550,mov-eax-imm32-ret,CANDIDATE,constant-return method body
1,FLIHEMDOLBI,80828,LAKJOEEHIGB,0x135711A0,mov-eax-imm32-ret,CANDIDATE,constant-return method body
1,FLLKANMJKCP,18928,BMMOLEDOEOB,0x7FEB240,mov-eax-imm32-ret,CANDIDATE,constant-return method body
1,FLMPDAKNDGD,57938,NFLCAAEKMEF,0xBD859D0,mov-eax-imm32-ret,CANDIDATE,constant-return method body
1,FNKELEMOCOK,24628,NFLCAAEKMEF,0xD5AB9D0,mov-eax-imm32-ret,CANDIDATE,constant-return method body
1,FNMAANJMHNL,45663,BMMOLEDOEOB,0x7365BD0,mov-eax-imm32-ret,CANDIDATE,constant-return method body
1,FPAPMPGGIPJ,68819,CHIJBPJNBFO,0x736D130,mov-eax-imm32-ret,CANDIDATE,constant-return method body
1,FPEEEPNMLNG,88557,NGGDILJGAJL,0x10493060,mov-eax-imm32-ret,CANDIDATE,constant-return method body
1,FPEPAIAPLGO,42692,KNOIAFNAOBL,0x736FF00,mov-eax-imm32-ret,CANDIDATE,constant-return method body
1,FPGDANNGHBH,27805,BMMOLEDOEOB,0x8BC3440,mov-eax-imm32-ret,CANDIDATE,constant-return method body
1,GAALBKKMIBH,32356,BMMOLEDOEOB,0x1106FA70,mov-eax-imm32-ret,CANDIDATE,constant-return method body
1,GCBAAGFADEM,29303,BMMOLEDOEOB,0x1359B480,mov-eax-imm32-ret,CANDIDATE,constant-return method body
1,GCFJFBECCKE,35905,BMMOLEDOEOB,0xBDBCAF0,mov-eax-imm32-ret,CANDIDATE,constant-return method body
1,GCIJPDJOFFE,63187,BMMOLEDOEOB,0x135A4830,mov-eax-imm32-ret,CANDIDATE,constant-return method body
1,GCINKHBEKGB,16399,BMMOLEDOEOB,0x128E6170,mov-eax-imm32-ret,CANDIDATE,constant-return method body
1,GCJKHKLHNKG,41579,BMMOLEDOEOB,0xA506AD0,mov-eax-imm32-ret,CANDIDATE,constant-return method body
1,GCPNPIOHEAK,58409,OAAPEEELDBD,0xD5EA9A0,mov-eax-imm32-ret,CANDIDATE,constant-return method body
1,GDADNCNJCNI,76331,BMMOLEDOEOB,0x8BE18B0,mov-eax-imm32-ret,CANDIDATE,constant-return method body
1,GDIHFMJJJPB,49328,BMMOLEDOEOB,0xF8A9BB0,mov-eax-imm32-ret,CANDIDATE,constant-return method body
1,GDIKBPAMIOG,18454,BMMOLEDOEOB,0x135AC270,mov-eax-imm32-ret,CANDIDATE,constant-return method body
1,GDKOEKACGBF,77733,BMMOLEDOEOB,0xEC05450,mov-eax-imm32-ret,CANDIDATE,constant-return method body
1,GEKJBIOLGHN,43820,BMMOLEDOEOB,0x129273E0,mov-eax-imm32-ret,CANDIDATE,constant-return method body
1,GELFNOHFCGH,36386,BMMOLEDOEOB,0x73F2E80,mov-eax-imm32-ret,CANDIDATE,constant-return method body
1,GENLAJAHNLI,72556,BMMOLEDOEOB,0xA5313D0,mov-eax-imm32-ret,CANDIDATE,constant-return method body
1,GEOBEKFJGLE,34788,BMMOLEDOEOB,0xB1A9180,mov-eax-imm32-ret,CANDIDATE,constant-return method body
1,GEOJLOIOIEI,79430,BMMOLEDOEOB,0x11BE7CA0,mov-eax-imm32-ret,CANDIDATE,constant-return method body
1,GFHCOKDKKJA,73566,BMMOLEDOEOB,0x8BF2980,mov-eax-imm32-ret,CANDIDATE,constant-return method body
1,GFMCJOFCMBP,32662,BMMOLEDOEOB,0x104CA250,mov-eax-imm32-ret,CANDIDATE,constant-return method body
1,GFNHFGIHOFJ,44243,BMMOLEDOEOB,0xCA573E0,mov-eax-imm32-ret,CANDIDATE,constant-return method body
1,GGHPEPCGIFN,81311,BMMOLEDOEOB,0xF8C3450,mov-eax-imm32-ret,CANDIDATE,constant-return method body
1,GGJMEPLAEME,81860,BMMOLEDOEOB,0x110ABD30,mov-eax-imm32-ret,CANDIDATE,constant-return method body
1,GGLCKJNBIKO,26302,BMMOLEDOEOB,0x110ABE20,mov-eax-imm32-ret,CANDIDATE,constant-return method body
1,GGMDLJLLABI,15721,BMMOLEDOEOB,0xD600DC0,mov-eax-imm32-ret,CANDIDATE,constant-return method body
1,GHELHGMGNHP,55930,BMMOLEDOEOB,0x8042650,mov-eax-imm32-ret,CANDIDATE,constant-return method body
1,GHGLNGKKKBD,71195,EGJILBGIIAA,0xD607DD0,mov-eax-imm32-ret,CANDIDATE,constant-return method body
1,GHGLNGKKKBD,71195,MIBIPNFDLDI,0xD607E40,mov-eax-imm32-ret,CANDIDATE,constant-return method body
1,GHHKGABAAOM,36806,BMMOLEDOEOB,0xBDF1660,mov-eax-imm32-ret,CANDIDATE,constant-return method body
1,GHJJKPEDHMN,80335,BMMOLEDOEOB,0xB1C0DA0,mov-eax-imm32-ret,CANDIDATE,constant-return method body
1,GHOBCNADNMJ,84336,BMMOLEDOEOB,0x740C0D0,mov-eax-imm32-ret,CANDIDATE,constant-return method body
1,GIABBADJHAN,15519,BMMOLEDOEOB,0x8C00700,mov-eax-imm32-ret,CANDIDATE,constant-return method body
1,GIAHFJMMFLD,18081,BMMOLEDOEOB,0x135E20B0,mov-eax-imm32-ret,CANDIDATE,constant-return method body
1,GIDBEBEAHDL,79650,EMMHMNDLDFP,0x10F738A0,mov-eax-imm32-ret,CANDIDATE,constant-return method body
1,GIDPPKDGDHA,44296,BMMOLEDOEOB,0x8C03070,mov-eax-imm32-ret,CANDIDATE,constant-return method body
1,GIOKKHIBBMF,41521,IMBHADIDAGI,0xD613BE0,mov-eax-imm32-ret,CANDIDATE,constant-return method body
1,GJLCEPFAEME,85479,AEGNNPENLNM,0xA570350,mov-ax-imm16-ret,CANDIDATE,constant-return method body
1,GJOIPMHDNMP,17496,BMMOLEDOEOB,0x12952280,mov-eax-imm32-ret,CANDIDATE,constant-return method body
1,GKHGCOOCEFG,44315,CKGCOHDILKJ,0x804D940,mov-eax-imm32-ret,CANDIDATE,constant-return method body
1,GKHPGKBPOKC,87425,NGPNPHHFDCH,0x1295C280,mov-eax-imm32-ret,CANDIDATE,constant-return method body
1,GKLFNKPFPPF,40271,BMMOLEDOEOB,0x97F8F60,mov-eax-imm32-ret,CANDIDATE,constant-return method body
1,GKMHOEDHLMK,39784,BMMOLEDOEOB,0xD6233B0,mov-eax-imm32-ret,CANDIDATE,constant-return method body
1,GKNFJBACIAA,65354,BMMOLEDOEOB,0xA57CDB0,mov-eax-imm32-ret,CANDIDATE,constant-return method body
1,GLGMIDIDLEH,78951,BMMOLEDOEOB,0xF904240,mov-eax-imm32-ret,CANDIDATE,constant-return method body
1,GLKCOPFHPFF,55908,BMMOLEDOEOB,0x104F3200,mov-eax-imm32-ret,CANDIDATE,constant-return method body
1,GLKLBNOONNP,15597,BMMOLEDOEOB,0x9802E40,mov-eax-imm32-ret,CANDIDATE,constant-return method body
1,GLPHKHDFHMO,88304,BMMOLEDOEOB,0x104F50E0,mov-eax-imm32-ret,CANDIDATE,constant-return method body
1,GMBPIDADLHM,30912,BKKJKOFJHOE,0xBD06610,mov-eax-imm32-ret,CANDIDATE,constant-return method body
1,GMDJEMLGMKD,19430,BMMOLEDOEOB,0x135FB920,mov-eax-imm32-ret,CANDIDATE,constant-return method body
1,GMEGCPLKDMG,38446,BMMOLEDOEOB,0x7440E40,mov-eax-imm32-ret,CANDIDATE,constant-return method body
1,GMJNDPAGEBB,24407,NIIICEHCLKF,0x135FDDE0,mov-eax-imm32-ret,CANDIDATE,constant-return method body
1,GMKNNHBOHJG,83334,CKGCOHDILKJ,0x104FA8C0,mov-eax-imm32-ret,CANDIDATE,constant-return method body
1,GMOHICFFLEH,74607,BMMOLEDOEOB,0xCA933A0,mov-eax-imm32-ret,CANDIDATE,constant-return method body
1,GNJGFONDEHJ,57220,BMMOLEDOEOB,0x74582F0,mov-eax-imm32-ret,CANDIDATE,constant-return method body
1,GNKDPJHMOFP,30055,BMMOLEDOEOB,0x981E4E0,mov-eax-imm32-ret,CANDIDATE,constant-return method body
1,GNKPMJHDHLJ,23362,get__pluginGroupCount,0x10506800,mov-eax-imm32-ret,CANDIDATE,constant-return method body
1,GNNKNIHFPHE,70419,CKGCOHDILKJ,0xBE1C100,mov-eax-imm32-ret,CANDIDATE,constant-return method body
1,GNPIEEFJDKK,32498,BMMOLEDOEOB,0x136113C0,mov-eax-imm32-ret,CANDIDATE,constant-return method body
1,GODLALKHILI,13601,FEFGMNBCLLH,0xEC4D040,mov-eax-imm32-ret,CANDIDATE,constant-return method body
1,GOHPMPGFBOG,54316,BMMOLEDOEOB,0x129A2B40,mov-eax-imm32-ret,CANDIDATE,constant-return method body
1,GOOOGHLFIEO,62605,BMMOLEDOEOB,0x80778D0,mov-eax-imm32-ret,CANDIDATE,constant-return method body
1,GPCLNFOECDO,59586,BMMOLEDOEOB,0x8086240,mov-eax-imm32-ret,CANDIDATE,constant-return method body
1,GregorianCalendar,674,get_AlgorithmType,0x195D2BE0,mov-eax-imm32-ret,CANDIDATE,constant-return method body
1,GregorianCalendar,674,GetEra,0x195D3970,mov-eax-imm32-ret,CANDIDATE,constant-return method body
1,HAAGALDFAMG,84063,NFLCAAEKMEF,0xD65BA90,mov-eax-imm32-ret,CANDIDATE,constant-return method body
1,HAMADCMIBIM,63000,PIKDEADLLHH,0x10530C60,mov-eax-imm32-ret,CANDIDATE,constant-return method body
1,HAPIFFOPOGD,80073,BMMOLEDOEOB,0x8C5F480,mov-eax-imm32-ret,CANDIDATE,constant-return method body
1,HBGDLNEEEGD,73619,FIFGIILCMDE,0x10536570,mov-eax-imm32-ret,CANDIDATE,constant-return method body
1,HBGDLNEEEGD,73619,KNOIAFNAOBL,0x10536770,mov-eax-imm32-ret,CANDIDATE,constant-return method body
1,HBJFNMMLEMC,51906,BMMOLEDOEOB,0xCAD0C30,mov-eax-imm32-ret,CANDIDATE,constant-return method body
1,HBKGGLKNGOE,49144,IDGLOOAIFGG,0x1282FE20,mov-eax-imm32-ret,CANDIDATE,constant-return method body
1,HBOJOPONFEO,59409,BMMOLEDOEOB,0x129BD860,mov-eax-imm32-ret,CANDIDATE,constant-return method body
1,HCAFIAOINIB,69946,BMMOLEDOEOB,0x9840780,mov-eax-imm32-ret,CANDIDATE,constant-return method body
1,HCAPFNGHDBO,80082,NIIICEHCLKF,0x98416C0,mov-eax-imm32-ret,CANDIDATE,constant-return method body
1,HCDPBKEEPMF,47112,BMMOLEDOEOB,0x8095B30,mov-eax-imm32-ret,CANDIDATE,constant-return method body
1,HCEFJBPKMLB,47048,BMMOLEDOEOB,0xA621B70,mov-eax-imm32-ret,CANDIDATE,constant-return method body
1,HCOPJCGADAL,60448,NIIICEHCLKF,0x9589EC0,mov-eax-imm32-ret,CANDIDATE,constant-return method body
1,HDBIMLFPIED,51427,BMMOLEDOEOB,0xF962410,mov-eax-imm32-ret,CANDIDATE,constant-return method body
1,HDCEGPEAEAB,54011,BMMOLEDOEOB,0x748D7D0,mov-eax-imm32-ret,CANDIDATE,constant-return method body
1,HDCHNMLIFMF,41844,AMJMBMGPFKP,0xED84A30,mov-eax-imm32-ret,CANDIDATE,constant-return method body
1,HDJBCDKPNPJ,16239,BMMOLEDOEOB,0xBE7B2D0,mov-eax-imm32-ret,CANDIDATE,constant-return method body
1,HDMDBFELDMC,18309,CKGCOHDILKJ,0x80A8600,mov-eax-imm32-ret,CANDIDATE,constant-return method body
1,HDMELBEJGGP,17948,CKGCOHDILKJ,0x1363F670,mov-eax-imm32-ret,CANDIDATE,constant-return method body
1,HDNMFBAFJEE,32275,HGODMPPMHEM,0x107B2EB0,mov-eax-imm32-ret,CANDIDATE,constant-return method body
1,HEBDFHALDIE,68875,get_size,0xBE806D0,mov-eax-imm32-ret,CANDIDATE,constant-return method body
1,HEFIEOBGFPK,41654,BMMOLEDOEOB,0x749A9F0,mov-eax-imm32-ret,CANDIDATE,constant-return method body
1,HEGBDPBNKEA,23243,BMMOLEDOEOB,0x9862230,mov-eax-imm32-ret,CANDIDATE,constant-return method body
1,HEHIAKPJCAB,33184,PIKDEADLLHH,0xBE85EB0,mov-eax-imm32-ret,CANDIDATE,constant-return method body
1,HEHPFHFJNNI,26446,BMMOLEDOEOB,0xCAF15B0,mov-eax-imm32-ret,CANDIDATE,constant-return method body
1,HFNCFBLHMMM,19471,LPAIJDGCJOD,0xD688930,mov-eax-imm32-ret,CANDIDATE,constant-return method body
1,HGJKJMLAPJO,21369,GetHashCode,0xCB039F0,mov-eax-imm32-ret,CANDIDATE,constant-return method body
1,HHLLHJAFBBA,40974,BMMOLEDOEOB,0xA6830C0,mov-eax-imm32-ret,CANDIDATE,constant-return method body
1,HINGPJBKFLJ,67392,BMMOLEDOEOB,0xF9A8760,mov-eax-imm32-ret,CANDIDATE,constant-return method body
1,HJHCAPDHMGO,34886,CKGCOHDILKJ,0x1366F680,mov-eax-imm32-ret,CANDIDATE,constant-return method body
1,HJLAEIKDBOL,60560,PLKKEGKGCJJ,0x74CB480,mov-eax-imm32-ret,CANDIDATE,constant-return method body
1,HKACNBFLABP,45702,BMMOLEDOEOB,0x74D4510,mov-eax-imm32-ret,CANDIDATE,constant-return method body
1,HKKGHEBCKIJ,50893,KIIHAEBMHGJ,0xA692F60,mov-eax-imm32-ret,CANDIDATE,constant-return method body
1,HLFIGKFKMHO,28956,BMMOLEDOEOB,0x11DAF2C0,mov-eax-imm32-ret,CANDIDATE,constant-return method body
1,HMAEMIKNFMD,48959,get__pluginGroupCount,0xB2501F0,mov-eax-imm32-ret,CANDIDATE,constant-return method body
1,HMLKHBHFPOO,84532,BMMOLEDOEOB,0x98F1690,mov-eax-imm32-ret,CANDIDATE,constant-return method body
1,HNFCGIHKALN,15643,PHAFOOIBGKI,0x74EDA10,mov-eax-imm32-ret,CANDIDATE,constant-return method body
1,HOMBJGJAOEC,82215,KNDAPCADHLF,0xEDE4AC0,mov-eax-imm32-ret,CANDIDATE,constant-return method body
1,HOONJHLHAHD,47076,BMMOLEDOEOB,0x753CD10,mov-eax-imm32-ret,CANDIDATE,constant-return method body
1,HPIOLEJFION,31627,BMMOLEDOEOB,0xD6E8CD0,mov-eax-imm32-ret,CANDIDATE,constant-return method body
1,HPLPJLPAJLB,23271,BMMOLEDOEOB,0xD6EE0A0,mov-eax-imm32-ret,CANDIDATE,constant-return method body
1,HashAlgorithm,996,get_InputBlockSize,0x195AD0F0,mov-eax-imm32-ret,CANDIDATE,constant-return method body
1,HashAlgorithm,996,get_OutputBlockSize,0x195AD100,mov-eax-imm32-ret,CANDIDATE,constant-return method body
1,IAFICDFNMMK,37040,EKENMKOIJDP,0x103FE9F0,mov-eax-imm32-ret,CANDIDATE,constant-return method body
1,IALMGNEMMHH,82829,NIIICEHCLKF,0x12A502C0,mov-eax-imm32-ret,CANDIDATE,constant-return method body
1,IBCCLLBHOPJ,57262,BMMOLEDOEOB,0xB276850,mov-eax-imm32-ret,CANDIDATE,constant-return method body
1,IBJBFDMOIBK,86413,NFLCAAEKMEF,0x111AED20,mov-eax-imm32-ret,CANDIDATE,constant-return method body
1,IBOFAKKCJFE,51210,BMMOLEDOEOB,0xCB9FA40,mov-eax-imm32-ret,CANDIDATE,constant-return method body
1,ICHJKKEHDNG,73071,BJDCDNGALBE,0xBF4C170,mov-eax-imm32-ret,CANDIDATE,constant-return method body
1,ICIIPCJEGCE,38102,IFEPBPBBMDP,0x8D5BA20,mov-eax-imm32-ret,CANDIDATE,constant-return method body
1,ICNOHBEAHOG,12021,BMMOLEDOEOB,0x11E07F60,mov-eax-imm32-ret,CANDIDATE,constant-return method body
1,ICOHNEPGCKF,23203,BMMOLEDOEOB,0x11E08F00,mov-eax-imm32-ret,CANDIDATE,constant-return method body
1,IDAHOJIGDFG,24749,NGEAGGGHFEH,0x812B2C0,mov-eax-imm32-ret,CANDIDATE,constant-return method body
1,IDCBEDAGDFK,48994,CKGCOHDILKJ,0xB28D5F0,mov-eax-imm32-ret,CANDIDATE,constant-return method body
1,IDEEIHIFHPC,42289,BMMOLEDOEOB,0x136E7F10,mov-eax-imm32-ret,CANDIDATE,constant-return method body
1,IDGOEIHLKOC,19685,BMMOLEDOEOB,0x136E8F20,mov-eax-imm32-ret,CANDIDATE,constant-return method body
1,IDGOPJIFMBG,54372,BMMOLEDOEOB,0x812B9E0,mov-eax-imm32-ret,CANDIDATE,constant-return method body
1,IDOLLHKAHDM,27691,BMMOLEDOEOB,0xA6F36B0,mov-eax-imm32-ret,CANDIDATE,constant-return method body
1,IEEJLJLANAK,35899,BMMOLEDOEOB,0xB293B10,mov-eax-imm32-ret,CANDIDATE,constant-return method body
1,IEHBKJNMEPC,15248,BMMOLEDOEOB,0xFA03C40,mov-eax-imm32-ret,CANDIDATE,constant-return method body
1,IEJGPBOIFNK,20169,BMMOLEDOEOB,0xEE3E3C0,mov-eax-imm32-ret,CANDIDATE,constant-return method body
1,IEKAIAFNMFE,78362,OGPOJGNLBIG,0xEE3E7C0,mov-eax-imm32-ret,CANDIDATE,constant-return method body
1,IEOIOMBHDLN,18281,NGPNPHHFDCH,0x8135D60,mov-eax-imm32-ret,CANDIDATE,constant-return method body
1,IFAICFIAACJ,37859,LMAGHEILOOL,0x81365A0,mov-eax-imm32-ret,CANDIDATE,constant-return method body
1,IFAICFIAACJ,37859,LACKLGEGNHN,0x8136900,mov-eax-imm32-ret,CANDIDATE,constant-return method body
1,IFBGPPDNMBO,60511,NGPNPHHFDCH,0xEE41300,mov-eax-imm32-ret,CANDIDATE,constant-return method body
1,IFGLLLMOFMH,14104,BMMOLEDOEOB,0xB2A91E0,mov-eax-imm32-ret,CANDIDATE,constant-return method body
1,IFHDIAPEADI,23974,FBEGMANOFFC,0x111D3480,mov-eax-imm32-ret,CANDIDATE,constant-return method body
1,IFMBCCFMHKN,55263,BMMOLEDOEOB,0x136FB650,mov-eax-imm32-ret,CANDIDATE,constant-return method body
1,IGBEMPCPCBI,11950,CHIJBPJNBFO,0x136FEE70,mov-eax-imm32-ret,CANDIDATE,constant-return method body
1,IGDDKAFCMFI,67858,BMMOLEDOEOB,0xA6FF5D0,mov-eax-imm32-ret,CANDIDATE,constant-return method body
1,IGECOEDAJOI,65423,BMMOLEDOEOB,0x8D7B9B0,mov-eax-imm32-ret,CANDIDATE,constant-return method body
1,IGJELPICDKD,28152,IDHCAJKLBEJ,0x12A86A20,mov-eax-imm32-ret,CANDIDATE,constant-return method body
1,IGKDHMNAJMC,39430,BMMOLEDOEOB,0x11E434C0,mov-eax-imm32-ret,CANDIDATE,constant-return method body
1,IHKNAJIDLJA,65826,BMMOLEDOEOB,0xCBEDE50,mov-eax-imm32-ret,CANDIDATE,constant-return method body
1,IHMJBPNNGLH,27405,CKGCOHDILKJ,0xCBEDED0,mov-eax-imm32-ret,CANDIDATE,constant-return method body
1,IHPMBFCJGBO,51093,BMMOLEDOEOB,0x8D880D0,mov-eax-imm32-ret,CANDIDATE,constant-return method body
1,IILPCBBLHIC,20987,BMMOLEDOEOB,0xCBFD980,mov-eax-imm32-ret,CANDIDATE,constant-return method body
1,IINILKDFMFN,34162,get__pluginGroupCount,0x12A8EF50,mov-eax-imm32-ret,CANDIDATE,constant-return method body
1,IJANPMIBNCI,21338,BMMOLEDOEOB,0x12A8FDD0,mov-eax-imm32-ret,CANDIDATE,constant-return method body
1,IJBGDBADFKJ,88533,NFLCAAEKMEF,0x8DA4800,mov-eax-imm32-ret,CANDIDATE,constant-return method body
1,IJCECPDODOJ,20548,BMMOLEDOEOB,0x13717260,mov-eax-imm32-ret,CANDIDATE,constant-return method body
1,IJOEAOEKHBE,64389,BMMOLEDOEOB,0xCC02750,mov-eax-imm32-ret,CANDIDATE,constant-return method body
1,IJPPCMKGNBH,44895,IMBHADIDAGI,0xCC02E50,mov-eax-imm32-ret,CANDIDATE,constant-return method body
1,IKAPCMJLBLB,30183,BMMOLEDOEOB,0xB2E4F60,mov-eax-imm32-ret,CANDIDATE,constant-return method body
1,IKCHCENBMHC,45222,BMMOLEDOEOB,0x11E6CF50,mov-eax-imm32-ret,CANDIDATE,constant-return method body
1,IKENKJFJIEO,78048,BMMOLEDOEOB,0x99C3FE0,mov-eax-imm32-ret,CANDIDATE,constant-return method body
1,IKHMJIELDJH,40069,BMMOLEDOEOB,0xBF99E90,mov-eax-imm32-ret,CANDIDATE,constant-return method body
1,ILBMKPCJJOG,60239,CKGCOHDILKJ,0x111FB5E0,mov-eax-imm32-ret,CANDIDATE,constant-return method body
1,ILCNPMNHDHD,84879,BMMOLEDOEOB,0xA72F190,mov-eax-imm32-ret,CANDIDATE,constant-return method body
1,ILGOEAHCFNO,22721,BMMOLEDOEOB,0xE2BAAE0,mov-eax-imm32-ret,CANDIDATE,constant-return method body
1,ILHDCBMPNIH,40355,BMMOLEDOEOB,0x8171AD0,mov-eax-imm32-ret,CANDIDATE,constant-return method body
1,ILKAPJPALPF,55204,PIKDEADLLHH,0x11205820,mov-eax-imm32-ret,CANDIDATE,constant-return method body
1,ILPIDIAJIBD,28977,ICIAEMIMAHC,0x9349540,mov-eax-imm32-ret,CANDIDATE,constant-return method body
1,IMCGLPEBIAK,75798,CKGCOHDILKJ,0x11E80B60,mov-eax-imm32-ret,CANDIDATE,constant-return method body
1,IMJLOGLBCNL,54876,NFLCAAEKMEF,0x1373E080,mov-eax-imm32-ret,CANDIDATE,constant-return method body
1,IMMIAEFCFKA,22382,OKBNGPAGLFA,0x125C3740,mov-eax-imm32-ret,CANDIDATE,constant-return method body
1,INCLOJLBCOL,63688,NFLCAAEKMEF,0x8DC3120,mov-eax-imm32-ret,CANDIDATE,constant-return method body
1,INCNABNMAOM,60484,NIIICEHCLKF,0x958A140,mov-eax-imm32-ret,CANDIDATE,constant-return method body
1,INDNOCPEJFB,66176,BMMOLEDOEOB,0x11218780,mov-eax-imm32-ret,CANDIDATE,constant-return method body
1,INHJFDKLKEO,30587,BMMOLEDOEOB,0xFAD86C0,mov-eax-imm32-ret,CANDIDATE,constant-return method body
1,INKPGGLAAKC,22388,OKBNGPAGLFA,0x125C4230,mov-eax-imm32-ret,CANDIDATE,constant-return method body
1,IOFKECGBJJN,21028,BMMOLEDOEOB,0xB317240,mov-eax-imm32-ret,CANDIDATE,constant-return method body
1,IOJGJGDEDIC,47708,FHKKOPAFPBO,0xEBFC570,mov-eax-imm32-ret,CANDIDATE,constant-return method body
1,InputField,3503,get_layoutPriority,0x19CD3A60,mov-eax-imm32-ret,CANDIDATE,constant-return method body
1,InternalDecoderBestFitFallback,422,get_MaxCharCount,0x19607FF0,mov-eax-imm32-ret,CANDIDATE,constant-return method body
1,InternalDecoderBestFitFallbackBuffer,423,InternalFallback,0x19661B00,mov-eax-imm32-ret,CANDIDATE,constant-return method body
1,InternalEncoderBestFitFallback,433,get_MaxCharCount,0x195E14D0,mov-eax-imm32-ret,CANDIDATE,constant-return method body
1,JABBCJGIIMN,57074,NFLCAAEKMEF,0x1067C4D0,mov-eax-imm32-ret,CANDIDATE,constant-return method body
1,JAEBHHCCJAP,84648,EHDOOHIIIMO,0x7648A90,mov-eax-imm32-ret,CANDIDATE,constant-return method body
1,JALPIGOFIBI,78879,BMMOLEDOEOB,0xFB024C0,mov-eax-imm32-ret,CANDIDATE,constant-return method body
1,JAMCAHCLFFA,35219,BMMOLEDOEOB,0xBFDB030,mov-eax-imm32-ret,CANDIDATE,constant-return method body
1,JAOLCBOMKMP,87645,BMMOLEDOEOB,0x764BA70,mov-eax-imm32-ret,CANDIDATE,constant-return method body
1,JCIFHLEFNBH,69826,BMMOLEDOEOB,0xFB137F0,mov-eax-imm32-ret,CANDIDATE,constant-return method body
1,JDBOBPACCJC,70141,LBDGFCKNDKN,0xFA7F6B0,mov-eax-imm32-ret,CANDIDATE,constant-return method body
1,JDCPPDKACDK,59911,BMMOLEDOEOB,0xBFEE9F0,mov-eax-imm32-ret,CANDIDATE,constant-return method body
1,JDJGPCIMEKO,28392,BMMOLEDOEOB,0xCC4EEE0,mov-eax-imm32-ret,CANDIDATE,constant-return method body
1,JDJJKACAIIM,32990,BMMOLEDOEOB,0x12AEFA90,mov-eax-imm32-ret,CANDIDATE,constant-return method body
1,JDKJNEIEMDO,21243,BMMOLEDOEOB,0xA8AA870,mov-eax-imm32-ret,CANDIDATE,constant-return method body
1,JDMBBJNPPCD,68117,FPFCJHIEEOL,0xCC4FAB0,mov-eax-imm32-ret,CANDIDATE,constant-return method body
1,JDOJBFDJHKN,51313,BMMOLEDOEOB,0xB38E880,mov-eax-imm32-ret,CANDIDATE,constant-return method body
1,JDOKMBPCOLN,45265,BMMOLEDOEOB,0x11EC1840,mov-eax-imm32-ret,CANDIDATE,constant-return method body
1,JEFMNPNCJDL,16766,BMMOLEDOEOB,0xE3192B0,mov-eax-imm32-ret,CANDIDATE,constant-return method body
1,JFJELPCLMHF,79879,HKJOCMJBKCN,0xE322BF0,mov-eax-imm32-ret,CANDIDATE,constant-return method body
1,JFJNKPHIJBA,54314,HFKLHBLKONN,0xA8C2210,mov-eax-imm32-ret,CANDIDATE,constant-return method body
1,JGDFNCDKJDM,55748,BMMOLEDOEOB,0x137BAE80,mov-eax-imm32-ret,CANDIDATE,constant-return method body
1,JGGBCBCFCBC,69437,BMMOLEDOEOB,0x11ECD130,mov-eax-imm32-ret,CANDIDATE,constant-return method body
1,JGLDOBGNAHP,53763,CKGCOHDILKJ,0x137C8170,mov-eax-imm32-ret,CANDIDATE,constant-return method body
1,JGMBCJPFEIP,37446,BMMOLEDOEOB,0x82090F0,mov-eax-imm32-ret,CANDIDATE,constant-return method body
1,JGMBHOFEHFF,38556,BMMOLEDOEOB,0x106BAA50,mov-eax-imm32-ret,CANDIDATE,constant-return method body
1,JGMGCKOHAFL,22540,BMMOLEDOEOB,0xA8CC210,mov-eax-imm32-ret,CANDIDATE,constant-return method body
1,JGOJLBNNLON,88236,BCMLCHDHFPA,0x12123BB0,mov-eax-imm32-ret,CANDIDATE,constant-return method body
1,JHAPHLJIJJJ,65936,BMMOLEDOEOB,0xEF41A10,mov-eax-imm32-ret,CANDIDATE,constant-return method body
1,JHBBBPFJCKM,79185,NGPNPHHFDCH,0xFB39AB0,mov-eax-imm32-ret,CANDIDATE,constant-return method body
1,JHEFMJIHBPD,52424,BMMOLEDOEOB,0xB3A49A0,mov-eax-imm32-ret,CANDIDATE,constant-return method body
1,JHIGOALKLDN,29402,BMMOLEDOEOB,0x12B23170,mov-eax-imm32-ret,CANDIDATE,constant-return method body
1,JHJAFJAMJJB,62465,BMMOLEDOEOB,0x9ACEDC0,mov-eax-imm32-ret,CANDIDATE,constant-return method body
1,JIJJFNPPKNH,67306,BMMOLEDOEOB,0xB3B0590,mov-eax-imm32-ret,CANDIDATE,constant-return method body
1,JIKLCFKLCAB,31765,NIIICEHCLKF,0xC03DB30,mov-eax-imm32-ret,CANDIDATE,constant-return method body
1,JINJEPDFLBI,37103,ICLNGANPOBG,0xE3336E0,mov-eax-imm32-ret,CANDIDATE,constant-return method body
1,JJDIBBDKCKJ,65781,BMMOLEDOEOB,0x821DAC0,mov-eax-imm32-ret,CANDIDATE,constant-return method body
1,JJEHKDNKGPC,43294,BMMOLEDOEOB,0xA8EBD10,mov-eax-imm32-ret,CANDIDATE,constant-return method body
1,JJLFIMPGDEK,53542,DJGODLJHEFJ,0x76DB9C0,mov-eax-imm32-ret,CANDIDATE,constant-return method body
1,JJMKCCFHELB,86871,CMNGHIBEDCD,0xEF50060,mov-eax-imm32-ret,CANDIDATE,constant-return method body
1,JKAFHPKPNPI,26084,CCLJKIDJFNF,0x9AD3EE0,mov-eax-imm32-ret,CANDIDATE,constant-return method body
1,JKANDIONCOH,70688,BMMOLEDOEOB,0x9AD4D30,mov-eax-imm32-ret,CANDIDATE,constant-return method body
1,JKEJHDMGCDN,36283,BMMOLEDOEOB,0x106D45A0,mov-eax-imm32-ret,CANDIDATE,constant-return method body
1,JKKBHLLGEED,29386,IMBHADIDAGI,0xA8FD000,mov-eax-imm32-ret,CANDIDATE,constant-return method body
1,JKKPKIOBCGD,66265,BMMOLEDOEOB,0x76E8F20,mov-eax-imm32-ret,CANDIDATE,constant-return method body
1,JLDADNIHCLC,38152,BMMOLEDOEOB,0xCCD9050,mov-eax-imm32-ret,CANDIDATE,constant-return method body
1,JLJEGFGICOI,62773,PHAFOOIBGKI,0xE3514F0,mov-eax-imm32-ret,CANDIDATE,constant-return method body
1,JLKJHEEFEEN,29831,BMMOLEDOEOB,0x9AE2B60,mov-eax-imm32-ret,CANDIDATE,constant-return method body
1,JLLCPHIKPEA,23665,BMMOLEDOEOB,0xA906B70,mov-eax-imm32-ret,CANDIDATE,constant-return method body
1,JNENNCHEFII,15824,EKKIIBBCIGN,0x76F64D0,mov-eax-imm32-ret,CANDIDATE,constant-return method body
1,JNIKNFNPPFG,73300,BMMOLEDOEOB,0xC0DDDB0,mov-eax-imm32-ret,CANDIDATE,constant-return method body
1,JNKGFJCIGLD,47186,BMMOLEDOEOB,0x10708200,mov-eax-imm32-ret,CANDIDATE,constant-return method body
1,JOEOALMIBLG,32148,BMMOLEDOEOB,0xC0E0BF0,mov-eax-imm32-ret,CANDIDATE,constant-return method body
1,JOGKNDMANDI,49646,CKGCOHDILKJ,0xB401130,mov-eax-imm32-ret,CANDIDATE,constant-return method body
1,JOIHFLGIPIF,81198,BMMOLEDOEOB,0xC0E11E0,mov-eax-imm32-ret,CANDIDATE,constant-return method body
1,JOMIPNIMBKL,56509,IMBHADIDAGI,0xFB89FC0,mov-eax-imm32-ret,CANDIDATE,constant-return method body
1,JObject,7402,get_Type,0x196EC9F0,mov-eax-imm32-ret,CANDIDATE,constant-return method body
1,JPAMMELCNOF,47473,BMMOLEDOEOB,0xFB8AE20,mov-eax-imm32-ret,CANDIDATE,constant-return method body
1,JPCBPILEDCH,56702,BMMOLEDOEOB,0x8277830,mov-eax-imm32-ret,CANDIDATE,constant-return method body
1,JPHICJJKLME,82963,BMMOLEDOEOB,0xFB8F950,mov-eax-imm32-ret,CANDIDATE,constant-return method body
1,JPPANJEHJJK,85266,BMMOLEDOEOB,0x8F6E020,mov-eax-imm32-ret,CANDIDATE,constant-return method body
1,JPPOLMKLMJC,52053,BMMOLEDOEOB,0x9B11890,mov-eax-imm32-ret,CANDIDATE,constant-return method body
1,JapaneseCalendar,687,get_AlgorithmType,0x1960DB00,mov-eax-imm32-ret,CANDIDATE,constant-return method body
1,JobBackgroundNode,9607,get_nodeType,0x70E50E0,mov-eax-imm32-ret,CANDIDATE,constant-return method body
1,JulianCalendar,689,get_AlgorithmType,0x19573870,mov-eax-imm32-ret,CANDIDATE,constant-return method body
1,KADIHIAABIK,23298,BMMOLEDOEOB,0x10714020,mov-eax-imm32-ret,CANDIDATE,constant-return method body
1,KAFMHCELHEL,34598,BMMOLEDOEOB,0x112DB510,mov-eax-imm32-ret,CANDIDATE,constant-return method body
1,KAMDNHEFGGN,82863,IACGKNJAKPC,0x12BEBB30,mov-eax-imm32-ret,CANDIDATE,constant-return method body
1,KBGHLJEMKPL,79637,BMMOLEDOEOB,0xE391B00,mov-eax-imm32-ret,CANDIDATE,constant-return method body
1,KBLHMFOFJFK,46533,BMMOLEDOEOB,0xFC27D00,mov-eax-imm32-ret,CANDIDATE,constant-return method body
1,KBNOBPGEIKC,80835,NGPNPHHFDCH,0x771F690,mov-eax-imm32-ret,CANDIDATE,constant-return method body
1,KCEENOBMNFN,51675,BMMOLEDOEOB,0x8F8FE70,mov-eax-imm32-ret,CANDIDATE,constant-return method body
1,KCJJPLPAAAF,29105,BMMOLEDOEOB,0xA93A660,mov-eax-imm32-ret,CANDIDATE,constant-return method body
1,KDFHKMBEPIL,54547,KNDAPCADHLF,0x8F96B00,mov-eax-imm32-ret,CANDIDATE,constant-return method body
1,KDKELOKNLOJ,48619,LOFBAFPKKLM,0x82923F0,mov-eax-imm32-ret,CANDIDATE,constant-return method body
1,KDOOHEMCGIG,43755,CKGCOHDILKJ,0x11F3AA20,mov-eax-imm32-ret,CANDIDATE,constant-return method body
1,KFBAJHAAIGA,60665,FBEGMANOFFC,0x11326010,mov-eax-imm32-ret,CANDIDATE,constant-return method body
1,KGGLHMALKLO,76856,HDCCPLPOCPM,0xB440080,mov-eax-imm32-ret,CANDIDATE,constant-return method body
1,KGHHLIHIGAF,75934,CKGCOHDILKJ,0x1132BCC0,mov-eax-imm32-ret,CANDIDATE,constant-return method body
1,KGNCPKBKAOL,47074,FJJPGEJJKDD,0xA96A990,mov-eax-imm32-ret,CANDIDATE,constant-return method body
1,KGONEJNAGAE,66621,get__pluginGroupCount,0xF008960,mov-eax-imm32-ret,CANDIDATE,constant-return method body
1,KHBCDCIBMBB,69604,NFLCAAEKMEF,0x9BB57A0,mov-eax-imm32-ret,CANDIDATE,constant-return method body
1,KHHCEACOLJA,83517,NFLCAAEKMEF,0x8FADE20,mov-eax-imm32-ret,CANDIDATE,constant-return method body
1,KHIAMJNIDCK,87067,FBEGMANOFFC,0xE3AE550,mov-eax-imm32-ret,CANDIDATE,constant-return method body
1,KHMKGPNAAAH,14039,BMMOLEDOEOB,0xC143D30,mov-eax-imm32-ret,CANDIDATE,constant-return method body
1,KIIILLLBLPL,53137,BMMOLEDOEOB,0x8FB3380,mov-eax-imm32-ret,CANDIDATE,constant-return method body
1,KIIPGBGDGIL,25011,NDKOJHKIEKG,0xB44C1F0,mov-eax-imm32-ret,CANDIDATE,constant-return method body
1,KIJIKBABOIB,68058,BMMOLEDOEOB,0x8FB45D0,mov-eax-imm32-ret,CANDIDATE,constant-return method body
1,KINGCNFOHDK,64908,LGICBBENDJF,0x9BBFF40,mov-eax-imm32-ret,CANDIDATE,constant-return method body
1,KIOEPBOJDOA,88462,PLKKEGKGCJJ,0xFC77E90,mov-eax-imm32-ret,CANDIDATE,constant-return method body
1,KJHEBNANEAB,30308,NFLCAAEKMEF,0x10770B10,mov-eax-imm32-ret,CANDIDATE,constant-return method body
1,KJLPOCGPDLE,56730,BMMOLEDOEOB,0xA980C80,mov-eax-imm32-ret,CANDIDATE,constant-return method body
1,KJOCGKFJJFA,36420,FHBGEFBICKK,0xBEB7470,mov-eax-imm32-ret,CANDIDATE,constant-return method body
1,KJOJIEDLPBL,37033,KNDAPCADHLF,0x11F62590,mov-eax-imm32-ret,CANDIDATE,constant-return method body
1,KJOOEIILBOD,75180,BMMOLEDOEOB,0x11357730,mov-eax-imm32-ret,CANDIDATE,constant-return method body
1,KKAHKCIPNBB,87123,FBEGMANOFFC,0x12C402D0,mov-eax-imm32-ret,CANDIDATE,constant-return method body
1,KKAPEKGCEGN,52094,IDOJCDHOHKI,0x9BD0C10,mov-eax-imm32-ret,CANDIDATE,constant-return method body
1,KLBDPANNGOF,13132,BMMOLEDOEOB,0x77765D0,mov-eax-imm32-ret,CANDIDATE,constant-return method body
1,KLDMOFHCENE,78524,BMMOLEDOEOB,0x777A250,mov-eax-imm32-ret,CANDIDATE,constant-return method body
1,KMDHACHOMEK,61129,DIDKOOHJIIH,0x777FAA0,mov-eax-imm32-ret,CANDIDATE,constant-return method body
1,KNAIFIGMBFN,46705,BMMOLEDOEOB,0x9BF3440,mov-eax-imm32-ret,CANDIDATE,constant-return method body
1,KNGJGDLFLBC,34608,BMMOLEDOEOB,0xC1810E0,mov-eax-imm32-ret,CANDIDATE,constant-return method body
1,KNMMECFIDJJ,84923,BMMOLEDOEOB,0xCD5B060,mov-eax-imm32-ret,CANDIDATE,constant-return method body
1,KNOPAPEEANK,37780,BMMOLEDOEOB,0xFCAE5E0,mov-eax-imm32-ret,CANDIDATE,constant-return method body
1,KNPPBFLHHEL,42909,NGEAGGGHFEH,0xB476E00,mov-eax-imm32-ret,CANDIDATE,constant-return method body
1,KOANNHKDPII,45802,BMMOLEDOEOB,0xC18A2F0,mov-eax-imm32-ret,CANDIDATE,constant-return method body
1,KOBLAPEEPDP,57756,BMMOLEDOEOB,0x11F7F460,mov-eax-imm32-ret,CANDIDATE,constant-return method body
1,KOHLNNGKMGP,38206,ICLNGANPOBG,0xCD5FAB0,mov-eax-imm32-ret,CANDIDATE,constant-return method body
1,KOJOPCAEBGO,67556,BMMOLEDOEOB,0x11F819B0,mov-eax-imm32-ret,CANDIDATE,constant-return method body
1,KOKMFBHJPBA,69008,PLKKEGKGCJJ,0x13917540,mov-eax-imm32-ret,CANDIDATE,constant-return method body
1,KPHEJBAMPBO,64438,BMMOLEDOEOB,0xCD78250,mov-eax-imm32-ret,CANDIDATE,constant-return method body
1,KPJKNHLNNGC,76829,NHKADDKJLGL,0xFCB9440,mov-eax-imm32-ret,CANDIDATE,constant-return method body
1,KPNIMDONHIF,52238,JMGDHPAINJA,0x11F8BDD0,mov-eax-imm32-ret,CANDIDATE,constant-return method body
1,KPNMNDAOBJD,34111,BMMOLEDOEOB,0x77BFBD0,mov-eax-imm32-ret,CANDIDATE,constant-return method body
1,KoreanCalendar,690,get_AlgorithmType,0x194E4DE0,mov-eax-imm32-ret,CANDIDATE,constant-return method body
1,LAAPPKDCOHD,50126,EKKIIBBCIGN,0xFCBDDA0,mov-eax-imm32-ret,CANDIDATE,constant-return method body
1,LAAPPKDCOHD,50126,get__pluginGroupCount,0xFCBE7B0,mov-eax-imm32-ret,CANDIDATE,constant-return method body
1,LAAPPKDCOHD,50126,DMNPHFIONIO,0xFCBE7D0,mov-eax-imm32-ret,CANDIDATE,constant-return method body
1,LAMICKJJPKD,85056,BMMOLEDOEOB,0x113F1C40,mov-eax-imm32-ret,CANDIDATE,constant-return method body
1,LBFFHHLIBLG,69512,MIBIPNFDLDI,0x107D6940,mov-eax-imm32-ret,CANDIDATE,constant-return method body
1,LBIPKFLMIBO,29771,BMMOLEDOEOB,0x12C74840,mov-eax-imm32-ret,CANDIDATE,constant-return method body
1,LBJCCGFDEAI,33751,NIIICEHCLKF,0xCD888F0,mov-eax-imm32-ret,CANDIDATE,constant-return method body
1,LBLGDOEIKHH,13711,BMMOLEDOEOB,0xFCD4140,mov-eax-imm32-ret,CANDIDATE,constant-return method body
1,LCCCHJHKGPO,19161,BMMOLEDOEOB,0x107D9770,mov-eax-imm32-ret,CANDIDATE,constant-return method body
1,LCCEJKHMAID,18630,BMMOLEDOEOB,0x113FC120,mov-eax-imm32-ret,CANDIDATE,constant-return method body
1,LCNBCMKDFJO,46704,BMMOLEDOEOB,0xCD908B0,mov-eax-imm32-ret,CANDIDATE,constant-return method body
1,LCOPKKPPMLC,35050,BMMOLEDOEOB,0x77EC2D0,mov-eax-imm32-ret,CANDIDATE,constant-return method body
1,LCPEGJNEDOC,34248,BMMOLEDOEOB,0xFCF4850,mov-eax-imm32-ret,CANDIDATE,constant-return method body
1,LDADLANDKPA,68964,BMMOLEDOEOB,0xB497BD0,mov-eax-imm32-ret,CANDIDATE,constant-return method body
1,LDBAFGLHMOJ,23662,BMMOLEDOEOB,0x9C29F20,mov-eax-imm32-ret,CANDIDATE,constant-return method body
1,LDPMNAIJEDC,45044,BMMOLEDOEOB,0x1200EDE0,mov-eax-imm32-ret,CANDIDATE,constant-return method body
1,LEABBPNNJOG,70958,PIKDEADLLHH,0x12C86CA0,mov-eax-imm32-ret,CANDIDATE,constant-return method body
1,LEAIOGKGLIB,47447,BMMOLEDOEOB,0x9C3E040,mov-eax-imm32-ret,CANDIDATE,constant-return method body
1,LEKOFMOJDEO,19518,BMMOLEDOEOB,0xB4A2330,mov-eax-imm32-ret,CANDIDATE,constant-return method body
1,LEPHGKCBDPE,56488,BMMOLEDOEOB,0x120149E0,mov-eax-imm32-ret,CANDIDATE,constant-return method body
1,LFEPDBCOPON,40509,DBPOLNBOPLE,0xC1F4830,mov-eax-imm32-ret,CANDIDATE,constant-return method body
1,LGIBOGLONCG,59175,CKGCOHDILKJ,0xCE1F810,mov-eax-imm32-ret,CANDIDATE,constant-return method body
1,LGIPNLHMLNM,13457,BMMOLEDOEOB,0xAA239D0,mov-eax-imm32-ret,CANDIDATE,constant-return method body
1,LGNECNFAKLM,20972,BMMOLEDOEOB,0x1203DA60,mov-eax-imm32-ret,CANDIDATE,constant-return method body
1,LGOLNMJLCLK,81250,BMMOLEDOEOB,0x1081B250,mov-eax-imm32-ret,CANDIDATE,constant-return method body
1,LHKELGABMOE,44613,BMMOLEDOEOB,0xFD20240,mov-eax-imm32-ret,CANDIDATE,constant-return method body
1,LHLGGCEEECD,85594,BMMOLEDOEOB,0x139540A0,mov-eax-imm32-ret,CANDIDATE,constant-return method body
1,LHMMCPMEHJO,88037,BMMOLEDOEOB,0x1142CA10,mov-eax-imm32-ret,CANDIDATE,constant-return method body
1,LHOHNPBPAHA,57622,FBEGMANOFFC,0x9C5BC80,mov-eax-imm32-ret,CANDIDATE,constant-return method body
1,LIPCAKCKFGP,24884,get_size,0xAA3A760,mov-eax-imm32-ret,CANDIDATE,constant-return method body
1,LJJLFDOGGPM,79508,BMMOLEDOEOB,0xB4C7F20,mov-eax-imm32-ret,CANDIDATE,constant-return method body
1,LJKLPMFABPE,14583,FJJPGEJJKDD,0x7867120,mov-eax-imm32-ret,CANDIDATE,constant-return method body
1,LJMIOHOHFOK,83094,FPFCJHIEEOL,0xE4C2480,mov-eax-imm32-ret,CANDIDATE,constant-return method body
1,LKBNCOPOCML,25649,BMMOLEDOEOB,0x114480B0,mov-eax-imm32-ret,CANDIDATE,constant-return method body
1,LKIOALCJGHD,73325,BMMOLEDOEOB,0x12CBC5D0,mov-eax-imm32-ret,CANDIDATE,constant-return method body
1,LKJFEPBOENK,49987,NIIICEHCLKF,0x108AE150,mov-eax-imm32-ret,CANDIDATE,constant-return method body
1,LLHPMIFDBLH,57409,BMMOLEDOEOB,0xB4EDF70,mov-eax-imm32-ret,CANDIDATE,constant-return method body
1,LLIBFMDFAEC,83228,BMMOLEDOEOB,0xB4EE270,mov-eax-imm32-ret,CANDIDATE,constant-return method body
1,LMEFFLNNANF,38222,BMMOLEDOEOB,0x12CE3BE0,mov-eax-imm32-ret,CANDIDATE,constant-return method body
1,LMFBOLDJMBE,60885,BMMOLEDOEOB,0xB5001F0,mov-eax-imm32-ret,CANDIDATE,constant-return method body
1,LMMFIPIIJKP,39960,BMMOLEDOEOB,0x13996630,mov-eax-imm32-ret,CANDIDATE,constant-return method body
1,LNJCFPKNCED,86522,BMMOLEDOEOB,0x787DBA0,mov-eax-imm32-ret,CANDIDATE,constant-return method body
1,LNJLJICMJHO,83392,BMMOLEDOEOB,0xE4DB440,mov-eax-imm32-ret,CANDIDATE,constant-return method body
1,LNJNBGBIIAE,73293,LAGILAPOBDB,0xFD52990,mov-eax-imm32-ret,CANDIDATE,constant-return method body
1,LOAAMFOLMKO,78675,BMMOLEDOEOB,0x12092700,mov-eax-imm32-ret,CANDIDATE,constant-return method body
1,LOCNKGGHHEB,38343,BMMOLEDOEOB,0x12093320,mov-eax-imm32-ret,CANDIDATE,constant-return method body
1,LOIIKMMGNHC,50221,COABCBDAFGF,0xFD58540,mov-eax-imm32-ret,CANDIDATE,constant-return method body
1,LPBFJJJIABK,44047,BMMOLEDOEOB,0x1146F7D0,mov-eax-imm32-ret,CANDIDATE,constant-return method body
1,LPCAAFEKLIG,31580,LAGILAPOBDB,0xAA70710,mov-eax-imm32-ret,CANDIDATE,constant-return method body
1,LPEMBDPIINO,22200,BMMOLEDOEOB,0xB514CE0,mov-eax-imm32-ret,CANDIDATE,constant-return method body
1,LPIEGFGHPBI,74559,CMNGHIBEDCD,0x114706E0,mov-eax-imm32-ret,CANDIDATE,constant-return method body
1,LPJMNMLAELP,65121,BMMOLEDOEOB,0xF14A250,mov-eax-imm32-ret,CANDIDATE,constant-return method body
1,MAKEMPKMCKF,48760,BMMOLEDOEOB,0x120B19C0,mov-eax-imm32-ret,CANDIDATE,constant-return method body
1,MBACCJBCADP,83797,FBEGMANOFFC,0x1147C6F0,mov-eax-imm32-ret,CANDIDATE,constant-return method body
1,MBDLLKAJLPN,30933,BMMOLEDOEOB,0x12D01670,mov-eax-imm32-ret,CANDIDATE,constant-return method body
1,MBFDPPMDEIP,84327,BMMOLEDOEOB,0x9CD4240,mov-eax-imm32-ret,CANDIDATE,constant-return method body
1,MBHPLMBBLGG,74902,KEIHDNEEAIP,0x78A6F50,mov-eax-imm32-ret,CANDIDATE,constant-return method body
1,MCCKIKDOPOL,48459,BMMOLEDOEOB,0xCE7A470,mov-eax-imm32-ret,CANDIDATE,constant-return method body
1,MCOOHHCNJFP,27841,BMMOLEDOEOB,0x9CDF3F0,mov-eax-imm32-ret,CANDIDATE,constant-return method body
1,MCPDEIKLABI,67393,FBEGMANOFFC,0x9CE0240,mov-eax-imm32-ret,CANDIDATE,constant-return method body
1,MDBIBGHHNPL,54659,NDJHADPDFMD,0x139FE640,mov-eax-imm32-ret,CANDIDATE,constant-return method body
1,MDEAGFOJAGE,76391,IMBHADIDAGI,0xAA9F620,mov-eax-imm32-ret,CANDIDATE,constant-return method body
1,MDEPAOJPLOA,72988,BMMOLEDOEOB,0xE522530,mov-eax-imm32-ret,CANDIDATE,constant-return method body
1,MDKAFGCNEHB,17448,BMMOLEDOEOB,0x90B0080,mov-eax-imm32-ret,CANDIDATE,constant-return method body
1,MEFDMKFIAPK,14452,EJFGBBGHKOK,0x12D1C540,mov-eax-imm32-ret,CANDIDATE,constant-return method body
1,MEGHNLPHNHF,59313,get_behaviourType,0x114FBFC0,mov-eax-imm32-ret,CANDIDATE,constant-return method body
1,MEMEMBBDOKE,61528,BMMOLEDOEOB,0x120CC890,mov-eax-imm32-ret,CANDIDATE,constant-return method body
1,MFDPNKHNGAN,28218,OPMBGFPFPBF,0x78CE6B0,mov-eax-imm32-ret,CANDIDATE,constant-return method body
1,MFJIDIIIJBA,21516,BMMOLEDOEOB,0xB5B3D70,mov-eax-imm32-ret,CANDIDATE,constant-return method body
1,MFPANMNLGMP,36861,BMMOLEDOEOB,0x78D20E0,mov-eax-imm32-ret,CANDIDATE,constant-return method body
1,MFPBNHDAGHK,34458,HPMEAECFDFN,0xC0D21E0,mov-eax-imm32-ret,CANDIDATE,constant-return method body
1,MGDHAGMALOI,42825,BMMOLEDOEOB,0xFD93530,mov-eax-imm32-ret,CANDIDATE,constant-return method body
1,MHCHPFNMFMA,39323,BMMOLEDOEOB,0xCE9CFB0,mov-eax-imm32-ret,CANDIDATE,constant-return method body
1,MHDEEJODCKO,15065,BMMOLEDOEOB,0xCE9F900,mov-eax-imm32-ret,CANDIDATE,constant-return method body
1,MHEMLIJIGIB,46085,EMMHMNDLDFP,0xCEA3ED0,mov-eax-imm32-ret,CANDIDATE,constant-return method body
1,MHJLPHFKONG,59401,BMMOLEDOEOB,0xB5C43C0,mov-eax-imm32-ret,CANDIDATE,constant-return method body
1,MHLEJIKOIOF,35201,BMMOLEDOEOB,0xCEAEDB0,mov-eax-imm32-ret,CANDIDATE,constant-return method body
1,MIICGJEPAOO,27732,BMMOLEDOEOB,0xAAC5180,mov-eax-imm32-ret,CANDIDATE,constant-return method body
1,MIJFOFICPLC,51337,BMMOLEDOEOB,0xAAC7280,mov-eax-imm32-ret,CANDIDATE,constant-return method body
1,MJJJLKKCANL,85386,BMMOLEDOEOB,0x12108E60,mov-eax-imm32-ret,CANDIDATE,constant-return method body
1,MJMJJHBAPOK,51632,FJJPGEJJKDD,0x13A4D170,mov-eax-imm32-ret,CANDIDATE,constant-return method body
1,MKBPFAHJBBK,58185,BMMOLEDOEOB,0xE555E50,mov-eax-imm32-ret,CANDIDATE,constant-return method body
1,MKEIFMKDLHN,48033,CKGCOHDILKJ,0x9D1AB00,mov-eax-imm32-ret,CANDIDATE,constant-return method body
1,MKFFAIMIIFA,74445,KEIHDNEEAIP,0x9D1AC50,mov-eax-imm32-ret,CANDIDATE,constant-return method body
1,MKGLKKGPHKK,53879,BMMOLEDOEOB,0xB5E0D00,mov-eax-imm32-ret,CANDIDATE,constant-return method body
1,MKHEPEOGMDL,13605,OAAPEEELDBD,0xCED5DF0,mov-eax-imm32-ret,CANDIDATE,constant-return method body
1,MKOHAOGGEEG,13040,BMMOLEDOEOB,0xFDBABF0,mov-eax-imm32-ret,CANDIDATE,constant-return method body
1,MKOPABHLNKN,12668,PIKDEADLLHH,0x9D1E9B0,mov-eax-imm32-ret,CANDIDATE,constant-return method body
1,MLDOOECCJGN,85695,BMMOLEDOEOB,0xB5ED860,mov-eax-imm32-ret,CANDIDATE,constant-return method body
1,MLKLPAKFHAA,23456,BMMOLEDOEOB,0xAAF2770,mov-eax-imm32-ret,CANDIDATE,constant-return method body
1,MLPLPOFNMNF,55166,BMMOLEDOEOB,0x12D713D0,mov-eax-imm32-ret,CANDIDATE,constant-return method body
1,MMOOJJPDPMP,38574,BMMOLEDOEOB,0xAAF7E10,mov-eax-imm32-ret,CANDIDATE,constant-return method body
1,MNKNPDPFNAK,79758,NIIICEHCLKF,0xCEF5E70,mov-eax-imm32-ret,CANDIDATE,constant-return method body
1,MNMHMIJLACL,50653,BMMOLEDOEOB,0x12D77E60,mov-eax-imm32-ret,CANDIDATE,constant-return method body
1,MNPAPGCLLKO,41447,BMMOLEDOEOB,0x8470240,mov-eax-imm32-ret,CANDIDATE,constant-return method body
1,MOBCMFOFKJE,64394,CBNJHBDMFLB,0x9D61250,mov-eax-imm32-ret,CANDIDATE,constant-return method body
1,MPDPNNBJGHL,73753,BMMOLEDOEOB,0xAB173A0,mov-eax-imm32-ret,CANDIDATE,constant-return method body
1,MethodBase,516,,0x19479180,mov-eax-imm32-ret,CANDIDATE,constant-return method body
1,MonoEnviroLightDistanceActivatorComponent,34999,get_tickType,0x7A476A0,mov-eax-imm32-ret,CANDIDATE,constant-return method body
1,MonoEnviroLightIntensityComponent,86408,get_componentType,0xF23DF60,mov-eax-imm32-ret,CANDIDATE,constant-return method body
1,MonoEnviroRPIntensityComponent,31532,get_componentType,0x13B664E0,mov-eax-imm32-ret,CANDIDATE,constant-return method body
1,MonoGadgetMirrorReflectionSetup,20285,get_reflectionPriority,0x8542210,mov-eax-imm32-ret,CANDIDATE,constant-return method body
1,MonoSyncLayoutElement,85097,get_layoutPriority,0xF2E2990,mov-eax-imm32-ret,CANDIDATE,constant-return method body
1,MonoUGCV2RoomMapRoomListRow,72970,get_rowType,0x7A9BFC0,mov-eax-imm32-ret,CANDIDATE,constant-return method body
1,NAIEAAABCGI,17118,BMMOLEDOEOB,0x85CA930,mov-eax-imm32-ret,CANDIDATE,constant-return method body
1,NBCPBNMEBKI,49616,BMMOLEDOEOB,0xB75EA50,mov-eax-imm32-ret,CANDIDATE,constant-return method body
1,NBEJDBFNHCM,68934,BMMOLEDOEOB,0xC5258F0,mov-eax-imm32-ret,CANDIDATE,constant-return method body
1,NBLFPECAEFN,79353,BMMOLEDOEOB,0x12FE3920,mov-eax-imm32-ret,CANDIDATE,constant-return method body
1,NBMAPNGHFFD,82585,BMMOLEDOEOB,0x7AB34D0,mov-eax-imm32-ret,CANDIDATE,constant-return method body
1,NBODNPLKPJA,86719,KNDAPCADHLF,0xACA2530,mov-eax-imm32-ret,CANDIDATE,constant-return method body
1,NCFCOBMEHDP,25242,IMBHADIDAGI,0x12FE6AF0,mov-eax-imm32-ret,CANDIDATE,constant-return method body
1,NCHENPKMCFP,67806,CKGCOHDILKJ,0xE696900,mov-eax-imm32-ret,CANDIDATE,constant-return method body
1,NCIJICIFLGE,79665,CPMALDODHCC,0xBC2EAB0,mov-eax-imm32-ret,CANDIDATE,constant-return method body
1,NCILKEJJCBG,46020,BMMOLEDOEOB,0xE6974E0,mov-eax-imm32-ret,CANDIDATE,constant-return method body
1,NCPGNMCNJAP,79242,BMMOLEDOEOB,0x85DCB30,mov-eax-imm32-ret,CANDIDATE,constant-return method body
1,NDCHONNFHAO,15680,PLKKEGKGCJJ,0xD031770,mov-eax-imm32-ret,CANDIDATE,constant-return method body
1,NDIONCHGJAO,86995,BMMOLEDOEOB,0x12FF7E60,mov-eax-imm32-ret,CANDIDATE,constant-return method body
1,NDOFNDCEIOH,18657,NGPNPHHFDCH,0xB7839B0,mov-eax-imm32-ret,CANDIDATE,constant-return method body
1,NECKPOABDCN,32568,BMMOLEDOEOB,0x116B1720,mov-eax-imm32-ret,CANDIDATE,constant-return method body
1,NEDICHFCKJL,24774,FBEGMANOFFC,0xC55A7D0,mov-eax-imm32-ret,CANDIDATE,constant-return method body
1,NEDOJOLJPMF,49499,PIKDEADLLHH,0x116B4DC0,mov-eax-imm32-ret,CANDIDATE,constant-return method body
1,NEFHLLFIOID,36229,BMMOLEDOEOB,0xB7871D0,mov-eax-imm32-ret,CANDIDATE,constant-return method body
1,NFCPGJOMMNN,14813,BMMOLEDOEOB,0x116BC360,mov-eax-imm32-ret,CANDIDATE,constant-return method body
1,NFHPKGPAHLM,63815,IOPPCCMNNHF,0x1195D390,mov-eax-imm32-ret,CANDIDATE,constant-return method body
1,NFKGLNJLOMJ,21904,BMMOLEDOEOB,0xFF6F930,mov-eax-imm32-ret,CANDIDATE,constant-return method body
1,NGFDDIACLJE,49449,FBEGMANOFFC,0xFF76DB0,mov-eax-imm32-ret,CANDIDATE,constant-return method body
1,NGGOLFDICBA,33314,BMMOLEDOEOB,0xD05C100,mov-eax-imm32-ret,CANDIDATE,constant-return method body
1,NGKPCCGDNOC,52290,PIKDEADLLHH,0xACE2AB0,mov-eax-imm32-ret,CANDIDATE,constant-return method body
1,NGLLPKGDPJG,57156,BMMOLEDOEOB,0x116D6FE0,mov-eax-imm32-ret,CANDIDATE,constant-return method body
1,NGMNEAMDDAE,34441,NFLCAAEKMEF,0x92D8670,mov-eax-imm32-ret,CANDIDATE,constant-return method body
1,NHBIBNGIFCE,12899,BMMOLEDOEOB,0xE6B8440,mov-eax-imm32-ret,CANDIDATE,constant-return method body
1,NHHFKHNDMKH,38215,BMMOLEDOEOB,0xACEFA40,mov-eax-imm32-ret,CANDIDATE,constant-return method body
1,NHPHFOACJMA,36416,FHBGEFBICKK,0xBEB78F0,mov-eax-imm32-ret,CANDIDATE,constant-return method body
1,NIDCOJPOMCG,77458,BMMOLEDOEOB,0x9EB96E0,mov-eax-imm32-ret,CANDIDATE,constant-return method body
1,NIEFOIMHJAH,75453,MDLHGAIMLGE,0x12BA4EC0,mov-eax-imm32-ret,CANDIDATE,constant-return method body
1,NIEHKHBFBHK,13026,BMMOLEDOEOB,0x13C6BCB0,mov-eax-imm32-ret,CANDIDATE,constant-return method body
1,NILDEPAIECE,57462,BMMOLEDOEOB,0xAD04AF0,mov-eax-imm32-ret,CANDIDATE,constant-return method body
1,NJAIILAOACH,17157,FBEGMANOFFC,0xAD107C0,mov-eax-imm32-ret,CANDIDATE,constant-return method body
1,NJAKANINJHH,66632,BMMOLEDOEOB,0x1229EB50,mov-eax-imm32-ret,CANDIDATE,constant-return method body
1,NJEFBHEJIAC,55364,KJCFCOHMFDJ,0xFF94950,mov-eax-imm32-ret,CANDIDATE,constant-return method body
1,NJFLEOLCFKG,44754,BMMOLEDOEOB,0xAD14B70,mov-eax-imm32-ret,CANDIDATE,constant-return method body
1,NJGIEJNKJJG,35801,BMMOLEDOEOB,0xD094DD0,mov-eax-imm32-ret,CANDIDATE,constant-return method body
1,NJILFFEOJHK,80598,BMMOLEDOEOB,0x860D320,mov-eax-imm32-ret,CANDIDATE,constant-return method body
1,NJKKIOMJMAM,56456,BMMOLEDOEOB,0xF367110,mov-eax-imm32-ret,CANDIDATE,constant-return method body
1,NJPKLDGPMGN,39987,BMMOLEDOEOB,0xFF9FE10,mov-eax-imm32-ret,CANDIDATE,constant-return method body
1,NKBADANOCNF,25136,BMMOLEDOEOB,0x9ECD840,mov-eax-imm32-ret,CANDIDATE,constant-return method body
1,NKBDBPNAPIK,73274,BMMOLEDOEOB,0x9ECDC60,mov-eax-imm32-ret,CANDIDATE,constant-return method body
1,NKKHDMFPHAF,73114,FJJPGEJJKDD,0xB7F3D10,mov-eax-imm32-ret,CANDIDATE,constant-return method body
1,NKNAJFFAIIE,65109,BMMOLEDOEOB,0xAD1EA10,mov-eax-imm32-ret,CANDIDATE,constant-return method body
1,NKPPEENKOIP,38717,BMMOLEDOEOB,0x11705580,mov-eax-imm32-ret,CANDIDATE,constant-return method body
1,NLIMMJDPHFL,13100,CKGCOHDILKJ,0x92F8EA0,mov-eax-imm32-ret,CANDIDATE,constant-return method body
1,NLLPLMPCGEG,75715,BMMOLEDOEOB,0x1308B060,mov-eax-imm32-ret,CANDIDATE,constant-return method body
1,NLOKBHPMANF,61932,BMMOLEDOEOB,0x1170E850,mov-eax-imm32-ret,CANDIDATE,constant-return method body
1,NMAPJHIBLKE,48620,IMBHADIDAGI,0x122AC9D0,mov-eax-imm32-ret,CANDIDATE,constant-return method body
1,NMEGKPFPKGD,12863,BMMOLEDOEOB,0x861EDF0,mov-eax-imm32-ret,CANDIDATE,constant-return method body
1,NMMGKKEBJFP,63803,OKDMFIFCDGF,0x13EB2260,mov-eax-imm32-ret,CANDIDATE,constant-return method body
1,NOPFDCDNPEE,53379,BMMOLEDOEOB,0x9EEA840,mov-eax-imm32-ret,CANDIDATE,constant-return method body
1,NPCJFGAKAPI,48834,CKGCOHDILKJ,0xC5C0E00,mov-eax-imm32-ret,CANDIDATE,constant-return method body
1,NPFBIBIAEEI,75639,BMMOLEDOEOB,0x1002DBC0,mov-eax-imm32-ret,CANDIDATE,constant-return method body
1,NPFLNCGEADF,34879,BMMOLEDOEOB,0xC5C1650,mov-eax-imm32-ret,CANDIDATE,constant-return method body
1,NativeGallery,8379,CheckPermission,0x19680560,mov-eax-imm32-ret,CANDIDATE,constant-return method body
1,NativeGallery,8379,RequestPermission,0x19680570,mov-eax-imm32-ret,CANDIDATE,constant-return method body
1,OBMANOPNPFA,80740,BMMOLEDOEOB,0xF3B32D0,mov-eax-imm32-ret,CANDIDATE,constant-return method body
1,OBPBFGBIPCM,67427,BMMOLEDOEOB,0xC5D8EA0,mov-eax-imm32-ret,CANDIDATE,constant-return method body
1,OCPOPDJOCEA,41405,BMMOLEDOEOB,0x9F79820,mov-eax-imm32-ret,CANDIDATE,constant-return method body
1,ODCIGADBNCO,29028,BMMOLEDOEOB,0xE7561A0,mov-eax-imm32-ret,CANDIDATE,constant-return method body
1,ODFMGEHOIHN,14589,BMMOLEDOEOB,0x1231CB80,mov-eax-imm32-ret,CANDIDATE,constant-return method body
1,ODGKDOEHACA,59404,BMMOLEDOEOB,0xF3C4B70,mov-eax-imm32-ret,CANDIDATE,constant-return method body
1,ODINEAPCLNK,20932,BMMOLEDOEOB,0x934DB40,mov-eax-imm32-ret,CANDIDATE,constant-return method body
1,ODKPKNPNEEK,81034,BMMOLEDOEOB,0x1231F160,mov-eax-imm32-ret,CANDIDATE,constant-return method body
1,ODLHJEJECIL,18550,KNDAPCADHLF,0x1005D0A0,mov-eax-imm32-ret,CANDIDATE,constant-return method body
1,ODMNAPPCDMI,25715,BMMOLEDOEOB,0x117409B0,mov-eax-imm32-ret,CANDIDATE,constant-return method body
1,OEBCPGBPOHO,33963,BMMOLEDOEOB,0x10B4A120,mov-eax-imm32-ret,CANDIDATE,constant-return method body
1,OEGDAPFIJMB,44001,BMMOLEDOEOB,0x9F9DF60,mov-eax-imm32-ret,CANDIDATE,constant-return method body
1,OEGEKDLKONE,27180,BMMOLEDOEOB,0x12321B90,mov-eax-imm32-ret,CANDIDATE,constant-return method body
1,OEKJLOIFCIC,78935,BMMOLEDOEOB,0xB8410C0,mov-eax-imm32-ret,CANDIDATE,constant-return method body
1,OFEDGBOCPBJ,39894,BMMOLEDOEOB,0x936D430,mov-eax-imm32-ret,CANDIDATE,constant-return method body
1,OFFGPBFHODC,20872,HJHMCMHJGND,0x13D4AC80,mov-eax-imm32-ret,CANDIDATE,constant-return method body
1,OFJELPBGDMB,34271,BMMOLEDOEOB,0xB84BCC0,mov-eax-imm32-ret,CANDIDATE,constant-return method body
1,OFOGDBEDGAL,24847,BMMOLEDOEOB,0xE76DE40,mov-eax-imm32-ret,CANDIDATE,constant-return method body
1,OFOGILOINDK,41609,BMMOLEDOEOB,0x13D4BAE0,mov-eax-imm32-ret,CANDIDATE,constant-return method body
1,OFPHAOODGDK,85601,NIIICEHCLKF,0xCF68030,mov-eax-imm32-ret,CANDIDATE,constant-return method body
1,OGADEHGHKLL,25311,BMMOLEDOEOB,0x10B5CD40,mov-eax-imm32-ret,CANDIDATE,constant-return method body
1,OGMMBCHBADG,34407,BMMOLEDOEOB,0x7B9E540,mov-eax-imm32-ret,CANDIDATE,constant-return method body
1,OHDAKKKHHCL,77396,BMMOLEDOEOB,0xD13EEF0,mov-eax-imm32-ret,CANDIDATE,constant-return method body
1,OHDBFKJEMOK,17103,GNOENAIDDBK,0x123315A0,mov-eax-imm32-ret,CANDIDATE,constant-return method body
1,OHJLHPOPPON,73565,BMMOLEDOEOB,0xE778130,mov-eax-imm32-ret,CANDIDATE,constant-return method body
1,OHKPACGHDPA,60269,BMMOLEDOEOB,0x9FB2540,mov-eax-imm32-ret,CANDIDATE,constant-return method body
1,OHLLGNGDKFI,18499,BMMOLEDOEOB,0x12331F60,mov-eax-imm32-ret,CANDIDATE,constant-return method body
1,OHMPADCAEFI,58025,BMMOLEDOEOB,0x7BA9CE0,mov-eax-imm32-ret,CANDIDATE,constant-return method body
1,OIBIACONOCD,41823,BMMOLEDOEOB,0x7BAE5C0,mov-eax-imm32-ret,CANDIDATE,constant-return method body
1,OIGOIHKGOKJ,36642,BMMOLEDOEOB,0x13D57480,mov-eax-imm32-ret,CANDIDATE,constant-return method body
1,OIGOPPFABLH,78233,BMMOLEDOEOB,0x117DD050,mov-eax-imm32-ret,CANDIDATE,constant-return method body
1,OIKHHEGGNCO,31806,BMMOLEDOEOB,0xC62F0B0,mov-eax-imm32-ret,CANDIDATE,constant-return method body
1,OJFEGMOHNEI,66890,BMMOLEDOEOB,0xAD97FA0,mov-eax-imm32-ret,CANDIDATE,constant-return method body
1,OJGNPLHOGHL,35007,BMMOLEDOEOB,0x10B719D0,mov-eax-imm32-ret,CANDIDATE,constant-return method body
1,OJMJPPENMDP,80556,BMMOLEDOEOB,0x7BCB930,mov-eax-imm32-ret,CANDIDATE,constant-return method body
1,OKAHGCKPPBN,39495,BMMOLEDOEOB,0x13133E30,mov-eax-imm32-ret,CANDIDATE,constant-return method body
1,OKDOHAOCCNC,80758,BMMOLEDOEOB,0x100B1BD0,mov-eax-imm32-ret,CANDIDATE,constant-return method body
1,OKFGFMFHIJG,74165,BMMOLEDOEOB,0xD151000,mov-eax-imm32-ret,CANDIDATE,constant-return method body
1,OKGAKELFDBG,23192,BMMOLEDOEOB,0x939E6D0,mov-eax-imm32-ret,CANDIDATE,constant-return method body
1,OKINNDBPFJB,30819,BMMOLEDOEOB,0xC6431B0,mov-eax-imm32-ret,CANDIDATE,constant-return method body
1,OLBMDIJOCDB,24848,BMMOLEDOEOB,0x117FC9B0,mov-eax-imm32-ret,CANDIDATE,constant-return method body
1,OLHEHHCHKBC,86344,NIIICEHCLKF,0x110D87E0,mov-eax-imm32-ret,CANDIDATE,constant-return method body
1,OLNEBAFMKFK,72611,BMMOLEDOEOB,0x12355ED0,mov-eax-imm32-ret,CANDIDATE,constant-return method body
1,OMEMFBMGDJF,47875,BMMOLEDOEOB,0x10B892E0,mov-eax-imm32-ret,CANDIDATE,constant-return method body
1,OMGBDONJGKF,53435,GECGCJCLKNN,0x13D7C5C0,mov-eax-imm32-ret,CANDIDATE,constant-return method body
1,OMGBDONJGKF,53435,GNCDNBGMNIN,0x13D7C7E0,mov-eax-imm32-ret,CANDIDATE,constant-return method body
1,OMIEICMIMLJ,51987,BMMOLEDOEOB,0xF411140,mov-eax-imm32-ret,CANDIDATE,constant-return method body
1,OMNENEDOAKH,54419,BMMOLEDOEOB,0xADAA1C0,mov-eax-imm32-ret,CANDIDATE,constant-return method body
1,ONBIOIPDLBP,29803,BMMOLEDOEOB,0x7BF7870,mov-eax-imm32-ret,CANDIDATE,constant-return method body
1,ONCOEKABOAD,59784,BMMOLEDOEOB,0xD192600,mov-eax-imm32-ret,CANDIDATE,constant-return method body
1,ONDHKMHGKMG,28880,CGIBMGFLDEH,0x7BFE450,mov-eax-imm32-ret,CANDIDATE,constant-return method body
1,ONENBFEKHIL,35408,FBEGMANOFFC,0xB89A5E0,mov-eax-imm32-ret,CANDIDATE,constant-return method body
1,ONLPFGBAGCO,59365,KNDAPCADHLF,0xD19FCF0,mov-eax-imm32-ret,CANDIDATE,constant-return method body
1,ONMKCFOOAHM,85992,BMMOLEDOEOB,0x100F5E80,mov-eax-imm32-ret,CANDIDATE,constant-return method body
1,OOBMBACLMCD,56567,BMMOLEDOEOB,0x86B51D0,mov-eax-imm32-ret,CANDIDATE,constant-return method body
1,OPEFFHGIFLO,77846,BMMOLEDOEOB,0x100FBC70,mov-eax-imm32-ret,CANDIDATE,constant-return method body
1,OPMGIJFIOPG,27581,MFANNEGGOMI,0xF446650,mov-eax-imm32-ret,CANDIDATE,constant-return method body
1,OPNAJNHFPOP,88447,BMMOLEDOEOB,0x10BB5D40,mov-eax-imm32-ret,CANDIDATE,constant-return method body
1,Operator,2935,get_Type,0x19AA1F80,mov-eax-imm32-ret,CANDIDATE,constant-return method body
1,PACDFPEPPMN,33724,BMMOLEDOEOB,0xE7B0090,mov-eax-imm32-ret,CANDIDATE,constant-return method body
1,PADMEKJHDFB,34970,BMMOLEDOEOB,0x8726AE0,mov-eax-imm32-ret,CANDIDATE,constant-return method body
1,PANBEKGAKMH,80753,BMMOLEDOEOB,0x9FED240,mov-eax-imm32-ret,CANDIDATE,constant-return method body
1,PBBKLFOCJKF,57325,BMMOLEDOEOB,0xF45E8E0,mov-eax-imm32-ret,CANDIDATE,constant-return method body
1,PBBLJBKMHPG,53598,OFCGECFOGJC,0xF4B0C00,mov-eax-imm32-ret,CANDIDATE,constant-return method body
1,PBENCKMCJIH,20554,BMMOLEDOEOB,0x123EAEE0,mov-eax-imm32-ret,CANDIDATE,constant-return method body
1,PBFMOKACPCA,85238,LAGILAPOBDB,0x99AC790,mov-eax-imm32-ret,CANDIDATE,constant-return method body
1,PCAENJJCCHC,32088,BMMOLEDOEOB,0xB8D96E0,mov-eax-imm32-ret,CANDIDATE,constant-return method body
1,PCCNJOLDNBF,53701,EDJIMIPHCFE,0x1320B110,mov-eax-imm32-ret,CANDIDATE,constant-return method body
1,PCEKHPJAGGN,81815,BMMOLEDOEOB,0x10108270,mov-eax-imm32-ret,CANDIDATE,constant-return method body
1,PCOPOFCPMPL,44756,BMMOLEDOEOB,0x7C21210,mov-eax-imm32-ret,CANDIDATE,constant-return method body
1,PDABMBLOCGB,88729,BMMOLEDOEOB,0xF48EB00,mov-eax-imm32-ret,CANDIDATE,constant-return method body
1,PDADDGFOAKB,24129,FBEGMANOFFC,0xE7C2780,mov-eax-imm32-ret,CANDIDATE,constant-return method body
1,PDKBLGNAKMM,55912,BHIFODOALNP,0xD235CA0,mov-eax-imm32-ret,CANDIDATE,constant-return method body
1,PEADKPFILHA,27044,BMMOLEDOEOB,0xB8EFB30,mov-eax-imm32-ret,CANDIDATE,constant-return method body
1,PELMHGABEDB,63180,BMMOLEDOEOB,0x93EF390,mov-eax-imm32-ret,CANDIDATE,constant-return method body
1,PEMNFFGHHOE,21504,BMMOLEDOEOB,0x8760FB0,mov-eax-imm32-ret,CANDIDATE,constant-return method body
1,PEMPGHLIHMH,20442,BMMOLEDOEOB,0x10119660,mov-eax-imm32-ret,CANDIDATE,constant-return method body
1,PEPALKMOIMH,75661,DIDLFHJPJNF,0xADE47A0,mov-eax-imm32-ret,CANDIDATE,constant-return method body
1,PEPCCAOOAEA,21001,BMMOLEDOEOB,0x93EFEF0,mov-eax-imm32-ret,CANDIDATE,constant-return method body
1,PFAAHHLNMKN,76182,BMMOLEDOEOB,0x1318BFD0,mov-eax-imm32-ret,CANDIDATE,constant-return method body
1,PFDNMMIPNBI,19505,LGICBBENDJF,0xA006BF0,mov-eax-imm32-ret,CANDIDATE,constant-return method body
1,PFEGCJPJOKF,12841,BMMOLEDOEOB,0xA007A60,mov-eax-imm32-ret,CANDIDATE,constant-return method body
1,PFEIJPEAMBE,65900,BMMOLEDOEOB,0x1318D400,mov-eax-imm32-ret,CANDIDATE,constant-return method body
1,PFHLHOOFIPC,42221,BMMOLEDOEOB,0x8766390,mov-eax-imm32-ret,CANDIDATE,constant-return method body
1,PFLLLFKOBIF,49451,KJPNONPPIFF,0xA00F440,mov-eax-imm32-ret,CANDIDATE,constant-return method body
1,PFMPPDBBLAE,83371,BMMOLEDOEOB,0x7C30DD0,mov-eax-imm32-ret,CANDIDATE,constant-return method body
1,PFNPBBEPIHI,64833,BMMOLEDOEOB,0xF499C60,mov-eax-imm32-ret,CANDIDATE,constant-return method body
1,PFOCBAIDFAK,80846,BMMOLEDOEOB,0x876B370,mov-eax-imm32-ret,CANDIDATE,constant-return method body
1,PFOFOFKHBNK,39173,BMMOLEDOEOB,0x101209B0,mov-eax-imm32-ret,CANDIDATE,constant-return method body
1,PGFILNAGBEJ,61543,BMMOLEDOEOB,0xA016F80,mov-eax-imm32-ret,CANDIDATE,constant-return method body
1,PGFOMCCMBLA,83556,BMMOLEDOEOB,0x10C00B50,mov-eax-imm32-ret,CANDIDATE,constant-return method body
1,PGICDADCDMP,36645,BMMOLEDOEOB,0xF49FD00,mov-eax-imm32-ret,CANDIDATE,constant-return method body
1,PGOOJDNADFK,57562,CKAJAAPHOFI,0x1012BBE0,mov-eax-imm32-ret,CANDIDATE,constant-return method body
1,PHHJEMLLAGH,78517,BMMOLEDOEOB,0x9401E10,mov-eax-imm32-ret,CANDIDATE,constant-return method body
1,PIGAIFKGONO,65103,BMMOLEDOEOB,0x877D390,mov-eax-imm32-ret,CANDIDATE,constant-return method body
1,PJCOMBFKCMA,82915,BMMOLEDOEOB,0xAE08DB0,mov-eax-imm32-ret,CANDIDATE,constant-return method body
1,PLDDBGPOEAL,20552,BMMOLEDOEOB,0x13DF5960,mov-eax-imm32-ret,CANDIDATE,constant-return method body
1,PLKPIOOAMPA,11866,BMMOLEDOEOB,0x879C720,mov-eax-imm32-ret,CANDIDATE,constant-return method body
1,PMIHHHMMHJG,42930,DPANJANFKDL,0x7797CB0,mov-eax-imm32-ret,CANDIDATE,constant-return method body
1,PMNAMKIFPBH,75394,BMMOLEDOEOB,0x10175360,mov-eax-imm32-ret,CANDIDATE,constant-return method body
1,PNIHOCIIPNF,71934,CKGCOHDILKJ,0x87AFFD0,mov-eax-imm32-ret,CANDIDATE,constant-return method body
1,PPEIDMBNIHI,23712,BMMOLEDOEOB,0xA08F610,mov-eax-imm32-ret,CANDIDATE,constant-return method body
1,PPFLHIEAPPL,12271,BMMOLEDOEOB,0x13E440A0,mov-eax-imm32-ret,CANDIDATE,constant-return method body
1,PPFOFENBIOF,60428,CGIJPCBAHPF,0xB9C26F0,mov-eax-imm32-ret,CANDIDATE,constant-return method body
1,PPMILIOLNGC,29526,FBEGMANOFFC,0xD281910,mov-eax-imm32-ret,CANDIDATE,constant-return method body
1,PersianCalendar,650,get_AlgorithmType,0x195A43C0,mov-eax-imm32-ret,CANDIDATE,constant-return method body
1,PersianCalendar,650,get_BaseCalendarID,0x195A43E0,mov-eax-imm32-ret,CANDIDATE,constant-return method body
1,PkzipClassicDecryptCryptoTransform,8342,get_InputBlockSize,0x19066AD0,mov-eax-imm32-ret,CANDIDATE,constant-return method body
1,PkzipClassicDecryptCryptoTransform,8342,get_OutputBlockSize,0x19066AE0,mov-eax-imm32-ret,CANDIDATE,constant-return method body
1,PkzipClassicEncryptCryptoTransform,8341,get_InputBlockSize,0x19066CD0,mov-eax-imm32-ret,CANDIDATE,constant-return method body
1,PkzipClassicEncryptCryptoTransform,8341,get_OutputBlockSize,0x19066CE0,mov-eax-imm32-ret,CANDIDATE,constant-return method body
1,Platform_DirectInput_Base,6155,get_platform,0x198872C0,mov-eax-imm32-ret,CANDIDATE,constant-return method body
1,RendererResourceSofdecPrimeYuvRawData,10712,get_NumTextureSets,0x6FE5390,mov-eax-imm32-ret,CANDIDATE,constant-return method body
1,SFJH_SingleJobBase,11330,get_totalCount,0x710B8D0,mov-eax-imm32-ret,CANDIDATE,constant-return method body
1,SimpleMoveData,9671,get_typeId,0x6E09A50,mov-eax-imm32-ret,CANDIDATE,constant-return method body
1,SingleNote,61405,get_maxCombo,0xFF17930,mov-eax-imm32-ret,CANDIDATE,constant-return method body
1,TaiwanCalendar,696,get_AlgorithmType,0x194B18B0,mov-eax-imm32-ret,CANDIDATE,constant-return method body
1,ThaiBuddhistCalendar,700,get_AlgorithmType,0x195C2F50,mov-eax-imm32-ret,CANDIDATE,constant-return method body
1,Timeline,55475,get_FrameEntries,0xAE70A70,mov-eax-imm32-ret,CANDIDATE,constant-return method body
1,TouchScreenKeyboard,2315,get_status,0x19C00B80,mov-eax-imm32-ret,CANDIDATE,constant-return method body
1,WecTkcOprbDguVgjSfajdDKcGGoqA,7535,YBpPClWIjnVntsHnnhkZHWivbIdW,0x1991CA90,mov-eax-imm32-ret,CANDIDATE,constant-return method body
1,XElement,6677,get_NodeType,0x1994AFD0,mov-eax-imm32-ret,CANDIDATE,constant-return method body
1,XmlElement,3073,get_NodeType,0x19997700,mov-eax-imm32-ret,CANDIDATE,constant-return method body
1,eLFOlpRgkYetTKVpzkBwXuCaSnUr,5985,ffayURfGMSmKChWLijMKBpdnZNZh,0x19869F10,mov-eax-imm32-ret,CANDIDATE,constant-return method body
1,tccfPzeYAUjWsDHNYlOLiTTxJEqZA,7502,get_inputSourceType,0x198E8480,mov-eax-imm32-ret,CANDIDATE,constant-return method body
2,<>c,36603,PKFPEFONGIO,0x1059BFD0,mov-eax-imm32-ret,CANDIDATE,constant-return method body
2,<>c,70158,OHODJGLJPEN,0x13D9E9E0,mov-eax-imm32-ret,CANDIDATE,constant-return method body
2,<>c,61035,PAPLLBNFIPH,0x72BCC00,mov-eax-imm32-ret,CANDIDATE,constant-return method body
2,<>c,83089,JICKGFJDHLE,0xB21A8D0,mov-eax-imm32-ret,CANDIDATE,constant-return method body
2,AAGJGFMICEM,71204,BMMOLEDOEOB,0x126CDEB0,mov-eax-imm32-ret,CANDIDATE,constant-return method body
2,ABDCIHPEHOL,29615,BMMOLEDOEOB,0x8A07ED0,mov-eax-imm32-ret,CANDIDATE,constant-return method body
2,ABLMGOHONGO,80153,BMMOLEDOEOB,0x1344C480,mov-eax-imm32-ret,CANDIDATE,constant-return method body
2,ABMHIJIGLOL,49677,PGCDENPOACA,0xBC20720,mov-eax-imm32-ret,CANDIDATE,constant-return method body
2,ACBBJLBHDHF,84998,BMMOLEDOEOB,0xB0E3FE0,mov-eax-imm32-ret,CANDIDATE,constant-return method body
2,ACGALPDLFCM,30089,BMMOLEDOEOB,0xEACF3A0,mov-eax-imm32-ret,CANDIDATE,constant-return method body
2,ACKFDNFCIPN,62819,BMMOLEDOEOB,0x103E26D0,mov-eax-imm32-ret,CANDIDATE,constant-return method body
2,AFNIDMIMHML,46318,BMMOLEDOEOB,0xBC4EF20,mov-eax-imm32-ret,CANDIDATE,constant-return method body
2,AGENLFONALN,70099,CMNGHIBEDCD,0xBC5E3D0,mov-eax-imm32-ret,CANDIDATE,constant-return method body
2,AGKMNFHLJOK,80167,BMMOLEDOEOB,0xEB1BC20,mov-eax-imm32-ret,CANDIDATE,constant-return method body
2,AHCGIFFOJKG,65201,BMMOLEDOEOB,0xF7B1FB0,mov-eax-imm32-ret,CANDIDATE,constant-return method body
2,AHCKDHIGDHC,50358,HFKLHBLKONN,0x10F91380,mov-eax-imm32-ret,CANDIDATE,constant-return method body
2,AHFHIEIFKFH,60856,CMNGHIBEDCD,0x10F93280,mov-eax-imm32-ret,CANDIDATE,constant-return method body
2,AHNACLFPDFM,19994,BMMOLEDOEOB,0x10420B90,mov-eax-imm32-ret,CANDIDATE,constant-return method body
2,AIJAEFJPLEP,87479,OAAPEEELDBD,0x12717060,mov-eax-imm32-ret,CANDIDATE,constant-return method body
2,AIMMEHHKFGL,87543,BMMOLEDOEOB,0x96C9570,mov-eax-imm32-ret,CANDIDATE,constant-return method body
2,AJCJDOLFHIJ,16660,BMMOLEDOEOB,0xAB8FA80,mov-eax-imm32-ret,CANDIDATE,constant-return method body
2,AJPMNGGNDAB,80990,BMMOLEDOEOB,0xBC86A70,mov-eax-imm32-ret,CANDIDATE,constant-return method body
2,ALBEANDEKBJ,40270,BMMOLEDOEOB,0x96E9E30,mov-eax-imm32-ret,CANDIDATE,constant-return method body
2,ALDGLIOABIF,25839,BMMOLEDOEOB,0xBC928F0,mov-eax-imm32-ret,CANDIDATE,constant-return method body
2,ALMOLFDBCOF,51292,BMMOLEDOEOB,0x7EFB2B0,mov-eax-imm32-ret,CANDIDATE,constant-return method body
2,AMHMDGHHMLO,57367,BMMOLEDOEOB,0x134BED50,mov-eax-imm32-ret,CANDIDATE,constant-return method body
2,AMOEKBKDLDC,59559,BMMOLEDOEOB,0xEB545F0,mov-eax-imm32-ret,CANDIDATE,constant-return method body
2,ANBHOMCPIOB,25593,BMMOLEDOEOB,0x10FD3940,mov-eax-imm32-ret,CANDIDATE,constant-return method body
2,AOFNGLEAFHD,24047,CBNJHBDMFLB,0x97068A0,mov-eax-imm32-ret,CANDIDATE,constant-return method body
2,APLBPIJADMO,78299,BMMOLEDOEOB,0x11375490,mov-eax-imm32-ret,CANDIDATE,constant-return method body
2,APPDELHOIOJ,14287,BMMOLEDOEOB,0x10484310,mov-eax-imm32-ret,CANDIDATE,constant-return method body
2,Axis2D,5690,get_elementCapacity,0x197B2A90,mov-eax-imm32-ret,CANDIDATE,constant-return method body
2,BADFAODBHIL,49916,BMMOLEDOEOB,0x971C810,mov-eax-imm32-ret,CANDIDATE,constant-return method body
2,BAIIMDJMBML,16863,CMNGHIBEDCD,0xBCBE480,mov-eax-imm32-ret,CANDIDATE,constant-return method body
2,BBKHHNJEPHK,16116,KIIHAEBMHGJ,0x113291C0,mov-eax-imm32-ret,CANDIDATE,constant-return method body
2,BCBJBJBNPOH,26442,BMMOLEDOEOB,0x8E84670,mov-eax-imm32-ret,CANDIDATE,constant-return method body
2,BCLLCFHEHNL,75662,BMMOLEDOEOB,0xB51CDA0,mov-eax-imm32-ret,CANDIDATE,constant-return method body
2,BDLFOFNEIGG,55036,BMMOLEDOEOB,0x11FE1B30,mov-eax-imm32-ret,CANDIDATE,constant-return method body
2,BEOCFGEGLHG,12951,BMMOLEDOEOB,0x11FF2820,mov-eax-imm32-ret,CANDIDATE,constant-return method body
2,BEPJBHBIKFG,31635,get_size,0x12B2A810,mov-eax-imm32-ret,CANDIDATE,constant-return method body
2,BGIMJJIDHIP,88401,BMMOLEDOEOB,0x12B36090,mov-eax-imm32-ret,CANDIDATE,constant-return method body
2,BGJCDKFMDDO,49498,BMMOLEDOEOB,0xB530DF0,mov-eax-imm32-ret,CANDIDATE,constant-return method body
2,BGMKAHNMCDI,60220,BMMOLEDOEOB,0xAED16E0,mov-eax-imm32-ret,CANDIDATE,constant-return method body
2,BHBFJOGCDNC,69150,BMMOLEDOEOB,0xDC8B4C0,mov-eax-imm32-ret,CANDIDATE,constant-return method body
2,BJFAMMKFGIP,35821,BMMOLEDOEOB,0xB540D50,mov-eax-imm32-ret,CANDIDATE,constant-return method body
2,BJKFDLKCCJM,28436,BMMOLEDOEOB,0x75D9430,mov-eax-imm32-ret,CANDIDATE,constant-return method body
2,BLFLAEEFDNH,44702,NGEAGGGHFEH,0xAEF1AF0,mov-eax-imm32-ret,CANDIDATE,constant-return method body
2,BMACFBLCGKC,68227,NDJHADPDFMD,0x123AEBE0,mov-eax-imm32-ret,CANDIDATE,constant-return method body
2,BMKNGOHHOHE,28648,BMMOLEDOEOB,0xC49CA30,mov-eax-imm32-ret,CANDIDATE,constant-return method body
2,BNHAPFEHOBE,43537,IACGKNJAKPC,0x123B7400,mov-eax-imm32-ret,CANDIDATE,constant-return method body
2,BNMNGJMLJOP,79137,BMMOLEDOEOB,0xD1AE6A0,mov-eax-imm32-ret,CANDIDATE,constant-return method body
2,BOFOCDHJMLH,47644,BMMOLEDOEOB,0xAF42520,mov-eax-imm32-ret,CANDIDATE,constant-return method body
2,BOJDPFIHHCN,68072,FHKKOPAFPBO,0xBA865F0,mov-eax-imm32-ret,CANDIDATE,constant-return method body
2,BOJMJHJOAMB,81070,BMMOLEDOEOB,0xD1BA950,mov-eax-imm32-ret,CANDIDATE,constant-return method body
2,BONNMEFMMJI,34335,LBDGFCKNDKN,0x13CB41B0,mov-eax-imm32-ret,CANDIDATE,constant-return method body
2,BOOKKDLJOCH,52456,BMMOLEDOEOB,0xF2AC4A0,mov-eax-imm32-ret,CANDIDATE,constant-return method body
2,BPJMBOMPAND,43062,NIIICEHCLKF,0x13315790,mov-eax-imm32-ret,CANDIDATE,constant-return method body
2,CAGPPPPIHCE,70140,LBDGFCKNDKN,0xB2D6C10,mov-eax-imm32-ret,CANDIDATE,constant-return method body
2,CBIPAFDPBGG,85727,BMMOLEDOEOB,0xE819760,mov-eax-imm32-ret,CANDIDATE,constant-return method body
2,CBJPOJLEMDH,63823,OKDMFIFCDGF,0xD2E3930,mov-eax-imm32-ret,CANDIDATE,constant-return method body
2,CDKHILIDFDF,26085,get_size,0x94B82D0,mov-eax-imm32-ret,CANDIDATE,constant-return method body
2,CDMMGBDIJLK,30485,BMMOLEDOEOB,0x1338C460,mov-eax-imm32-ret,CANDIDATE,constant-return method body
2,CDNGMAEFCAF,18130,BMMOLEDOEOB,0x1191F3A0,mov-eax-imm32-ret,CANDIDATE,constant-return method body
2,CEHJIKEEPGF,62274,BMMOLEDOEOB,0xF5620C0,mov-eax-imm32-ret,CANDIDATE,constant-return method body
2,CFBJEBMKGEM,72276,BMMOLEDOEOB,0xD2B7160,mov-eax-imm32-ret,CANDIDATE,constant-return method body
2,CGACPCFBOJC,77426,MFANNEGGOMI,0x13397020,mov-eax-imm32-ret,CANDIDATE,constant-return method body
2,CGFELKIDHNE,63570,BMMOLEDOEOB,0xF575B30,mov-eax-imm32-ret,CANDIDATE,constant-return method body
2,CHGAFCEOFOB,76146,BMMOLEDOEOB,0x10C60B80,mov-eax-imm32-ret,CANDIDATE,constant-return method body
2,CHPOBGGKFIM,63826,IOPPCCMNNHF,0xBA26270,mov-eax-imm32-ret,CANDIDATE,constant-return method body
2,CIHKFDLICGP,27122,BMMOLEDOEOB,0x11959F60,mov-eax-imm32-ret,CANDIDATE,constant-return method body
2,CKGHCAKGBBO,21888,BMMOLEDOEOB,0xF58DC80,mov-eax-imm32-ret,CANDIDATE,constant-return method body
2,CKLBBNPDEAP,57763,BMMOLEDOEOB,0x133B2820,mov-eax-imm32-ret,CANDIDATE,constant-return method body
2,CLDNANAOCEB,68629,PIKDEADLLHH,0xBA37060,mov-eax-imm32-ret,CANDIDATE,constant-return method body
2,CLMOIIOFHNM,48239,NANDBBFNOLD,0x111C7C50,mov-eax-imm32-ret,CANDIDATE,constant-return method body
2,CMKHNMKOGMI,35982,JAOEIGMEGHE,0x10D42370,mov-eax-imm32-ret,CANDIDATE,constant-return method body
2,CNGFPCFLOCE,17802,BMMOLEDOEOB,0x133CA270,mov-eax-imm32-ret,CANDIDATE,constant-return method body
2,CNOFAIDKABM,20246,NIIICEHCLKF,0x1301C3A0,mov-eax-imm32-ret,CANDIDATE,constant-return method body
2,CPAJKEGLADH,70776,BMMOLEDOEOB,0xA0DF750,mov-eax-imm32-ret,CANDIDATE,constant-return method body
2,CPPGGFGMIKP,20265,BMMOLEDOEOB,0x1026A830,mov-eax-imm32-ret,CANDIDATE,constant-return method body
2,CinemachineBasicMultiChannelPerlin,10774,get_Stage,0x6EA03C0,mov-eax-imm32-ret,CANDIDATE,constant-return method body
2,CurveTimeline1,26998,get_FrameEntries,0x118BE680,mov-eax-imm32-ret,CANDIDATE,constant-return method body
2,DABFLKAEIMK,35665,BMMOLEDOEOB,0xF5CCC10,mov-eax-imm32-ret,CANDIDATE,constant-return method body
2,DAIPEHFCHAG,33038,IDHCAJKLBEJ,0xBA86E00,mov-eax-imm32-ret,CANDIDATE,constant-return method body
2,DBNull,194,GetTypeCode,0x195CC120,mov-eax-imm32-ret,CANDIDATE,constant-return method body
2,DCACGHLHNMO,83112,BMMOLEDOEOB,0xD343BB0,mov-eax-imm32-ret,CANDIDATE,constant-return method body
2,DCFFCBAAJDM,15458,BMMOLEDOEOB,0x13F27120,mov-eax-imm32-ret,CANDIDATE,constant-return method body
2,DCFMDFJIABF,77474,PENLBBJBGFL,0x10D8A080,mov-eax-imm32-ret,CANDIDATE,constant-return method body
2,DDPAFOLJDOD,85625,BMMOLEDOEOB,0x7D6A870,mov-eax-imm32-ret,CANDIDATE,constant-return method body
2,DEABDJCCIGN,17722,BMMOLEDOEOB,0x883C4F0,mov-eax-imm32-ret,CANDIDATE,constant-return method body
2,DEFFEKNHLJH,39289,BMMOLEDOEOB,0x883EFC0,mov-eax-imm32-ret,CANDIDATE,constant-return method body
2,DEFOBAJEJPM,82419,BMMOLEDOEOB,0x884C870,mov-eax-imm32-ret,CANDIDATE,constant-return method body
2,DEICHNCNEFG,82051,BMMOLEDOEOB,0xB000E30,mov-eax-imm32-ret,CANDIDATE,constant-return method body
2,DFIGDFMFICB,73126,BMMOLEDOEOB,0x10DA63E0,mov-eax-imm32-ret,CANDIDATE,constant-return method body
2,DGBHHGEHAKA,86870,BMMOLEDOEOB,0x13F4D160,mov-eax-imm32-ret,CANDIDATE,constant-return method body
2,DHBAJCLCINH,39970,BMMOLEDOEOB,0xF60F500,mov-eax-imm32-ret,CANDIDATE,constant-return method body
2,DHIIIAEANGD,57330,FJJPGEJJKDD,0xD363C00,mov-eax-imm32-ret,CANDIDATE,constant-return method body
2,DHMILNMFLEF,24930,BMMOLEDOEOB,0x7D848A0,mov-eax-imm32-ret,CANDIDATE,constant-return method body
2,DIBGAMNFAEH,42932,DPANJANFKDL,0x13915FB0,mov-eax-imm32-ret,CANDIDATE,constant-return method body
2,DIGMFIEIFFE,48809,BMMOLEDOEOB,0x13F6DF20,mov-eax-imm32-ret,CANDIDATE,constant-return method body
2,DIOJNNNCFHI,28899,BMMOLEDOEOB,0xC85CB20,mov-eax-imm32-ret,CANDIDATE,constant-return method body
2,DJJAEDCONAP,46989,BMMOLEDOEOB,0x102BA890,mov-eax-imm32-ret,CANDIDATE,constant-return method body
2,DKHCPLGKOMH,50900,BMMOLEDOEOB,0x7EA6800,mov-eax-imm32-ret,CANDIDATE,constant-return method body
2,DKIMMAEIJGK,77019,BMMOLEDOEOB,0x11A34B90,mov-eax-imm32-ret,CANDIDATE,constant-return method body
2,DKKACKNFPFG,58692,BMMOLEDOEOB,0xF6241F0,mov-eax-imm32-ret,CANDIDATE,constant-return method body
2,DLFMBCOBGEO,55256,BMMOLEDOEOB,0x10DD11E0,mov-eax-imm32-ret,CANDIDATE,constant-return method body
2,DNCGIDCLALN,72270,BMMOLEDOEOB,0x11A52F90,mov-eax-imm32-ret,CANDIDATE,constant-return method body
2,DNKIJIKOEIF,48332,BMMOLEDOEOB,0xF656AE0,mov-eax-imm32-ret,CANDIDATE,constant-return method body
2,DNKPMIJJFLN,30820,BMMOLEDOEOB,0x11A556A0,mov-eax-imm32-ret,CANDIDATE,constant-return method body
2,DNMMPBDMGAO,55899,BMMOLEDOEOB,0x88A1A40,mov-eax-imm32-ret,CANDIDATE,constant-return method body
2,DNODKBNGFHF,38749,BMMOLEDOEOB,0x12788AC0,mov-eax-imm32-ret,CANDIDATE,constant-return method body
2,DOCIBFCHHCE,24926,BMMOLEDOEOB,0x10DE8AA0,mov-eax-imm32-ret,CANDIDATE,constant-return method body
2,DOEMECLICDF,80085,MMNJJPJDBEF,0x1258B5C0,mov-eax-imm32-ret,CANDIDATE,constant-return method body
2,DOMECDMOIOK,25405,BMMOLEDOEOB,0x88A8990,mov-eax-imm32-ret,CANDIDATE,constant-return method body
2,DOPBFKFNDGH,31969,BMMOLEDOEOB,0x12790DF0,mov-eax-imm32-ret,CANDIDATE,constant-return method body
2,DPCNCEKBHAN,26046,BMMOLEDOEOB,0xBADE080,mov-eax-imm32-ret,CANDIDATE,constant-return method body
2,DPHBHGCBKJK,67943,BMMOLEDOEOB,0x13FB8220,mov-eax-imm32-ret,CANDIDATE,constant-return method body
2,DPKEOOEDFEL,87008,BMMOLEDOEOB,0x13FBA480,mov-eax-imm32-ret,CANDIDATE,constant-return method body
2,DSCompanionEntity,44127,get_DSColliderType,0xB630AE0,mov-eax-imm32-ret,CANDIDATE,constant-return method body
2,DSDestructiblePlaneEntity,15640,get_DSColliderType,0x12D88280,mov-eax-imm32-ret,CANDIDATE,constant-return method body
2,DSFourWayPanelEntity,55029,get_DSColliderType,0xE592440,mov-eax-imm32-ret,CANDIDATE,constant-return method body
2,DSMovePlaneEntity,54484,get_DSColliderType,0xC3444B0,mov-eax-imm32-ret,CANDIDATE,constant-return method body
2,DSPlaneEntity,43269,get_entityType,0xFDE6050,mov-eax-imm32-ret,CANDIDATE,constant-return method body
2,Datatype_IDREF,3245,get_TokenizedType,0x19A0F660,mov-eax-imm32-ret,CANDIDATE,constant-return method body
2,Datatype_NOTATION,3247,get_BuiltInWhitespaceFacet,0x199E6A50,mov-eax-imm32-ret,CANDIDATE,constant-return method body
2,Datatype_QName,3235,get_BuiltInWhitespaceFacet,0x19A2AE30,mov-eax-imm32-ret,CANDIDATE,constant-return method body
2,Datatype_anySimpleType,3208,get_BuiltInWhitespaceFacet,0x199B03E0,mov-eax-imm32-ret,CANDIDATE,constant-return method body
2,Datatype_anyURI,3234,get_BuiltInWhitespaceFacet,0x19A5A140,mov-eax-imm32-ret,CANDIDATE,constant-return method body
2,Datatype_base64Binary,3233,get_BuiltInWhitespaceFacet,0x199B0610,mov-eax-imm32-ret,CANDIDATE,constant-return method body
2,Datatype_boolean,3212,get_BuiltInWhitespaceFacet,0x19AA6790,mov-eax-imm32-ret,CANDIDATE,constant-return method body
2,Datatype_dateTimeBase,3219,get_BuiltInWhitespaceFacet,0x19A1B750,mov-eax-imm32-ret,CANDIDATE,constant-return method body
2,Datatype_decimal,3215,get_BuiltInWhitespaceFacet,0x19A72A50,mov-eax-imm32-ret,CANDIDATE,constant-return method body
2,Datatype_double,3214,get_BuiltInWhitespaceFacet,0x19A1BF20,mov-eax-imm32-ret,CANDIDATE,constant-return method body
2,Datatype_duration,3216,get_BuiltInWhitespaceFacet,0x19A72E40,mov-eax-imm32-ret,CANDIDATE,constant-return method body
2,Datatype_float,3213,get_BuiltInWhitespaceFacet,0x19A733C0,mov-eax-imm32-ret,CANDIDATE,constant-return method body
2,Datatype_hexBinary,3232,get_BuiltInWhitespaceFacet,0x19A5A630,mov-eax-imm32-ret,CANDIDATE,constant-return method body
2,Datatype_token,3238,get_BuiltInWhitespaceFacet,0x199B0E40,mov-eax-imm32-ret,CANDIDATE,constant-return method body
2,DualSenseDriver,7879,get_MaxTouches,0x19901370,mov-eax-imm32-ret,CANDIDATE,constant-return method body
2,DualSenseTriggerEffectWeapon,6364,Rewired.ControllerExtensions.IDualSenseTriggerEffect.get_triggerEffectType,0x1986A8B0,mov-eax-imm32-ret,CANDIDATE,constant-return method body
2,DualShock4Driver,7890,get_MaxTouches,0x198CA150,mov-eax-imm32-ret,CANDIDATE,constant-return method body
2,EAHEFHIOILB,79888,BMMOLEDOEOB,0x1259A270,mov-eax-imm32-ret,CANDIDATE,constant-return method body
2,EBCDDEJGEGJ,34360,PHAFOOIBGKI,0xA18B050,mov-eax-imm32-ret,CANDIDATE,constant-return method body
2,EEMOFGBOBJI,86230,BMMOLEDOEOB,0x10E1A360,mov-eax-imm32-ret,CANDIDATE,constant-return method body
2,EFDINLECGBI,19693,NIIICEHCLKF,0x960FBB0,mov-eax-imm32-ret,CANDIDATE,constant-return method body
2,EFDKHNADMIP,46004,BMMOLEDOEOB,0x8966290,mov-eax-imm32-ret,CANDIDATE,constant-return method body
2,EFGMNGGGMKE,19881,BMMOLEDOEOB,0x10E215C0,mov-eax-imm32-ret,CANDIDATE,constant-return method body
2,EGHIEMEECDA,45425,ICLNGANPOBG,0xA1D3AD0,mov-eax-imm32-ret,CANDIDATE,constant-return method body
2,EGHMOHEMKDP,79468,BMMOLEDOEOB,0xB0C1BA0,mov-eax-imm32-ret,CANDIDATE,constant-return method body
2,EHPFLMIMPNH,82871,BMMOLEDOEOB,0xB0C7730,mov-eax-imm32-ret,CANDIDATE,constant-return method body
2,EIFBGEJFOLC,40260,get_typeId,0x10328AD0,mov-eax-imm32-ret,CANDIDATE,constant-return method body
2,EIHICMOEIEH,26045,BMMOLEDOEOB,0x729FD90,mov-eax-imm32-ret,CANDIDATE,constant-return method body
2,EIKLCAGMDKM,40161,HDCCPLPOCPM,0xA1E47E0,mov-eax-imm32-ret,CANDIDATE,constant-return method body
2,EJCJHBEDEPD,56165,BMMOLEDOEOB,0xEA3E010,mov-eax-imm32-ret,CANDIDATE,constant-return method body
2,EJDIOGGJNBM,30791,BMMOLEDOEOB,0x72A4E20,mov-eax-imm32-ret,CANDIDATE,constant-return method body
2,EJDKGNCIEMF,68253,BMMOLEDOEOB,0x127E1E40,mov-eax-imm32-ret,CANDIDATE,constant-return method body
2,EJIPECLJNLO,87000,get__pluginGroupCount,0x9688600,mov-eax-imm32-ret,CANDIDATE,constant-return method body
2,EJLBDAFCGHJ,24367,BMMOLEDOEOB,0xEA40570,mov-eax-imm32-ret,CANDIDATE,constant-return method body
2,EJOKHODNDDO,58785,BMMOLEDOEOB,0x125D5610,mov-eax-imm32-ret,CANDIDATE,constant-return method body
2,ELAKGBILIKB,32170,BMMOLEDOEOB,0xF6E04C0,mov-eax-imm32-ret,CANDIDATE,constant-return method body
2,ELCDDHAKCFH,31174,BMMOLEDOEOB,0x127F8910,mov-eax-imm32-ret,CANDIDATE,constant-return method body
2,ELFEDCJCDEK,15811,KEIHDNEEAIP,0x127F9CB0,mov-eax-imm32-ret,CANDIDATE,constant-return method body
2,ELJCHHANGKG,82491,EMMHMNDLDFP,0x11AECE60,mov-eax-imm32-ret,CANDIDATE,constant-return method body
2,EMDFBIHHNOG,70838,FPFCJHIEEOL,0x127FF290,mov-eax-imm32-ret,CANDIDATE,constant-return method body
2,EMOAMJIBLKD,83077,BMMOLEDOEOB,0xA40C8D0,mov-eax-imm32-ret,CANDIDATE,constant-return method body
2,ENEOFKKCLLA,23746,IAAOKCAHIKN,0x72BBD80,mov-eax-imm32-ret,CANDIDATE,constant-return method body
2,ENEOFKKCLLA,23746,MJIFFKKGKBB,0x72BBD90,mov-eax-imm32-ret,CANDIDATE,constant-return method body
2,ENFLIPLDINJ,74981,BMMOLEDOEOB,0xBB54D90,mov-eax-imm32-ret,CANDIDATE,constant-return method body
2,ENHOBGKFKJP,54280,BMMOLEDOEOB,0x14053D20,mov-eax-imm32-ret,CANDIDATE,constant-return method body
2,ENLGJEHDHGC,63308,BMMOLEDOEOB,0x11B02FE0,mov-eax-imm32-ret,CANDIDATE,constant-return method body
2,ENOOGFPMAGF,42786,BMMOLEDOEOB,0x12812480,mov-eax-imm32-ret,CANDIDATE,constant-return method body
2,EOHJBLMIFNN,18969,get__pluginGroupCount,0xBD168B0,mov-eax-imm32-ret,CANDIDATE,constant-return method body
2,EnviroWeatherPreset,70353,GetFootprintZonePriority,0x8B13A10,mov-eax-imm32-ret,CANDIDATE,constant-return method body
2,Environment,331,get_Platform,0x194F9760,mov-eax-imm32-ret,CANDIDATE,constant-return method body
2,EventInfo,542,,0x195C4330,mov-eax-imm32-ret,CANDIDATE,constant-return method body
2,FACCNJNMMMF,78159,BMMOLEDOEOB,0x1281F2D0,mov-eax-imm32-ret,CANDIDATE,constant-return method body
2,FACNBOFPMFO,11848,BMMOLEDOEOB,0xD435190,mov-eax-imm32-ret,CANDIDATE,constant-return method body
2,FAOHBPNDCPO,39845,BMMOLEDOEOB,0xBB783E0,mov-eax-imm32-ret,CANDIDATE,constant-return method body
2,FBKCJNNNIFA,70387,BMMOLEDOEOB,0xEB74800,mov-eax-imm32-ret,CANDIDATE,constant-return method body
2,FBMAPNGKGJE,26269,KEIHDNEEAIP,0x8B34520,mov-eax-imm32-ret,CANDIDATE,constant-return method body
2,FCALAOBMKLI,54525,BMMOLEDOEOB,0xEAA24F0,mov-eax-imm32-ret,CANDIDATE,constant-return method body
2,FCCJMLAMABC,42788,BMMOLEDOEOB,0x10EA5280,mov-eax-imm32-ret,CANDIDATE,constant-return method body
2,FCMLPDKMDHL,48727,BMMOLEDOEOB,0x103A5280,mov-eax-imm32-ret,CANDIDATE,constant-return method body
2,FCOPGIPHJKN,80456,get_behaviourType,0x12832500,mov-eax-imm32-ret,CANDIDATE,constant-return method body
2,FDDHBFJHKKJ,62267,BMMOLEDOEOB,0x14094910,mov-eax-imm32-ret,CANDIDATE,constant-return method body
2,FDPBMMLDJNO,51999,CMNGHIBEDCD,0x8B42E40,mov-eax-imm32-ret,CANDIDATE,constant-return method body
2,FDPDIDNIPAN,55472,BMMOLEDOEOB,0xD45A510,mov-eax-imm32-ret,CANDIDATE,constant-return method body
2,FEADDBAMHGJ,30117,BMMOLEDOEOB,0x12840790,mov-eax-imm32-ret,CANDIDATE,constant-return method body
2,FELKHLMAIEI,79330,BMMOLEDOEOB,0xA28B2D0,mov-eax-imm32-ret,CANDIDATE,constant-return method body
2,FENBKFDLCND,18728,BMMOLEDOEOB,0x103B7CF0,mov-eax-imm32-ret,CANDIDATE,constant-return method body
2,FGBLGEABGBI,41939,BMMOLEDOEOB,0x1284E000,mov-eax-imm32-ret,CANDIDATE,constant-return method body
2,FGPBHBHNIDJ,51296,BMMOLEDOEOB,0x7FB8730,mov-eax-imm32-ret,CANDIDATE,constant-return method body
2,FHDIFACGMDO,23124,FIFGIILCMDE,0xBBBF8C0,mov-eax-imm32-ret,CANDIDATE,constant-return method body
2,FHDIFACGMDO,23124,KNOIAFNAOBL,0xBBBF950,mov-eax-imm32-ret,CANDIDATE,constant-return method body
2,FHIGOKODPGD,75444,MDLHGAIMLGE,0x12BA2620,mov-eax-imm32-ret,CANDIDATE,constant-return method body
2,FIACKNBCAFC,29268,BMMOLEDOEOB,0xBD6C640,mov-eax-imm32-ret,CANDIDATE,constant-return method body
2,FIDKAAAANFE,47166,BMMOLEDOEOB,0xEBAF9B0,mov-eax-imm32-ret,CANDIDATE,constant-return method body
2,FIEBOJCDGAL,45434,BMMOLEDOEOB,0xF81CA20,mov-eax-imm32-ret,CANDIDATE,constant-return method body
2,FIHBPIBLKBD,42893,DJGODLJHEFJ,0xA2C8110,mov-eax-imm32-ret,CANDIDATE,constant-return method body
2,FINNLGNODON,80056,FLKOGNLNPHI,0x8B8A030,mov-eax-imm32-ret,CANDIDATE,constant-return method body
2,FJEAEPHCACE,50084,NHKADDKJLGL,0xD57EDB0,mov-eax-imm32-ret,CANDIDATE,constant-return method body
2,FJGMGCOPJLH,68658,FHJCCCIOMHH,0x133C3C60,mov-eax-imm32-ret,CANDIDATE,constant-return method body
2,FJIGJODOCNI,76994,EGJILBGIIAA,0x10F0B010,mov-eax-imm32-ret,CANDIDATE,constant-return method body
2,FJIGJODOCNI,76994,MIBIPNFDLDI,0x10F0B390,mov-eax-imm32-ret,CANDIDATE,constant-return method body
2,FJNCLCLFJHB,27225,BMMOLEDOEOB,0x8B9B300,mov-eax-imm32-ret,CANDIDATE,constant-return method body
2,FKENCFPCKHL,26419,ENBOMJLIFBA,0x10F1D530,mov-eax-imm32-ret,CANDIDATE,constant-return method body
2,FLMPDAKNDGD,57938,BMMOLEDOEOB,0xBD85B20,mov-eax-imm32-ret,CANDIDATE,constant-return method body
2,FLNANGDCAIO,13067,BMMOLEDOEOB,0xA4AD310,mov-eax-imm32-ret,CANDIDATE,constant-return method body
2,FMEOMIDBKNM,60260,BMMOLEDOEOB,0xBD887B0,mov-eax-imm32-ret,CANDIDATE,constant-return method body
2,FMIPJCDANMH,49044,BMMOLEDOEOB,0x9754AE0,mov-eax-imm32-ret,CANDIDATE,constant-return method body
2,FNFJDPIMJCC,36291,BMMOLEDOEOB,0xBD94910,mov-eax-imm32-ret,CANDIDATE,constant-return method body
2,FNIEBPBAKDG,19707,BMMOLEDOEOB,0xD4B2020,mov-eax-imm32-ret,CANDIDATE,constant-return method body
2,FNKELEMOCOK,24628,BMMOLEDOEOB,0xD5ACFB0,mov-eax-imm32-ret,CANDIDATE,constant-return method body
2,FNPJJKLEEKA,59648,ECECFOEMAOJ,0xA4CF0F0,mov-eax-imm32-ret,CANDIDATE,constant-return method body
2,FOAFPMJMAMG,61644,BMMOLEDOEOB,0x977E4F0,mov-eax-imm32-ret,CANDIDATE,constant-return method body
2,FOJJPELJFDH,12368,NIIICEHCLKF,0x1106BD80,mov-eax-imm32-ret,CANDIDATE,constant-return method body
2,FPDMGMKNMHM,13439,BMMOLEDOEOB,0xA4E8310,mov-eax-imm32-ret,CANDIDATE,constant-return method body
2,FPGIDMHKOAF,86754,BMMOLEDOEOB,0x7370410,mov-eax-imm32-ret,CANDIDATE,constant-return method body
2,FPLABPMLFFE,71440,BMMOLEDOEOB,0x7375930,mov-eax-imm32-ret,CANDIDATE,constant-return method body
2,FPMOLIBFEIH,85600,NIIICEHCLKF,0x109F2080,mov-eax-imm32-ret,CANDIDATE,constant-return method body
2,Filter,2930,get_Type,0x19A7C260,mov-eax-imm32-ret,CANDIDATE,constant-return method body
2,GAEICLAKLOA,16324,CCLJKIDJFNF,0x126BA340,mov-eax-imm32-ret,CANDIDATE,constant-return method body
2,GAGIGACCIID,83530,NJADFBDDMIN,0xEBE68B0,mov-eax-imm32-ret,CANDIDATE,constant-return method body
2,GAJHBNGHOIJ,88552,HKJOCMJBKCN,0xBBFEE00,mov-eax-imm32-ret,CANDIDATE,constant-return method body
2,GBABELDCNOD,66138,OKDMFIFCDGF,0xEBF2C50,mov-eax-imm32-ret,CANDIDATE,constant-return method body
2,GBFNJJPNIID,73500,BMMOLEDOEOB,0xD5DE0A0,mov-eax-imm32-ret,CANDIDATE,constant-return method body
2,GEBBNPFFJFA,18680,BMMOLEDOEOB,0x12911DF0,mov-eax-imm32-ret,CANDIDATE,constant-return method body
2,GEIHGJOCGBE,70201,DEEGOPDIIEP,0xA52C460,mov-eax-imm32-ret,CANDIDATE,constant-return method body
2,GEOPJMAFEKP,16299,BMMOLEDOEOB,0x73F4340,mov-eax-imm32-ret,CANDIDATE,constant-return method body
2,GFGPIBJAHNF,24602,BMMOLEDOEOB,0x80347A0,mov-eax-imm32-ret,CANDIDATE,constant-return method body
2,GGCCNDGFLJN,28198,BMMOLEDOEOB,0x97BED50,mov-eax-imm32-ret,CANDIDATE,constant-return method body
2,GIGKBFMMJFC,79359,BMMOLEDOEOB,0xF8D2500,mov-eax-imm32-ret,CANDIDATE,constant-return method body
2,GKAMJLJCOKO,44286,KJNGMBNHMJO,0x110C9C00,mov-eax-imm32-ret,CANDIDATE,constant-return method body
2,GKBGHCAJANN,85063,OAAPEEELDBD,0x104E7770,mov-eax-imm32-ret,CANDIDATE,constant-return method body
2,GKGDJIEGBPH,28858,BEFDGBADDBB,0x10F88580,mov-eax-imm32-ret,CANDIDATE,constant-return method body
2,GKJDFINIHLE,83409,BMMOLEDOEOB,0x110CFA30,mov-eax-imm32-ret,CANDIDATE,constant-return method body
2,GKMDMDPEFNE,79808,BMMOLEDOEOB,0xBE115C0,mov-eax-imm32-ret,CANDIDATE,constant-return method body
2,GKMPBLMKDKP,16233,KIIHAEBMHGJ,0x11C196C0,mov-eax-imm32-ret,CANDIDATE,constant-return method body
2,GLHJNBLPAPH,63600,BMMOLEDOEOB,0x8C22560,mov-eax-imm32-ret,CANDIDATE,constant-return method body
2,GLMMHFMHHOK,88399,BMMOLEDOEOB,0xA582BB0,mov-eax-imm32-ret,CANDIDATE,constant-return method body
2,GLPKJOFGIJI,88358,BMMOLEDOEOB,0x9803530,mov-eax-imm32-ret,CANDIDATE,constant-return method body
2,GMCBKOJNHBC,25733,BMMOLEDOEOB,0xA59A0F0,mov-eax-imm32-ret,CANDIDATE,constant-return method body
2,GNCICMJDIMI,49710,BMMOLEDOEOB,0x11C291B0,mov-eax-imm32-ret,CANDIDATE,constant-return method body
2,GOLPNGMOFNM,44797,BMMOLEDOEOB,0x9826AE0,mov-eax-imm32-ret,CANDIDATE,constant-return method body
2,GPKJMHNHKGG,12267,get__pluginGroupCount,0x982E6B0,mov-eax-imm32-ret,CANDIDATE,constant-return method body
2,GPNALKDDLDG,72549,FPFCJHIEEOL,0xF945F50,mov-eax-imm32-ret,CANDIDATE,constant-return method body
2,HAAGALDFAMG,84063,BMMOLEDOEOB,0xD65A430,mov-eax-imm32-ret,CANDIDATE,constant-return method body
2,HANAOJOMJKF,33335,BMMOLEDOEOB,0xF951810,mov-eax-imm32-ret,CANDIDATE,constant-return method body
2,HDEOELBOEOD,50352,BMMOLEDOEOB,0xCAE9320,mov-eax-imm32-ret,CANDIDATE,constant-return method body
2,HECOILIFEGK,24116,BMMOLEDOEOB,0x80AAC70,mov-eax-imm32-ret,CANDIDATE,constant-return method body
2,HEDNFCABDBM,26138,BMMOLEDOEOB,0x111114D0,mov-eax-imm32-ret,CANDIDATE,constant-return method body
2,HEHIAKPJCAB,33184,CMNGHIBEDCD,0xBE894A0,mov-eax-imm32-ret,CANDIDATE,constant-return method body
2,HGEDBMKOOIF,45458,get__pluginGroupCount,0x11C95790,mov-eax-imm32-ret,CANDIDATE,constant-return method body
2,HGJFBNJPPEF,23905,CKGCOHDILKJ,0xF9806A0,mov-eax-imm32-ret,CANDIDATE,constant-return method body
2,HHBDIDCMOAB,75876,AMJIAKPMLGA,0xEDA66A0,mov-eax-imm32-ret,CANDIDATE,constant-return method body
2,HHBGDGDCOAE,61612,FJJPGEJJKDD,0xD692470,mov-eax-imm32-ret,CANDIDATE,constant-return method body
2,HHDIFHBDFOH,62640,BMMOLEDOEOB,0x11130F40,mov-eax-imm32-ret,CANDIDATE,constant-return method body
2,HHKBDJPEPLD,13280,BMMOLEDOEOB,0x98BB270,mov-eax-imm32-ret,CANDIDATE,constant-return method body
2,HHPGLKGEJJB,47468,BMMOLEDOEOB,0x13665360,mov-eax-imm32-ret,CANDIDATE,constant-return method body
2,HIFPFKNKCGD,24403,BMMOLEDOEOB,0x80BE440,mov-eax-imm32-ret,CANDIDATE,constant-return method body
2,HINMOOHONAJ,22039,BMMOLEDOEOB,0x80C1DA0,mov-eax-imm32-ret,CANDIDATE,constant-return method body
2,HIOICABJINB,82573,BMMOLEDOEOB,0xB242BA0,mov-eax-imm32-ret,CANDIDATE,constant-return method body
2,HKIJGALGIIG,23391,BMMOLEDOEOB,0x12A01EB0,mov-eax-imm32-ret,CANDIDATE,constant-return method body
2,HLIIINJDEJE,40231,BMMOLEDOEOB,0x1114E0B0,mov-eax-imm32-ret,CANDIDATE,constant-return method body
2,HLPGLBEOEBM,50389,BMMOLEDOEOB,0xEDC0BF0,mov-eax-imm32-ret,CANDIDATE,constant-return method body
2,HMBPNMLILBI,33877,CKAJAAPHOFI,0x80D72A0,mov-eax-imm32-ret,CANDIDATE,constant-return method body
2,HMFGDGFJJPA,43180,BMMOLEDOEOB,0x1059B860,mov-eax-imm32-ret,CANDIDATE,constant-return method body
2,HNBKMEMMIJE,16427,BMMOLEDOEOB,0xA6A5810,mov-eax-imm32-ret,CANDIDATE,constant-return method body
2,HNHMLOHGKDD,52348,BMMOLEDOEOB,0xCB53850,mov-eax-imm32-ret,CANDIDATE,constant-return method body
2,HNLJGGLLBJI,46192,BMMOLEDOEOB,0x111946E0,mov-eax-imm32-ret,CANDIDATE,constant-return method body
2,HOCNKKFNMPM,43667,BMMOLEDOEOB,0xA6B1660,mov-eax-imm32-ret,CANDIDATE,constant-return method body
2,HPADLBMIGIM,42133,BMMOLEDOEOB,0xF9E09E0,mov-eax-imm32-ret,CANDIDATE,constant-return method body
2,HPMEKMMFJNM,70547,get__pluginGroupCount,0xA6C5CE0,mov-eax-imm32-ret,CANDIDATE,constant-return method body
2,HijriCalendar,686,get_AlgorithmType,0x195A2160,mov-eax-imm32-ret,CANDIDATE,constant-return method body
2,IBCIGEDKFFP,60461,NIIICEHCLKF,0x1029A590,mov-eax-imm32-ret,CANDIDATE,constant-return method body
2,IBEMMCKJPFO,45282,BMMOLEDOEOB,0x11DFDE40,mov-eax-imm32-ret,CANDIDATE,constant-return method body
2,IBJBFDMOIBK,86413,BMMOLEDOEOB,0x111AED30,mov-eax-imm32-ret,CANDIDATE,constant-return method body
2,ICAFOEIEMAF,25767,BMMOLEDOEOB,0x11E056F0,mov-eax-imm32-ret,CANDIDATE,constant-return method body
2,IEDAPDDIACE,18114,BMMOLEDOEOB,0xEE3BEC0,mov-eax-imm32-ret,CANDIDATE,constant-return method body
2,IEPNOKFJCDE,71978,BMMOLEDOEOB,0xBF6C2D0,mov-eax-imm32-ret,CANDIDATE,constant-return method body
2,IFGFIKLKBKI,29573,COABCBDAFGF,0x12A7D320,mov-eax-imm32-ret,CANDIDATE,constant-return method body
2,IFLOOJBPPGP,33965,BMMOLEDOEOB,0x12A7ED50,mov-eax-imm32-ret,CANDIDATE,constant-return method body
2,IIEGJHGNIOK,40374,BMMOLEDOEOB,0x99AFBA0,mov-eax-imm32-ret,CANDIDATE,constant-return method body
2,IIGANKCENOG,39290,BMMOLEDOEOB,0xFA73520,mov-eax-imm32-ret,CANDIDATE,constant-return method body
2,IIHDGGFGCNO,13082,BMMOLEDOEOB,0xE2A85A0,mov-eax-imm32-ret,CANDIDATE,constant-return method body
2,IJAKFOGMFAP,81622,BMMOLEDOEOB,0x99B8EF0,mov-eax-imm32-ret,CANDIDATE,constant-return method body
2,IJBGDBADFKJ,88533,BMMOLEDOEOB,0x8DA4110,mov-eax-imm32-ret,CANDIDATE,constant-return method body
2,IJGEKOLFNFK,55045,OAAPEEELDBD,0x8DA5B10,mov-eax-imm32-ret,CANDIDATE,constant-return method body
2,IJMCACEPBOL,72734,BMMOLEDOEOB,0x111F26A0,mov-eax-imm32-ret,CANDIDATE,constant-return method body
2,IJPIHABGBII,49330,CGIBMGFLDEH,0x111F4A70,mov-eax-imm32-ret,CANDIDATE,constant-return method body
2,IKALJJJINCE,85723,NIIICEHCLKF,0xCC05340,mov-eax-imm32-ret,CANDIDATE,constant-return method body
2,IKGHJCIKAEN,28766,BMMOLEDOEOB,0x111F7CC0,mov-eax-imm32-ret,CANDIDATE,constant-return method body
2,IKMIACOOFOI,79656,CPMALDODHCC,0x126E4B40,mov-eax-imm32-ret,CANDIDATE,constant-return method body
2,IKSolverHeuristic,9137,get_minBones,0x6DEF9D0,mov-eax-imm32-ret,CANDIDATE,constant-return method body
2,ILDMOFAOIKK,43506,BMMOLEDOEOB,0x8171380,mov-eax-imm32-ret,CANDIDATE,constant-return method body
2,ILKAPJPALPF,55204,PFFECIBHFDP,0x11207A30,mov-eax-imm32-ret,CANDIDATE,constant-return method body
2,ILLANGBKEEG,46275,BMMOLEDOEOB,0x10642E30,mov-eax-imm32-ret,CANDIDATE,constant-return method body
2,IMCNKHJFKGB,57823,BMMOLEDOEOB,0x8DBE7D0,mov-eax-imm32-ret,CANDIDATE,constant-return method body
2,IMGEGIGGION,86001,NIIICEHCLKF,0x11E81230,mov-eax-imm32-ret,CANDIDATE,constant-return method body
2,IMIOGLINLKO,77292,BMMOLEDOEOB,0x8180A30,mov-eax-imm32-ret,CANDIDATE,constant-return method body
2,IMJLOGLBCNL,54876,BMMOLEDOEOB,0x1373E070,mov-eax-imm32-ret,CANDIDATE,constant-return method body
2,INCLOJLBCOL,63688,BMMOLEDOEOB,0x8DC1DC0,mov-eax-imm32-ret,CANDIDATE,constant-return method body
2,INGFDHOFDIG,51316,BMMOLEDOEOB,0xFAD7C60,mov-eax-imm32-ret,CANDIDATE,constant-return method body
2,INOCHMEBBEE,42085,BMMOLEDOEOB,0xA856840,mov-eax-imm32-ret,CANDIDATE,constant-return method body
2,IOCOJCHOFBO,41562,BMMOLEDOEOB,0xB316F90,mov-eax-imm32-ret,CANDIDATE,constant-return method body
2,IPFCOEGIPKP,46642,MNLIOOAHNFB,0x13757BF0,mov-eax-imm32-ret,CANDIDATE,constant-return method body
2,JABBCJGIIMN,57074,BMMOLEDOEOB,0x1067A4E0,mov-eax-imm32-ret,CANDIDATE,constant-return method body
2,JACDBFENDHI,80885,BMMOLEDOEOB,0x1375FE80,mov-eax-imm32-ret,CANDIDATE,constant-return method body
2,JArray,7405,get_Type,0x19699200,mov-eax-imm32-ret,CANDIDATE,constant-return method body
2,JBGHKFPMDOC,54856,JMGDHPAINJA,0xB37B530,mov-eax-imm32-ret,CANDIDATE,constant-return method body
2,JBHDMBJHDJJ,67711,NGEAGGGHFEH,0x106998A0,mov-eax-imm32-ret,CANDIDATE,constant-return method body
2,JBMJJIOAJIA,31759,BMMOLEDOEOB,0xEF0A4F0,mov-eax-imm32-ret,CANDIDATE,constant-return method body
2,JCLOKIKAHJD,50822,BMMOLEDOEOB,0xFB14A90,mov-eax-imm32-ret,CANDIDATE,constant-return method body
2,JDJKMKMLNMB,43774,LGICBBENDJF,0xE315280,mov-eax-imm32-ret,CANDIDATE,constant-return method body
2,JDKLBDMCKEG,28980,ICIAEMIMAHC,0xAD73260,mov-eax-imm32-ret,CANDIDATE,constant-return method body
2,JECNNMGMBBB,13221,BMMOLEDOEOB,0xBFF8D60,mov-eax-imm32-ret,CANDIDATE,constant-return method body
2,JFGNAOLMIJE,20863,BMMOLEDOEOB,0xFB2F170,mov-eax-imm32-ret,CANDIDATE,constant-return method body
2,JFHOHBPPLMA,69042,BMMOLEDOEOB,0x137B4D80,mov-eax-imm32-ret,CANDIDATE,constant-return method body
2,JGFEMKNFHIB,32739,BMMOLEDOEOB,0x11ECCFC0,mov-eax-imm32-ret,CANDIDATE,constant-return method body
2,JGGMEFPOCLB,48242,KBJLOALMJOC,0x8D65F70,mov-eax-imm32-ret,CANDIDATE,constant-return method body
2,JGHNGKBBKFG,45382,BMMOLEDOEOB,0x9AC5E60,mov-eax-imm32-ret,CANDIDATE,constant-return method body
2,JHDMJGCMFJL,46542,BMMOLEDOEOB,0xB3A3F80,mov-eax-imm32-ret,CANDIDATE,constant-return method body
2,JHHEINMONJM,15161,BMMOLEDOEOB,0x11ED30A0,mov-eax-imm32-ret,CANDIDATE,constant-return method body
2,JICLCHCJCNN,62146,BMMOLEDOEOB,0xFB45AF0,mov-eax-imm32-ret,CANDIDATE,constant-return method body
2,JIKLCFKLCAB,31765,LMAJIGMOOMD,0xC03EED0,mov-eax-imm32-ret,CANDIDATE,constant-return method body
2,JIMHKDJPBKJ,49047,BMMOLEDOEOB,0x12B86BA0,mov-eax-imm32-ret,CANDIDATE,constant-return method body
2,JJANHPILBPO,28148,BMMOLEDOEOB,0xCC906D0,mov-eax-imm32-ret,CANDIDATE,constant-return method body
2,JJKKHKCGIHO,47707,FHKKOPAFPBO,0x104A7F00,mov-eax-imm32-ret,CANDIDATE,constant-return method body
2,JKFMFANDFLP,20053,NGGDILJGAJL,0xE33FC60,mov-eax-imm32-ret,CANDIDATE,constant-return method body
2,JKGPOAAEKFE,37099,MOFLCHAOJJB,0x8225CB0,mov-eax-imm32-ret,CANDIDATE,constant-return method body
2,JLMHPIIJIPK,22047,BMMOLEDOEOB,0xA906D60,mov-eax-imm32-ret,CANDIDATE,constant-return method body
2,JMEFOFOPOGI,57767,LOFBAFPKKLM,0x8242580,mov-eax-imm32-ret,CANDIDATE,constant-return method body
2,JNKDFDAOMMB,71678,BMMOLEDOEOB,0x11F01DA0,mov-eax-imm32-ret,CANDIDATE,constant-return method body
2,JOPMCDNPCKL,81225,BMMOLEDOEOB,0x12BC9590,mov-eax-imm32-ret,CANDIDATE,constant-return method body
2,JPGDFOEHEPP,12379,BMMOLEDOEOB,0x1070D5D0,mov-eax-imm32-ret,CANDIDATE,constant-return method body
2,JPJKILAJMGJ,71503,LDENIMFOHIM,0x10E8C760,mov-eax-imm32-ret,CANDIDATE,constant-return method body
2,KADIHHIKPJJ,62134,BMMOLEDOEOB,0x112DAE20,mov-eax-imm32-ret,CANDIDATE,constant-return method body
2,KAKBBGLLBEJ,18760,BMMOLEDOEOB,0xFBAE940,mov-eax-imm32-ret,CANDIDATE,constant-return method body
2,KBEFBKIJAIM,49112,IDGLOOAIFGG,0xEAA2C90,mov-eax-imm32-ret,CANDIDATE,constant-return method body
2,KBFHGOGFHLE,55332,BMMOLEDOEOB,0x8F87630,mov-eax-imm32-ret,CANDIDATE,constant-return method body
2,KBKNKHJGDNM,80197,BMMOLEDOEOB,0xFBC64E0,mov-eax-imm32-ret,CANDIDATE,constant-return method body
2,KBMHKNNIAGO,82574,BMMOLEDOEOB,0xB41EE30,mov-eax-imm32-ret,CANDIDATE,constant-return method body
2,KCIHKFDNFAI,13867,BMMOLEDOEOB,0xA939060,mov-eax-imm32-ret,CANDIDATE,constant-return method body
2,KDLBAOBIGKI,48151,BMMOLEDOEOB,0x12C08150,mov-eax-imm32-ret,CANDIDATE,constant-return method body
2,KECPPMBCNEB,88886,BMMOLEDOEOB,0x8F99930,mov-eax-imm32-ret,CANDIDATE,constant-return method body
2,KEDGILIDFLF,22386,OKBNGPAGLFA,0xBCD2EA0,mov-eax-imm32-ret,CANDIDATE,constant-return method body
2,KEDPJGCDBHJ,34506,HFNLOJNAPCL,0x12C0AB70,mov-eax-imm32-ret,CANDIDATE,constant-return method body
2,KENNNJFKFJB,82156,BMMOLEDOEOB,0xB42DA10,mov-eax-imm32-ret,CANDIDATE,constant-return method body
2,KGJDLOKCPNG,32628,BMMOLEDOEOB,0x82A5850,mov-eax-imm32-ret,CANDIDATE,constant-return method body
2,KHBCDCIBMBB,69604,BMMOLEDOEOB,0x9BB5650,mov-eax-imm32-ret,CANDIDATE,constant-return method body
2,KHHCEACOLJA,83517,BMMOLEDOEOB,0x8FADC30,mov-eax-imm32-ret,CANDIDATE,constant-return method body
2,KILKNLIHEHF,87760,BMMOLEDOEOB,0x1386EC50,mov-eax-imm32-ret,CANDIDATE,constant-return method body
2,KJHEBNANEAB,30308,BMMOLEDOEOB,0x1076F940,mov-eax-imm32-ret,CANDIDATE,constant-return method body
2,KJJIOANOMKA,57886,BMMOLEDOEOB,0xE3C2A90,mov-eax-imm32-ret,CANDIDATE,constant-return method body
2,KJKBFIIGBEJ,35456,BMMOLEDOEOB,0x138735E0,mov-eax-imm32-ret,CANDIDATE,constant-return method body
2,KJKJAFEBEOF,20680,BMMOLEDOEOB,0x9BC7CE0,mov-eax-imm32-ret,CANDIDATE,constant-return method body
2,KKBJLDJNLIH,57873,DPANJANFKDL,0xCA59CF0,mov-eax-imm32-ret,CANDIDATE,constant-return method body
2,KKBMMPCHMKO,54844,BMMOLEDOEOB,0x11F65F60,mov-eax-imm32-ret,CANDIDATE,constant-return method body
2,KKDJICBGAKB,38841,BMMOLEDOEOB,0x138875D0,mov-eax-imm32-ret,CANDIDATE,constant-return method body
2,KKELIECALKD,16673,BMMOLEDOEOB,0xC172EA0,mov-eax-imm32-ret,CANDIDATE,constant-return method body
2,KLBIKFOFMLH,24870,BMMOLEDOEOB,0x1135FC60,mov-eax-imm32-ret,CANDIDATE,constant-return method body
2,KLIOOEEKINB,17608,BNHLKAFKCJK,0x9BECA40,mov-eax-imm32-ret,CANDIDATE,constant-return method body
2,KMCPDDMHBDL,49473,BMMOLEDOEOB,0x9BEEE30,mov-eax-imm32-ret,CANDIDATE,constant-return method body
2,KMKENPHEDCG,39760,BMMOLEDOEOB,0xF078960,mov-eax-imm32-ret,CANDIDATE,constant-return method body
2,KNNKGMIMDHD,65070,BMMOLEDOEOB,0xCD5C930,mov-eax-imm32-ret,CANDIDATE,constant-return method body
2,KOLBBEBKCND,30916,BKKJKOFJHOE,0x140518D0,mov-eax-imm32-ret,CANDIDATE,constant-return method body
2,KPGGBEGMAAB,54287,BMMOLEDOEOB,0x779F740,mov-eax-imm32-ret,CANDIDATE,constant-return method body
2,KPMIPNLDHEM,56029,BMMOLEDOEOB,0x107C8B70,mov-eax-imm32-ret,CANDIDATE,constant-return method body
2,KPMNLPPODME,54927,BMMOLEDOEOB,0x139200E0,mov-eax-imm32-ret,CANDIDATE,constant-return method body
2,LBCKMHAKNBB,49040,BMMOLEDOEOB,0x107D5240,mov-eax-imm32-ret,CANDIDATE,constant-return method body
2,LBDGJBBGFKE,15633,BMMOLEDOEOB,0x107D6350,mov-eax-imm32-ret,CANDIDATE,constant-return method body
2,LBEEPMGMNGP,34451,HPMEAECFDFN,0x1381C3D0,mov-eax-imm32-ret,CANDIDATE,constant-return method body
2,LBMDEABLCGP,44669,BMMOLEDOEOB,0x836AD10,mov-eax-imm32-ret,CANDIDATE,constant-return method body
2,LBOIHNMOFPO,50005,BMMOLEDOEOB,0xCD8D630,mov-eax-imm32-ret,CANDIDATE,constant-return method body
2,LDCKJOBLMLJ,83814,BMMOLEDOEOB,0x780DC70,mov-eax-imm32-ret,CANDIDATE,constant-return method body
2,LEABBPNNJOG,70958,CMNGHIBEDCD,0x12C84540,mov-eax-imm32-ret,CANDIDATE,constant-return method body
2,LEGHBFHMCAH,53715,NIIICEHCLKF,0xF4A6F70,mov-eax-imm32-ret,CANDIDATE,constant-return method body
2,LEJFOHOELHO,19700,BMMOLEDOEOB,0xF0C0AD0,mov-eax-imm32-ret,CANDIDATE,constant-return method body
2,LFBHCIECDND,59805,BMMOLEDOEOB,0x11412540,mov-eax-imm32-ret,CANDIDATE,constant-return method body
2,LFEPDBCOPON,40509,OGHJDBENDLF,0xC1F5410,mov-eax-imm32-ret,CANDIDATE,constant-return method body
2,LFOCEGBCPCC,57921,BMMOLEDOEOB,0x139419F0,mov-eax-imm32-ret,CANDIDATE,constant-return method body
2,LFOHOIAIIEC,38473,BMMOLEDOEOB,0x1080FCE0,mov-eax-imm32-ret,CANDIDATE,constant-return method body
2,LGAPKPABGAG,37694,BMMOLEDOEOB,0x10810080,mov-eax-imm32-ret,CANDIDATE,constant-return method body
2,LGCACPJLLCF,79241,BMMOLEDOEOB,0xAA20700,mov-eax-imm32-ret,CANDIDATE,constant-return method body
2,LGODCEEDACG,63787,BMMOLEDOEOB,0xCE21100,mov-eax-imm32-ret,CANDIDATE,constant-return method body
2,LHGICNBEOCF,22070,BMMOLEDOEOB,0x9C59CB0,mov-eax-imm32-ret,CANDIDATE,constant-return method body
2,LHLHAOGFLLC,79109,IMBHADIDAGI,0xB4B2310,mov-eax-imm32-ret,CANDIDATE,constant-return method body
2,LHMJNLPJHPN,65312,BMMOLEDOEOB,0xB4B45B0,mov-eax-imm32-ret,CANDIDATE,constant-return method body
2,LHNHBNFPOCI,74020,BMMOLEDOEOB,0xAA28340,mov-eax-imm32-ret,CANDIDATE,constant-return method body
2,LJDPLCEHLLM,46029,BMMOLEDOEOB,0xFD32120,mov-eax-imm32-ret,CANDIDATE,constant-return method body
2,LJLBIPELHHI,71065,BMMOLEDOEOB,0xB4C8680,mov-eax-imm32-ret,CANDIDATE,constant-return method body
2,LJMOGEDFJAK,64941,BMMOLEDOEOB,0x1089C9D0,mov-eax-imm32-ret,CANDIDATE,constant-return method body
2,LKNHJAABLDK,37116,BMMOLEDOEOB,0xE4CAAF0,mov-eax-imm32-ret,CANDIDATE,constant-return method body
2,LLEMHCFAMIM,70069,BMMOLEDOEOB,0x13984BE0,mov-eax-imm32-ret,CANDIDATE,constant-return method body
2,LNGNPNNNAKB,22616,BMMOLEDOEOB,0x90788F0,mov-eax-imm32-ret,CANDIDATE,constant-return method body
2,LOLEBNPHBLL,62273,BMMOLEDOEOB,0x9089520,mov-eax-imm32-ret,CANDIDATE,constant-return method body
2,LPAFIPFKGGI,14138,BMMOLEDOEOB,0xC294730,mov-eax-imm32-ret,CANDIDATE,constant-return method body
2,LPFBEPMABJH,54947,BMMOLEDOEOB,0x78995B0,mov-eax-imm32-ret,CANDIDATE,constant-return method body
2,LPGKIJIOBGP,64323,LPAIJDGCJOD,0xB56EC80,mov-eax-imm32-ret,CANDIDATE,constant-return method body
2,LPNKLJLCDGM,19320,JPIIHIIDEMI,0x1090A3E0,mov-eax-imm32-ret,CANDIDATE,constant-return method body
2,LoginManagerPS,5282,GetProtocolChannel,0x190DA4A0,mov-eax-imm32-ret,CANDIDATE,constant-return method body
2,LoginManagerPS,5248,GetProtocolChannel,0x19366450,mov-eax-imm32-ret,CANDIDATE,constant-return method body
2,MACEJLFLMFB,43494,BMMOLEDOEOB,0x120ADE90,mov-eax-imm32-ret,CANDIDATE,constant-return method body
2,MBACLNGLNPD,71457,BMMOLEDOEOB,0xB585580,mov-eax-imm32-ret,CANDIDATE,constant-return method body
2,MBGLCMOKLGE,20050,BMMOLEDOEOB,0xCE708F0,mov-eax-imm32-ret,CANDIDATE,constant-return method body
2,MBICLNEDIJP,87806,BMMOLEDOEOB,0x12D04180,mov-eax-imm32-ret,CANDIDATE,constant-return method body
2,MBMFMAKBCCB,15213,DPANJANFKDL,0x111AA140,mov-eax-imm32-ret,CANDIDATE,constant-return method body
2,MCCFEMIIPBK,30254,FJJPGEJJKDD,0xB597520,mov-eax-imm32-ret,CANDIDATE,constant-return method body
2,MCEOIFJOHHA,87796,BMMOLEDOEOB,0xAA91800,mov-eax-imm32-ret,CANDIDATE,constant-return method body
2,MEAHNGDOOLH,70708,BMMOLEDOEOB,0xF1696F0,mov-eax-imm32-ret,CANDIDATE,constant-return method body
2,MEPODOGKNLP,44678,BMMOLEDOEOB,0xAAA92E0,mov-eax-imm32-ret,CANDIDATE,constant-return method body
2,MFADOICPGFL,14692,BMMOLEDOEOB,0x13A11A90,mov-eax-imm32-ret,CANDIDATE,constant-return method body
2,MFBFPDEOFAA,31774,NIIICEHCLKF,0xF1728A0,mov-eax-imm32-ret,CANDIDATE,constant-return method body
2,MFLLJBOPFBD,73052,LAKJOEEHIGB,0xC2DEA10,mov-eax-imm32-ret,CANDIDATE,constant-return method body
2,MFOJCMDGHPA,61739,get__pluginGroupCount,0xC2E05F0,mov-eax-imm32-ret,CANDIDATE,constant-return method body
2,MHACMJGLGBC,69871,BMMOLEDOEOB,0x12D319F0,mov-eax-imm32-ret,CANDIDATE,constant-return method body
2,MHGACFKBDKK,81179,BMMOLEDOEOB,0xB5C3EA0,mov-eax-imm32-ret,CANDIDATE,constant-return method body
2,MIFEHPNHLKJ,45791,BMMOLEDOEOB,0x1095F7C0,mov-eax-imm32-ret,CANDIDATE,constant-return method body
2,MJLBIMPKKHA,88329,CHIJBPJNBFO,0x90E7860,mov-eax-imm32-ret,CANDIDATE,constant-return method body
2,MKOPABHLNKN,12668,CMNGHIBEDCD,0x9D1E9C0,mov-eax-imm32-ret,CANDIDATE,constant-return method body
2,MKPBOJOKEPD,67994,FJJPGEJJKDD,0x11529E60,mov-eax-imm32-ret,CANDIDATE,constant-return method body
2,MLBBJNOGDNG,58483,LGICBBENDJF,0xB5E25B0,mov-eax-imm32-ret,CANDIDATE,constant-return method body
2,MNNDCEACEJB,63242,BMMOLEDOEOB,0xFDD8070,mov-eax-imm32-ret,CANDIDATE,constant-return method body
2,MOPKENMLNIP,78516,FJJPGEJJKDD,0x9D672B0,mov-eax-imm32-ret,CANDIDATE,constant-return method body
2,MPMMNLJECDN,65572,NIIICEHCLKF,0x136DBDA0,mov-eax-imm32-ret,CANDIDATE,constant-return method body
2,MonoEnviroLampComponent,87082,get_tickType,0xC3D68C0,mov-eax-imm32-ret,CANDIDATE,constant-return method body
2,MonoEnviroLightBaseComponent,87786,get_tickType,0x10A13960,mov-eax-imm32-ret,CANDIDATE,constant-return method body
2,MonoEnviroLightColorComponent,80481,get_tickType,0xB6C6260,mov-eax-imm32-ret,CANDIDATE,constant-return method body
2,MonoEnviroLightIntensityComponent,86408,get_tickType,0xF23C880,mov-eax-imm32-ret,CANDIDATE,constant-return method body
2,MonoEnviroLightPortalTintComponent,15086,get_tickType,0xE5F6500,mov-eax-imm32-ret,CANDIDATE,constant-return method body
2,MonoEnviroLightRangeComponent,42134,get_tickType,0x115FC0D0,mov-eax-imm32-ret,CANDIDATE,constant-return method body
2,MonoEnviroLightRangeComponent,42134,get_componentType,0x115FCE70,mov-eax-imm32-ret,CANDIDATE,constant-return method body
2,MonoEnviroLightRotationComponent,72346,get_tickType,0xFEB0DF0,mov-eax-imm32-ret,CANDIDATE,constant-return method body
2,MonoEnviroLightSpotAngleComponent,88612,get_tickType,0x7A480B0,mov-eax-imm32-ret,CANDIDATE,constant-return method body
2,MonoEnviroRPAmbientBlendWeightComponent,37965,get_tickType,0xFEB1040,mov-eax-imm32-ret,CANDIDATE,constant-return method body
2,MonoEnviroRPDetailMapTintColorComponent,60064,get_tickType,0xE5F6920,mov-eax-imm32-ret,CANDIDATE,constant-return method body
2,MonoEnviroRPIntensityComponent,31532,get_tickType,0x13B664F0,mov-eax-imm32-ret,CANDIDATE,constant-return method body
2,MonoUGCV2RoomMapRoomAddRow,45270,get_rowType,0x859B520,mov-eax-imm32-ret,CANDIDATE,constant-return method body
2,MusicArrangerMainPageContent,66481,get_countSubPages,0x10A8D900,mov-eax-imm32-ret,CANDIDATE,constant-return method body
2,NALAMKDLHJL,18545,get__pluginGroupCount,0x9E94B40,mov-eax-imm32-ret,CANDIDATE,constant-return method body
2,NCIJICIFLGE,79665,EMMHMNDLDFP,0xBC2EAC0,mov-eax-imm32-ret,CANDIDATE,constant-return method body
2,NCLJHMDKOMA,86342,NIIICEHCLKF,0xB1E3F40,mov-eax-imm32-ret,CANDIDATE,constant-return method body
2,NDKECIFACKO,45383,BMMOLEDOEOB,0xFF53740,mov-eax-imm32-ret,CANDIDATE,constant-return method body
2,NEBHKHMKENP,46892,BMMOLEDOEOB,0x10ABDFC0,mov-eax-imm32-ret,CANDIDATE,constant-return method body
2,NECGFFJHINF,19662,get__pluginGroupCount,0xC5581F0,mov-eax-imm32-ret,CANDIDATE,constant-return method body
2,NEDOJOLJPMF,49499,CMNGHIBEDCD,0x116B32C0,mov-eax-imm32-ret,CANDIDATE,constant-return method body
2,NFDJKLDPMAB,83017,FJJPGEJJKDD,0x116BD3E0,mov-eax-imm32-ret,CANDIDATE,constant-return method body
2,NFOCDNMNHPE,62821,BMMOLEDOEOB,0xB791C10,mov-eax-imm32-ret,CANDIDATE,constant-return method body
2,NGLNBAGDNBM,32159,BMMOLEDOEOB,0x92D7850,mov-eax-imm32-ret,CANDIDATE,constant-return method body
2,NGMBPHPPLBH,13463,MIBIPNFDLDI,0x13C626E0,mov-eax-imm32-ret,CANDIDATE,constant-return method body
2,NGMNEAMDDAE,34441,BMMOLEDOEOB,0x92D9E40,mov-eax-imm32-ret,CANDIDATE,constant-return method body
2,NIBECHKAKGM,35197,BMMOLEDOEOB,0x7AFF230,mov-eax-imm32-ret,CANDIDATE,constant-return method body
2,NIBKJFINFBF,29585,IMBHADIDAGI,0x9EB8E60,mov-eax-imm32-ret,CANDIDATE,constant-return method body
2,NKFBKGBBPJL,26284,BMMOLEDOEOB,0x122A8330,mov-eax-imm32-ret,CANDIDATE,constant-return method body
2,NKOBBHDKDPN,15670,BMMOLEDOEOB,0x122AA520,mov-eax-imm32-ret,CANDIDATE,constant-return method body
2,NLHEKLOHNOP,47294,BMMOLEDOEOB,0xAD23F30,mov-eax-imm32-ret,CANDIDATE,constant-return method body
2,NLHENNPMMPG,70341,BMMOLEDOEOB,0xC58E680,mov-eax-imm32-ret,CANDIDATE,constant-return method body
2,NLICODFAKAB,18637,BMMOLEDOEOB,0x13C8EC20,mov-eax-imm32-ret,CANDIDATE,constant-return method body
2,NLJGACKPOIP,71197,BMMOLEDOEOB,0x8618680,mov-eax-imm32-ret,CANDIDATE,constant-return method body
2,NOFKOONPHBO,80034,BMMOLEDOEOB,0x130B2A60,mov-eax-imm32-ret,CANDIDATE,constant-return method body
2,NOFPPODEBCP,13465,NIIICEHCLKF,0xAD3DEF0,mov-eax-imm32-ret,CANDIDATE,constant-return method body
2,NOJPHPACHBD,33190,BMMOLEDOEOB,0x86316B0,mov-eax-imm32-ret,CANDIDATE,constant-return method body
2,NOPHDNPFACO,56891,BMMOLEDOEOB,0x1171E340,mov-eax-imm32-ret,CANDIDATE,constant-return method body
2,NPCMFLOGEDP,82537,OGPOJGNLBIG,0x86363E0,mov-eax-imm32-ret,CANDIDATE,constant-return method body
2,NPGFFJEACGC,25709,BMMOLEDOEOB,0x130B8AA0,mov-eax-imm32-ret,CANDIDATE,constant-return method body
2,NPPKOJEHOGC,11969,BMMOLEDOEOB,0x1003AD10,mov-eax-imm32-ret,CANDIDATE,constant-return method body
2,NPPNMBOJKAC,13974,BMMOLEDOEOB,0x1003BAA0,mov-eax-imm32-ret,CANDIDATE,constant-return method body
2,OADBPFGCMMD,16498,BMMOLEDOEOB,0xF394870,mov-eax-imm32-ret,CANDIDATE,constant-return method body
2,OAGPPPAIALO,88862,BMMOLEDOEOB,0x13D2DE50,mov-eax-imm32-ret,CANDIDATE,constant-return method body
2,OCIBOHDIJAM,18658,BMMOLEDOEOB,0xAD6A9D0,mov-eax-imm32-ret,CANDIDATE,constant-return method body
2,ODIAJJDHEOJ,57988,BMMOLEDOEOB,0x10B47A00,mov-eax-imm32-ret,CANDIDATE,constant-return method body
2,OEHNIFBFPJC,53986,BMMOLEDOEOB,0x9FA07B0,mov-eax-imm32-ret,CANDIDATE,constant-return method body
2,OEIEDLDCBFH,68542,BMMOLEDOEOB,0xE76A1B0,mov-eax-imm32-ret,CANDIDATE,constant-return method body
2,OFCNDJHHBHJ,54689,BMMOLEDOEOB,0x11759310,mov-eax-imm32-ret,CANDIDATE,constant-return method body
2,OFFBIIIJLFL,17201,BPBAMAFNOMP,0xF3CACA0,mov-eax-imm32-ret,CANDIDATE,constant-return method body
2,OFFGPBFHODC,20872,LMAGHEILOOL,0x13D4AA10,mov-eax-imm32-ret,CANDIDATE,constant-return method body
2,OFHBEIPPLJJ,30999,EHNNBPFPJHP,0x936F4A0,mov-eax-imm32-ret,CANDIDATE,constant-return method body
2,OFMMLFPKKEN,45955,BMMOLEDOEOB,0x10B5C110,mov-eax-imm32-ret,CANDIDATE,constant-return method body
2,OGLFNNFAACE,64569,BMMOLEDOEOB,0x13D4D600,mov-eax-imm32-ret,CANDIDATE,constant-return method body
2,OIONHKEALED,53174,BMMOLEDOEOB,0xF3F4470,mov-eax-imm32-ret,CANDIDATE,constant-return method body
2,OJBAKKDHOAF,60924,BMMOLEDOEOB,0x9FB7B60,mov-eax-imm32-ret,CANDIDATE,constant-return method body
2,OJBCKOIJAHP,61014,BMMOLEDOEOB,0x938AD20,mov-eax-imm32-ret,CANDIDATE,constant-return method body
2,OJHECBNKPKK,86250,BMMOLEDOEOB,0xB872840,mov-eax-imm32-ret,CANDIDATE,constant-return method body
2,OJPFHJAIMOO,11813,BMMOLEDOEOB,0x93953A0,mov-eax-imm32-ret,CANDIDATE,constant-return method body
2,OJPHLOKEPJF,79594,BMMOLEDOEOB,0x100AEE30,mov-eax-imm32-ret,CANDIDATE,constant-return method body
2,OKBKAGAEOAE,58517,BMMOLEDOEOB,0x9FBDBD0,mov-eax-imm32-ret,CANDIDATE,constant-return method body
2,OKHDKMOBJHO,60107,BMMOLEDOEOB,0x117E91A0,mov-eax-imm32-ret,CANDIDATE,constant-return method body
2,OKMCEBJELPA,53643,EDJIMIPHCFE,0x8777350,mov-eax-imm32-ret,CANDIDATE,constant-return method body
2,OKOFOAEENEE,47090,BMMOLEDOEOB,0x1234F720,mov-eax-imm32-ret,CANDIDATE,constant-return method body
2,OLHIBOPAOHE,45755,BMMOLEDOEOB,0x9FC5120,mov-eax-imm32-ret,CANDIDATE,constant-return method body
2,OLHKANPJOJN,17903,BMMOLEDOEOB,0x9FC52B0,mov-eax-imm32-ret,CANDIDATE,constant-return method body
2,OLKEIENEJLL,30913,BKKJKOFJHOE,0x11AFC200,mov-eax-imm32-ret,CANDIDATE,constant-return method body
2,OMCJMPANNBM,69671,PDJNGHCPHLF,0x9FCE430,mov-eax-imm32-ret,CANDIDATE,constant-return method body
2,OMNHHGNIIHJ,59902,BMMOLEDOEOB,0xC653600,mov-eax-imm32-ret,CANDIDATE,constant-return method body
2,ONEGDJCKIFE,18224,BMMOLEDOEOB,0x1235C740,mov-eax-imm32-ret,CANDIDATE,constant-return method body
2,ONFCDMEKEDP,32981,BMMOLEDOEOB,0x1235E480,mov-eax-imm32-ret,CANDIDATE,constant-return method body
2,OOCFALGMFJO,30246,BMMOLEDOEOB,0x13D96760,mov-eax-imm32-ret,CANDIDATE,constant-return method body
2,OODHBBPNHHJ,55043,BMMOLEDOEOB,0x9FDE890,mov-eax-imm32-ret,CANDIDATE,constant-return method body
2,OPDBAFDDMHF,84872,BMMOLEDOEOB,0x86C42B0,mov-eax-imm32-ret,CANDIDATE,constant-return method body
2,OPNFFKCEOCG,85566,BMMOLEDOEOB,0x100FD9D0,mov-eax-imm32-ret,CANDIDATE,constant-return method body
2,OperatingSystem,372,get_Platform,0x19578190,mov-eax-imm32-ret,CANDIDATE,constant-return method body
2,PADLLNBIKJH,36361,LACKLGEGNHN,0xF44F170,mov-eax-imm32-ret,CANDIDATE,constant-return method body
2,PAINAPKBDGB,35830,BMMOLEDOEOB,0xF450790,mov-eax-imm32-ret,CANDIDATE,constant-return method body
2,PAMGMKLPLHG,34006,BMMOLEDOEOB,0x9FEC110,mov-eax-imm32-ret,CANDIDATE,constant-return method body
2,PBGMIHMFNCP,47948,BMMOLEDOEOB,0xF460DE0,mov-eax-imm32-ret,CANDIDATE,constant-return method body
2,PBOKJOJNNLA,52537,BMMOLEDOEOB,0x10106000,mov-eax-imm32-ret,CANDIDATE,constant-return method body
2,PCGBDJKBPIK,76080,LBDGFCKNDKN,0xAD956B0,mov-eax-imm32-ret,CANDIDATE,constant-return method body
2,PDALNMIDCPD,15447,LFBGEJDKDFA,0xB8E5750,mov-eax-imm32-ret,CANDIDATE,constant-return method body
2,PEFCMMJJDIF,86492,BMMOLEDOEOB,0x10BDB630,mov-eax-imm32-ret,CANDIDATE,constant-return method body
2,PFLGEBMBHJE,45714,BMMOLEDOEOB,0xF499280,mov-eax-imm32-ret,CANDIDATE,constant-return method body
2,PFNHHDJLJPI,53413,BMMOLEDOEOB,0x10BF9600,mov-eax-imm32-ret,CANDIDATE,constant-return method body
2,PGDAAHFPHMK,17928,BMMOLEDOEOB,0x7C32230,mov-eax-imm32-ret,CANDIDATE,constant-return method body
2,PGKLPEHCDPO,13158,HCKAECKGLIN,0x93FBD70,mov-eax-imm32-ret,CANDIDATE,constant-return method body
2,PHNJCJPPIDI,87533,BMMOLEDOEOB,0xF4B5B30,mov-eax-imm32-ret,CANDIDATE,constant-return method body
2,PIDLFCMJPFA,13996,BMMOLEDOEOB,0xE85FEA0,mov-eax-imm32-ret,CANDIDATE,constant-return method body
2,PIJJPPNLFFE,60772,BMMOLEDOEOB,0xA039DA0,mov-eax-imm32-ret,CANDIDATE,constant-return method body
2,PJAKKOGPKBP,83387,BMMOLEDOEOB,0x11871050,mov-eax-imm32-ret,CANDIDATE,constant-return method body
2,PJCGHBNMEMK,45304,FEFGMNBCLLH,0xA03FDB0,mov-eax-imm32-ret,CANDIDATE,constant-return method body
2,PJEFCLPKFIB,29592,BMMOLEDOEOB,0x13214E10,mov-eax-imm32-ret,CANDIDATE,constant-return method body
2,PJEFHJELPGJ,22387,OKBNGPAGLFA,0xD3F0BD0,mov-eax-imm32-ret,CANDIDATE,constant-return method body
2,PJKMEKLCAJO,51384,BMMOLEDOEOB,0xC6C27C0,mov-eax-imm32-ret,CANDIDATE,constant-return method body
2,PKEJHIFLNAC,48890,BMMOLEDOEOB,0xE868E60,mov-eax-imm32-ret,CANDIDATE,constant-return method body
2,PKFFELEJHDL,22048,FLKOGNLNPHI,0x10165B70,mov-eax-imm32-ret,CANDIDATE,constant-return method body
2,PKGOMPEHJII,46817,BMMOLEDOEOB,0x11881350,mov-eax-imm32-ret,CANDIDATE,constant-return method body
2,PLBLPOLKAAL,20092,BMMOLEDOEOB,0xD25ACD0,mov-eax-imm32-ret,CANDIDATE,constant-return method body
2,PLECHGANJJJ,58697,CMNGHIBEDCD,0x1016DA20,mov-eax-imm32-ret,CANDIDATE,constant-return method body
2,PMAKOHCABFN,87134,BMMOLEDOEOB,0x87A83A0,mov-eax-imm32-ret,CANDIDATE,constant-return method body
2,PMFEAMPJBJN,84295,CMNGHIBEDCD,0x13E0BBE0,mov-eax-imm32-ret,CANDIDATE,constant-return method body
2,PNLOMHCNJJJ,19507,BMMOLEDOEOB,0xC6ED300,mov-eax-imm32-ret,CANDIDATE,constant-return method body
2,PPFOFENBIOF,60428,GECGCJCLKNN,0xB9C2400,mov-eax-imm32-ret,CANDIDATE,constant-return method body
2,Platform_RawInput_Base,6162,get_platform,0x19820F60,mov-eax-imm32-ret,CANDIDATE,constant-return method body
2,TextEncoder,3753,get_EncodingMode,0x19D73560,mov-eax-imm32-ret,CANDIDATE,constant-return method body
2,Tilemap3D,52611,get_SelectionGroupType,0x12248A70,mov-eax-imm32-ret,CANDIDATE,constant-return method body
2,USuCIqcNqFdLEFBdpYdlpFeEjQTT,7534,YBpPClWIjnVntsHnnhkZHWivbIdW,0x198D0280,mov-eax-imm32-ret,CANDIDATE,constant-return method body
2,UmAlQuraCalendar,715,get_AlgorithmType,0x19504C40,mov-eax-imm32-ret,CANDIDATE,constant-return method body
2,WecTkcOprbDguVgjSfajdDKcGGoqA,7535,get_inputSourceType,0x1991BD90,mov-eax-imm32-ret,CANDIDATE,constant-return method body
2,XAttribute,6688,get_NodeType,0x19947000,mov-eax-imm32-ret,CANDIDATE,constant-return method body
2,XmlAttribute,3062,get_NodeType,0x19A0E120,mov-eax-imm32-ret,CANDIDATE,constant-return method body
3,ADCAPHIFDFD,63832,OKDMFIFCDGF,0x10D282D0,mov-eax-imm32-ret,CANDIDATE,constant-return method body
3,AGOPMKHLIBN,71497,LDENIMFOHIM,0x8AE6170,mov-eax-imm32-ret,CANDIDATE,constant-return method body
3,AIGBFEENOFL,65590,NIIICEHCLKF,0x75505E0,mov-eax-imm32-ret,CANDIDATE,constant-return method body
3,AJMKGIEFDOD,68073,FHKKOPAFPBO,0x13F17A90,mov-eax-imm32-ret,CANDIDATE,constant-return method body
3,AJNOMDMLJLB,61487,KEIHDNEEAIP,0x13483A60,mov-eax-imm32-ret,CANDIDATE,constant-return method body
3,AKCMKEIHBED,20583,NIIICEHCLKF,0x71ACC70,mov-eax-imm32-ret,CANDIDATE,constant-return method body
3,Axis,2928,get_ReturnType,0x19A7C240,mov-eax-imm32-ret,CANDIDATE,constant-return method body
3,BCFJADBACMD,21323,EMMHMNDLDFP,0x1276C2F0,mov-eax-imm32-ret,CANDIDATE,constant-return method body
3,BGHEAPHNDMH,42815,NIIICEHCLKF,0x10841F60,mov-eax-imm32-ret,CANDIDATE,constant-return method body
3,BindManagerXbox,4567,GetReportType,0x1912C410,mov-eax-imm32-ret,CANDIDATE,constant-return method body
3,Boolean,174,GetTypeCode,0x195E5760,mov-eax-imm32-ret,CANDIDATE,constant-return method body
3,CBDBCOOIIDE,25410,ICLNGANPOBG,0x9B854A0,mov-eax-imm32-ret,CANDIDATE,constant-return method body
3,CBHIBDCHMHK,39606,FPFCJHIEEOL,0xC731A70,mov-eax-imm32-ret,CANDIDATE,constant-return method body
3,CBLBDCFDADB,57870,DPANJANFKDL,0x97C3D30,mov-eax-imm32-ret,CANDIDATE,constant-return method body
3,CDHEFGOGDNP,64457,HFNLOJNAPCL,0xC75F8E0,mov-eax-imm32-ret,CANDIDATE,constant-return method body
3,CEBEEGFIENJ,13028,HJHMCMHJGND,0x124ABD00,mov-eax-imm32-ret,CANDIDATE,constant-return method body
3,CHHCGIFPECD,76043,LGICBBENDJF,0xD2D5FD0,mov-eax-imm32-ret,CANDIDATE,constant-return method body
3,CHKEFINOOOA,41012,LFBGEJDKDFA,0x1194B140,mov-eax-imm32-ret,CANDIDATE,constant-return method body
3,CJJHDOIBEGB,48241,KBJLOALMJOC,0x12A7A790,mov-eax-imm32-ret,CANDIDATE,constant-return method body
3,CMKECKNNBJM,18490,KIIHAEBMHGJ,0xE8F8B50,mov-eax-imm32-ret,CANDIDATE,constant-return method body
3,CMOBNKLLAFI,76082,LBDGFCKNDKN,0x1233D000,mov-eax-imm32-ret,CANDIDATE,constant-return method body
3,CNHEJHEJLON,59299,HCKAECKGLIN,0x9520170,mov-eax-imm32-ret,CANDIDATE,constant-return method body
3,CurveTimeline2,33153,get_FrameEntries,0x118BE800,mov-eax-imm32-ret,CANDIDATE,constant-return method body
3,DAGBMDCDNCC,27550,EHNNBPFPJHP,0x119CA090,mov-eax-imm32-ret,CANDIDATE,constant-return method body
3,DBALEHHJFED,28975,ICIAEMIMAHC,0x9348D60,mov-eax-imm32-ret,CANDIDATE,constant-return method body
3,DBDKAGCNDLD,52510,NGGDILJGAJL,0x133F9730,mov-eax-imm32-ret,CANDIDATE,constant-return method body
3,DBPNDILEENO,68672,FHJCCCIOMHH,0x10D3C490,mov-eax-imm32-ret,CANDIDATE,constant-return method body
3,DDDPCKNOPHJ,86329,NJADFBDDMIN,0xA11B900,mov-eax-imm32-ret,CANDIDATE,constant-return method body
3,DJCJENJBKBC,19509,JPIIHIIDEMI,0x959E840,mov-eax-imm32-ret,CANDIDATE,constant-return method body
3,DJKNEAKLCKA,62871,CKAJAAPHOFI,0xD379000,mov-eax-imm32-ret,CANDIDATE,constant-return method body
3,DKDPANHGLJD,75923,get_behaviourType,0x8878CB0,mov-eax-imm32-ret,CANDIDATE,constant-return method body
3,DNPJPCFIOGA,15214,DPANJANFKDL,0x105B7720,mov-eax-imm32-ret,CANDIDATE,constant-return method body
3,DONNBGGELHI,79669,CPMALDODHCC,0x11B422F0,mov-eax-imm32-ret,CANDIDATE,constant-return method body
3,DPDDHBLHDBH,45339,PIKDEADLLHH,0x95DB360,mov-eax-imm32-ret,CANDIDATE,constant-return method body
3,DPIMPCNAMPH,47245,LOFBAFPKKLM,0x102DED60,mov-eax-imm32-ret,CANDIDATE,constant-return method body
3,DSCanChangeMonsterEntity,80498,get_DSColliderType,0x796B3B0,mov-eax-imm32-ret,CANDIDATE,constant-return method body
3,DSKillerEntity,25786,get_DSColliderType,0x84C2540,mov-eax-imm32-ret,CANDIDATE,constant-return method body
3,DSMoveForwardMonsterEntity,69945,get_DSColliderType,0xFDE5BB0,mov-eax-imm32-ret,CANDIDATE,constant-return method body
3,DSWallEntity,39393,get_entityType,0xE5956C0,mov-eax-imm32-ret,CANDIDATE,constant-return method body
3,DualSenseTriggerEffectVibration,6365,Rewired.ControllerExtensions.IDualSenseTriggerEffect.get_triggerEffectType,0x1976ED90,mov-eax-imm32-ret,CANDIDATE,constant-return method body
3,EBIFNDHEPBN,29205,PFFECIBHFDP,0xE9E87C0,mov-eax-imm32-ret,CANDIDATE,constant-return method body
3,EFLNBDLBHIP,22030,CCLJKIDJFNF,0xD3EC6D0,mov-eax-imm32-ret,CANDIDATE,constant-return method body
3,ELLAGMFMHGJ,50977,OAAPEEELDBD,0x72B0B10,mov-eax-imm32-ret,CANDIDATE,constant-return method body
3,EastAsianLunisolarCalendar,672,get_AlgorithmType,0x1959F310,mov-eax-imm32-ret,CANDIDATE,constant-return method body
3,EnviroVolumePreset,33217,GetFootprintZonePriority,0x10FF1F00,mov-eax-imm32-ret,CANDIDATE,constant-return method body
3,FEBOGMBGNIC,16121,KIIHAEBMHGJ,0xE39EF40,mov-eax-imm32-ret,CANDIDATE,constant-return method body
3,FFKOOKFLDLG,68816,DAMFCDBJLNF,0x10EA41B0,mov-eax-imm32-ret,CANDIDATE,constant-return method body
3,FGBFKALLLDC,15735,COABCBDAFGF,0xA451750,mov-eax-imm32-ret,CANDIDATE,constant-return method body
3,FHMPIILCDLC,60503,NIIICEHCLKF,0xF60D7A0,mov-eax-imm32-ret,CANDIDATE,constant-return method body
3,FNABCHDIBCH,66056,AMJIAKPMLGA,0xBD8D100,mov-eax-imm32-ret,CANDIDATE,constant-return method body
3,Filter,2930,get_ReturnType,0x19A7C270,mov-eax-imm32-ret,CANDIDATE,constant-return method body
3,GDJKAAOHOEH,38602,NIIICEHCLKF,0xA516620,mov-eax-imm32-ret,CANDIDATE,constant-return method body
3,GJHLLKLNJFP,30869,NHHFIMEFDAL,0xB1C90F0,mov-eax-imm32-ret,CANDIDATE,constant-return method body
3,Group,2933,get_ReturnType,0x199BB470,mov-eax-imm32-ret,CANDIDATE,constant-return method body
3,HCADDNELGKB,34460,HPMEAECFDFN,0xFB75020,mov-eax-imm32-ret,CANDIDATE,constant-return method body
3,HGMFFJIEBAI,15218,DPANJANFKDL,0x754AD30,mov-eax-imm32-ret,CANDIDATE,constant-return method body
3,HKPEDJELNCG,18121,NIIICEHCLKF,0xBEC1430,mov-eax-imm32-ret,CANDIDATE,constant-return method body
3,HLIHOMNACGJ,88531,EHDOOHIIIMO,0xB24EA60,mov-eax-imm32-ret,CANDIDATE,constant-return method body
3,HMBPECFPLAG,12774,PENLBBJBGFL,0x12A23F50,mov-eax-imm32-ret,CANDIDATE,constant-return method body
3,HMLPIJJAJCB,20238,NIIICEHCLKF,0xAD0F8F0,mov-eax-imm32-ret,CANDIDATE,constant-return method body
3,HNNOBHHKCOF,66642,NIIICEHCLKF,0xB261000,mov-eax-imm32-ret,CANDIDATE,constant-return method body
3,HebrewCalendar,678,get_AlgorithmType,0x19669720,mov-eax-imm32-ret,CANDIDATE,constant-return method body
3,HoYoChannelEpic,4704,GetChannel,0x1940A600,mov-eax-imm32-ret,CANDIDATE,constant-return method body
3,IAFJGKFAHDI,40451,EGJILBGIIAA,0xCB8F3D0,mov-eax-imm32-ret,CANDIDATE,constant-return method body
3,IAFJGKFAHDI,40451,MIBIPNFDLDI,0xCB8F4B0,mov-eax-imm32-ret,CANDIDATE,constant-return method body
3,ICPHJFIPLDJ,20830,PHAFOOIBGKI,0xD7061D0,mov-eax-imm32-ret,CANDIDATE,constant-return method body
3,IGFMNJKCNPF,53733,NIIICEHCLKF,0xA033A20,mov-eax-imm32-ret,CANDIDATE,constant-return method body
3,IGHIEMPMJAM,24196,MMNJJPJDBEF,0xB796B70,mov-eax-imm32-ret,CANDIDATE,constant-return method body
3,IKLIKLMONCE,80728,FPFCJHIEEOL,0x12AB71E0,mov-eax-imm32-ret,CANDIDATE,constant-return method body
3,IKMIACOOFOI,79656,EMMHMNDLDFP,0x126E4B50,mov-eax-imm32-ret,CANDIDATE,constant-return method body
3,IMMILGAFALO,42940,DPANJANFKDL,0xA9B7C00,mov-eax-imm32-ret,CANDIDATE,constant-return method body
3,IOBBPKEMKOK,67418,PFFECIBHFDP,0x1121CC10,mov-eax-imm32-ret,CANDIDATE,constant-return method body
3,JConstructor,7398,get_Type,0x19687D30,mov-eax-imm32-ret,CANDIDATE,constant-return method body
3,JKJAECLNIGF,75890,DJGODLJHEFJ,0xA8FA440,mov-eax-imm32-ret,CANDIDATE,constant-return method body
3,JapaneseCalendar,687,get_ID,0x1960E410,mov-eax-imm32-ret,CANDIDATE,constant-return method body
3,JapaneseLunisolarCalendar,688,get_BaseCalendarID,0x194AE160,mov-eax-imm32-ret,CANDIDATE,constant-return method body
3,KBDPOKNODLO,62493,LBDGFCKNDKN,0x8286450,mov-eax-imm32-ret,CANDIDATE,constant-return method body
3,KCPHGKADHHM,71806,get__pluginGroupCount,0x12BFFFA0,mov-eax-imm32-ret,CANDIDATE,constant-return method body
3,KIAADGCAPKE,67922,KEIHDNEEAIP,0x1133D4B0,mov-eax-imm32-ret,CANDIDATE,constant-return method body
3,KOENCHPHMGK,64403,EINGMFMKKEA,0x9C01E80,mov-eax-imm32-ret,CANDIDATE,constant-return method body
3,KOPOJKGHLDH,54092,FJJPGEJJKDD,0xFCB5310,mov-eax-imm32-ret,CANDIDATE,constant-return method body
3,LDJHPPJHJCA,47324,NIIICEHCLKF,0x9C32C90,mov-eax-imm32-ret,CANDIDATE,constant-return method body
3,LFKGMBBECHF,30632,OALMCEKMLDB,0xAF62680,mov-eax-imm32-ret,CANDIDATE,constant-return method body
3,LNCBCMDHDPF,59917,IACGKNJAKPC,0xC27F9A0,mov-eax-imm32-ret,CANDIDATE,constant-return method body
3,LNKIBCILCIJ,82733,MMNJJPJDBEF,0x104D1900,mov-eax-imm32-ret,CANDIDATE,constant-return method body
3,LNNLFBFBKHH,28872,BEFDGBADDBB,0xAB7D870,mov-eax-imm32-ret,CANDIDATE,constant-return method body
3,LNPFJLEJJJF,80607,LMAGHEILOOL,0x9C95A90,mov-eax-imm32-ret,CANDIDATE,constant-return method body
3,LNPFJLEJJJF,80607,LACKLGEGNHN,0x9C95C90,mov-eax-imm32-ret,CANDIDATE,constant-return method body
3,LOJMNKPKMDN,15772,PFFECIBHFDP,0x108EB3A0,mov-eax-imm32-ret,CANDIDATE,constant-return method body
3,MAKGMFPMLMJ,27869,HDCCPLPOCPM,0xF153730,mov-eax-imm32-ret,CANDIDATE,constant-return method body
3,MFBFPDEOFAA,31774,LMAJIGMOOMD,0xF1704E0,mov-eax-imm32-ret,CANDIDATE,constant-return method body
3,MFDJHDCLFIG,52962,OGDBLFJKLAK,0x1094A940,mov-eax-imm32-ret,CANDIDATE,constant-return method body
3,MGICJJOOAMO,47715,FHKKOPAFPBO,0x8BDD560,mov-eax-imm32-ret,CANDIDATE,constant-return method body
3,MMBDEGLKCHA,42092,LIKGFGLPOPL,0x11F6FA20,mov-eax-imm32-ret,CANDIDATE,constant-return method body
3,MNKOFPMLIBF,67981,EKKIIBBCIGN,0xAB08940,mov-eax-imm32-ret,CANDIDATE,constant-return method body
3,MonoEnviroLightColorComponent,80481,get_componentType,0xB6C6F60,mov-eax-imm32-ret,CANDIDATE,constant-return method body
3,MusicInlevelSettingDialog,77115,get__pluginGroupCount,0x859FE40,mov-eax-imm32-ret,CANDIDATE,constant-return method body
3,NCKIPMJPKIC,70138,LBDGFCKNDKN,0xE2ACE60,mov-eax-imm32-ret,CANDIDATE,constant-return method body
3,NGDIKFGKNGJ,76522,OGHJDBENDLF,0xFF731D0,mov-eax-imm32-ret,CANDIDATE,constant-return method body
3,NOCKHJNKGAN,38732,OAAPEEELDBD,0x130AF470,mov-eax-imm32-ret,CANDIDATE,constant-return method body
3,NOPFPMENABH,64819,HKJOCMJBKCN,0x932CF50,mov-eax-imm32-ret,CANDIDATE,constant-return method body
3,NOPFPMENABH,64819,MOFLCHAOJJB,0x932D1F0,mov-eax-imm32-ret,CANDIDATE,constant-return method body
3,OHNBBMOLNHG,33240,OKDMFIFCDGF,0x867D6C0,mov-eax-imm32-ret,CANDIDATE,constant-return method body
3,OKLAENBHLIL,23526,EHDOOHIIIMO,0xC6467A0,mov-eax-imm32-ret,CANDIDATE,constant-return method body
3,OMCJMPANNBM,69671,FIFCHLAHEKH,0x9FCEEC0,mov-eax-imm32-ret,CANDIDATE,constant-return method body
3,OOCHLPICHLF,68417,JMGDHPAINJA,0x10BA23A0,mov-eax-imm32-ret,CANDIDATE,constant-return method body
3,Operand,2934,get_Type,0x19A2ACE0,mov-eax-imm32-ret,CANDIDATE,constant-return method body
3,PDIPDDNGGLF,68216,PHAFOOIBGKI,0xC693880,mov-eax-imm32-ret,CANDIDATE,constant-return method body
3,PFEAFFGCINK,25730,FJJPGEJJKDD,0x1318CF60,mov-eax-imm32-ret,CANDIDATE,constant-return method body
3,PHIFPBLNHAL,44513,ECECFOEMAOJ,0xB9765E0,mov-eax-imm32-ret,CANDIDATE,constant-return method body
3,PIANMOIIJKJ,23014,NIIICEHCLKF,0x877B9E0,mov-eax-imm32-ret,CANDIDATE,constant-return method body
3,PJLLAAHLLKO,70434,HFKLHBLKONN,0x1321F870,mov-eax-imm32-ret,CANDIDATE,constant-return method body
3,PJNHJDKPILL,17069,LGICBBENDJF,0x94173E0,mov-eax-imm32-ret,CANDIDATE,constant-return method body
3,PNEHFEDAOEO,20491,ENBOMJLIFBA,0x13E1E460,mov-eax-imm32-ret,CANDIDATE,constant-return method body
3,POENFMMHHNI,13947,CMNGHIBEDCD,0xA075010,mov-eax-imm32-ret,CANDIDATE,constant-return method body
3,PPFFLAGCAFK,86341,NIIICEHCLKF,0x110DA320,mov-eax-imm32-ret,CANDIDATE,constant-return method body
3,Platform_XInput_Base,6169,get_platform,0x1973D860,mov-eax-imm32-ret,CANDIDATE,constant-return method body
3,Root,2937,get_ReturnType,0x1994DC40,mov-eax-imm32-ret,CANDIDATE,constant-return method body
3,X12Encoder,3737,get_EncodingMode,0x19D73B60,mov-eax-imm32-ret,CANDIDATE,constant-return method body
3,XText,6673,get_NodeType,0x1994DA30,mov-eax-imm32-ret,CANDIDATE,constant-return method body
3,XmlText,3092,get_NodeType,0x19A89E80,mov-eax-imm32-ret,CANDIDATE,constant-return method body
4,ADNDDJKCHDM,55314,FPFCJHIEEOL,0xEADD090,mov-eax-imm32-ret,CANDIDATE,constant-return method body
4,AEGGMILAJGB,80293,IMBHADIDAGI,0xC970BD0,mov-eax-imm32-ret,CANDIDATE,constant-return method body
4,AELPLMKLLMP,63450,IMBHADIDAGI,0xF7A2270,mov-eax-imm32-ret,CANDIDATE,constant-return method body
4,AELPOODHCPC,28489,IMBHADIDAGI,0x8A2EF30,mov-eax-imm32-ret,CANDIDATE,constant-return method body
4,AENDCGFBPGF,84819,IMBHADIDAGI,0x8A2F130,mov-eax-imm32-ret,CANDIDATE,constant-return method body
4,AGELPCHMEMA,41662,IMBHADIDAGI,0xF7ABBE0,mov-eax-imm32-ret,CANDIDATE,constant-return method body
4,AHGBKMOCHLJ,66681,IMBHADIDAGI,0x1270E460,mov-eax-imm32-ret,CANDIDATE,constant-return method body
4,AJAJLNFDEEH,62373,CMBJMDIIFLC,0x10439830,mov-eax-imm32-ret,CANDIDATE,constant-return method body
4,AJBPHNKOLCJ,23489,IMBHADIDAGI,0x8A77F00,mov-eax-imm32-ret,CANDIDATE,constant-return method body
4,AKDMOPMPACB,54145,IMBHADIDAGI,0x71ACD20,mov-eax-imm32-ret,CANDIDATE,constant-return method body
4,ALOIHIFCBCM,64664,IMBHADIDAGI,0xC9B6210,mov-eax-imm32-ret,CANDIDATE,constant-return method body
4,AMBDLCDHLMK,57633,IMBHADIDAGI,0x71BC030,mov-eax-imm32-ret,CANDIDATE,constant-return method body
4,AMPGBAEECCG,16531,IMBHADIDAGI,0xAEA1840,mov-eax-imm32-ret,CANDIDATE,constant-return method body
4,ANBPMJPAOFG,77763,IMBHADIDAGI,0xBCADFA0,mov-eax-imm32-ret,CANDIDATE,constant-return method body
4,AOENDMNABGC,72917,get_typeId,0xC9C4680,mov-eax-imm32-ret,CANDIDATE,constant-return method body
4,APNEIMJANHF,76796,IMBHADIDAGI,0xBCBB560,mov-eax-imm32-ret,CANDIDATE,constant-return method body
4,APNPIAMLJNC,77264,IMBHADIDAGI,0xD53B910,mov-eax-imm32-ret,CANDIDATE,constant-return method body
4,BANNDAJGEKA,17437,get_panelType,0x8E5DCB0,mov-eax-imm32-ret,CANDIDATE,constant-return method body
4,BBFBIFOBEHH,44331,IMBHADIDAGI,0x1048DA80,mov-eax-imm32-ret,CANDIDATE,constant-return method body
4,BBIMMFFPCAN,68801,PDHKLBHKFED,0xD311460,mov-eax-imm32-ret,CANDIDATE,constant-return method body
4,BHGDLBEAEAO,62369,IMBHADIDAGI,0xC4571F0,mov-eax-imm32-ret,CANDIDATE,constant-return method body
4,BHKNGNJIBNL,35611,MFJIBNIJOPP,0xFC056A0,mov-eax-imm32-ret,CANDIDATE,constant-return method body
4,BIMJIJPGEJE,71495,LDENIMFOHIM,0x72C44B0,mov-eax-imm32-ret,CANDIDATE,constant-return method body
4,BindManagerSteam,4566,GetReportType,0x192F4E70,mov-eax-imm32-ret,CANDIDATE,constant-return method body
4,CBKBHMCPLEJ,55933,IMBHADIDAGI,0xB935260,mov-eax-imm32-ret,CANDIDATE,constant-return method body
4,CCKNKHBEGAD,65871,AEGNNPENLNM,0x10007E60,mov-ax-imm16-ret,CANDIDATE,constant-return method body
4,CCLLHCAKPEN,57131,DEJFCCHNKDD,0x7616850,mov-eax-imm32-ret,CANDIDATE,constant-return method body
4,CDNKPECLAAO,19826,IMBHADIDAGI,0x94BEDF0,mov-eax-imm32-ret,CANDIDATE,constant-return method body
4,CEBEEGFIENJ,13028,LMAGHEILOOL,0x124ABD10,mov-eax-imm32-ret,CANDIDATE,constant-return method body
4,CEDEAALNHFM,81181,IMBHADIDAGI,0xD1FA780,mov-eax-imm32-ret,CANDIDATE,constant-return method body
4,CGCBKLAIPHN,80072,IMBHADIDAGI,0x94DE710,mov-eax-imm32-ret,CANDIDATE,constant-return method body
4,CICPLOEFNMP,62443,OFLAJOACECA,0x10D20920,mov-eax-imm32-ret,CANDIDATE,constant-return method body
4,CIGCCIHCODB,65973,HFKLHBLKONN,0x1339DE70,mov-eax-imm32-ret,CANDIDATE,constant-return method body
4,CJEMACNBBOE,16113,KIIHAEBMHGJ,0x829A430,mov-eax-imm32-ret,CANDIDATE,constant-return method body
4,CKOONEABKPL,35655,IMBHADIDAGI,0x133B3790,mov-eax-imm32-ret,CANDIDATE,constant-return method body
4,CLEJGLPIKNB,73770,IMBHADIDAGI,0xAF9A350,mov-eax-imm32-ret,CANDIDATE,constant-return method body
4,CMICBMJKLDN,72697,IMBHADIDAGI,0xAFA9A00,mov-eax-imm32-ret,CANDIDATE,constant-return method body
4,COOPHFOJINM,15044,IMBHADIDAGI,0xA0DEC20,mov-eax-imm32-ret,CANDIDATE,constant-return method body
4,Char,178,GetTypeCode,0x19515D70,mov-eax-imm32-ret,CANDIDATE,constant-return method body
4,DBEHOENIIFN,41295,IMBHADIDAGI,0x13F1D200,mov-eax-imm32-ret,CANDIDATE,constant-return method body
4,DBGNCGPNDEA,84230,IMBHADIDAGI,0xBA8EF60,mov-eax-imm32-ret,CANDIDATE,constant-return method body
4,DDIFJAHIIAJ,36890,IMBHADIDAGI,0xE93BEF0,mov-eax-imm32-ret,CANDIDATE,constant-return method body
4,DFOGCAOAHEI,17050,IMBHADIDAGI,0x1341C8C0,mov-eax-imm32-ret,CANDIDATE,constant-return method body
4,DGBELGNEGDB,54444,IMBHADIDAGI,0xF5FE120,mov-eax-imm32-ret,CANDIDATE,constant-return method body
4,DGCOGNHJGBI,42108,IMBHADIDAGI,0xE979FF0,mov-eax-imm32-ret,CANDIDATE,constant-return method body
4,DGIICDHGFFB,70618,IMBHADIDAGI,0xC840490,mov-eax-imm32-ret,CANDIDATE,constant-return method body
4,DGJGNPPLBIL,79646,CPMALDODHCC,0x7158730,mov-eax-imm32-ret,CANDIDATE,constant-return method body
4,DGJGNPPLBIL,79646,EMMHMNDLDFP,0x7158740,mov-eax-imm32-ret,CANDIDATE,constant-return method body
4,DKOMKJFDICG,37873,ECECFOEMAOJ,0x134345B0,mov-eax-imm32-ret,CANDIDATE,constant-return method body
4,DMOCCHKLLNC,71656,IMBHADIDAGI,0xB0572A0,mov-eax-imm32-ret,CANDIDATE,constant-return method body
4,DOGKDBPOLLP,37317,IMBHADIDAGI,0x10DEA330,mov-eax-imm32-ret,CANDIDATE,constant-return method body
4,DOIEJBNJPNA,28086,HFNLOJNAPCL,0x1278FCF0,mov-eax-imm32-ret,CANDIDATE,constant-return method body
4,DOMAAJFIMEA,14651,IMBHADIDAGI,0xB07DA00,mov-eax-imm32-ret,CANDIDATE,constant-return method body
4,DOOCBPAPBFB,46340,EHNNBPFPJHP,0xC896ED0,mov-eax-imm32-ret,CANDIDATE,constant-return method body
4,DPHBINOEKEC,80060,IMBHADIDAGI,0x11A66630,mov-eax-imm32-ret,CANDIDATE,constant-return method body
4,DSCharacterEntity,53805,get_entityType,0xB62E0B0,mov-eax-imm32-ret,CANDIDATE,constant-return method body
4,DSCharacterEntity,53805,get_DSColliderType,0xB62F010,mov-eax-imm32-ret,CANDIDATE,constant-return method body
4,DSCollectItemEntity,64719,get_DSColliderType,0x12D87460,mov-eax-imm32-ret,CANDIDATE,constant-return method body
4,DSRoomDoorEntity,21460,get__characterEnterFireEventType,0x9D80340,mov-eax-imm32-ret,CANDIDATE,constant-return method body
4,Datatype_ENTITY,3246,get_TokenizedType,0x19AA6640,mov-eax-imm32-ret,CANDIDATE,constant-return method body
4,DualSenseTriggerEffectMultiplePositionFeedback,6366,Rewired.ControllerExtensions.IDualSenseTriggerEffect.get_triggerEffectType,0x19817680,mov-eax-imm32-ret,CANDIDATE,constant-return method body
4,EAJBKIKJMGM,56030,IMBHADIDAGI,0xA184C70,mov-eax-imm32-ret,CANDIDATE,constant-return method body
4,EDBGDNDLGPH,41336,IMBHADIDAGI,0xC945180,mov-eax-imm32-ret,CANDIDATE,constant-return method body
4,EEDLHKFAOAK,68075,FHKKOPAFPBO,0x12523F30,mov-eax-imm32-ret,CANDIDATE,constant-return method body
4,EEJADJHELGI,15272,IMBHADIDAGI,0xBCC9AF0,mov-eax-imm32-ret,CANDIDATE,constant-return method body
4,EEOPHKIFFPL,28775,get_size,0xBB16360,mov-eax-imm32-ret,CANDIDATE,constant-return method body
4,EFDIKDOGPME,75571,PIKDEADLLHH,0xBCCD5D0,mov-eax-imm32-ret,CANDIDATE,constant-return method body
4,EGLCGJJILAP,82647,IMBHADIDAGI,0x127CF700,mov-eax-imm32-ret,CANDIDATE,constant-return method body
4,EHAEDIKDFKI,80434,IMBHADIDAGI,0xEA208E0,mov-eax-imm32-ret,CANDIDATE,constant-return method body
4,EKGMGCEGFJI,18150,OAAPEEELDBD,0xA1F5D20,mov-eax-imm32-ret,CANDIDATE,constant-return method body
4,ENFIHHGPKEM,86720,IMBHADIDAGI,0xA40EA20,mov-eax-imm32-ret,CANDIDATE,constant-return method body
4,ENIJFNCCBEF,12199,IMBHADIDAGI,0x125E40A0,mov-eax-imm32-ret,CANDIDATE,constant-return method body
4,ENKDODLKCMD,36580,IMBHADIDAGI,0x1280DE20,mov-eax-imm32-ret,CANDIDATE,constant-return method body
4,ENKGEKHKJDA,73342,IMBHADIDAGI,0x1280E480,mov-eax-imm32-ret,CANDIDATE,constant-return method body
4,ENKJNCJHNCD,16145,IMBHADIDAGI,0xA4113A0,mov-eax-imm32-ret,CANDIDATE,constant-return method body
4,ENOKJBPIIKO,59850,IMBHADIDAGI,0xEA7D630,mov-eax-imm32-ret,CANDIDATE,constant-return method body
4,EdifactEncoder,3732,get_EncodingMode,0x19D6F210,mov-eax-imm32-ret,CANDIDATE,constant-return method body
4,FCIMAAKGDNO,28897,PENLBBJBGFL,0x103A3040,mov-eax-imm32-ret,CANDIDATE,constant-return method body
4,FCNLLFLOPKL,22390,IMBHADIDAGI,0x103A5670,mov-eax-imm32-ret,CANDIDATE,constant-return method body
4,FDIKBDFDDEA,43378,get_size,0x11016A00,mov-eax-imm32-ret,CANDIDATE,constant-return method body
4,FEHAOLNNEPO,63628,IMBHADIDAGI,0x7F931A0,mov-eax-imm32-ret,CANDIDATE,constant-return method body
4,FFDGLFEEDLI,74543,IMBHADIDAGI,0x1101CC70,mov-eax-imm32-ret,CANDIDATE,constant-return method body
4,FGIHMBOHCLL,16653,IMBHADIDAGI,0xA451B30,mov-eax-imm32-ret,CANDIDATE,constant-return method body
4,FHBDFONPPHE,36105,IMBHADIDAGI,0x1262A190,mov-eax-imm32-ret,CANDIDATE,constant-return method body
4,FIBGDLAJCEP,76085,LBDGFCKNDKN,0xB8704B0,mov-eax-imm32-ret,CANDIDATE,constant-return method body
4,FKGNDKEKDKF,41072,IMBHADIDAGI,0xD5946F0,mov-eax-imm32-ret,CANDIDATE,constant-return method body
4,FKMFAHJOEBA,59461,IMBHADIDAGI,0x128B1480,mov-eax-imm32-ret,CANDIDATE,constant-return method body
4,FLDPDCBICLF,63045,IMBHADIDAGI,0x1264BD60,mov-eax-imm32-ret,CANDIDATE,constant-return method body
4,FMIHDFJEGCP,55003,IMBHADIDAGI,0x8BAE800,mov-eax-imm32-ret,CANDIDATE,constant-return method body
4,FNIAJFFFEJI,84698,PFFECIBHFDP,0x10F3D190,mov-eax-imm32-ret,CANDIDATE,constant-return method body
4,FPLGJPBIPDO,38994,IMBHADIDAGI,0x800F760,mov-eax-imm32-ret,CANDIDATE,constant-return method body
4,FieldInfo,545,,0x19614850,mov-eax-imm32-ret,CANDIDATE,constant-return method body
4,Function,2931,get_Type,0x199E6520,mov-eax-imm32-ret,CANDIDATE,constant-return method body
4,GADMCHNGAAB,63792,IMBHADIDAGI,0xBBFE550,mov-eax-imm32-ret,CANDIDATE,constant-return method body
4,GBIIDMJEJDN,24167,IMBHADIDAGI,0xA502A30,mov-eax-imm32-ret,CANDIDATE,constant-return method body
4,GBNHLIHCBBK,49441,IMBHADIDAGI,0x73CE7C0,mov-eax-imm32-ret,CANDIDATE,constant-return method body
4,GCHGDEIMOKP,26180,IMBHADIDAGI,0x8022C80,mov-eax-imm32-ret,CANDIDATE,constant-return method body
4,GDJKAAOHOEH,38602,LMAJIGMOOMD,0xA5188E0,mov-eax-imm32-ret,CANDIDATE,constant-return method body
4,GDNCGKGONDN,48243,KBJLOALMJOC,0x999D660,mov-eax-imm32-ret,CANDIDATE,constant-return method body
4,GDNDLENJJPH,28099,IMBHADIDAGI,0xB1A5A90,mov-eax-imm32-ret,CANDIDATE,constant-return method body
4,GFBPPJNINIK,51216,IMBHADIDAGI,0x8BF0CE0,mov-eax-imm32-ret,CANDIDATE,constant-return method body
4,GGLMDMMFABC,43715,KIIHAEBMHGJ,0x12937A40,mov-eax-imm32-ret,CANDIDATE,constant-return method body
4,GLJDEAMDACD,25066,IMBHADIDAGI,0xD6298F0,mov-eax-imm32-ret,CANDIDATE,constant-return method body
4,GNEGODDIBPE,61769,AMJIAKPMLGA,0x7453720,mov-eax-imm32-ret,CANDIDATE,constant-return method body
4,GOKCECAPMLH,28188,LBDGFCKNDKN,0xED5A700,mov-eax-imm32-ret,CANDIDATE,constant-return method body
4,HDMJDCPPBDP,33623,IMBHADIDAGI,0x984E5B0,mov-eax-imm32-ret,CANDIDATE,constant-return method body
4,HEPFHFFMKEL,57111,IMBHADIDAGI,0xED9BF50,mov-eax-imm32-ret,CANDIDATE,constant-return method body
4,HHEFPLAGGGJ,39295,IMBHADIDAGI,0xB232730,mov-eax-imm32-ret,CANDIDATE,constant-return method body
4,HJFBCMOBAIJ,37899,NIIICEHCLKF,0x80CA2A0,mov-eax-imm32-ret,CANDIDATE,constant-return method body
4,HKLKFCCHHBC,47356,JMGDHPAINJA,0xD6AE140,mov-eax-imm32-ret,CANDIDATE,constant-return method body
4,HNOIBCIGOIK,29399,JPIIHIIDEMI,0x752B520,mov-eax-imm32-ret,CANDIDATE,constant-return method body
4,HPBFGPFBDMA,26581,PHAFOOIBGKI,0xBEF0C80,mov-eax-imm32-ret,CANDIDATE,constant-return method body
4,IAOMHAINJGK,23918,NJADFBDDMIN,0xBF193C0,mov-eax-imm32-ret,CANDIDATE,constant-return method body
4,IIBFBOBPIGN,24172,IMBHADIDAGI,0xFA1A600,mov-eax-imm32-ret,CANDIDATE,constant-return method body
4,IICAPBCAGJN,64842,IACGKNJAKPC,0x8D89870,mov-eax-imm32-ret,CANDIDATE,constant-return method body
4,IIFOBHGJBNK,51051,IMBHADIDAGI,0x1370DE10,mov-eax-imm32-ret,CANDIDATE,constant-return method body
4,IKOADCDPBKB,42728,IMBHADIDAGI,0x12AB7420,mov-eax-imm32-ret,CANDIDATE,constant-return method body
4,ILNLDDCBPFE,37163,FFMFBAGCKFE,0x84D9A80,mov-eax-imm32-ret,CANDIDATE,constant-return method body
4,IPAMMPHDHMJ,42069,IMBHADIDAGI,0xCC341F0,mov-eax-imm32-ret,CANDIDATE,constant-return method body
4,JAKNEBGFOFI,15756,FJJPGEJJKDD,0x11EA46A0,mov-eax-imm32-ret,CANDIDATE,constant-return method body
4,JCLELEIEFOD,44148,IMBHADIDAGI,0xB37F5A0,mov-eax-imm32-ret,CANDIDATE,constant-return method body
4,JCMPNHADILC,71322,NIIICEHCLKF,0x12AEA030,mov-eax-imm32-ret,CANDIDATE,constant-return method body
4,JEILNCCFEGD,53600,NIIICEHCLKF,0x7C49D50,mov-eax-imm32-ret,CANDIDATE,constant-return method body
4,JGEANCHGHFG,59165,CKAJAAPHOFI,0x76721C0,mov-eax-imm32-ret,CANDIDATE,constant-return method body
4,JHEBFHJDNAM,68677,FHJCCCIOMHH,0x124F8140,mov-eax-imm32-ret,CANDIDATE,constant-return method body
4,JIGPLHPPCEH,50223,IMBHADIDAGI,0xFB46870,mov-eax-imm32-ret,CANDIDATE,constant-return method body
4,JJMKCCFHELB,86871,PIKDEADLLHH,0xEF50400,mov-eax-imm32-ret,CANDIDATE,constant-return method body
4,JLEHNICBIKL,63247,CCLJKIDJFNF,0x106DB6E0,mov-eax-imm32-ret,CANDIDATE,constant-return method body
4,JMBEMGPMNJA,22858,IMBHADIDAGI,0xFB73BE0,mov-eax-imm32-ret,CANDIDATE,constant-return method body
4,JProperty,7415,get_Type,0x196F59F0,mov-eax-imm32-ret,CANDIDATE,constant-return method body
4,KAEOCFLMACK,44088,IMBHADIDAGI,0x10718020,mov-eax-imm32-ret,CANDIDATE,constant-return method body
4,KAJCEPEHILE,27510,IMBHADIDAGI,0x82825B0,mov-eax-imm32-ret,CANDIDATE,constant-return method body
4,KAOECCABCMA,26229,IMBHADIDAGI,0xE3835D0,mov-eax-imm32-ret,CANDIDATE,constant-return method body
4,KBADEPEEKNI,36452,IMBHADIDAGI,0xA930A00,mov-eax-imm32-ret,CANDIDATE,constant-return method body
4,KBIECMDCOLK,81236,MGKBNMGPPLO,0xEFAF3D0,mov-eax-imm32-ret,CANDIDATE,constant-return method body
4,KBKPNKBGBKI,54146,IMBHADIDAGI,0x10721F50,mov-eax-imm32-ret,CANDIDATE,constant-return method body
4,KCPLNPGABIC,31388,IMBHADIDAGI,0x138483C0,mov-eax-imm32-ret,CANDIDATE,constant-return method body
4,KDOOCKAEAED,48930,IMBHADIDAGI,0x1072E4C0,mov-eax-imm32-ret,CANDIDATE,constant-return method body
4,KFNGGAIEENK,27023,LFBGEJDKDFA,0x829EFC0,mov-eax-imm32-ret,CANDIDATE,constant-return method body
4,KJAMDMEIBHC,81499,IMBHADIDAGI,0xFC7EC00,mov-eax-imm32-ret,CANDIDATE,constant-return method body
4,KJMLIHNLDNK,47716,FHKKOPAFPBO,0x97A41C0,mov-eax-imm32-ret,CANDIDATE,constant-return method body
4,KKGNLCMHBAE,60508,IMBHADIDAGI,0xFC8CDC0,mov-eax-imm32-ret,CANDIDATE,constant-return method body
4,KMBIBHOIODJ,44905,IMBHADIDAGI,0xF077550,mov-eax-imm32-ret,CANDIDATE,constant-return method body
4,KMNBIABFABI,74668,IMBHADIDAGI,0x9009D00,mov-eax-imm32-ret,CANDIDATE,constant-return method body
4,KNABPGMNJEK,12897,HDCCPLPOCPM,0x12C4C050,mov-eax-imm32-ret,CANDIDATE,constant-return method body
4,KNIOODCAAII,40941,IMBHADIDAGI,0xC183330,mov-eax-imm32-ret,CANDIDATE,constant-return method body
4,KOAKPPDLKDJ,39465,IMBHADIDAGI,0xCD5DB00,mov-eax-imm32-ret,CANDIDATE,constant-return method body
4,KOCFPAMBLEA,60127,IMBHADIDAGI,0x7790450,mov-eax-imm32-ret,CANDIDATE,constant-return method body
4,LBALPJNNKGC,85628,IMBHADIDAGI,0x9C1ADE0,mov-eax-imm32-ret,CANDIDATE,constant-return method body
4,LDKFGFCCBJL,80420,EMMHMNDLDFP,0xB49AE40,mov-eax-imm32-ret,CANDIDATE,constant-return method body
4,LFJMDGDFGIG,60444,NIIICEHCLKF,0x13F54020,mov-eax-imm32-ret,CANDIDATE,constant-return method body
4,LHCOLFHFEON,54265,MIBIPNFDLDI,0xAA24F10,mov-eax-imm32-ret,CANDIDATE,constant-return method body
4,LJLPMCKEGID,18086,LPAIJDGCJOD,0xF0F49A0,mov-eax-imm32-ret,CANDIDATE,constant-return method body
4,LKAGCLICIOL,70148,LBDGFCKNDKN,0xA71B200,mov-eax-imm32-ret,CANDIDATE,constant-return method body
4,LLBNLKPBCKP,63404,CEJGKDKMOPC,0xB4EAD90,mov-eax-imm32-ret,CANDIDATE,constant-return method body
4,LLDBNHKJBIA,34602,IMBHADIDAGI,0xAA4F4D0,mov-eax-imm32-ret,CANDIDATE,constant-return method body
4,LLPIENKGDGD,42842,IMBHADIDAGI,0xC27B2F0,mov-eax-imm32-ret,CANDIDATE,constant-return method body
4,LOJGFIAEDPC,65255,IMBHADIDAGI,0x7886D10,mov-eax-imm32-ret,CANDIDATE,constant-return method body
4,LPIEGFGHPBI,74559,PIKDEADLLHH,0x11470630,mov-eax-imm32-ret,CANDIDATE,constant-return method body
4,LPPEAJKPAFC,15702,IMBHADIDAGI,0x908FCA0,mov-eax-imm32-ret,CANDIDATE,constant-return method body
4,LoginManagerCX,5254,GetProtocolChannel,0x1939BB80,mov-eax-imm32-ret,CANDIDATE,constant-return method body
4,LoginManagerCXHandheld,4937,GetProtocolChannel,0x191530D0,mov-eax-imm32-ret,CANDIDATE,constant-return method body
4,MBGIJKJNPMP,69019,COABCBDAFGF,0xFD77B20,mov-eax-imm32-ret,CANDIDATE,constant-return method body
4,MBPKIHGHFFC,81725,IMBHADIDAGI,0xE512280,mov-eax-imm32-ret,CANDIDATE,constant-return method body
4,MCFLFLCLMKE,35717,IMBHADIDAGI,0x114EEA00,mov-eax-imm32-ret,CANDIDATE,constant-return method body
4,MELBBIMMFNC,77956,IMBHADIDAGI,0x9CF3F20,mov-eax-imm32-ret,CANDIDATE,constant-return method body
4,MFLLGIAIPOA,84779,IMBHADIDAGI,0x78D1190,mov-eax-imm32-ret,CANDIDATE,constant-return method body
4,MHKHHKDDJNI,60192,get_size,0x120F6AC0,mov-eax-imm32-ret,CANDIDATE,constant-return method body
4,MIDPMIBGELH,48649,IMBHADIDAGI,0x9D08960,mov-eax-imm32-ret,CANDIDATE,constant-return method body
4,MIFHPAAKDNH,43288,IMBHADIDAGI,0xC2FB920,mov-eax-imm32-ret,CANDIDATE,constant-return method body
4,MIJLLKOMDLN,64479,IMBHADIDAGI,0x90DB410,mov-eax-imm32-ret,CANDIDATE,constant-return method body
4,MMKNKCKDKAD,56933,FJJPGEJJKDD,0x846E3E0,mov-eax-imm32-ret,CANDIDATE,constant-return method body
4,MNCNNGLPBNL,38262,IMBHADIDAGI,0xC32F2A0,mov-eax-imm32-ret,CANDIDATE,constant-return method body
4,MOEJKKEEJHG,87245,IMBHADIDAGI,0x13A7B760,mov-eax-imm32-ret,CANDIDATE,constant-return method body
4,MPIHKEJOFMF,67379,IMBHADIDAGI,0x84BF4B0,mov-eax-imm32-ret,CANDIDATE,constant-return method body
4,MonoEnviroLightRotationComponent,72346,get_componentType,0xFEB0C20,mov-eax-imm32-ret,CANDIDATE,constant-return method body
4,MusicSettingDialogContext,35851,get_totalSettingType,0x85A4560,mov-eax-imm32-ret,CANDIDATE,constant-return method body
4,NBHMFAMHBGO,67476,IMBHADIDAGI,0x92B6990,mov-eax-imm32-ret,CANDIDATE,constant-return method body
4,NCMJEFAELIO,74374,NIIICEHCLKF,0xACB3DB0,mov-eax-imm32-ret,CANDIDATE,constant-return method body
4,NENPOEOJIPD,67135,HKJOCMJBKCN,0xF345E60,mov-eax-imm32-ret,CANDIDATE,constant-return method body
4,NENPOEOJIPD,67135,MOFLCHAOJJB,0xF346390,mov-eax-imm32-ret,CANDIDATE,constant-return method body
4,NGNFGANNPGG,57470,NHHFIMEFDAL,0x130126D0,mov-eax-imm32-ret,CANDIDATE,constant-return method body
4,NHEPKDPOIDH,78572,IMBHADIDAGI,0x85FC7C0,mov-eax-imm32-ret,CANDIDATE,constant-return method body
4,NINMGLECHOJ,83748,IMBHADIDAGI,0xE6D33D0,mov-eax-imm32-ret,CANDIDATE,constant-return method body
4,NJKFMDOJHPL,45166,IMBHADIDAGI,0x10B0C920,mov-eax-imm32-ret,CANDIDATE,constant-return method body
4,NJMODJGFAED,59362,IMBHADIDAGI,0x122A0F10,mov-eax-imm32-ret,CANDIDATE,constant-return method body
4,NKJJBPJIINI,21886,IMBHADIDAGI,0xE6E8EB0,mov-eax-imm32-ret,CANDIDATE,constant-return method body
4,NKJPPNFAEEF,65289,APHDDCMEBAD,0x8613430,mov-eax-imm32-ret,CANDIDATE,constant-return method body
4,NKLMDCJJCAM,34552,IMBHADIDAGI,0x13078B10,mov-eax-imm32-ret,CANDIDATE,constant-return method body
4,NOADHEPBJPB,63805,OKDMFIFCDGF,0x9F63DE0,mov-eax-imm32-ret,CANDIDATE,constant-return method body
4,NODENPFMLJP,82031,IMBHADIDAGI,0xAD39030,mov-eax-imm32-ret,CANDIDATE,constant-return method body
4,OALEJFFBIFA,26568,IMBHADIDAGI,0x13D304D0,mov-eax-imm32-ret,CANDIDATE,constant-return method body
4,OCMJFLBJNAA,58120,IMBHADIDAGI,0x123161B0,mov-eax-imm32-ret,CANDIDATE,constant-return method body
4,ODELFNDLFJO,15072,IMBHADIDAGI,0xF3C2DB0,mov-eax-imm32-ret,CANDIDATE,constant-return method body
4,OFPPHMBMIED,68222,FPFCJHIEEOL,0x100731B0,mov-eax-imm32-ret,CANDIDATE,constant-return method body
4,OGDEBFEGGAE,67967,IMBHADIDAGI,0xE76EB80,mov-eax-imm32-ret,CANDIDATE,constant-return method body
4,OGPCLKDNPAD,29410,IMBHADIDAGI,0x13D50670,mov-eax-imm32-ret,CANDIDATE,constant-return method body
4,OHBAEEMBLFJ,20245,NIIICEHCLKF,0x7B30BA0,mov-eax-imm32-ret,CANDIDATE,constant-return method body
4,OHBFFBMNGKN,59289,LACKLGEGNHN,0x9FAF2E0,mov-eax-imm32-ret,CANDIDATE,constant-return method body
4,OHIMBLMKFAE,19125,KEIHDNEEAIP,0xC629120,mov-eax-imm32-ret,CANDIDATE,constant-return method body
4,OIBNIIBGCNH,51907,IMBHADIDAGI,0x867E380,mov-eax-imm32-ret,CANDIDATE,constant-return method body
4,OLHMDAAADFF,81309,IMBHADIDAGI,0x7BDBF40,mov-eax-imm32-ret,CANDIDATE,constant-return method body
4,OMCJMPANNBM,69671,GHIHNIKJLPC,0x9FCF440,mov-eax-imm32-ret,CANDIDATE,constant-return method body
4,OMOIOGIMBHO,45149,IMBHADIDAGI,0x13D92A50,mov-eax-imm32-ret,CANDIDATE,constant-return method body
4,OODEAPBEMCP,25838,IMBHADIDAGI,0x12379800,mov-eax-imm32-ret,CANDIDATE,constant-return method body
4,OODOEGDGAJN,52895,ECECFOEMAOJ,0x86B6280,mov-eax-imm32-ret,CANDIDATE,constant-return method body
4,OPBHOBGHEJN,46697,IMBHADIDAGI,0x13157E70,mov-eax-imm32-ret,CANDIDATE,constant-return method body
4,OPGGIDPBKFP,84454,IMBHADIDAGI,0x93C4C20,mov-eax-imm32-ret,CANDIDATE,constant-return method body
4,OPHFEJCEFLJ,81971,IMBHADIDAGI,0xB8CC620,mov-eax-imm32-ret,CANDIDATE,constant-return method body
4,OPNEFGIFACN,23887,EGJILBGIIAA,0xF446850,mov-eax-imm32-ret,CANDIDATE,constant-return method body
4,OPNEFGIFACN,23887,MIBIPNFDLDI,0xF446B80,mov-eax-imm32-ret,CANDIDATE,constant-return method body
4,PCBJCFFNHHD,20080,IMBHADIDAGI,0x13DAE840,mov-eax-imm32-ret,CANDIDATE,constant-return method body
4,PCDBNPANGCD,36654,IMBHADIDAGI,0x7C1CAE0,mov-eax-imm32-ret,CANDIDATE,constant-return method body
4,PCFMLJJJDLM,31645,IMBHADIDAGI,0xF484500,mov-eax-imm32-ret,CANDIDATE,constant-return method body
4,PDCAJGECMMD,52560,IMBHADIDAGI,0xB8E9850,mov-eax-imm32-ret,CANDIDATE,constant-return method body
4,PECBKIKPHFM,18259,IMBHADIDAGI,0xC695910,mov-eax-imm32-ret,CANDIDATE,constant-return method body
4,PFEEONGAIFP,32893,IMBHADIDAGI,0x1011B7F0,mov-eax-imm32-ret,CANDIDATE,constant-return method body
4,PFKPIECEBCE,76453,IMBHADIDAGI,0x93F4310,mov-eax-imm32-ret,CANDIDATE,constant-return method body
4,PHHGHLIJNMJ,74762,IMBHADIDAGI,0x12414BE0,mov-eax-imm32-ret,CANDIDATE,constant-return method body
4,PHKDJNEKOGL,61157,KIIHAEBMHGJ,0xD252390,mov-eax-imm32-ret,CANDIDATE,constant-return method body
4,PLMACNEADNM,45248,IMBHADIDAGI,0x132293A0,mov-eax-imm32-ret,CANDIDATE,constant-return method body
4,PMLHOCHCLPB,15657,NIIICEHCLKF,0xB9A64D0,mov-eax-imm32-ret,CANDIDATE,constant-return method body
4,PNAIHCKHEPE,73484,IMBHADIDAGI,0xC6E34A0,mov-eax-imm32-ret,CANDIDATE,constant-return method body
4,POAEJOFJIOO,71504,LDENIMFOHIM,0x89EC520,mov-eax-imm32-ret,CANDIDATE,constant-return method body
4,POEACKFIKMO,64890,IMBHADIDAGI,0xC6EEDE0,mov-eax-imm32-ret,CANDIDATE,constant-return method body
4,PathConstraintMixTimeline,47864,get_FrameEntries,0xC6F9500,mov-eax-imm32-ret,CANDIDATE,constant-return method body
4,RGBTimeline,39505,get_FrameEntries,0xE88F170,mov-eax-imm32-ret,CANDIDATE,constant-return method body
4,ResourceIdentifierSave,11081,get_size,0x6E36650,mov-eax-imm32-ret,CANDIDATE,constant-return method body
4,SGLCLyclewPRKNqYoTEZnqvuttZC,5845,get_inputSourceType,0x19765560,mov-eax-imm32-ret,CANDIDATE,constant-return method body
4,SubParticleControlClip,65025,get_clipCaps,0x9E8BF00,mov-eax-imm32-ret,CANDIDATE,constant-return method body
4,TaiwanCalendar,696,get_ID,0x194B1A20,mov-eax-imm32-ret,CANDIDATE,constant-return method body
4,TaiwanLunisolarCalendar,697,get_BaseCalendarID,0x19477570,mov-eax-imm32-ret,CANDIDATE,constant-return method body
4,UnityUnifiedMouseSource,5827,get_axisCount,0x198578B0,mov-eax-imm32-ret,CANDIDATE,constant-return method body
4,XCData,6674,get_NodeType,0x199479E0,mov-eax-imm32-ret,CANDIDATE,constant-return method body
4,XmlCDataSection,3064,get_NodeType,0x19996B80,mov-eax-imm32-ret,CANDIDATE,constant-return method body
4,pfhVoOrmvUFpvguqMtdDoSGODKQBA,7632,pNkDLkjmwVzHmTTeEMnYZxrMalUqA,0x199174F0,mov-eax-imm32-ret,CANDIDATE,constant-return method body
4,qVQBBjgrheOIQSoaaYtKmgOxluazA,7613,get_axisCount,0x19912F50,mov-eax-imm32-ret,CANDIDATE,constant-return method body
5,,31552,,0x9F5EAE0,mov-eax-imm32-ret,CANDIDATE,constant-return method body
5,ACAPDIKHFHE,54635,IMBHADIDAGI,0x714FA10,mov-eax-imm32-ret,CANDIDATE,constant-return method body
5,ACCDEKKKOCG,16029,IMBHADIDAGI,0x7150810,mov-eax-imm32-ret,CANDIDATE,constant-return method body
5,ACOLJAKIFLI,60791,EMMHMNDLDFP,0xAB57600,mov-eax-imm32-ret,CANDIDATE,constant-return method body
5,AJGHMFCLLMH,34637,OAAPEEELDBD,0xF7C3780,mov-eax-imm32-ret,CANDIDATE,constant-return method body
5,AJOPIEGNPMH,81647,MIBIPNFDLDI,0x12722F90,mov-eax-imm32-ret,CANDIDATE,constant-return method body
5,BBAOIPMONCA,63830,IOPPCCMNNHF,0xC78B000,mov-eax-imm32-ret,CANDIDATE,constant-return method body
5,BFLGIHGLPBF,16112,KIIHAEBMHGJ,0x11329510,mov-eax-imm32-ret,CANDIDATE,constant-return method body
5,BJOIKNJHIDL,58972,LBDGFCKNDKN,0x123A45C0,mov-eax-imm32-ret,CANDIDATE,constant-return method body
5,Base256Encoder,3773,get_EncodingMode,0x19D6B660,mov-eax-imm32-ret,CANDIDATE,constant-return method body
5,CADIBGJBOIN,54013,FJJPGEJJKDD,0xAF47CA0,mov-eax-imm32-ret,CANDIDATE,constant-return method body
5,CIFBMFPMAIN,72951,KEIHDNEEAIP,0x10D22AB0,mov-eax-imm32-ret,CANDIDATE,constant-return method body
5,CKDCGBBFDFM,64789,MKGLIFHGGPI,0x9F67A10,mov-eax-imm32-ret,CANDIDATE,constant-return method body
5,CLDNANAOCEB,68629,PFFECIBHFDP,0xBA37030,mov-eax-imm32-ret,CANDIDATE,constant-return method body
5,DIAINPFJDCN,43186,IMBHADIDAGI,0x13F6A270,mov-eax-imm32-ret,CANDIDATE,constant-return method body
5,DONNBGGELHI,79669,EMMHMNDLDFP,0x11B42300,mov-eax-imm32-ret,CANDIDATE,constant-return method body
5,DSMovePlaneEntity,54484,get_entityType,0xC342420,mov-eax-imm32-ret,CANDIDATE,constant-return method body
5,DSRoomDoorEntity,21460,get__characterLeaveFireEventType,0x9D80360,mov-eax-imm32-ret,CANDIDATE,constant-return method body
5,DualSenseTriggerEffectSlopeFeedback,6367,Rewired.ControllerExtensions.IDualSenseTriggerEffect.get_triggerEffectType,0x198176D0,mov-eax-imm32-ret,CANDIDATE,constant-return method body
5,EAKMOHLIMGA,24406,NJADFBDDMIN,0xF66E580,mov-eax-imm32-ret,CANDIDATE,constant-return method body
5,ELHIEIAMMNH,82747,KEIHDNEEAIP,0xEA6EF80,mov-eax-imm32-ret,CANDIDATE,constant-return method body
5,ENGHCLFKHPJ,63804,OKDMFIFCDGF,0x124DD5D0,mov-eax-imm32-ret,CANDIDATE,constant-return method body
5,ENLFLOGPCPD,73418,IMBHADIDAGI,0x89EAC80,mov-eax-imm32-ret,CANDIDATE,constant-return method body
5,ENNLMEDNLGJ,85368,MOFLCHAOJJB,0x12810EF0,mov-eax-imm32-ret,CANDIDATE,constant-return method body
5,EnviroLightIntensityTransSetting,13154,get_containsPresetType,0x10E97540,mov-eax-imm32-ret,CANDIDATE,constant-return method body
5,FBLGMHBLMFE,37969,NIIICEHCLKF,0xEB75410,mov-eax-imm32-ret,CANDIDATE,constant-return method body
5,FELIEAHIAIC,19870,PHAFOOIBGKI,0xBBA9000,mov-eax-imm32-ret,CANDIDATE,constant-return method body
5,FFPNAPCLLMK,31366,AJGKAADKPJL,0x10EE9DB0,mov-eax-imm32-ret,CANDIDATE,constant-return method body
5,FFX_FSR2,9325,GetCameraFlags,0x6DF2720,mov-eax-imm32-ret,CANDIDATE,constant-return method body
5,FHGDBHDNNPA,25881,FPFCJHIEEOL,0x8B76B40,mov-eax-imm32-ret,CANDIDATE,constant-return method body
5,FICEKABAMAN,35204,IMBHADIDAGI,0x13547C80,mov-eax-imm32-ret,CANDIDATE,constant-return method body
5,FINFNMMEIJI,67948,HKJOCMJBKCN,0x10F09680,mov-eax-imm32-ret,CANDIDATE,constant-return method body
5,FJKDGLFFBEG,65497,NHHFIMEFDAL,0xBBD8390,mov-eax-imm32-ret,CANDIDATE,constant-return method body
5,GAFHBNEKFEP,69154,HDCCPLPOCPM,0xA4F9F10,mov-eax-imm32-ret,CANDIDATE,constant-return method body
5,GHANLKBHIFC,43496,get_panelType,0x110B08E0,mov-eax-imm32-ret,CANDIDATE,constant-return method body
5,GIOIKAPIPND,27486,IMBHADIDAGI,0x97D7F70,mov-eax-imm32-ret,CANDIDATE,constant-return method body
5,GJHGOFLMNDA,51054,HFKLHBLKONN,0xCA6DD40,mov-eax-imm32-ret,CANDIDATE,constant-return method body
5,GLILIBNJGIH,34298,FJJPGEJJKDD,0xF904710,mov-eax-imm32-ret,CANDIDATE,constant-return method body
5,GOACHFHIMOM,76889,JAOEIGMEGHE,0x110E6F40,mov-eax-imm32-ret,CANDIDATE,constant-return method body
5,GPNIPCMFENO,53630,NIIICEHCLKF,0xE7F1DB0,mov-eax-imm32-ret,CANDIDATE,constant-return method body
5,Group,2933,get_Type,0x199BB460,mov-eax-imm32-ret,CANDIDATE,constant-return method body
5,HALNFBKPKAM,42097,LIKGFGLPOPL,0x11361480,mov-eax-imm32-ret,CANDIDATE,constant-return method body
5,HFHAKAGFIJG,47705,FHKKOPAFPBO,0x135A5650,mov-eax-imm32-ret,CANDIDATE,constant-return method body
5,HJPOHCHFOOD,15763,IACGKNJAKPC,0xCB28910,mov-eax-imm32-ret,CANDIDATE,constant-return method body
5,HOAEDEPEGHI,48624,HJHMCMHJGND,0xCB56B70,mov-eax-imm32-ret,CANDIDATE,constant-return method body
5,HPIMNAHBDKE,83373,PENLBBJBGFL,0xD6E5FF0,mov-eax-imm32-ret,CANDIDATE,constant-return method body
5,HoYoChannelSteam,4878,GetChannel,0x190EA080,mov-eax-imm32-ret,CANDIDATE,constant-return method body
5,ICBKBEAJAAI,28315,BPBAMAFNOMP,0xF9FCD00,mov-eax-imm32-ret,CANDIDATE,constant-return method body
5,IDGOLGNDMKD,81152,IMBHADIDAGI,0xB28FEC0,mov-eax-imm32-ret,CANDIDATE,constant-return method body
5,IFDOKECLKGI,76934,FJJPGEJJKDD,0x105F67D0,mov-eax-imm32-ret,CANDIDATE,constant-return method body
5,JAEMGIEIHFP,25213,FPFCJHIEEOL,0x819B880,mov-eax-imm32-ret,CANDIDATE,constant-return method body
5,JCBKBCDAGKC,44016,IMBHADIDAGI,0x12AD44C0,mov-eax-imm32-ret,CANDIDATE,constant-return method body
5,JCNGCICPNHG,38198,get_panelType,0x81C8EA0,mov-eax-imm32-ret,CANDIDATE,constant-return method body
5,JCNNKDGLNAG,37441,get_size,0x11EB75F0,mov-eax-imm32-ret,CANDIDATE,constant-return method body
5,JEAMMPCKEJB,52548,IMBHADIDAGI,0xA8AC360,mov-eax-imm32-ret,CANDIDATE,constant-return method body
5,JIABFPBCBHN,37250,FJJPGEJJKDD,0x106C70A0,mov-eax-imm32-ret,CANDIDATE,constant-return method body
5,JKJIFMIELAM,72539,OIPICFPAMIM,0xE342290,mov-eax-imm32-ret,CANDIDATE,constant-return method body
5,KADOAINONPD,19577,COABCBDAFGF,0xA929B40,mov-eax-imm32-ret,CANDIDATE,constant-return method body
5,KLKDFPEIHFD,58191,CCLJKIDJFNF,0x138F2560,mov-eax-imm32-ret,CANDIDATE,constant-return method body
5,KLKMMEJFBDC,53082,APHDDCMEBAD,0xE3D65B0,mov-eax-imm32-ret,CANDIDATE,constant-return method body
5,KLLEHBFNNPL,48244,KBJLOALMJOC,0xA6F7F70,mov-eax-imm32-ret,CANDIDATE,constant-return method body
5,KOGAODLHHIM,47071,get_containsPresetType,0x113DDF90,mov-eax-imm32-ret,CANDIDATE,constant-return method body
5,KoreanCalendar,690,get_ID,0x194E4FC0,mov-eax-imm32-ret,CANDIDATE,constant-return method body
5,KoreanLunisolarCalendar,691,get_BaseCalendarID,0x194C95F0,mov-eax-imm32-ret,CANDIDATE,constant-return method body
5,LBKOAKGOFAD,32273,HGODMPPMHEM,0xFCB2110,mov-eax-imm32-ret,CANDIDATE,constant-return method body
5,LCDGBCFJGLH,44117,HFNLOJNAPCL,0x1392D220,mov-eax-imm32-ret,CANDIDATE,constant-return method body
5,LDPCJNIHPIO,38039,IMBHADIDAGI,0xFCFFD10,mov-eax-imm32-ret,CANDIDATE,constant-return method body
5,LJCLCPMMABF,13576,FJJPGEJJKDD,0x7864AD0,mov-eax-imm32-ret,CANDIDATE,constant-return method body
5,LNDIFBLAJIG,59091,ECECFOEMAOJ,0x9C8DA50,mov-eax-imm32-ret,CANDIDATE,constant-return method body
5,MADJLAMFNJG,18410,PHAFOOIBGKI,0x120AE990,mov-eax-imm32-ret,CANDIDATE,constant-return method body
5,MonoEnviroLightActivatorComponent,16206,get_componentType,0x7A46F80,mov-eax-imm32-ret,CANDIDATE,constant-return method body
5,NCEJIHFACFJ,85524,get_typeId,0xB76EC80,mov-eax-imm32-ret,CANDIDATE,constant-return method body
5,NCEMFMPGLPI,60284,LFBGEJDKDFA,0xC544A00,mov-eax-imm32-ret,CANDIDATE,constant-return method body
5,NCMJEFAELIO,74374,LMAJIGMOOMD,0xACBCDC0,mov-eax-imm32-ret,CANDIDATE,constant-return method body
5,NFDKDNODNIH,46189,AMJIAKPMLGA,0x9EAD520,mov-eax-imm32-ret,CANDIDATE,constant-return method body
5,OAGPJFNDNNG,16105,KIIHAEBMHGJ,0xB4315A0,mov-eax-imm32-ret,CANDIDATE,constant-return method body
5,OANEHIBLNNA,46548,LACKLGEGNHN,0x1172C040,mov-eax-imm32-ret,CANDIDATE,constant-return method body
5,OEEBDGJBAPG,38465,IMBHADIDAGI,0x11744A60,mov-eax-imm32-ret,CANDIDATE,constant-return method body
5,OENOBOAKPBL,38274,ICLNGANPOBG,0x10067EB0,mov-eax-imm32-ret,CANDIDATE,constant-return method body
5,OHBFFBMNGKN,59289,LMAGHEILOOL,0x9FAF190,mov-eax-imm32-ret,CANDIDATE,constant-return method body
5,OIJFDHCMPGJ,81402,FJJPGEJJKDD,0x117DF250,mov-eax-imm32-ret,CANDIDATE,constant-return method body
5,PBKILNKCHEM,68659,FHJCCCIOMHH,0x10252A30,mov-eax-imm32-ret,CANDIDATE,constant-return method body
5,PDIHAFFPJFH,81132,LPAIJDGCJOD,0xE7CBDB0,mov-eax-imm32-ret,CANDIDATE,constant-return method body
5,PFDNMMIPNBI,19505,CKFAGBNELJD,0xA007350,mov-eax-imm32-ret,CANDIDATE,constant-return method body
5,PHHNBBNNFBA,41907,IMBHADIDAGI,0xA036930,mov-eax-imm32-ret,CANDIDATE,constant-return method body
5,PLPCIKBAAAD,82036,NIIICEHCLKF,0x7C7ED70,mov-eax-imm32-ret,CANDIDATE,constant-return method body
5,Platform_WindowsUWP_Base,6198,get_platform,0x19702E80,mov-eax-imm32-ret,CANDIDATE,constant-return method body
5,RGBATimeline,73670,get_FrameEntries,0xB9CFC80,mov-eax-imm32-ret,CANDIDATE,constant-return method body
5,SByte,288,GetTypeCode,0x19615830,mov-eax-imm32-ret,CANDIDATE,constant-return method body
5,ScreenSpaceReflectionsRenderer,9381,GetCameraFlags,0x6DFFBE0,mov-eax-imm32-ret,CANDIDATE,constant-return method body
5,ShellFurBlur,9383,GetCameraFlags,0x6C34080,mov-eax-imm32-ret,CANDIDATE,constant-return method body
5,TemporalAntialiasing,9399,GetCameraFlags,0x6E02B90,mov-eax-imm32-ret,CANDIDATE,constant-return method body
5,Variable,2938,get_ReturnType,0x199815E0,mov-eax-imm32-ret,CANDIDATE,constant-return method body
5,XmlEntityReference,3075,get_NodeType,0x199BA430,mov-eax-imm32-ret,CANDIDATE,constant-return method body
5,dRtaAMiljGPpYWTWOMeOeyAXbksBA,7585,kcwRZzMjobEcqbyOEkyHZwcowjWg,0x198AF210,mov-eax-imm32-ret,CANDIDATE,constant-return method body
5,jZPqPEUfCPDuIEvcoKLXgNRohamDb,7516,get_inputSourceType,0x198930C0,mov-eax-imm32-ret,CANDIDATE,constant-return method body
5,qVQBBjgrheOIQSoaaYtKmgOxluazA,7613,get_inputSource,0x199123D0,mov-eax-imm32-ret,CANDIDATE,constant-return method body
5,qVQBBjgrheOIQSoaaYtKmgOxluazA,7613,get_buttonCount,0x19912F40,mov-eax-imm32-ret,CANDIDATE,constant-return method body
5,scuRLiMCutAfhEFtukhhLPDjYGQm,7611,get_inputSource,0x198BFA70,mov-eax-imm32-ret,CANDIDATE,constant-return method body
6,AAONFGNOCIH,61570,KEIHDNEEAIP,0xEABD9A0,mov-eax-imm32-ret,CANDIDATE,constant-return method body
6,ACCOCEEOLEK,63825,IOPPCCMNNHF,0x870C5B0,mov-eax-imm32-ret,CANDIDATE,constant-return method body
6,AIBCKGPIBLD,61639,KLLLDELDLGC,0xD4F8D60,mov-eax-imm32-ret,CANDIDATE,constant-return method body
6,ALPAMDDEIID,52480,HDCCPLPOCPM,0xB138330,mov-eax-imm32-ret,CANDIDATE,constant-return method body
6,AOOCCONKOOO,26844,KLLLDELDLGC,0xC9CD070,mov-eax-imm32-ret,CANDIDATE,constant-return method body
6,BAKAPGKOGIA,86932,get_containsPresetType,0x1137BE60,mov-eax-imm32-ret,CANDIDATE,constant-return method body
6,BJAECLNFHED,87308,OIPICFPAMIM,0x9233970,mov-eax-imm32-ret,CANDIDATE,constant-return method body
6,Byte,176,GetTypeCode,0x19546DE0,mov-eax-imm32-ret,CANDIDATE,constant-return method body
6,CFGOHGMMICE,73253,HFKLHBLKONN,0xB9FE740,mov-eax-imm32-ret,CANDIDATE,constant-return method body
6,CLDNANAOCEB,68629,get_panelType,0xBA37DD0,mov-eax-imm32-ret,CANDIDATE,constant-return method body
6,CLFGAOMLBAF,74747,NIIICEHCLKF,0x87ECB00,mov-eax-imm32-ret,CANDIDATE,constant-return method body
6,DALPDIMFOGG,64602,KIIHAEBMHGJ,0xBA8BFE0,mov-eax-imm32-ret,CANDIDATE,constant-return method body
6,DDMFJBPMDDC,29112,JPIIHIIDEMI,0xC817230,mov-eax-imm32-ret,CANDIDATE,constant-return method body
6,DENOMCIIJMG,78895,MOFLCHAOJJB,0xD357800,mov-eax-imm32-ret,CANDIDATE,constant-return method body
6,DGGODBOJHNI,86281,KLLLDELDLGC,0xF60AD50,mov-eax-imm32-ret,CANDIDATE,constant-return method body
6,DLMGIOABAKF,65418,APHDDCMEBAD,0x11A37790,mov-eax-imm32-ret,CANDIDATE,constant-return method body
6,DOIKPDANNIA,59661,LBDGFCKNDKN,0xA173950,mov-eax-imm32-ret,CANDIDATE,constant-return method body
6,DPNEENIPNKL,63829,OKDMFIFCDGF,0x94E8F00,mov-eax-imm32-ret,CANDIDATE,constant-return method body
6,DSDestinationEntity,29194,get__characterEnterFireEventType,0x84C1A10,mov-eax-imm32-ret,CANDIDATE,constant-return method body
6,Datatype_NMTOKEN,3241,get_TokenizedType,0x19A93D40,mov-eax-imm32-ret,CANDIDATE,constant-return method body
6,DualSenseTriggerEffectMultiplePositionVibration,6368,Rewired.ControllerExtensions.IDualSenseTriggerEffect.get_triggerEffectType,0x1978F660,mov-eax-imm32-ret,CANDIDATE,constant-return method body
6,EDFKOABLPOE,43512,KLLLDELDLGC,0xA1A7E90,mov-eax-imm32-ret,CANDIDATE,constant-return method body
6,EDMIFAEEAIL,39305,NIIICEHCLKF,0xE9FD7E0,mov-eax-imm32-ret,CANDIDATE,constant-return method body
6,EFDIKDOGPME,75571,PFFECIBHFDP,0xBCCD8C0,mov-eax-imm32-ret,CANDIDATE,constant-return method body
6,EMDEDGHDAOF,53299,FPFCJHIEEOL,0xEA711E0,mov-eax-imm32-ret,CANDIDATE,constant-return method body
6,ENEOFKKCLLA,23746,MKGLIFHGGPI,0x72BBD30,mov-eax-imm32-ret,CANDIDATE,constant-return method body
6,EnviroCloudShadowSetting,70770,get_containsPresetType,0xD431990,mov-eax-imm32-ret,CANDIDATE,constant-return method body
6,EnviroRainEffect,27574,get_containsPresetType,0x8B13930,mov-eax-imm32-ret,CANDIDATE,constant-return method body
6,FLBFBLOMJBM,38566,PHAFOOIBGKI,0xA4A5BA0,mov-eax-imm32-ret,CANDIDATE,constant-return method body
6,GFDFKOHEKPK,70422,KLLLDELDLGC,0xA5333C0,mov-eax-imm32-ret,CANDIDATE,constant-return method body
6,GJBINIKDOLI,80102,KLLLDELDLGC,0x110C4AB0,mov-eax-imm32-ret,CANDIDATE,constant-return method body
6,HBMCBJIMGDN,60270,KLLLDELDLGC,0x1362C910,mov-eax-imm32-ret,CANDIDATE,constant-return method body
6,HEEPBEONCDA,40511,IMBHADIDAGI,0xF96FA90,mov-eax-imm32-ret,CANDIDATE,constant-return method body
6,HGIGLOIAIHC,27501,MIBIPNFDLDI,0xBEAD5F0,mov-eax-imm32-ret,CANDIDATE,constant-return method body
6,HOAEDEPEGHI,48624,LMAGHEILOOL,0xCB56770,mov-eax-imm32-ret,CANDIDATE,constant-return method body
6,HijriCalendar,686,get_ID,0x195A2190,mov-eax-imm32-ret,CANDIDATE,constant-return method body
6,HoYoChannelGooglePlay,4757,GetChannel,0x193ADEC0,mov-eax-imm32-ret,CANDIDATE,constant-return method body
6,IHJOLJGFOKL,72599,KLLLDELDLGC,0x137071D0,mov-eax-imm32-ret,CANDIDATE,constant-return method body
6,INAMGAPPJIA,33451,COABCBDAFGF,0x8DC1840,mov-eax-imm32-ret,CANDIDATE,constant-return method body
6,IkConstraintTimeline,18998,get_FrameEntries,0x87C23E0,mov-eax-imm32-ret,CANDIDATE,constant-return method body
6,JBMBILHKMGD,45836,NHHFIMEFDAL,0x1376DF00,mov-eax-imm32-ret,CANDIDATE,constant-return method body
6,JCONCILNPOH,68675,FHJCCCIOMHH,0xA0CD480,mov-eax-imm32-ret,CANDIDATE,constant-return method body
6,JFLGANFFEKM,77228,ECECFOEMAOJ,0x11EC74E0,mov-eax-imm32-ret,CANDIDATE,constant-return method body
6,JJDHPLNPOCM,25212,IMBHADIDAGI,0xC0451F0,mov-eax-imm32-ret,CANDIDATE,constant-return method body
6,JJKPKKFGEEG,16124,KIIHAEBMHGJ,0xEFF2EE0,mov-eax-imm32-ret,CANDIDATE,constant-return method body
6,JKGPOAAEKFE,37099,HKJOCMJBKCN,0x82255B0,mov-eax-imm32-ret,CANDIDATE,constant-return method body
6,JOEANFGMAMO,80909,KLLLDELDLGC,0xA91E150,mov-eax-imm32-ret,CANDIDATE,constant-return method body
6,JPCBBDBDJIJ,32786,IACGKNJAKPC,0x8277620,mov-eax-imm32-ret,CANDIDATE,constant-return method body
6,KFCCOOKCHCM,47337,HFNLOJNAPCL,0x11F42C40,mov-eax-imm32-ret,CANDIDATE,constant-return method body
6,KHIAJHMHIGP,17481,LACKLGEGNHN,0x8FAE3E0,mov-eax-imm32-ret,CANDIDATE,constant-return method body
6,KJBGBAMMNGG,83382,KLLLDELDLGC,0x1386F8C0,mov-eax-imm32-ret,CANDIDATE,constant-return method body
6,KJEHLBBDGAK,52563,KLLLDELDLGC,0xFC86470,mov-eax-imm32-ret,CANDIDATE,constant-return method body
6,KLHCDDFLINP,56560,LPAIJDGCJOD,0x9004380,mov-eax-imm32-ret,CANDIDATE,constant-return method body
6,KLHHJPPGKAP,81343,BPBAMAFNOMP,0x1136EBB0,mov-eax-imm32-ret,CANDIDATE,constant-return method body
6,LEDHIFBPMMM,84043,PHAFOOIBGKI,0x13937790,mov-eax-imm32-ret,CANDIDATE,constant-return method body
6,LNGGKLGMNGA,45607,KLLLDELDLGC,0x1145E990,mov-eax-imm32-ret,CANDIDATE,constant-return method body
6,MBOPJJEAOPC,84021,FPFCJHIEEOL,0xF15D820,mov-eax-imm32-ret,CANDIDATE,constant-return method body
6,MLBBJNOGDNG,58483,CKFAGBNELJD,0xB5E21A0,mov-eax-imm32-ret,CANDIDATE,constant-return method body
6,MOOEMGBAONP,39697,CCLJKIDJFNF,0xC3362F0,mov-eax-imm32-ret,CANDIDATE,constant-return method body
6,MonoEnviroLampComponent,87082,get_componentType,0xC3D6720,mov-eax-imm32-ret,CANDIDATE,constant-return method body
6,NEGKJKDPDKG,40805,IMBHADIDAGI,0xFF63030,mov-eax-imm32-ret,CANDIDATE,constant-return method body
6,NGPCNBGBLBM,78136,AMJIAKPMLGA,0x116D88D0,mov-eax-imm32-ret,CANDIDATE,constant-return method body
6,NKGLPPBAPMD,45774,KLLLDELDLGC,0x10B15D00,mov-eax-imm32-ret,CANDIDATE,constant-return method body
6,NPENHPPKJHD,28959,ICLNGANPOBG,0xF389610,mov-eax-imm32-ret,CANDIDATE,constant-return method body
6,NintendoSwitchJoyConLeftDriver,7905,get_byteIndexStartSticks,0x199154E0,mov-eax-imm32-ret,CANDIDATE,constant-return method body
6,OCEHAJCGIDP,44509,KEIHDNEEAIP,0x8651CE0,mov-eax-imm32-ret,CANDIDATE,constant-return method body
6,OIFEAMIJKEG,71854,PENLBBJBGFL,0x1233B430,mov-eax-imm32-ret,CANDIDATE,constant-return method body
6,PBOLIPGEEFL,46405,OAAPEEELDBD,0x131689D0,mov-eax-imm32-ret,CANDIDATE,constant-return method body
6,PMFEAMPJBJN,84295,PFFECIBHFDP,0x13E0BAA0,mov-eax-imm32-ret,CANDIDATE,constant-return method body
6,POJKGKBLJBL,32068,KLLLDELDLGC,0x87B68A0,mov-eax-imm32-ret,CANDIDATE,constant-return method body
6,Root,2937,get_Type,0x1994DC30,mov-eax-imm32-ret,CANDIDATE,constant-return method body
6,UmAlQuraCalendar,715,get_BaseCalendarID,0x19504C60,mov-eax-imm32-ret,CANDIDATE,constant-return method body
6,XmlEntity,3074,get_NodeType,0x199E4B30,mov-eax-imm32-ret,CANDIDATE,constant-return method body
7,AIEKKMCCLLN,60896,APHDDCMEBAD,0x10FAC990,mov-eax-imm32-ret,CANDIDATE,constant-return method body
7,AJHNNJMDBLB,49540,IACGKNJAKPC,0xBC84640,mov-eax-imm32-ret,CANDIDATE,constant-return method body
7,ANAFCGFLKCK,68673,FHJCCCIOMHH,0x9511420,mov-eax-imm32-ret,CANDIDATE,constant-return method body
7,AODPFGKCODF,35039,JPIIHIIDEMI,0xB162E60,mov-eax-imm32-ret,CANDIDATE,constant-return method body
7,BEOAGBFMHAA,67170,LACKLGEGNHN,0xB528AA0,mov-eax-imm32-ret,CANDIDATE,constant-return method body
7,CJCFALNHHAH,23722,OIPICFPAMIM,0x9F64440,mov-eax-imm32-ret,CANDIDATE,constant-return method body
7,DEIPMAOAABM,40105,HDCCPLPOCPM,0xD356FA0,mov-eax-imm32-ret,CANDIDATE,constant-return method body
7,DGMKNPANPFI,35032,KIIHAEBMHGJ,0xA13ED20,mov-eax-imm32-ret,CANDIDATE,constant-return method body
7,DPDDHBLHDBH,45339,PFFECIBHFDP,0x95DA290,mov-eax-imm32-ret,CANDIDATE,constant-return method body
7,DSDestinationEntity,29194,get__characterLeaveFireEventType,0x84C1760,mov-eax-imm32-ret,CANDIDATE,constant-return method body
7,DSSpawnerEntity,78152,get_entityType,0x12D8C820,mov-eax-imm32-ret,CANDIDATE,constant-return method body
7,ECLAFEAANHP,27633,OAAPEEELDBD,0xE9EF590,mov-eax-imm32-ret,CANDIDATE,constant-return method body
7,EDEFBBOIPII,83199,NIIICEHCLKF,0xB0A28B0,mov-eax-imm32-ret,CANDIDATE,constant-return method body
7,EICHAJAMBAE,27026,AMJIAKPMLGA,0x89A1690,mov-eax-imm32-ret,CANDIDATE,constant-return method body
7,ELKHGKIEJBI,84811,PHAFOOIBGKI,0xD40CFE0,mov-eax-imm32-ret,CANDIDATE,constant-return method body
7,EMMMCLNHGFA,68893,get_typeId,0x14051380,mov-eax-imm32-ret,CANDIDATE,constant-return method body
7,ENNLMEDNLGJ,85368,HKJOCMJBKCN,0x12810940,mov-eax-imm32-ret,CANDIDATE,constant-return method body
7,EnviroHeightFog2ndHeightSetting,71886,get_containsPresetType,0xF74B190,mov-eax-imm32-ret,CANDIDATE,constant-return method body
7,FAOHDCIPOAA,84415,MIBIPNFDLDI,0x8B2E2D0,mov-eax-imm32-ret,CANDIDATE,constant-return method body
7,FCKMNLIGPHN,52503,HFNLOJNAPCL,0x103A3D20,mov-eax-imm32-ret,CANDIDATE,constant-return method body
7,FEIJFLJBINF,63821,IOPPCCMNNHF,0x94E94C0,mov-eax-imm32-ret,CANDIDATE,constant-return method body
7,FFKHJPDPBGG,33545,get_containsPresetType,0xD56DC20,mov-eax-imm32-ret,CANDIDATE,constant-return method body
7,FMBHFCMCBEN,37115,AEGNNPENLNM,0x13574910,mov-ax-imm16-ret,CANDIDATE,constant-return method body
7,GAJHBNGHOIJ,88552,PHAFOOIBGKI,0xBC002C0,mov-eax-imm32-ret,CANDIDATE,constant-return method body
7,GCGOCOONNJA,33684,get_containsPresetType,0x104A76B0,mov-eax-imm32-ret,CANDIDATE,constant-return method body
7,HICPALOFEKJ,73653,FPFCJHIEEOL,0xA686AF0,mov-eax-imm32-ret,CANDIDATE,constant-return method body
7,HJPPPIIMOAD,30268,LBDGFCKNDKN,0xF9AB160,mov-eax-imm32-ret,CANDIDATE,constant-return method body
7,HoYoChannelXbox,4830,GetChannel,0x19301A30,mov-eax-imm32-ret,CANDIDATE,constant-return method body
7,Int16,250,GetTypeCode,0x194CB0B0,mov-eax-imm32-ret,CANDIDATE,constant-return method body
7,JMEPJKADKDD,29933,BPBAMAFNOMP,0x106F7A80,mov-eax-imm32-ret,CANDIDATE,constant-return method body
7,KOBHBCBGLJH,16130,KIIHAEBMHGJ,0x13850BF0,mov-eax-imm32-ret,CANDIDATE,constant-return method body
7,LCJNBIGBBLK,85821,FPFCJHIEEOL,0x77E6970,mov-eax-imm32-ret,CANDIDATE,constant-return method body
7,LOHLKIFKKNI,27404,HFKLHBLKONN,0x108EA230,mov-eax-imm32-ret,CANDIDATE,constant-return method body
7,LPCFJAKEOMJ,85341,HJHMCMHJGND,0x139C3E30,mov-eax-imm32-ret,CANDIDATE,constant-return method body
7,MBDDNMAJKCP,81314,GNKANMFPJAE,0xB586EC0,mov-eax-imm32-ret,CANDIDATE,constant-return method body
7,MCMFKPBMAIN,32428,LPAIJDGCJOD,0x12D0D860,mov-eax-imm32-ret,CANDIDATE,constant-return method body
7,MIGEDIBHGNH,63822,OKDMFIFCDGF,0xF586F40,mov-eax-imm32-ret,CANDIDATE,constant-return method body
7,MonoEnviroLightSpotAngleComponent,88612,get_componentType,0x7A480C0,mov-eax-imm32-ret,CANDIDATE,constant-return method body
7,NHABKNBBBGJ,65798,MOFLCHAOJJB,0x13015150,mov-eax-imm32-ret,CANDIDATE,constant-return method body
7,NOBKHINGHIE,55013,OIIHAJDJBCA,0x10B271A0,mov-eax-imm32-ret,CANDIDATE,constant-return method body
7,OANEHIBLNNA,46548,LMAGHEILOOL,0x1172C030,mov-eax-imm32-ret,CANDIDATE,constant-return method body
7,OLAKACHBDCN,50627,NHHFIMEFDAL,0xB88C300,mov-eax-imm32-ret,CANDIDATE,constant-return method body
7,OPMFLEFLECJ,38196,ICLNGANPOBG,0x10BB5510,mov-eax-imm32-ret,CANDIDATE,constant-return method body
7,PJNHJDKPILL,17069,CKFAGBNELJD,0x9417280,mov-eax-imm32-ret,CANDIDATE,constant-return method body
7,Platform_WindowsWGI_Base,6315,get_platform,0x19704BB0,mov-eax-imm32-ret,CANDIDATE,constant-return method body
7,RGB2Timeline,82982,get_FrameEntries,0x943F040,mov-eax-imm32-ret,CANDIDATE,constant-return method body
7,ThaiBuddhistCalendar,700,get_ID,0x195C3040,mov-eax-imm32-ret,CANDIDATE,constant-return method body
7,TransformConstraintTimeline,36301,get_FrameEntries,0xD289320,mov-eax-imm32-ret,CANDIDATE,constant-return method body
7,UnityUnifiedMouseSource,5827,get_buttonCount,0x198578A0,mov-eax-imm32-ret,CANDIDATE,constant-return method body
7,Variable,2938,get_Type,0x199815D0,mov-eax-imm32-ret,CANDIDATE,constant-return method body
7,XProcessingInstruction,6685,get_NodeType,0x1994D8F0,mov-eax-imm32-ret,CANDIDATE,constant-return method body
7,XmlProcessingInstruction,3090,get_NodeType,0x199C8A30,mov-eax-imm32-ret,CANDIDATE,constant-return method body
8,AABHFFPPIIE,71605,MOFLCHAOJJB,0x11B1F650,mov-eax-imm32-ret,CANDIDATE,constant-return method body
8,ACFCDGGGMPA,82142,IMBHADIDAGI,0xBC22160,mov-eax-imm32-ret,CANDIDATE,constant-return method body
8,AEANOOCKHJL,51699,LBDGFCKNDKN,0x126EDCE0,mov-eax-imm32-ret,CANDIDATE,constant-return method body
8,AGMKJMFJJCH,73832,IMBHADIDAGI,0xF7B0290,mov-eax-imm32-ret,CANDIDATE,constant-return method body
8,AOIKHPJFNHH,16129,KIIHAEBMHGJ,0x7731B40,mov-eax-imm32-ret,CANDIDATE,constant-return method body
8,APEBFMGJEKO,84967,IMBHADIDAGI,0xC9D4230,mov-eax-imm32-ret,CANDIDATE,constant-return method body
8,BBLBCFDKKAD,58281,IMBHADIDAGI,0x71DF5D0,mov-eax-imm32-ret,CANDIDATE,constant-return method body
8,BEGKONFKHPB,63827,OKDMFIFCDGF,0x94E8A40,mov-eax-imm32-ret,CANDIDATE,constant-return method body
8,BJJADABECGH,80767,IMBHADIDAGI,0x82C0980,mov-eax-imm32-ret,CANDIDATE,constant-return method body
8,BLBJIGAFPGM,75113,IMBHADIDAGI,0xF294F20,mov-eax-imm32-ret,CANDIDATE,constant-return method body
8,BOHKHAFIHBO,72796,IMBHADIDAGI,0x13CB0570,mov-eax-imm32-ret,CANDIDATE,constant-return method body
8,BOIFEJPMIJD,32636,IMBHADIDAGI,0x9B4FD90,mov-eax-imm32-ret,CANDIDATE,constant-return method body
8,BOIMEHPPEPE,33398,get_size,0x117CF460,mov-eax-imm32-ret,CANDIDATE,constant-return method body
8,CCAEPOCCIHB,16290,IMBHADIDAGI,0x118FC030,mov-eax-imm32-ret,CANDIDATE,constant-return method body
8,CDGOLHPKPKB,24941,IMBHADIDAGI,0x94B3850,mov-eax-imm32-ret,CANDIDATE,constant-return method body
8,CDNIAGJFENI,52275,IMBHADIDAGI,0x1338C4A0,mov-eax-imm32-ret,CANDIDATE,constant-return method body
8,CDOHKHOKMDM,40310,IMBHADIDAGI,0x11920FF0,mov-eax-imm32-ret,CANDIDATE,constant-return method body
8,CEBEEGFIENJ,13028,LACKLGEGNHN,0x124ABCF0,mov-eax-imm32-ret,CANDIDATE,constant-return method body
8,CGHFCJPPKML,56348,IMBHADIDAGI,0xD2BFE30,mov-eax-imm32-ret,CANDIDATE,constant-return method body
8,CHOFJGIDMOB,14997,OIPICFPAMIM,0xC77ECF0,mov-eax-imm32-ret,CANDIDATE,constant-return method body
8,CNOPLPMBHKA,14998,IMBHADIDAGI,0x119B72D0,mov-eax-imm32-ret,CANDIDATE,constant-return method body
8,COOICAEDFPD,78251,IMBHADIDAGI,0x952DC20,mov-eax-imm32-ret,CANDIDATE,constant-return method body
8,CPONONJIKEE,77769,IMBHADIDAGI,0x10D74C50,mov-eax-imm32-ret,CANDIDATE,constant-return method body
8,DAKEOIBPKIL,72094,IMBHADIDAGI,0xF5D31A0,mov-eax-imm32-ret,CANDIDATE,constant-return method body
8,DBPGDFFOIME,54957,IMBHADIDAGI,0x133FE280,mov-eax-imm32-ret,CANDIDATE,constant-return method body
8,DCALENCNFNB,59654,IMBHADIDAGI,0xD344960,mov-eax-imm32-ret,CANDIDATE,constant-return method body
8,DHJOFDFJGNF,69879,IMBHADIDAGI,0xA140FB0,mov-eax-imm32-ret,CANDIDATE,constant-return method body
8,DSCanChangeMonsterEntity,80498,get_entityType,0x796B270,mov-eax-imm32-ret,CANDIDATE,constant-return method body
8,Datatype_NOTATION,3247,get_TokenizedType,0x199E69D0,mov-eax-imm32-ret,CANDIDATE,constant-return method body
8,EAMJKBDKNNG,72223,IMBHADIDAGI,0xE9DFF00,mov-eax-imm32-ret,CANDIDATE,constant-return method body
8,ECOFJHEPEKD,12046,IMBHADIDAGI,0xC944AE0,mov-eax-imm32-ret,CANDIDATE,constant-return method body
8,EELLGEBFPBP,87101,IMBHADIDAGI,0x960E7F0,mov-eax-imm32-ret,CANDIDATE,constant-return method body
8,EFEPLOLJEHB,71479,IMBHADIDAGI,0xD3E2CD0,mov-eax-imm32-ret,CANDIDATE,constant-return method body
8,EFIKLGBLDEA,73910,IMBHADIDAGI,0x14000A70,mov-eax-imm32-ret,CANDIDATE,constant-return method body
8,EKEHLHPNBLJ,79633,IMBHADIDAGI,0x11AE2BF0,mov-eax-imm32-ret,CANDIDATE,constant-return method body
8,EONKMMLFAKO,86218,IMBHADIDAGI,0xEA7FBC0,mov-eax-imm32-ret,CANDIDATE,constant-return method body
8,EPFPHIIFMEM,23490,IMBHADIDAGI,0xEA837A0,mov-eax-imm32-ret,CANDIDATE,constant-return method body
8,ElementView,9321,CommandBufferEvent,0x6DC0A70,mov-eax-imm32-ret,CANDIDATE,constant-return method body
8,FBMLKIAEACD,66917,IMBHADIDAGI,0x8B351C0,mov-eax-imm32-ret,CANDIDATE,constant-return method body
8,FBOOBBLOLEG,61839,IMBHADIDAGI,0x8B38770,mov-eax-imm32-ret,CANDIDATE,constant-return method body
8,FDBKGAFGPNF,87706,IMBHADIDAGI,0x14093650,mov-eax-imm32-ret,CANDIDATE,constant-return method body
8,FDCJGAMKJCK,40468,PFFECIBHFDP,0x103AB350,mov-eax-imm32-ret,CANDIDATE,constant-return method body
8,FEIFFFAGHNN,31972,IMBHADIDAGI,0xEAB0F10,mov-eax-imm32-ret,CANDIDATE,constant-return method body
8,FFMCAAGHHGI,27344,IMBHADIDAGI,0xD56DE30,mov-eax-imm32-ret,CANDIDATE,constant-return method body
8,FFOPANHEKDO,56006,IMBHADIDAGI,0xBD4F6F0,mov-eax-imm32-ret,CANDIDATE,constant-return method body
8,FFPBBEJDJNB,36918,IMBHADIDAGI,0x1101E1D0,mov-eax-imm32-ret,CANDIDATE,constant-return method body
8,FGGOILKPFHE,43328,IMBHADIDAGI,0x7320EE0,mov-eax-imm32-ret,CANDIDATE,constant-return method body
8,FIOBAPHOADM,33099,IMBHADIDAGI,0x8B8A660,mov-eax-imm32-ret,CANDIDATE,constant-return method body
8,FNKDILEIEEO,67266,APHDDCMEBAD,0x104905E0,mov-eax-imm32-ret,CANDIDATE,constant-return method body
8,FOEDMPFIKKJ,65327,IMBHADIDAGI,0x7FFCBC0,mov-eax-imm32-ret,CANDIDATE,constant-return method body
8,GBFFIMNDCGF,48027,IMBHADIDAGI,0x9799F70,mov-eax-imm32-ret,CANDIDATE,constant-return method body
8,GGDKCAMLMNI,82010,IMBHADIDAGI,0xB1B60C0,mov-eax-imm32-ret,CANDIDATE,constant-return method body
8,GJLNKMLCJND,85974,IMBHADIDAGI,0x110C7630,mov-eax-imm32-ret,CANDIDATE,constant-return method body
8,GLAADPCGPCL,34000,IMBHADIDAGI,0xB1CD4B0,mov-eax-imm32-ret,CANDIDATE,constant-return method body
8,GMFKDEODFLD,59425,get_size,0x7441320,mov-eax-imm32-ret,CANDIDATE,constant-return method body
8,HAOOGFIJJII,42184,IMBHADIDAGI,0xBE519C0,mov-eax-imm32-ret,CANDIDATE,constant-return method body
8,HDKNFBBFHEE,83676,IMBHADIDAGI,0x74957E0,mov-eax-imm32-ret,CANDIDATE,constant-return method body
8,HDPJGNNALNJ,56534,IMBHADIDAGI,0x984F150,mov-eax-imm32-ret,CANDIDATE,constant-return method body
8,HGJMNBJIDGN,48926,get_typeId,0xF981530,mov-eax-imm32-ret,CANDIDATE,constant-return method body
8,HIHNIMFGMLG,51963,IMBHADIDAGI,0xB23FC80,mov-eax-imm32-ret,CANDIDATE,constant-return method body
8,HOBPKCBMOMJ,84302,IMBHADIDAGI,0xA6AFDA0,mov-eax-imm32-ret,CANDIDATE,constant-return method body
8,Hat,5691,get_elementCapacity,0x1976E410,mov-eax-imm32-ret,CANDIDATE,constant-return method body
8,HebrewCalendar,678,get_ID,0x19669740,mov-eax-imm32-ret,CANDIDATE,constant-return method body
8,ICOGHFEHBEK,71695,IMBHADIDAGI,0x8D5F990,mov-eax-imm32-ret,CANDIDATE,constant-return method body
8,IGHFHDDGKHJ,71658,IMBHADIDAGI,0xFA0D370,mov-eax-imm32-ret,CANDIDATE,constant-return method body
8,IIJFHLJJBHD,51240,MIBIPNFDLDI,0xCBFAC90,mov-eax-imm32-ret,CANDIDATE,constant-return method body
8,IKJCLCGDHID,40194,IMBHADIDAGI,0x111F9EB0,mov-eax-imm32-ret,CANDIDATE,constant-return method body
8,IntPtr,358,get_Size,0x194FAEE0,mov-eax-imm32-ret,CANDIDATE,constant-return method body
8,JDAOFKFOEHE,49790,IMBHADIDAGI,0xCC4AD10,mov-eax-imm32-ret,CANDIDATE,constant-return method body
8,JDJFGEIFJGF,23389,IMBHADIDAGI,0x12AEF1E0,mov-eax-imm32-ret,CANDIDATE,constant-return method body
8,JDJKMKMLNMB,43774,CKFAGBNELJD,0xE315B00,mov-eax-imm32-ret,CANDIDATE,constant-return method body
8,JGIDMEHELJM,17785,IMBHADIDAGI,0x9AC6C60,mov-eax-imm32-ret,CANDIDATE,constant-return method body
8,JJBKHLNJBOI,69212,IMBHADIDAGI,0x11EE01C0,mov-eax-imm32-ret,CANDIDATE,constant-return method body
8,JKJMGMNPKFL,87326,HFKLHBLKONN,0x112A5C50,mov-eax-imm32-ret,CANDIDATE,constant-return method body
8,JKPELDGJICA,86799,AMJIAKPMLGA,0x822C490,mov-eax-imm32-ret,CANDIDATE,constant-return method body
8,JLIBEEMMGID,27481,JPIIHIIDEMI,0x8F42990,mov-eax-imm32-ret,CANDIDATE,constant-return method body
8,JLJPDCALPGN,27356,IMBHADIDAGI,0x106E81E0,mov-eax-imm32-ret,CANDIDATE,constant-return method body
8,KCFAFJDCIGO,35433,IMBHADIDAGI,0x8289650,mov-eax-imm32-ret,CANDIDATE,constant-return method body
8,KGGLHMALKLO,76856,HKJOCMJBKCN,0xB43FF80,mov-eax-imm32-ret,CANDIDATE,constant-return method body
8,KHFEIGJKGKC,74035,NHHFIMEFDAL,0xC13F480,mov-eax-imm32-ret,CANDIDATE,constant-return method body
8,KHOGOGDMKHM,80962,IMBHADIDAGI,0xF025190,mov-eax-imm32-ret,CANDIDATE,constant-return method body
8,KOKNNEOHLEI,62490,IMBHADIDAGI,0x77993F0,mov-eax-imm32-ret,CANDIDATE,constant-return method body
8,LBNAOGNGMIE,62131,IMBHADIDAGI,0x9C20290,mov-eax-imm32-ret,CANDIDATE,constant-return method body
8,LDNBIDJJFON,72494,ECECFOEMAOJ,0x837BC50,mov-eax-imm32-ret,CANDIDATE,constant-return method body
8,LEAGNBMBOBB,19614,IMBHADIDAGI,0x9C3AD00,mov-eax-imm32-ret,CANDIDATE,constant-return method body
8,LEBFAPNFMKF,47499,NIIICEHCLKF,0x1140D830,mov-eax-imm32-ret,CANDIDATE,constant-return method body
8,LLPEBOJAMIK,45609,IMBHADIDAGI,0x906E780,mov-eax-imm32-ret,CANDIDATE,constant-return method body
8,LMMBCHIJPJL,81964,IMBHADIDAGI,0xCE541C0,mov-eax-imm32-ret,CANDIDATE,constant-return method body
8,LOAOIMNCIFE,67979,IMBHADIDAGI,0xE4E8A80,mov-eax-imm32-ret,CANDIDATE,constant-return method body
8,LPCFJAKEOMJ,85341,LMAGHEILOOL,0x139C3E20,mov-eax-imm32-ret,CANDIDATE,constant-return method body
8,MAMIPHKACDH,40094,IMBHADIDAGI,0x9096A60,mov-eax-imm32-ret,CANDIDATE,constant-return method body
8,MAOOPHECPLM,52003,IMBHADIDAGI,0x9096F70,mov-eax-imm32-ret,CANDIDATE,constant-return method body
8,MCBHKOPHCBP,74440,get_size,0xCE79650,mov-eax-imm32-ret,CANDIDATE,constant-return method body
8,MCJGMPKMANO,28518,IMBHADIDAGI,0xCE7D560,mov-eax-imm32-ret,CANDIDATE,constant-return method body
8,MCPOIACLEDN,11906,ICLNGANPOBG,0x114F1F70,mov-eax-imm32-ret,CANDIDATE,constant-return method body
8,MEPEEJIJEPC,68680,FHJCCCIOMHH,0xE8F70F0,mov-eax-imm32-ret,CANDIDATE,constant-return method body
8,MFFJCAAAMEN,28825,IMBHADIDAGI,0x12D272C0,mov-eax-imm32-ret,CANDIDATE,constant-return method body
8,MFOAOOPGBIO,44385,IMBHADIDAGI,0x12D302F0,mov-eax-imm32-ret,CANDIDATE,constant-return method body
8,MHGAONFCCKI,64142,IMBHADIDAGI,0x843FB20,mov-eax-imm32-ret,CANDIDATE,constant-return method body
8,MKBJEEAJDPP,25135,OAAPEEELDBD,0x13A4FC50,mov-eax-imm32-ret,CANDIDATE,constant-return method body
8,MKLOGPEGKOE,35800,IMBHADIDAGI,0x8460670,mov-eax-imm32-ret,CANDIDATE,constant-return method body
8,MOPIDAKPFPO,41339,HDCCPLPOCPM,0x1099E580,mov-eax-imm32-ret,CANDIDATE,constant-return method body
8,MPGAAALIMIB,24017,IMBHADIDAGI,0xAB17BC0,mov-eax-imm32-ret,CANDIDATE,constant-return method body
8,MethodInfo,519,get_MemberType,0x195F8CF0,mov-eax-imm32-ret,CANDIDATE,constant-return method body
8,MonoEnviroLightPortalTintComponent,15086,get_componentType,0xE5F6240,mov-eax-imm32-ret,CANDIDATE,constant-return method body
8,NAGGEMBKFGI,44330,IMBHADIDAGI,0xB7563C0,mov-eax-imm32-ret,CANDIDATE,constant-return method body
8,NBCEIFPIFPO,57601,IMBHADIDAGI,0xB75E510,mov-eax-imm32-ret,CANDIDATE,constant-return method body
8,NBNHFFOADDP,45579,IMBHADIDAGI,0xF32B670,mov-eax-imm32-ret,CANDIDATE,constant-return method body
8,NIOAAMHEJEF,19357,IMBHADIDAGI,0x7B176E0,mov-eax-imm32-ret,CANDIDATE,constant-return method body
8,NNDLLJCMKJD,67398,IMBHADIDAGI,0xC5B5580,mov-eax-imm32-ret,CANDIDATE,constant-return method body
8,ODFPHFCIJFN,57711,PHAFOOIBGKI,0x1005A6F0,mov-eax-imm32-ret,CANDIDATE,constant-return method body
8,OELIJEBNCMP,86599,IMBHADIDAGI,0xC603FA0,mov-eax-imm32-ret,CANDIDATE,constant-return method body
8,OGLMMCJMJAF,31666,IMBHADIDAGI,0xC612E50,mov-eax-imm32-ret,CANDIDATE,constant-return method body
8,OHNIIMFAFDM,61692,KIIHAEBMHGJ,0xB861A70,mov-eax-imm32-ret,CANDIDATE,constant-return method body
8,OIHBACJKEFO,73198,IMBHADIDAGI,0x9388E90,mov-eax-imm32-ret,CANDIDATE,constant-return method body
8,OIJLMLFDDJB,28932,IMBHADIDAGI,0x100A1A60,mov-eax-imm32-ret,CANDIDATE,constant-return method body
8,OKJOIMOLGLI,54241,IMBHADIDAGI,0x869C930,mov-eax-imm32-ret,CANDIDATE,constant-return method body
8,OKMNJHBFFHA,55551,PHAFOOIBGKI,0xF406890,mov-eax-imm32-ret,CANDIDATE,constant-return method body
8,OLNLHGIJBKB,73712,IMBHADIDAGI,0xADA6080,mov-eax-imm32-ret,CANDIDATE,constant-return method body
8,ONOPPLMBLFA,36290,IMBHADIDAGI,0x7C04BE0,mov-eax-imm32-ret,CANDIDATE,constant-return method body
8,PGFDBGBNLMP,28827,NIIICEHCLKF,0x7C36770,mov-eax-imm32-ret,CANDIDATE,constant-return method body
8,PGFPOLPDLHE,38942,IMBHADIDAGI,0x11855720,mov-eax-imm32-ret,CANDIDATE,constant-return method body
8,PMEBBJNINIG,49141,IDGLOOAIFGG,0xBB8AD10,mov-eax-imm32-ret,CANDIDATE,constant-return method body
8,PMEBPCPKJIL,22583,IMBHADIDAGI,0xA050AD0,mov-eax-imm32-ret,CANDIDATE,constant-return method body
8,PPGLEFIBPMJ,53888,IMBHADIDAGI,0xF4FCF60,mov-eax-imm32-ret,CANDIDATE,constant-return method body
8,PkzipClassicManaged,8343,get_BlockSize,0x19066D50,mov-eax-imm32-ret,CANDIDATE,constant-return method body
8,Platform_OSX_Base,6178,get_platform,0x19861EE0,mov-eax-imm32-ret,CANDIDATE,constant-return method body
8,RGBA2Timeline,72518,get_FrameEntries,0xAE52450,mov-eax-imm32-ret,CANDIDATE,constant-return method body
8,ToonLightBuffer,9403,CommandBufferEvent,0x6C35870,mov-eax-imm32-ret,CANDIDATE,constant-return method body
8,UInt16,318,GetTypeCode,0x19638500,mov-eax-imm32-ret,CANDIDATE,constant-return method body
8,UIntPtr,404,get_Size,0x195E4740,mov-eax-imm32-ret,CANDIDATE,constant-return method body
8,XComment,6684,get_NodeType,0x19947C00,mov-eax-imm32-ret,CANDIDATE,constant-return method body
8,XmlComment,3068,get_NodeType,0x199C6380,mov-eax-imm32-ret,CANDIDATE,constant-return method body
9,AGFPPONODKM,41525,JPIIHIIDEMI,0x7177C00,mov-eax-imm32-ret,CANDIDATE,constant-return method body
9,AJDJBANAANI,63835,OKDMFIFCDGF,0x13EB1C50,mov-eax-imm32-ret,CANDIDATE,constant-return method body
9,BGHJEHIHGIK,23714,AEGNNPENLNM,0x75BF770,mov-ax-imm16-ret,CANDIDATE,constant-return method body
9,BJHOEJDIFAO,18225,HFKLHBLKONN,0xFC152F0,mov-eax-imm32-ret,CANDIDATE,constant-return method body
9,CABCMFAJPGP,69779,IMBHADIDAGI,0x123C7850,mov-eax-imm32-ret,CANDIDATE,constant-return method body
9,CAJNCJEILJL,85263,NHHFIMEFDAL,0x9B81180,mov-eax-imm32-ret,CANDIDATE,constant-return method body
9,DJDJHMDHPCE,74193,EHDOOHIIIMO,0xBAC1880,mov-eax-imm32-ret,CANDIDATE,constant-return method body
9,DJJJMKEEGIK,59990,MIBIPNFDLDI,0x7D8C670,mov-eax-imm32-ret,CANDIDATE,constant-return method body
9,DPAKEOAFOPJ,76560,IMBHADIDAGI,0x102D6A50,mov-eax-imm32-ret,CANDIDATE,constant-return method body
9,DSMoveForwardMonsterEntity,69945,get_entityType,0xFDE5BC0,mov-eax-imm32-ret,CANDIDATE,constant-return method body
9,Datatype_ENUMERATION,3264,get_TokenizedType,0x19A1B550,mov-eax-imm32-ret,CANDIDATE,constant-return method body
9,EGKJFNMOBKM,86454,OIIHAJDJBCA,0x127CF160,mov-eax-imm32-ret,CANDIDATE,constant-return method body
9,EPMHABOMJEB,20022,IMBHADIDAGI,0xEA8E330,mov-eax-imm32-ret,CANDIDATE,constant-return method body
9,FEIFPLAEEBP,77243,IMBHADIDAGI,0x1409E410,mov-eax-imm32-ret,CANDIDATE,constant-return method body
9,FHMAONFNAKO,21397,PHAFOOIBGKI,0x12869DC0,mov-eax-imm32-ret,CANDIDATE,constant-return method body
9,FIGDOMJPKBN,38397,GNKANMFPJAE,0x7FBFB10,mov-eax-imm32-ret,CANDIDATE,constant-return method body
9,GCEAMPHNHOD,66914,HDCCPLPOCPM,0x97A22C0,mov-eax-imm32-ret,CANDIDATE,constant-return method body
9,GENHLJIPFFM,24527,APHDDCMEBAD,0x104C47E0,mov-eax-imm32-ret,CANDIDATE,constant-return method body
9,GFFOOGOPBJG,49123,IDGLOOAIFGG,0xEB7A7D0,mov-eax-imm32-ret,CANDIDATE,constant-return method body
9,GHOBKHBMFJH,59839,NIIICEHCLKF,0xCA646C0,mov-eax-imm32-ret,CANDIDATE,constant-return method body
9,GLBGLNHLOHB,73607,IMBHADIDAGI,0xBE135B0,mov-eax-imm32-ret,CANDIDATE,constant-return method body
9,HEHIAKPJCAB,33184,PFFECIBHFDP,0xBE89EC0,mov-eax-imm32-ret,CANDIDATE,constant-return method body
9,HNHKKLJCOAO,77999,PHAFOOIBGKI,0x11DC48B0,mov-eax-imm32-ret,CANDIDATE,constant-return method body
9,HOAEDEPEGHI,48624,LACKLGEGNHN,0xCB56780,mov-eax-imm32-ret,CANDIDATE,constant-return method body
9,HPFLBMLDDEE,41861,HJHMCMHJGND,0x11DE6EB0,mov-eax-imm32-ret,CANDIDATE,constant-return method body
9,IGNOLODPIHH,22972,IMBHADIDAGI,0xA700410,mov-eax-imm32-ret,CANDIDATE,constant-return method body
9,IMAMHHAIOMP,77214,OAAPEEELDBD,0x11213070,mov-eax-imm32-ret,CANDIDATE,constant-return method body
9,IMHPPCAPKDN,38299,ICLNGANPOBG,0xB2FE920,mov-eax-imm32-ret,CANDIDATE,constant-return method body
9,Int32,251,GetTypeCode,0x19575AC0,mov-eax-imm32-ret,CANDIDATE,constant-return method body
9,JIOCPMKCDEA,80662,get_typeId,0x137E3D60,mov-eax-imm32-ret,CANDIDATE,constant-return method body
9,JJCFKDEDGPL,83204,ECECFOEMAOJ,0xC042680,mov-eax-imm32-ret,CANDIDATE,constant-return method body
9,KDHNJDLOEHL,57440,AMJIAKPMLGA,0xFC37650,mov-eax-imm32-ret,CANDIDATE,constant-return method body
9,KHIAJHMHIGP,17481,LMAGHEILOOL,0x8FAE3D0,mov-eax-imm32-ret,CANDIDATE,constant-return method body
9,KINGCNFOHDK,64908,CKFAGBNELJD,0x9BC00D0,mov-eax-imm32-ret,CANDIDATE,constant-return method body
9,LBIMIJJHHBC,68678,FHJCCCIOMHH,0xAFA75E0,mov-eax-imm32-ret,CANDIDATE,constant-return method body
9,MAKGMFPMLMJ,27869,HKJOCMJBKCN,0xF152F50,mov-eax-imm32-ret,CANDIDATE,constant-return method body
9,MBPLFICMKMC,80724,MOFLCHAOJJB,0xFD7C9B0,mov-eax-imm32-ret,CANDIDATE,constant-return method body
9,MIEPJMAKNIF,47452,IMBHADIDAGI,0x1095DE40,mov-eax-imm32-ret,CANDIDATE,constant-return method body
9,MJHDPOGODGK,79429,LPAIJDGCJOD,0x844F2B0,mov-eax-imm32-ret,CANDIDATE,constant-return method body
9,MonoEnviroRPDetailMapTintColorComponent,60064,get_componentType,0xE5F6C40,mov-eax-imm32-ret,CANDIDATE,constant-return method body
9,NKAMDNKHJAJ,25036,KIIHAEBMHGJ,0x13071790,mov-eax-imm32-ret,CANDIDATE,constant-return method body
9,NativeHashTableImplement_UInt32_UInt32,11503,get_bitCount,0x6F38A10,mov-eax-imm32-ret,CANDIDATE,constant-return method body
9,OEMIEFINAFM,33838,IMBHADIDAGI,0x10066640,mov-eax-imm32-ret,CANDIDATE,constant-return method body
9,SwitchJoyConRightDriver,7906,get_byteIndexStartSticks,0x19892110,mov-eax-imm32-ret,CANDIDATE,constant-return method body
9,UPCEANWriter,3702,get_DefaultMargin,0x19D86EB0,mov-eax-imm32-ret,CANDIDATE,constant-return method body
9,XDocument,6683,get_NodeType,0x1994A380,mov-eax-imm32-ret,CANDIDATE,constant-return method body
9,XmlDocument,3070,get_NodeType,0x19AB07E0,mov-eax-imm32-ret,CANDIDATE,constant-return method body
10,BBDHJLDLNFO,44941,PHAFOOIBGKI,0xB17AC40,mov-eax-imm32-ret,CANDIDATE,constant-return method body
10,CHHCGIFPECD,76043,CKFAGBNELJD,0xD2D5FE0,mov-eax-imm32-ret,CANDIDATE,constant-return method body
10,CPKNFPOIAPH,22167,APHDDCMEBAD,0x102688E0,mov-eax-imm32-ret,CANDIDATE,constant-return method body
10,CustomCalculation_Accelerometer,6128,TAaRWtnOJSISnCdVKCWzpKyzxnYI,0x197B6E20,mov-eax-imm32-ret,CANDIDATE,constant-return method body
10,CustomCalculation_CompareElementValues,6132,TAaRWtnOJSISnCdVKCWzpKyzxnYI,0x1986B030,mov-eax-imm32-ret,CANDIDATE,constant-return method body
10,CustomCalculation_FirstNonZero,6134,TAaRWtnOJSISnCdVKCWzpKyzxnYI,0x19737270,mov-eax-imm32-ret,CANDIDATE,constant-return method body
10,CustomCalculation_LogitechGRacingWheelPedals,6135,TAaRWtnOJSISnCdVKCWzpKyzxnYI,0x19777980,mov-eax-imm32-ret,CANDIDATE,constant-return method body
10,DBDLKMFOLFL,35143,IMBHADIDAGI,0x882BA50,mov-eax-imm32-ret,CANDIDATE,constant-return method body
10,DDHLJIPOHOM,51235,KIIHAEBMHGJ,0x13F3AEF0,mov-eax-imm32-ret,CANDIDATE,constant-return method body
10,DKIPPCHILGH,72162,MOFLCHAOJJB,0xBACA8C0,mov-eax-imm32-ret,CANDIDATE,constant-return method body
10,DODEGIIGKMO,66540,OAAPEEELDBD,0x11A580E0,mov-eax-imm32-ret,CANDIDATE,constant-return method body
10,DSPressurePlaneEntity,27911,get_entityType,0x91088E0,mov-eax-imm32-ret,CANDIDATE,constant-return method body
10,DataMatrixSymbolInfo144,3761,getInterleavedBlockCount,0x19D6D460,mov-eax-imm32-ret,CANDIDATE,constant-return method body
10,Datatype_QName,3235,get_TokenizedType,0x19A2ADB0,mov-eax-imm32-ret,CANDIDATE,constant-return method body
10,Datatype_QNameXdr,3263,get_TokenizedType,0x19A93D50,mov-eax-imm32-ret,CANDIDATE,constant-return method body
10,Datatype_anyAtomicType,3209,get_TypeCode,0x19A94080,mov-eax-imm32-ret,CANDIDATE,constant-return method body
10,Datatype_anySimpleType,3208,get_TypeCode,0x199B0380,mov-eax-imm32-ret,CANDIDATE,constant-return method body
10,Datatype_union,3207,get_TypeCode,0x199BDDF0,mov-eax-imm32-ret,CANDIDATE,constant-return method body
10,ECNOOFFMMJJ,68662,FHJCCCIOMHH,0x133C1FD0,mov-eax-imm32-ret,CANDIDATE,constant-return method body
10,EHAHFIJDFLO,47956,HDCCPLPOCPM,0x897CFB0,mov-eax-imm32-ret,CANDIDATE,constant-return method body
10,EHIGMJLOANM,44248,ECECFOEMAOJ,0xF6C4600,mov-eax-imm32-ret,CANDIDATE,constant-return method body
10,FIHIKNPNGEP,85046,HFKLHBLKONN,0x11037C50,mov-eax-imm32-ret,CANDIDATE,constant-return method body
10,HAMADCMIBIM,63000,AMCFEMGFGBC,0x105308F0,mov-eax-imm32-ret,CANDIDATE,constant-return method body
10,HPFLBMLDDEE,41861,LMAGHEILOOL,0x11DE6EE0,mov-eax-imm32-ret,CANDIDATE,constant-return method body
10,ICIIPCJEGCE,38102,MIBIPNFDLDI,0x8D5AF20,mov-eax-imm32-ret,CANDIDATE,constant-return method body
10,IIFNLCEHGJK,87779,FNJEIAAHKEL,0xE2A69B0,mov-eax-imm32-ret,CANDIDATE,constant-return method body
10,JANHDLNBKGC,83117,MIBIPNFDLDI,0xFB02B50,mov-eax-imm32-ret,CANDIDATE,constant-return method body
10,JJOFEDHBAHP,53222,EHDOOHIIIMO,0xEF54B30,mov-eax-imm32-ret,CANDIDATE,constant-return method body
10,KEJNBAPHHIM,49135,IDGLOOAIFGG,0xBB8A110,mov-eax-imm32-ret,CANDIDATE,constant-return method body
10,KNABPGMNJEK,12897,HKJOCMJBKCN,0x12C4BFE0,mov-eax-imm32-ret,CANDIDATE,constant-return method body
10,LFKBAJHLPEK,85153,AMJIAKPMLGA,0x120217E0,mov-eax-imm32-ret,CANDIDATE,constant-return method body
10,LFPAJGBBCHE,83740,LPAIJDGCJOD,0x9045260,mov-eax-imm32-ret,CANDIDATE,constant-return method body
10,LPCFJAKEOMJ,85341,LACKLGEGNHN,0x139C3B80,mov-eax-imm32-ret,CANDIDATE,constant-return method body
10,MPAAFGAINDO,81785,NIIICEHCLKF,0x12D80290,mov-eax-imm32-ret,CANDIDATE,constant-return method body
10,MonoEnviroRPAmbientBlendWeightComponent,37965,get_componentType,0xFEB1090,mov-eax-imm32-ret,CANDIDATE,constant-return method body
10,NALOIDGICGD,21506,PFFECIBHFDP,0xD024FC0,mov-eax-imm32-ret,CANDIDATE,constant-return method body
10,NEBBDFKHLFI,44076,DDGDKHMKBJO,0xE6A0160,mov-eax-imm32-ret,CANDIDATE,constant-return method body
10,NOEJLALGHON,36196,ICLNGANPOBG,0xB81C8B0,mov-eax-imm32-ret,CANDIDATE,constant-return method body
10,OOPKONJMDKM,63840,OKDMFIFCDGF,0xD2E44B0,mov-eax-imm32-ret,CANDIDATE,constant-return method body
10,OPJJNDGPFLE,63264,get_typeId,0x10BB4130,mov-eax-imm32-ret,CANDIDATE,constant-return method body
10,OneDimensionalCodeWriter,3691,get_DefaultMargin,0x19D83E60,mov-eax-imm32-ret,CANDIDATE,constant-return method body
10,Platform_Linux_Base,6188,get_platform,0x19827040,mov-eax-imm32-ret,CANDIDATE,constant-return method body
10,UInt32,319,GetTypeCode,0x195B5120,mov-eax-imm32-ret,CANDIDATE,constant-return method body
10,XDocumentType,6687,get_NodeType,0x1994ABD0,mov-eax-imm32-ret,CANDIDATE,constant-return method body
10,XmlDocumentType,3072,get_NodeType,0x1997FE60,mov-eax-imm32-ret,CANDIDATE,constant-return method body
11,BFNOBCLFEBJ,48392,ECECFOEMAOJ,0xEE9C330,mov-eax-imm32-ret,CANDIDATE,constant-return method body
11,BKFINLFEHKA,56443,NIIICEHCLKF,0x82C6510,mov-eax-imm32-ret,CANDIDATE,constant-return method body
11,DFLABFNKNLH,64544,get_panelType,0x7D796F0,mov-eax-imm32-ret,CANDIDATE,constant-return method body
11,DJFFMFMEOME,88104,get_typeId,0x1342F870,mov-eax-imm32-ret,CANDIDATE,constant-return method body
11,DKIOMBBGJEL,42150,PHAFOOIBGKI,0x7EA6F80,mov-eax-imm32-ret,CANDIDATE,constant-return method body
11,DSLockDoorEntity,77520,get_entityType,0x109AB270,mov-eax-imm32-ret,CANDIDATE,constant-return method body
11,Datatype_untypedAtomicType,3210,get_TypeCode,0x199502D0,mov-eax-imm32-ret,CANDIDATE,constant-return method body
11,ECFJEILMIEM,65706,OAAPEEELDBD,0xC9434C0,mov-eax-imm32-ret,CANDIDATE,constant-return method body
11,EGILKJFLCCB,63831,OKDMFIFCDGF,0x94E91A0,mov-eax-imm32-ret,CANDIDATE,constant-return method body
11,FBFLLHMDGKP,67422,NHHFIMEFDAL,0xBD31350,mov-eax-imm32-ret,CANDIDATE,constant-return method body
11,GNKAJDIDFHJ,24366,get_panelType,0x10506430,mov-eax-imm32-ret,CANDIDATE,constant-return method body
11,HBLICHBACBE,13102,MIBIPNFDLDI,0x1053E5D0,mov-eax-imm32-ret,CANDIDATE,constant-return method body
11,HPFLBMLDDEE,41861,LACKLGEGNHN,0x11DE6ED0,mov-eax-imm32-ret,CANDIDATE,constant-return method body
11,IDAHOJIGDFG,24749,HKJOCMJBKCN,0x812B660,mov-eax-imm32-ret,CANDIDATE,constant-return method body
11,IDDCKLBCADD,57990,AMJIAKPMLGA,0x11E0DE50,mov-eax-imm32-ret,CANDIDATE,constant-return method body
11,Int64,252,GetTypeCode,0x19554D50,mov-eax-imm32-ret,CANDIDATE,constant-return method body
11,JCDLOIFBCAG,68660,FHJCCCIOMHH,0xE8F5C30,mov-eax-imm32-ret,CANDIDATE,constant-return method body
11,JLCAAKJHKPH,27245,KIIHAEBMHGJ,0xEF6F7F0,mov-eax-imm32-ret,CANDIDATE,constant-return method body
11,KBDPMDEGDPD,35026,AMCFEMGFGBC,0x138404B0,mov-eax-imm32-ret,CANDIDATE,constant-return method body
11,LKLIKCNIKLF,22824,HFKLHBLKONN,0xFD3F550,mov-eax-imm32-ret,CANDIDATE,constant-return method body
11,LLAENFGPFDI,61329,APHDDCMEBAD,0x108AFC80,mov-eax-imm32-ret,CANDIDATE,constant-return method body
11,LPGJDDKOOOB,55282,HJHMCMHJGND,0xF148540,mov-eax-imm32-ret,CANDIDATE,constant-return method body
11,MBKAGJKABCF,58490,MOFLCHAOJJB,0x114E5220,mov-eax-imm32-ret,CANDIDATE,constant-return method body
11,MGAFALGLHAP,71441,PHAFOOIBGKI,0xAAB2120,mov-eax-imm32-ret,CANDIDATE,constant-return method body
11,MMIOADNFLCG,31463,LMAGHEILOOL,0x12D74D30,mov-eax-imm32-ret,CANDIDATE,constant-return method body
11,MPPageRewardPlugin,65842,get_pluginType,0xFE66030,mov-eax-imm32-ret,CANDIDATE,constant-return method body
11,MonoComponentPropertyTopListItem,85296,get_panelType,0xF21DE10,mov-eax-imm32-ret,CANDIDATE,constant-return method body
11,MonoPropertyInputFieldItem,54644,get_panelType,0x13BA93B0,mov-eax-imm32-ret,CANDIDATE,constant-return method body
11,NCLGGJBCIHA,15951,ICLNGANPOBG,0x13BF2520,mov-eax-imm32-ret,CANDIDATE,constant-return method body
11,NMCFNNDMGIA,62792,CEJGKDKMOPC,0xF371740,mov-eax-imm32-ret,CANDIDATE,constant-return method body
11,OJJNKPHGPGC,75310,HDCCPLPOCPM,0xB872F10,mov-eax-imm32-ret,CANDIDATE,constant-return method body
11,PDIDMCEGKDD,72514,OIIHAJDJBCA,0x11847500,mov-eax-imm32-ret,CANDIDATE,constant-return method body
11,PIJJBKGFFHI,82748,PLKKEGKGCJJ,0x9412C30,mov-eax-imm32-ret,CANDIDATE,constant-return method body
11,PLECHGANJJJ,58697,PFFECIBHFDP,0x1016D410,mov-eax-imm32-ret,CANDIDATE,constant-return method body
11,XmlDocumentFragment,3071,get_NodeType,0x19A6A5F0,mov-eax-imm32-ret,CANDIDATE,constant-return method body
12,AAFHBLJKKBJ,88390,GCMGDEJJCAO,0x10F58220,mov-eax-imm32-ret,CANDIDATE,constant-return method body
12,AMFMFPJEEBB,14279,AMCFEMGFGBC,0xF7DAE40,mov-eax-imm32-ret,CANDIDATE,constant-return method body
12,BAOEKALKHND,52908,MIBIPNFDLDI,0xF7F5FB0,mov-eax-imm32-ret,CANDIDATE,constant-return method body
12,BBFHJEDKCBJ,87948,IMBHADIDAGI,0x97216E0,mov-eax-imm32-ret,CANDIDATE,constant-return method body
12,BEKHEKHBIPM,42955,IMBHADIDAGI,0x12B255A0,mov-eax-imm32-ret,CANDIDATE,constant-return method body
12,BGBDCOCBNHP,25852,HDCCPLPOCPM,0xC452D40,mov-eax-imm32-ret,CANDIDATE,constant-return method body
12,BLFLAEEFDNH,44702,HKJOCMJBKCN,0xAEF1C30,mov-eax-imm32-ret,CANDIDATE,constant-return method body
12,BMPEKMBMDKB,25997,IMBHADIDAGI,0xB914640,mov-eax-imm32-ret,CANDIDATE,constant-return method body
12,BPFIPLDGMDB,35825,OAAPEEELDBD,0x9B54260,mov-eax-imm32-ret,CANDIDATE,constant-return method body
12,BlockInfoSave,11077,get_size,0x6F637B0,mov-eax-imm32-ret,CANDIDATE,constant-return method body
12,CEGCLIMJBLF,56386,IMBHADIDAGI,0x86E9CD0,mov-eax-imm32-ret,CANDIDATE,constant-return method body
12,CGJMCOKIIEM,43452,AMJIAKPMLGA,0xBA0BDA0,mov-eax-imm32-ret,CANDIDATE,constant-return method body
12,CGNMMNGEAJP,58788,ICLNGANPOBG,0x94E2690,mov-eax-imm32-ret,CANDIDATE,constant-return method body
12,CHAOGPGHKJO,53258,get_typeId,0x13398E60,mov-eax-imm32-ret,CANDIDATE,constant-return method body
12,CHCIKFNFHEN,17477,IMBHADIDAGI,0x9F45FD0,mov-eax-imm32-ret,CANDIDATE,constant-return method body
12,CharEntityEncoderFallback,2959,get_MaxCharCount,0x199817B0,mov-eax-imm32-ret,CANDIDATE,constant-return method body
12,DBINBFOGOBC,53215,IMBHADIDAGI,0xE9297F0,mov-eax-imm32-ret,CANDIDATE,constant-return method body
12,DIOBNHEPEPB,52325,HFKLHBLKONN,0xD372340,mov-eax-imm32-ret,CANDIDATE,constant-return method body
12,DJICPGIMCCO,22497,IMBHADIDAGI,0xE994990,mov-eax-imm32-ret,CANDIDATE,constant-return method body
12,DSRoomDoorEntity,21460,get_entityType,0x9D80350,mov-eax-imm32-ret,CANDIDATE,constant-return method body
12,DatatypeImplementation,3204,get_TokenizedType,0x19A934C0,mov-eax-imm32-ret,CANDIDATE,constant-return method body
12,Datatype_anySimpleType,3208,get_TokenizedType,0x199B03C0,mov-eax-imm32-ret,CANDIDATE,constant-return method body
12,Datatype_string,3211,get_TypeCode,0x19A5AF60,mov-eax-imm32-ret,CANDIDATE,constant-return method body
12,EBKIIJIHNLO,79989,IMBHADIDAGI,0x13FC9290,mov-eax-imm32-ret,CANDIDATE,constant-return method body
12,EDMNEDOLPDC,15235,PHAFOOIBGKI,0x89578B0,mov-eax-imm32-ret,CANDIDATE,constant-return method body
12,EGBCBLJMMLF,30078,PHAFOOIBGKI,0x9623710,mov-eax-imm32-ret,CANDIDATE,constant-return method body
12,EJKCFICPMLC,50180,IMBHADIDAGI,0x125D2D50,mov-eax-imm32-ret,CANDIDATE,constant-return method body
12,EMJAPGEKHOD,77164,IMBHADIDAGI,0x12804F50,mov-eax-imm32-ret,CANDIDATE,constant-return method body
12,EMJNPJLKKFA,14271,IMBHADIDAGI,0xF6E4760,mov-eax-imm32-ret,CANDIDATE,constant-return method body
12,FBGCLEGMBCK,42677,OIIHAJDJBCA,0x14075B50,mov-eax-imm32-ret,CANDIDATE,constant-return method body
12,FFDMPOCKLDE,14848,IMBHADIDAGI,0x103B9B60,mov-eax-imm32-ret,CANDIDATE,constant-return method body
12,FFENIPBJEIP,36853,IMBHADIDAGI,0x7FA4460,mov-eax-imm32-ret,CANDIDATE,constant-return method body
12,FFOFGCEBPFL,13642,IMBHADIDAGI,0xD481EB0,mov-eax-imm32-ret,CANDIDATE,constant-return method body
12,FFPENLEHEDG,25501,IMBHADIDAGI,0xD482F10,mov-eax-imm32-ret,CANDIDATE,constant-return method body
12,FJIBOKHFJGP,52267,IMBHADIDAGI,0x128AD950,mov-eax-imm32-ret,CANDIDATE,constant-return method body
12,FJPGDMAPIDE,88053,IMBHADIDAGI,0xA2D0040,mov-eax-imm32-ret,CANDIDATE,constant-return method body
12,FKMDHJHEGME,17251,IMBHADIDAGI,0xEBC7900,mov-eax-imm32-ret,CANDIDATE,constant-return method body
12,FMMOOFNMPHF,81990,PLKKEGKGCJJ,0xD5A67A0,mov-eax-imm32-ret,CANDIDATE,constant-return method body
12,FOBGAHNIGBE,21983,KIIHAEBMHGJ,0x7FFBA70,mov-eax-imm32-ret,CANDIDATE,constant-return method body
12,GAMCNCLGPNP,53057,IMBHADIDAGI,0xD5DBEF0,mov-eax-imm32-ret,CANDIDATE,constant-return method body
12,HLFBEIHMAFM,76001,IMBHADIDAGI,0x136784F0,mov-eax-imm32-ret,CANDIDATE,constant-return method body
12,IAEBODEHMFO,30059,NIIICEHCLKF,0xD6F2770,mov-eax-imm32-ret,CANDIDATE,constant-return method body
12,IFHHDMMLGIE,23318,IMBHADIDAGI,0xD71A380,mov-eax-imm32-ret,CANDIDATE,constant-return method body
12,IIJKHBCBOLA,17491,IMBHADIDAGI,0x757EC90,mov-eax-imm32-ret,CANDIDATE,constant-return method body
12,ILPHDGGHGLC,23680,IMBHADIDAGI,0x75B3420,mov-eax-imm32-ret,CANDIDATE,constant-return method body
12,JCPGFFBDJBD,31168,APHDDCMEBAD,0xBFEE6D0,mov-eax-imm32-ret,CANDIDATE,constant-return method body
12,JDKLNOCGFLE,80208,PLAAILNKIIK,0x13791350,mov-eax-imm32-ret,CANDIDATE,constant-return method body
12,JFJPJANKFGP,15474,IMBHADIDAGI,0xE324C70,mov-eax-imm32-ret,CANDIDATE,constant-return method body
12,JOOJENEPKIJ,30735,NHHFIMEFDAL,0x12BC7540,mov-eax-imm32-ret,CANDIDATE,constant-return method body
12,KDLIFKCLNND,63700,IMBHADIDAGI,0x7729DF0,mov-eax-imm32-ret,CANDIDATE,constant-return method body
12,KGJIKJLDPMB,65314,IMBHADIDAGI,0x8FA7B20,mov-eax-imm32-ret,CANDIDATE,constant-return method body
12,KMBNGPBFFME,17301,ECECFOEMAOJ,0x138F5D70,mov-eax-imm32-ret,CANDIDATE,constant-return method body
12,LDGLJADKKIN,18216,IMBHADIDAGI,0xE4878C0,mov-eax-imm32-ret,CANDIDATE,constant-return method body
12,LEGBKIBJMKH,68674,FHJCCCIOMHH,0xAFA82E0,mov-eax-imm32-ret,CANDIDATE,constant-return method body
12,LFBFMFDBMGD,49743,IMBHADIDAGI,0xAA0ECC0,mov-eax-imm32-ret,CANDIDATE,constant-return method body
12,LMEDCIFLMEF,57978,FNJEIAAHKEL,0x13995380,mov-eax-imm32-ret,CANDIDATE,constant-return method body
12,LNGCAKGOIFK,18181,get_size,0x108D0F20,mov-eax-imm32-ret,CANDIDATE,constant-return method body
12,LPGJDDKOOOB,55282,LMAGHEILOOL,0xF1487F0,mov-eax-imm32-ret,CANDIDATE,constant-return method body
12,MAKPAALJFBP,54136,CEJGKDKMOPC,0xB583280,mov-eax-imm32-ret,CANDIDATE,constant-return method body
12,MEHGJBPCNDJ,69875,IMBHADIDAGI,0x9CF37A0,mov-eax-imm32-ret,CANDIDATE,constant-return method body
12,MIBIKENENNG,63286,IMBHADIDAGI,0x1095D950,mov-eax-imm32-ret,CANDIDATE,constant-return method body
12,MJPDJCKFPNC,53851,IMBHADIDAGI,0x1096E390,mov-eax-imm32-ret,CANDIDATE,constant-return method body
12,MKFMFAHNDIL,58233,IMBHADIDAGI,0xB5DECC0,mov-eax-imm32-ret,CANDIDATE,constant-return method body
12,MMIOADNFLCG,31463,LACKLGEGNHN,0x12D74BF0,mov-eax-imm32-ret,CANDIDATE,constant-return method body
12,MPFDFMGCHCD,63812,OKDMFIFCDGF,0xE854EE0,mov-eax-imm32-ret,CANDIDATE,constant-return method body
12,MPPMMBBLPND,24954,IMBHADIDAGI,0xE590BE0,mov-eax-imm32-ret,CANDIDATE,constant-return method body
12,NEGOKDDJEDL,88669,MANHJMPFHEC,0x9EA61F0,mov-eax-imm32-ret,CANDIDATE,constant-return method body
12,NFFDDFHHDHG,57495,get_size,0x13C58DF0,mov-eax-imm32-ret,CANDIDATE,constant-return method body
12,NKNEKIHKJPP,74549,IMBHADIDAGI,0x8615340,mov-eax-imm32-ret,CANDIDATE,constant-return method body
12,NLABPPIMEIK,76460,IMBHADIDAGI,0x7B39E60,mov-eax-imm32-ret,CANDIDATE,constant-return method body
12,OCOCMHCHLPL,21935,IMBHADIDAGI,0x7B7A760,mov-eax-imm32-ret,CANDIDATE,constant-return method body
12,ODDEBONOLOA,25903,IMBHADIDAGI,0x1005A1D0,mov-eax-imm32-ret,CANDIDATE,constant-return method body
12,PGKLPEHCDPO,13158,LPAIJDGCJOD,0x93FA930,mov-eax-imm32-ret,CANDIDATE,constant-return method body
12,PKBLDMELHCM,70271,IMBHADIDAGI,0xAE13570,mov-eax-imm32-ret,CANDIDATE,constant-return method body
12,PMIHAFPEOBB,64282,IMBHADIDAGI,0xB9A5980,mov-eax-imm32-ret,CANDIDATE,constant-return method body
12,UInt64,320,GetTypeCode,0x195E4180,mov-eax-imm32-ret,CANDIDATE,constant-return method body
12,XmlNotation,3089,get_NodeType,0x19997E20,mov-eax-imm32-ret,CANDIDATE,constant-return method body
13,ACLCAOMNMNF,68679,FHJCCCIOMHH,0x87F0870,mov-eax-imm32-ret,CANDIDATE,constant-return method body
13,ANAACFBHPCM,87690,OIIHAJDJBCA,0x8AC40A0,mov-eax-imm32-ret,CANDIDATE,constant-return method body
13,ANKHDDFJAFP,64227,get_typeId,0x7F03240,mov-eax-imm32-ret,CANDIDATE,constant-return method body
13,BCHNDJAEFAA,18684,KJNGMBNHMJO,0xFBCB090,mov-eax-imm32-ret,CANDIDATE,constant-return method body
13,BKMOHDKLJOD,74826,KIIHAEBMHGJ,0x117846B0,mov-eax-imm32-ret,CANDIDATE,constant-return method body
13,CGGOLNGMBCD,53583,ECECFOEMAOJ,0x124BEF70,mov-eax-imm32-ret,CANDIDATE,constant-return method body
13,DCILEKEMDON,74751,IMBHADIDAGI,0xA114580,mov-eax-imm32-ret,CANDIDATE,constant-return method body
13,DENOMCIIJMG,78895,HKJOCMJBKCN,0xD357CA0,mov-eax-imm32-ret,CANDIDATE,constant-return method body
13,DPCDLBKCBOI,70681,HJHMCMHJGND,0x13FB7B80,mov-eax-imm32-ret,CANDIDATE,constant-return method body
13,DSAirWallEntity,23379,get_entityType,0xC341C70,mov-eax-imm32-ret,CANDIDATE,constant-return method body
13,Datatype_boolean,3212,get_TypeCode,0x19AA6720,mov-eax-imm32-ret,CANDIDATE,constant-return method body
13,EJKBEPMLFBH,37574,AEGNNPENLNM,0xBCE9380,mov-ax-imm16-ret,CANDIDATE,constant-return method body
13,FCMFBNFCCFG,18941,APHDDCMEBAD,0x14092C90,mov-eax-imm32-ret,CANDIDATE,constant-return method body
13,FCMPHGKFEJE,34434,ICLNGANPOBG,0xA434EF0,mov-eax-imm32-ret,CANDIDATE,constant-return method body
13,FDOLMBBIOCP,16131,KIIHAEBMHGJ,0xCD18A20,mov-eax-imm32-ret,CANDIDATE,constant-return method body
13,GIPPBPEFMKF,28224,IMBHADIDAGI,0x135E5C60,mov-eax-imm32-ret,CANDIDATE,constant-return method body
13,GJAMJLHPLNH,57557,NHHFIMEFDAL,0xD618620,mov-eax-imm32-ret,CANDIDATE,constant-return method body
13,GMPGIPPDNPK,60204,IMBHADIDAGI,0x981C9C0,mov-eax-imm32-ret,CANDIDATE,constant-return method body
13,GNNPODGEEFJ,53945,CEJGKDKMOPC,0x1299BCA0,mov-eax-imm32-ret,CANDIDATE,constant-return method body
13,HFFKKHDKJIH,42051,IMBHADIDAGI,0x98763F0,mov-eax-imm32-ret,CANDIDATE,constant-return method body
13,HFHDLKEKPGD,71842,PHAFOOIBGKI,0xED9DE90,mov-eax-imm32-ret,CANDIDATE,constant-return method body
13,HKHMANJNHGE,50663,IMBHADIDAGI,0x8CEC390,mov-eax-imm32-ret,CANDIDATE,constant-return method body
13,HPAIEKMGFPC,45229,IMBHADIDAGI,0xA6C19C0,mov-eax-imm32-ret,CANDIDATE,constant-return method body
13,IKBLAHDPNNP,28195,CEJGKDKMOPC,0x12A97710,mov-eax-imm32-ret,CANDIDATE,constant-return method body
13,JIOIAPICJOE,67450,NIIICEHCLKF,0xFB49090,mov-eax-imm32-ret,CANDIDATE,constant-return method body
13,JJJNPEDNMDD,70065,IMBHADIDAGI,0x8220080,mov-eax-imm32-ret,CANDIDATE,constant-return method body
13,JulianCalendar,689,get_ID,0x195738A0,mov-eax-imm32-ret,CANDIDATE,constant-return method body
13,KDFBBCOPKNH,26654,LPAIJDGCJOD,0x107288A0,mov-eax-imm32-ret,CANDIDATE,constant-return method body
13,KEDNEDBDIKB,87330,LMAGHEILOOL,0x9BA6490,mov-eax-imm32-ret,CANDIDATE,constant-return method body
13,KFHPPNIJKCL,17944,IMBHADIDAGI,0xEFF2AE0,mov-eax-imm32-ret,CANDIDATE,constant-return method body
13,KLAGMFIELJN,81529,PHAFOOIBGKI,0x8FD4AE0,mov-eax-imm32-ret,CANDIDATE,constant-return method body
13,LKIHGPGNDNL,68892,AMJIAKPMLGA,0x83CF700,mov-eax-imm32-ret,CANDIDATE,constant-return method body
13,MIKKFNLIENE,13328,HDCCPLPOCPM,0x12D40EC0,mov-eax-imm32-ret,CANDIDATE,constant-return method body
13,MMACKIGCNOO,24035,PLKKEGKGCJJ,0xB5F8430,mov-eax-imm32-ret,CANDIDATE,constant-return method body
13,NCHKHPIPEOB,25795,OAAPEEELDBD,0xE696A30,mov-eax-imm32-ret,CANDIDATE,constant-return method body
13,NEDOJOLJPMF,49499,PFFECIBHFDP,0x116B59A0,mov-eax-imm32-ret,CANDIDATE,constant-return method body
13,NFHPKGPAHLM,63815,OKDMFIFCDGF,0x1195D0E0,mov-eax-imm32-ret,CANDIDATE,constant-return method body
13,NIJDKAOCFDF,51934,MIBIPNFDLDI,0x7B04F20,mov-eax-imm32-ret,CANDIDATE,constant-return method body
13,NOLCLPLNIMP,44911,IMBHADIDAGI,0x13D1D2B0,mov-eax-imm32-ret,CANDIDATE,constant-return method body
13,OFFGPBFHODC,20872,LACKLGEGNHN,0x13D4A810,mov-eax-imm32-ret,CANDIDATE,constant-return method body
13,OGJNJNHIODB,45355,PLAAILNKIIK,0xAD8B390,mov-eax-imm32-ret,CANDIDATE,constant-return method body
13,Single,291,GetTypeCode,0x19528BC0,mov-eax-imm32-ret,CANDIDATE,constant-return method body
13,XmlWhitespace,3094,get_NodeType,0x19AA1140,mov-eax-imm32-ret,CANDIDATE,constant-return method body
14,ADCGOPJPCKK,42158,MIBIPNFDLDI,0x103EEDE0,mov-eax-imm32-ret,CANDIDATE,constant-return method body
14,AJOMIDICFMN,39218,get_typeId,0x10FB9560,mov-eax-imm32-ret,CANDIDATE,constant-return method body
14,AMIDOFEAOGG,45631,NHHFIMEFDAL,0xBCA6DA0,mov-eax-imm32-ret,CANDIDATE,constant-return method body
14,BAIIMDJMBML,16863,PFFECIBHFDP,0xBCBE490,mov-eax-imm32-ret,CANDIDATE,constant-return method body
14,BANEFANPNHO,63820,OKDMFIFCDGF,0x124DD0C0,mov-eax-imm32-ret,CANDIDATE,constant-return method body
14,BBFIAEKGFCF,22834,PHAFOOIBGKI,0xF7FAAB0,mov-eax-imm32-ret,CANDIDATE,constant-return method body
14,BEOAGBFMHAA,67170,HJHMCMHJGND,0xB528C00,mov-eax-imm32-ret,CANDIDATE,constant-return method body
14,BHMDMAAOPAD,74534,OIIHAJDJBCA,0x1084A1B0,mov-eax-imm32-ret,CANDIDATE,constant-return method body
14,DSIllegalAreaEntity,74696,get_entityType,0x1214A030,mov-eax-imm32-ret,CANDIDATE,constant-return method body
14,Datatype_decimal,3215,get_TypeCode,0x19A729E0,mov-eax-imm32-ret,CANDIDATE,constant-return method body
14,Double,201,GetTypeCode,0x194C4A30,mov-eax-imm32-ret,CANDIDATE,constant-return method body
14,EGCKKHKECCK,84282,OIPICFPAMIM,0xBCD3EF0,mov-eax-imm32-ret,CANDIDATE,constant-return method body
14,ELIMLAAHBDH,63808,IOPPCCMNNHF,0x9F63D70,mov-eax-imm32-ret,CANDIDATE,constant-return method body
14,FKENCFPCKHL,26419,JKJENLOOHPM,0x10F1D170,mov-eax-imm32-ret,CANDIDATE,constant-return method body
14,GNFNLEOPION,81591,KIIHAEBMHGJ,0xEC4A4F0,mov-eax-imm32-ret,CANDIDATE,constant-return method body
14,HACJAOJEIHC,46156,AMJIAKPMLGA,0x110EF770,mov-eax-imm32-ret,CANDIDATE,constant-return method body
14,HGAHFBJIEFI,39108,LPAIJDGCJOD,0xB228F30,mov-eax-imm32-ret,CANDIDATE,constant-return method body
14,IENPNFEJGBA,52541,CEJGKDKMOPC,0x111C9E60,mov-eax-imm32-ret,CANDIDATE,constant-return method body
14,IPHPDKGHDFM,18145,OAAPEEELDBD,0x10672DD0,mov-eax-imm32-ret,CANDIDATE,constant-return method body
14,JapaneseLunisolarCalendar,688,get_ID,0x194AE170,mov-eax-imm32-ret,CANDIDATE,constant-return method body
14,KEDNEDBDIKB,87330,LACKLGEGNHN,0x9BA6740,mov-eax-imm32-ret,CANDIDATE,constant-return method body
14,KGGFIPEKCEG,47699,AGOKLBFFPGN,0xE3A3A50,mov-eax-imm32-ret,CANDIDATE,constant-return method body
14,KOKHEGIHIMG,69002,KJNGMBNHMJO,0x901F0B0,mov-eax-imm32-ret,CANDIDATE,constant-return method body
14,KPFBPDCFIJF,40788,HDCCPLPOCPM,0x11F89570,mov-eax-imm32-ret,CANDIDATE,constant-return method body
14,LFGALEFLKHH,68661,FHJCCCIOMHH,0x10D3E910,mov-eax-imm32-ret,CANDIDATE,constant-return method body
14,LHJPKDNBGOA,16122,KIIHAEBMHGJ,0x11329F00,mov-eax-imm32-ret,CANDIDATE,constant-return method body
14,LJGCFENJCOK,49042,PHAFOOIBGKI,0xCE3CF10,mov-eax-imm32-ret,CANDIDATE,constant-return method body
14,LKABCMFINDO,27856,ECECFOEMAOJ,0x83CA5A0,mov-eax-imm32-ret,CANDIDATE,constant-return method body
14,NFODLHFKOHL,26809,NIIICEHCLKF,0x7AE3390,mov-eax-imm32-ret,CANDIDATE,constant-return method body
14,NHABKNBBBGJ,65798,HKJOCMJBKCN,0x13015290,mov-eax-imm32-ret,CANDIDATE,constant-return method body
14,OGLIOGGOHDI,47130,ICLNGANPOBG,0xE773010,mov-eax-imm32-ret,CANDIDATE,constant-return method body
14,OPNDCJGBGKP,74224,IMBHADIDAGI,0x100FD830,mov-eax-imm32-ret,CANDIDATE,constant-return method body
14,PADLLNBIKJH,36361,LMAGHEILOOL,0xF44F2E0,mov-eax-imm32-ret,CANDIDATE,constant-return method body
14,PAJOEPPNBDM,16363,PLKKEGKGCJJ,0x7C13B90,mov-eax-imm32-ret,CANDIDATE,constant-return method body
14,XmlSignificantWhitespace,3091,get_NodeType,0x199C8D50,mov-eax-imm32-ret,CANDIDATE,constant-return method body
15,AAGNNLDFMIP,16115,KIIHAEBMHGJ,0xB430FE0,mov-eax-imm32-ret,CANDIDATE,constant-return method body
15,ADJFPMBMCHD,79645,CEJGKDKMOPC,0x7156F60,mov-eax-imm32-ret,CANDIDATE,constant-return method body
15,AJPGLOEHMLI,13111,PFFECIBHFDP,0x12723CF0,mov-eax-imm32-ret,CANDIDATE,constant-return method body
15,ALGIJODDJAI,14972,get_panelType,0x10469A70,mov-eax-imm32-ret,CANDIDATE,constant-return method body
15,BCBPAJOJJCG,67173,get_containsPresetType,0x1082A1F0,mov-eax-imm32-ret,CANDIDATE,constant-return method body
15,BEOAGBFMHAA,67170,LMAGHEILOOL,0xB528AB0,mov-eax-imm32-ret,CANDIDATE,constant-return method body
15,BFHENCPKBMC,47798,KIIHAEBMHGJ,0x7F5E860,mov-eax-imm32-ret,CANDIDATE,constant-return method body
15,CGMLKBCEDLA,12253,HGODMPPMHEM,0x8C23EB0,mov-eax-imm32-ret,CANDIDATE,constant-return method body
15,ChineseLunisolarCalendar,656,get_ID,0x195C2D20,mov-eax-imm32-ret,CANDIDATE,constant-return method body
15,DSCollectItemEntity,64719,get_entityType,0x12D86B90,mov-eax-imm32-ret,CANDIDATE,constant-return method body
15,Datatype_float,3213,get_TypeCode,0x19A73350,mov-eax-imm32-ret,CANDIDATE,constant-return method body
15,Decimal,195,GetTypeCode,0x194E4470,mov-eax-imm32-ret,CANDIDATE,constant-return method body
15,EDGKPBOMMEN,41638,get_panelType,0xE9F81E0,mov-eax-imm32-ret,CANDIDATE,constant-return method body
15,EEPFMLKLKDP,82819,NIIICEHCLKF,0x11AB9F10,mov-eax-imm32-ret,CANDIDATE,constant-return method body
15,EICGBECCAKO,18768,OAAPEEELDBD,0x89A14E0,mov-eax-imm32-ret,CANDIDATE,constant-return method body
15,EIKLCAGMDKM,40161,HKJOCMJBKCN,0xA1E3C00,mov-eax-imm32-ret,CANDIDATE,constant-return method body
15,EnviroSphereFogSetting,21986,get_containsPresetType,0x10E97B10,mov-eax-imm32-ret,CANDIDATE,constant-return method body
15,FELGPHJKGIB,68349,CEJGKDKMOPC,0xEB85E70,mov-eax-imm32-ret,CANDIDATE,constant-return method body
15,GHLOPHKJLNM,86518,AMJIAKPMLGA,0x8042DC0,mov-eax-imm32-ret,CANDIDATE,constant-return method body
15,GPGFMMOHINM,18444,get_panelType,0x8C4E6A0,mov-eax-imm32-ret,CANDIDATE,constant-return method body
15,HAELPFJIMJN,72325,MIBIPNFDLDI,0xA5BDAE0,mov-eax-imm32-ret,CANDIDATE,constant-return method body
15,ILBEGNOLLDI,77774,OIIHAJDJBCA,0xA72E930,mov-eax-imm32-ret,CANDIDATE,constant-return method body
15,KGKDKNLFIHB,53481,HDCCPLPOCPM,0xA9691C0,mov-eax-imm32-ret,CANDIDATE,constant-return method body
15,KHMLKKMOPPO,63810,OKDMFIFCDGF,0x124DE1D0,mov-eax-imm32-ret,CANDIDATE,constant-return method body
15,KLNMCOJAACF,12251,HGODMPPMHEM,0x743B220,mov-eax-imm32-ret,CANDIDATE,constant-return method body
15,KNKMLONFEJI,56345,ECECFOEMAOJ,0xE3EB250,mov-eax-imm32-ret,CANDIDATE,constant-return method body
15,LEHCMFIEOII,80967,get_typeId,0xAA0CBF0,mov-eax-imm32-ret,CANDIDATE,constant-return method body
15,LFDOLKAMMGD,51863,NHHFIMEFDAL,0x783D930,mov-eax-imm32-ret,CANDIDATE,constant-return method body
15,LPGJDDKOOOB,55282,LACKLGEGNHN,0xF148800,mov-eax-imm32-ret,CANDIDATE,constant-return method body
15,PGKAAFCGCBA,72125,ICLNGANPOBG,0x13DC8020,mov-eax-imm32-ret,CANDIDATE,constant-return method body
15,PKBNLCOBEHK,75311,PHAFOOIBGKI,0xD257890,mov-eax-imm32-ret,CANDIDATE,constant-return method body
15,PKEKLGODOFD,57140,PLKKEGKGCJJ,0xB98FA70,mov-eax-imm32-ret,CANDIDATE,constant-return method body
16,ACOHJKFODAD,73087,IMBHADIDAGI,0xF77CDB0,mov-eax-imm32-ret,CANDIDATE,constant-return method body
16,AFEMOLEJIJL,71358,PFFECIBHFDP,0x10406F10,mov-eax-imm32-ret,CANDIDATE,constant-return method body
16,AHKLMAEHNOL,71143,IMBHADIDAGI,0x127115F0,mov-eax-imm32-ret,CANDIDATE,constant-return method body
16,ANHJCCKEGJH,47233,IMBHADIDAGI,0x12741D80,mov-eax-imm32-ret,CANDIDATE,constant-return method body
16,AnimatorWithParamClip,44028,get_clipCaps,0x12D92030,mov-eax-imm32-ret,CANDIDATE,constant-return method body
16,BEDGGILANCK,12169,GNKANMFPJAE,0x11399FC0,mov-eax-imm32-ret,CANDIDATE,constant-return method body
16,BGGCLIJGNOH,70722,IMBHADIDAGI,0xB5301B0,mov-eax-imm32-ret,CANDIDATE,constant-return method body
16,BKGJNJGFBCK,66110,IMBHADIDAGI,0xB55FB40,mov-eax-imm32-ret,CANDIDATE,constant-return method body
16,BNJAJPNMLPE,16128,KIIHAEBMHGJ,0x11F45270,mov-eax-imm32-ret,CANDIDATE,constant-return method body
16,BlackScreenClip,58620,get_clipCaps,0xF1CF1E0,mov-eax-imm32-ret,CANDIDATE,constant-return method body
16,BloomControlClip,18489,get_clipCaps,0xF1CF1F0,mov-eax-imm32-ret,CANDIDATE,constant-return method body
16,CHPOBGGKFIM,63826,OKDMFIFCDGF,0xBA25FC0,mov-eax-imm32-ret,CANDIDATE,constant-return method body
16,CLDBJPHJLFK,15345,IMBHADIDAGI,0xC7B01B0,mov-eax-imm32-ret,CANDIDATE,constant-return method body
16,CameraDitherControlClip,77525,get_clipCaps,0x12155290,mov-eax-imm32-ret,CANDIDATE,constant-return method body
16,DBKJKLDIFCK,73487,HJHMCMHJGND,0x882D2F0,mov-eax-imm32-ret,CANDIDATE,constant-return method body
16,DCCPLGFMKHK,33243,IMBHADIDAGI,0x125301A0,mov-eax-imm32-ret,CANDIDATE,constant-return method body
16,DCFFDKFHIAM,25840,MIBIPNFDLDI,0x119D1540,mov-eax-imm32-ret,CANDIDATE,constant-return method body
16,DOFClip,39518,get_clipCaps,0xE5AF040,mov-eax-imm32-ret,CANDIDATE,constant-return method body
16,DSNormalMonsterEntity,44293,get_entityType,0x1214A380,mov-eax-imm32-ret,CANDIDATE,constant-return method body
16,Datatype_double,3214,get_TypeCode,0x19A1BEB0,mov-eax-imm32-ret,CANDIDATE,constant-return method body
16,DateTime,190,GetTypeCode,0x19572490,mov-eax-imm32-ret,CANDIDATE,constant-return method body
16,ECFIEGGLKML,22307,get_size,0x102FDBC0,mov-eax-imm32-ret,CANDIDATE,constant-return method body
16,ECIIHEHIEFM,19368,IMBHADIDAGI,0x127AA1E0,mov-eax-imm32-ret,CANDIDATE,constant-return method body
16,EGAJCOPFKLN,34514,get_size,0xBCD2390,mov-eax-imm32-ret,CANDIDATE,constant-return method body
16,EffectScaleClip,35698,get_clipCaps,0x9126160,mov-eax-imm32-ret,CANDIDATE,constant-return method body
16,EntityReplayClip,54462,get_clipCaps,0xC362320,mov-eax-imm32-ret,CANDIDATE,constant-return method body
16,EquipDitherControlClip,67489,get_clipCaps,0xCF35850,mov-eax-imm32-ret,CANDIDATE,constant-return method body
16,FAODAKOIINE,85920,IMBHADIDAGI,0x14074C80,mov-eax-imm32-ret,CANDIDATE,constant-return method body
16,FCJMHCCJDJK,44355,LPAIJDGCJOD,0x8B3AED0,mov-eax-imm32-ret,CANDIDATE,constant-return method body
16,FDDLOFJLJIO,15945,IMBHADIDAGI,0x8B3D080,mov-eax-imm32-ret,CANDIDATE,constant-return method body
16,FPNBBJKJAJB,32310,get_size,0x8BC54D0,mov-eax-imm32-ret,CANDIDATE,constant-return method body
16,FlareControlClip,71730,get_clipCaps,0xF1DCA40,mov-eax-imm32-ret,CANDIDATE,constant-return method body
16,GAFHBNEKFEP,69154,HKJOCMJBKCN,0xA4F9F20,mov-eax-imm32-ret,CANDIDATE,constant-return method body
16,GGMECDMMIIE,41857,IMBHADIDAGI,0x74066C0,mov-eax-imm32-ret,CANDIDATE,constant-return method body
16,GJJFFEELIAD,82940,NHHFIMEFDAL,0xCA6E040,mov-eax-imm32-ret,CANDIDATE,constant-return method body
16,GLCIMPHILJP,79990,IMBHADIDAGI,0xB1CF100,mov-eax-imm32-ret,CANDIDATE,constant-return method body
16,GOLDDOPHIOO,65505,NIIICEHCLKF,0xED5D490,mov-eax-imm32-ret,CANDIDATE,constant-return method body
16,HAGCJFOPGHE,70331,HDCCPLPOCPM,0xA5BE090,mov-eax-imm32-ret,CANDIDATE,constant-return method body
16,HONNKMOHLIA,43549,LMAGHEILOOL,0x105A6680,mov-eax-imm32-ret,CANDIDATE,constant-return method body
16,IDCDCOFONFO,61995,IMBHADIDAGI,0xA6E4850,mov-eax-imm32-ret,CANDIDATE,constant-return method body
16,IENDNDGBELJ,80669,PHAFOOIBGKI,0xEE40900,mov-eax-imm32-ret,CANDIDATE,constant-return method body
16,IMKFBFBNJCG,46157,IMBHADIDAGI,0x1064D680,mov-eax-imm32-ret,CANDIDATE,constant-return method body
16,JBEOBDCMKIB,22131,OAAPEEELDBD,0x1068EBC0,mov-eax-imm32-ret,CANDIDATE,constant-return method body
16,JBPAJBAHJGE,29367,OIIHAJDJBCA,0xE303B60,mov-eax-imm32-ret,CANDIDATE,constant-return method body
16,JMKLOCLIKBE,57394,AEGNNPENLNM,0x12BB89E0,mov-ax-imm16-ret,CANDIDATE,constant-return method body
16,KNJJHBEBOPJ,23891,IMBHADIDAGI,0x11F7D3D0,mov-eax-imm32-ret,CANDIDATE,constant-return method body
16,LKOONMHFLKH,30774,IMBHADIDAGI,0x1206FE80,mov-eax-imm32-ret,CANDIDATE,constant-return method body
16,MNBOPKMPEAN,31240,KIIHAEBMHGJ,0x1212F490,mov-eax-imm32-ret,CANDIDATE,constant-return method body
16,MPPageRewardBottomPlugin,28045,get_pluginType,0x79A2030,mov-eax-imm32-ret,CANDIDATE,constant-return method body
16,MonoEffectAfterImageClip,13572,get_clipCaps,0xC3B20B0,mov-eax-imm32-ret,CANDIDATE,constant-return method body
16,MotionBlurClip,77001,get_clipCaps,0x10A86C70,mov-eax-imm32-ret,CANDIDATE,constant-return method body
16,NMKOLMOCKKK,77320,IMBHADIDAGI,0x10019000,mov-eax-imm32-ret,CANDIDATE,constant-return method body
16,OEEMIPPKKHA,20215,GCMGDEJJCAO,0x8660620,mov-eax-imm32-ret,CANDIDATE,constant-return method body
16,OHBHKBEIAMD,33434,IMBHADIDAGI,0x10099C30,mov-eax-imm32-ret,CANDIDATE,constant-return method body
16,OHMDBHEHIHO,14059,IMBHADIDAGI,0x13D53EE0,mov-eax-imm32-ret,CANDIDATE,constant-return method body
16,OJFGANDAEHN,58534,IMBHADIDAGI,0x9FB9A20,mov-eax-imm32-ret,CANDIDATE,constant-return method body
16,OMGODHFDEAM,32352,IMBHADIDAGI,0x1180FFE0,mov-eax-imm32-ret,CANDIDATE,constant-return method body
16,OMOEMNFHNJB,80514,IMBHADIDAGI,0x9FD4620,mov-eax-imm32-ret,CANDIDATE,constant-return method body
16,OPOBOLACLBJ,15431,IMBHADIDAGI,0xC66D660,mov-eax-imm32-ret,CANDIDATE,constant-return method body
16,PBJDCFGOBBJ,29422,IMBHADIDAGI,0xC6757C0,mov-eax-imm32-ret,CANDIDATE,constant-return method body
16,PIEGAMCGAGB,16913,IMBHADIDAGI,0x940ED00,mov-eax-imm32-ret,CANDIDATE,constant-return method body
16,PMKBJLOEACA,66467,IMBHADIDAGI,0xC6E1970,mov-eax-imm32-ret,CANDIDATE,constant-return method body
16,PPHOCIELFFP,32278,IMBHADIDAGI,0x7CCD630,mov-eax-imm32-ret,CANDIDATE,constant-return method body
16,ParticleSystemControlClip,8835,get_clipCaps,0x19090330,mov-eax-imm32-ret,CANDIDATE,constant-return method body
16,PropertyInfo,574,,0x194EA620,mov-eax-imm32-ret,CANDIDATE,constant-return method body
16,RadialBlurClip,49240,get_clipCaps,0xE677F10,mov-eax-imm32-ret,CANDIDATE,constant-return method body
16,SimpleWayPointControlClip,66266,get_clipCaps,0xAC6D470,mov-eax-imm32-ret,CANDIDATE,constant-return method body
16,ToonPerspectiveClip,15136,get_clipCaps,0xE67F1C0,mov-eax-imm32-ret,CANDIDATE,constant-return method body
16,WeatherControllerClip,86025,get_clipCaps,0x92A98A0,mov-eax-imm32-ret,CANDIDATE,constant-return method body
16,WorldTimeControlClip,42587,get_clipCaps,0x10A9C330,mov-eax-imm32-ret,CANDIDATE,constant-return method body
16,ojEekVynAAVWXZJEofuqNgLHvYVC,7617,uLPkwvqFxZRiXUEqncfQGTjwyivHA,0x198C57D0,mov-eax-imm32-ret,CANDIDATE,constant-return method body
17,AKBJJEDFJHC,18575,PLAAILNKIIK,0xAB939C0,mov-eax-imm32-ret,CANDIDATE,constant-return method body
17,ALGMHDLBFDD,71759,PHAFOOIBGKI,0x71B6110,mov-eax-imm32-ret,CANDIDATE,constant-return method body
17,APIIIJBEEEE,61595,OIIHAJDJBCA,0x10482B30,mov-eax-imm32-ret,CANDIDATE,constant-return method body
17,BMPJOGBFAEB,63837,OKDMFIFCDGF,0x133A9290,mov-eax-imm32-ret,CANDIDATE,constant-return method body
17,CHMMPIDGOPN,29039,KNKLFLEFCNO,0x9F5B990,mov-eax-imm32-ret,CANDIDATE,constant-return method body
17,CNPMAOKILEI,16107,KIIHAEBMHGJ,0x8FA2130,mov-eax-imm32-ret,CANDIDATE,constant-return method body
17,DPCDLBKCBOI,70681,LMAGHEILOOL,0x13FB7920,mov-eax-imm32-ret,CANDIDATE,constant-return method body
17,DSContinuePressurePlane,42834,get_entityType,0x121490F0,mov-eax-imm32-ret,CANDIDATE,constant-return method body
17,Datatype_duration,3216,get_TypeCode,0x19A72DD0,mov-eax-imm32-ret,CANDIDATE,constant-return method body
17,EIDEFBACMHK,77619,NIIICEHCLKF,0x964ABA0,mov-eax-imm32-ret,CANDIDATE,constant-return method body
17,HONNKMOHLIA,43549,LACKLGEGNHN,0x105A6AD0,mov-eax-imm32-ret,CANDIDATE,constant-return method body
17,IFEHACFOBIK,79250,HDCCPLPOCPM,0xA6FBC60,mov-eax-imm32-ret,CANDIDATE,constant-return method body
17,IHIHOFOBOEF,76936,KIIHAEBMHGJ,0x8148240,mov-eax-imm32-ret,CANDIDATE,constant-return method body
17,IIFIBINFEKE,60332,IMBHADIDAGI,0x106110A0,mov-eax-imm32-ret,CANDIDATE,constant-return method body
17,IMEOELFKKBL,78649,MIBIPNFDLDI,0xA736600,mov-eax-imm32-ret,CANDIDATE,constant-return method body
17,IMMIAEFCFKA,22382,BPNEPDCHCAJ,0x125C3750,mov-eax-imm32-ret,CANDIDATE,constant-return method body
17,JNMPKGKDFEG,36086,IMBHADIDAGI,0xC0DE5B0,mov-eax-imm32-ret,CANDIDATE,constant-return method body
17,KFPOPAPFNPB,15664,NHHFIMEFDAL,0x10744890,mov-eax-imm32-ret,CANDIDATE,constant-return method body
17,KHABMOJEJGA,22385,BPNEPDCHCAJ,0xA1D2380,mov-eax-imm32-ret,CANDIDATE,constant-return method body
17,LCNNAMAKOHE,44548,get_typeId,0x12C7E250,mov-eax-imm32-ret,CANDIDATE,constant-return method body
17,LJMIOHOHFOK,83094,HKJOCMJBKCN,0xE4C2510,mov-eax-imm32-ret,CANDIDATE,constant-return method body
17,LNJOACHEMMP,63297,OIPICFPAMIM,0x787E7A0,mov-eax-imm32-ret,CANDIDATE,constant-return method body
17,LPBDLBMMIEK,17452,IMBHADIDAGI,0x12099B80,mov-eax-imm32-ret,CANDIDATE,constant-return method body
17,MHEMLIJIGIB,46085,PFFECIBHFDP,0xCEA35B0,mov-eax-imm32-ret,CANDIDATE,constant-return method body
17,MonoBeyondLocalSaveDataCard,87769,get_panelType,0xC397910,mov-eax-imm32-ret,CANDIDATE,constant-return method body
17,ONFOGKLJFHE,63023,OAAPEEELDBD,0x1235FCB0,mov-eax-imm32-ret,CANDIDATE,constant-return method body
17,PJKPBBPLCBN,55430,IMBHADIDAGI,0xAE0D610,mov-eax-imm32-ret,CANDIDATE,constant-return method body
17,POFBFPMAAHC,60763,IMBHADIDAGI,0x13E36A70,mov-eax-imm32-ret,CANDIDATE,constant-return method body
17,XDeclarationWrapper,7463,get_NodeType,0x196A8330,mov-eax-imm32-ret,CANDIDATE,constant-return method body
17,XmlDeclaration,3069,get_NodeType,0x19AAF380,mov-eax-imm32-ret,CANDIDATE,constant-return method body
18,AHLDJKMBPLO,83526,LMAGHEILOOL,0x11B7CDA0,mov-eax-imm32-ret,CANDIDATE,constant-return method body
18,AMBKJCGLPJJ,40835,PLKKEGKGCJJ,0xAB9C8F0,mov-eax-imm32-ret,CANDIDATE,constant-return method body
18,AOOPJACHHFA,69618,HDCCPLPOCPM,0x12748C60,mov-eax-imm32-ret,CANDIDATE,constant-return method body
18,COEDOBJNNGB,51021,get_typeId,0xD31EF60,mov-eax-imm32-ret,CANDIDATE,constant-return method body
18,DEICNBMAILF,63817,OKDMFIFCDGF,0xD2E3940,mov-eax-imm32-ret,CANDIDATE,constant-return method body
18,DLIOBKCPEOD,76571,NHHFIMEFDAL,0x8898360,mov-eax-imm32-ret,CANDIDATE,constant-return method body
18,Datatype_dateTimeBase,3219,get_TypeCode,0x19A1B630,mov-eax-imm32-ret,CANDIDATE,constant-return method body
18,EJOFKOINDAG,80007,FNJEIAAHKEL,0x14017E40,mov-eax-imm32-ret,CANDIDATE,constant-return method body
18,EJPLJDAAMKB,72424,KIIHAEBMHGJ,0xBB3AED0,mov-eax-imm32-ret,CANDIDATE,constant-return method body
18,EMDFBIHHNOG,70838,HKJOCMJBKCN,0x127FF280,mov-eax-imm32-ret,CANDIDATE,constant-return method body
18,EODGOMDCCAM,75114,LPAIJDGCJOD,0xA420770,mov-eax-imm32-ret,CANDIDATE,constant-return method body
18,FFKCFIJKEME,85116,PFFECIBHFDP,0xEB8AE10,mov-eax-imm32-ret,CANDIDATE,constant-return method body
18,FPODLPJLGCO,76606,OAAPEEELDBD,0x13584F40,mov-eax-imm32-ret,CANDIDATE,constant-return method body
18,HAHMBBFEECO,62802,MIBIPNFDLDI,0xBE4FA60,mov-eax-imm32-ret,CANDIDATE,constant-return method body
18,HBFNOLBAAII,16118,KIIHAEBMHGJ,0x9BB0A10,mov-eax-imm32-ret,CANDIDATE,constant-return method body
18,IBPEHCPKIPO,77694,LLOMNJHJLOE,0xCBAFA50,mov-eax-imm32-ret,CANDIDATE,constant-return method body
18,KJBOMFMMNHE,31408,NIIICEHCLKF,0xE3BC140,mov-eax-imm32-ret,CANDIDATE,constant-return method body
18,KPEGAJHAEPF,29932,CEJGKDKMOPC,0x113E2760,mov-eax-imm32-ret,CANDIDATE,constant-return method body
18,LFJNCOKOGIJ,63341,HJHMCMHJGND,0x9C459D0,mov-eax-imm32-ret,CANDIDATE,constant-return method body
18,MMKIAKHILOA,86972,get_panelType,0x793AD30,mov-eax-imm32-ret,CANDIDATE,constant-return method body
18,MPPageOnlineMatchingPlugin,82207,get_pluginType,0x9DB2CF0,mov-eax-imm32-ret,CANDIDATE,constant-return method body
18,OEHMMEGIJKH,14314,OIIHAJDJBCA,0x9FA0150,mov-eax-imm32-ret,CANDIDATE,constant-return method body
18,PostProcessEffectSettings,9445,CommandBufferEvent,0x6E98350,mov-eax-imm32-ret,CANDIDATE,constant-return method body
18,String,293,GetTypeCode,0x1948A870,mov-eax-imm32-ret,CANDIDATE,constant-return method body
19,ACINKHNDNFH,84768,IMBHADIDAGI,0x103E0300,mov-eax-imm32-ret,CANDIDATE,constant-return method body
19,ADFIGEDFBOH,45115,get_panelType,0xD4C8EB0,mov-eax-imm32-ret,CANDIDATE,constant-return method body
19,AFFBEBADCLI,25907,get_panelType,0xB0F1E80,mov-eax-imm32-ret,CANDIDATE,constant-return method body
19,AGENLFONALN,70099,PFFECIBHFDP,0xBC613C0,mov-eax-imm32-ret,CANDIDATE,constant-return method body
19,BBAFECDGFBL,66617,GNKANMFPJAE,0x1137C6B0,mov-eax-imm32-ret,CANDIDATE,constant-return method body
19,BBAOIPMONCA,63830,OKDMFIFCDGF,0xC78AD40,mov-eax-imm32-ret,CANDIDATE,constant-return method body
19,DNDNKJHEBAE,50198,LPAIJDGCJOD,0xB05C900,mov-eax-imm32-ret,CANDIDATE,constant-return method body
19,DNGOGNAJCAI,30728,HJHMCMHJGND,0x10DDEC10,mov-eax-imm32-ret,CANDIDATE,constant-return method body
19,Datatype_time,3225,get_TypeCode,0x19A810D0,mov-eax-imm32-ret,CANDIDATE,constant-return method body
19,EGGKKGJPIEK,13847,PHAFOOIBGKI,0x125C51B0,mov-eax-imm32-ret,CANDIDATE,constant-return method body
19,FJNDHJJDCIP,42995,NHHFIMEFDAL,0x12643B00,mov-eax-imm32-ret,CANDIDATE,constant-return method body
19,FrameTransition,9332,CommandBufferEvent,0x7118490,mov-eax-imm32-ret,CANDIDATE,constant-return method body
19,GEPFLMAKIDI,16123,KIIHAEBMHGJ,0x11329BC0,mov-eax-imm32-ret,CANDIDATE,constant-return method body
19,HCEIDJFJMEC,88019,get_panelType,0x11C762A0,mov-eax-imm32-ret,CANDIDATE,constant-return method body
19,HDGIKIPJNEG,20410,MIBIPNFDLDI,0x80A5B90,mov-eax-imm32-ret,CANDIDATE,constant-return method body
19,HNHFEPOLGPF,65694,LMAGHEILOOL,0x1368B030,mov-eax-imm32-ret,CANDIDATE,constant-return method body
19,HOFFMNBOPOE,68031,PHAFOOIBGKI,0xA6B7B30,mov-eax-imm32-ret,CANDIDATE,constant-return method body
19,IKLIKLMONCE,80728,HKJOCMJBKCN,0x12AB71D0,mov-eax-imm32-ret,CANDIDATE,constant-return method body
19,IjNOFBrBIvTgLqmvOiEEdFugNQuH,5995,sBlzJpBgKSCfKaVPcAoTvjfkvqTW,0x1978B5D0,mov-eax-imm32-ret,CANDIDATE,constant-return method body
19,JIKAKEOJFDF,88467,get_panelType,0x821B880,mov-eax-imm32-ret,CANDIDATE,constant-return method body
19,KOIGDEIDJNB,42926,ACEEEKEKMIG,0x107B4750,mov-eax-imm32-ret,CANDIDATE,constant-return method body
19,LEGLADKLDGF,21627,KIIHAEBMHGJ,0x108010E0,mov-eax-imm32-ret,CANDIDATE,constant-return method body
19,LOFMMDMGNLN,68607,PLKKEGKGCJJ,0x9086940,mov-eax-imm32-ret,CANDIDATE,constant-return method body
19,NBGEJNNJECI,62084,HDCCPLPOCPM,0x85D0740,mov-eax-imm32-ret,CANDIDATE,constant-return method body
19,NJAGCBLGLJO,74601,get_panelType,0x10B023D0,mov-eax-imm32-ret,CANDIDATE,constant-return method body
19,NMOEBGMHJEL,27381,OAAPEEELDBD,0x9312FE0,mov-eax-imm32-ret,CANDIDATE,constant-return method body
19,NMPCGKIHBJB,34430,OIIHAJDJBCA,0xAD2CEF0,mov-eax-imm32-ret,CANDIDATE,constant-return method body
19,OGMKGLODNAD,65961,AMCFEMGFGBC,0xC614A70,mov-eax-imm32-ret,CANDIDATE,constant-return method body
19,PLBNBFMGNGE,20893,NIIICEHCLKF,0xE8719F0,mov-eax-imm32-ret,CANDIDATE,constant-return method body
19,lJsssiVNLZFjCETgwwHRYijfazfk,5986,get_inputSourceType,0x1975B1B0,mov-eax-imm32-ret,CANDIDATE,constant-return method body
20,ADALINBEJOK,46089,IMBHADIDAGI,0x10F6EC00,mov-eax-imm32-ret,CANDIDATE,constant-return method body
20,ADNDDJKCHDM,55314,HKJOCMJBKCN,0xEADD000,mov-eax-imm32-ret,CANDIDATE,constant-return method body
20,AFEEDMJKPEA,72365,OIIHAJDJBCA,0x10403D80,mov-eax-imm32-ret,CANDIDATE,constant-return method body
20,AHLDJKMBPLO,83526,LACKLGEGNHN,0x11B7D1E0,mov-eax-imm32-ret,CANDIDATE,constant-return method body
20,AOIKCAHHNII,67147,LPAIJDGCJOD,0x8E4D200,mov-eax-imm32-ret,CANDIDATE,constant-return method body
20,BCLMPJOLHLH,23625,get_panelType,0xB51D3C0,mov-eax-imm32-ret,CANDIDATE,constant-return method body
20,BGGFKHNKJGD,19759,PHAFOOIBGKI,0x12B35F40,mov-eax-imm32-ret,CANDIDATE,constant-return method body
20,CBFNOKFAAHE,58742,OAAPEEELDBD,0xAF556D0,mov-eax-imm32-ret,CANDIDATE,constant-return method body
20,DIKKMJMEJKI,79804,KIIHAEBMHGJ,0x11A0D640,mov-eax-imm32-ret,CANDIDATE,constant-return method body
20,DJFMIDEKHIP,83400,PHAFOOIBGKI,0xC860810,mov-eax-imm32-ret,CANDIDATE,constant-return method body
20,DJJKFGHNCGO,38525,IMBHADIDAGI,0x11A25790,mov-eax-imm32-ret,CANDIDATE,constant-return method body
20,Datatype_date,3226,get_TypeCode,0x199CAF10,mov-eax-imm32-ret,CANDIDATE,constant-return method body
20,EJCLOMMLIGG,70227,get_typeId,0xBCE6A60,mov-eax-imm32-ret,CANDIDATE,constant-return method body
20,ELJCHHANGKG,82491,PFFECIBHFDP,0x11AEA080,mov-eax-imm32-ret,CANDIDATE,constant-return method body
20,EPBCGLJJOCI,39016,AEGNNPENLNM,0x72CED20,mov-ax-imm16-ret,CANDIDATE,constant-return method body
20,FEKOFGECPJJ,49323,JEAOMIIBKGA,0x103B7B90,mov-eax-imm32-ret,CANDIDATE,constant-return method body
20,FKNAADBGIDJ,30751,MIBIPNFDLDI,0x8BA0AF0,mov-eax-imm32-ret,CANDIDATE,constant-return method body
20,GBCDHEGABII,62831,NIIICEHCLKF,0xD5DDB20,mov-eax-imm32-ret,CANDIDATE,constant-return method body
20,HCECADCKIKN,77227,IMBHADIDAGI,0x129C0490,mov-eax-imm32-ret,CANDIDATE,constant-return method body
20,HDFOGEAMMMM,44868,JEAOMIIBKGA,0xF965600,mov-eax-imm32-ret,CANDIDATE,constant-return method body
20,IDDGEELMGOL,59487,NHHFIMEFDAL,0x9994BC0,mov-eax-imm32-ret,CANDIDATE,constant-return method body
20,IEMDGANCLIN,62937,IMBHADIDAGI,0xCBD9410,mov-eax-imm32-ret,CANDIDATE,constant-return method body
20,IGCDIDGIDHE,29227,IMBHADIDAGI,0xB2B48F0,mov-eax-imm32-ret,CANDIDATE,constant-return method body
20,IGIFIJBJDOK,47421,HDCCPLPOCPM,0xFA0EC70,mov-eax-imm32-ret,CANDIDATE,constant-return method body
20,INOEJIGFKHL,60586,JEAOMIIBKGA,0x12AC51E0,mov-eax-imm32-ret,CANDIDATE,constant-return method body
20,JAJJIOOBGKA,16127,KIIHAEBMHGJ,0xA957D90,mov-eax-imm32-ret,CANDIDATE,constant-return method body
20,JEJLGPGBFJF,27520,JEAOMIIBKGA,0xE31B780,mov-eax-imm32-ret,CANDIDATE,constant-return method body
20,JFJELPCLMHF,79879,MJNMPCBILCD,0xE321CD0,mov-eax-imm32-ret,CANDIDATE,constant-return method body
20,JKLPBOLHGHF,55919,IMBHADIDAGI,0xEF65890,mov-eax-imm32-ret,CANDIDATE,constant-return method body
20,JONDLOEHHAG,19387,IMBHADIDAGI,0x76FE790,mov-eax-imm32-ret,CANDIDATE,constant-return method body
20,KBOLKEMGFOO,63806,OKDMFIFCDGF,0xBA262E0,mov-eax-imm32-ret,CANDIDATE,constant-return method body
20,KIHNKPNIFPO,82968,IMBHADIDAGI,0x1386D3D0,mov-eax-imm32-ret,CANDIDATE,constant-return method body
20,KoreanLunisolarCalendar,691,get_ID,0x194C9600,mov-eax-imm32-ret,CANDIDATE,constant-return method body
20,LFJNCOKOGIJ,63341,LMAGHEILOOL,0x9C45860,mov-eax-imm32-ret,CANDIDATE,constant-return method body
20,LHEDHAGNKMM,73316,IMBHADIDAGI,0x11421C80,mov-eax-imm32-ret,CANDIDATE,constant-return method body
20,LHMIGLDEOBE,56543,IMBHADIDAGI,0x12CADB70,mov-eax-imm32-ret,CANDIDATE,constant-return method body
20,LNGMFLDCLOD,36721,NIIICEHCLKF,0x12086B40,mov-eax-imm32-ret,CANDIDATE,constant-return method body
20,MHGMGOFEKFM,44443,EHDOOHIIIMO,0x120E7E30,mov-eax-imm32-ret,CANDIDATE,constant-return method body
20,MIACHJBBDEG,65983,IMBHADIDAGI,0xF18FB10,mov-eax-imm32-ret,CANDIDATE,constant-return method body
20,MPPKGBEFGJK,33809,IMBHADIDAGI,0x9D72360,mov-eax-imm32-ret,CANDIDATE,constant-return method body
20,PDPPGHMJNIO,56528,IMBHADIDAGI,0x10BD9530,mov-eax-imm32-ret,CANDIDATE,constant-return method body
20,POMINJBBENF,45124,IMBHADIDAGI,0x9438E70,mov-eax-imm32-ret,CANDIDATE,constant-return method body
20,PacketHeader,9875,get_FixedLength,0x70FE0D0,mov-eax-imm32-ret,CANDIDATE,constant-return method body
20,RuntimeHelpers,1117,get_OffsetToStringData,0x19531C20,mov-eax-imm32-ret,CANDIDATE,constant-return method body
21,AFPJMDNPFAJ,15879,MIBIPNFDLDI,0x71738A0,mov-eax-imm32-ret,CANDIDATE,constant-return method body
21,ALJJGPHHJBK,63839,OKDMFIFCDGF,0x870C620,mov-eax-imm32-ret,CANDIDATE,constant-return method body
21,ALPAMDDEIID,52480,HKJOCMJBKCN,0xB1382A0,mov-eax-imm32-ret,CANDIDATE,constant-return method body
21,CNLIBAOJGDO,22109,OIIHAJDJBCA,0x7D322A0,mov-eax-imm32-ret,CANDIDATE,constant-return method body
21,DNGOGNAJCAI,30728,LMAGHEILOOL,0x10DDEE90,mov-eax-imm32-ret,CANDIDATE,constant-return method body
21,Datatype_yearMonth,3227,get_TypeCode,0x199B1430,mov-eax-imm32-ret,CANDIDATE,constant-return method body
21,EJFGJIOIOBI,12837,get_panelType,0x1032CF20,mov-eax-imm32-ret,CANDIDATE,constant-return method body
21,FNDGNAIMEAP,82667,PHAFOOIBGKI,0xD5A92D0,mov-eax-imm32-ret,CANDIDATE,constant-return method body
21,GLAFCDHMIAG,37794,IMBHADIDAGI,0x97FF4C0,mov-eax-imm32-ret,CANDIDATE,constant-return method body
21,HCBCLHLJMGJ,19894,IMBHADIDAGI,0xB206530,mov-eax-imm32-ret,CANDIDATE,constant-return method body
21,HNHFEPOLGPF,65694,LACKLGEGNHN,0x1368AE50,mov-eax-imm32-ret,CANDIDATE,constant-return method body
21,HOBFECGLIOE,76819,MJNMPCBILCD,0x8D03CB0,mov-eax-imm32-ret,CANDIDATE,constant-return method body
21,IBIMELCHINF,86207,IMBHADIDAGI,0xB279690,mov-eax-imm32-ret,CANDIDATE,constant-return method body
21,IONBFFADNDB,16679,LPAIJDGCJOD,0xA866A90,mov-eax-imm32-ret,CANDIDATE,constant-return method body
21,JAKFFKEABND,52357,NIIICEHCLKF,0xBFDA010,mov-eax-imm32-ret,CANDIDATE,constant-return method body
21,JBOCHGMGFCA,18652,IMBHADIDAGI,0x1376F2B0,mov-eax-imm32-ret,CANDIDATE,constant-return method body
21,KFNPNFHGAFC,79428,get_typeId,0xEFFCF50,mov-eax-imm32-ret,CANDIDATE,constant-return method body
21,KGGFIPEKCEG,47699,PHAFOOIBGKI,0xE3A5D20,mov-eax-imm32-ret,CANDIDATE,constant-return method body
21,LMCLHPNPOMK,15944,HDCCPLPOCPM,0xB4F6A70,mov-eax-imm32-ret,CANDIDATE,constant-return method body
21,MAFDKAKOGEJ,15315,IMBHADIDAGI,0x12CFCAD0,mov-eax-imm32-ret,CANDIDATE,constant-return method body
21,OAINOMAMDMF,42201,KIIHAEBMHGJ,0xAD53220,mov-eax-imm32-ret,CANDIDATE,constant-return method body
21,OHBMMAEOGCN,82746,NHHFIMEFDAL,0x7BA21A0,mov-eax-imm32-ret,CANDIDATE,constant-return method body
21,OKOBDFABKHG,60650,OAAPEEELDBD,0xB884470,mov-eax-imm32-ret,CANDIDATE,constant-return method body
21,PAJGPEBBJBB,23004,PLKKEGKGCJJ,0x93C8920,mov-eax-imm32-ret,CANDIDATE,constant-return method body
21,PNEHFEDAOEO,20491,JKJENLOOHPM,0x13E1F460,mov-eax-imm32-ret,CANDIDATE,constant-return method body
21,TaiwanLunisolarCalendar,697,get_ID,0x19477580,mov-eax-imm32-ret,CANDIDATE,constant-return method body
22,ACCOCEEOLEK,63825,OKDMFIFCDGF,0x870C300,mov-eax-imm32-ret,CANDIDATE,constant-return method body
22,AJMGBMBELMI,46793,NHHFIMEFDAL,0x11B87540,mov-eax-imm32-ret,CANDIDATE,constant-return method body
22,BCFJADBACMD,21323,PFFECIBHFDP,0x1276D3D0,mov-eax-imm32-ret,CANDIDATE,constant-return method body
22,BPLENPOBNOB,72762,NIIICEHCLKF,0x9B54C90,mov-eax-imm32-ret,CANDIDATE,constant-return method body
22,CABKDFEMCMI,80974,KIIHAEBMHGJ,0xE8130F0,mov-eax-imm32-ret,CANDIDATE,constant-return method body
22,DEIPMAOAABM,40105,HKJOCMJBKCN,0xD357030,mov-eax-imm32-ret,CANDIDATE,constant-return method body
22,DKJCDNOCIDK,39170,MJNMPCBILCD,0xD384890,mov-eax-imm32-ret,CANDIDATE,constant-return method body
22,Datatype_year,3228,get_TypeCode,0x199BE7C0,mov-eax-imm32-ret,CANDIDATE,constant-return method body
22,EHGBFFHCGKC,26695,HDCCPLPOCPM,0xBCDCF00,mov-eax-imm32-ret,CANDIDATE,constant-return method body
22,HCNFHMBCPMD,84516,AMCFEMGFGBC,0xBE6FD40,mov-eax-imm32-ret,CANDIDATE,constant-return method body
22,HFBLINMGKGP,35725,LMAGHEILOOL,0xB215220,mov-eax-imm32-ret,CANDIDATE,constant-return method body
22,HFMJLGHHLOB,62643,MIBIPNFDLDI,0x13653A40,mov-eax-imm32-ret,CANDIDATE,constant-return method body
22,JDKLNOCGFLE,80208,HOAFNAHCJCG,0x13791360,mov-eax-imm32-ret,CANDIDATE,constant-return method body
22,KBBNCOCOHCP,18849,PHAFOOIBGKI,0xB41B8C0,mov-eax-imm32-ret,CANDIDATE,constant-return method body
22,LEFNMGMMGLM,63400,IMBHADIDAGI,0xC1D4650,mov-eax-imm32-ret,CANDIDATE,constant-return method body
22,LFJNCOKOGIJ,63341,LACKLGEGNHN,0x9C45630,mov-eax-imm32-ret,CANDIDATE,constant-return method body
22,MFCAGADKEPD,77329,PHAFOOIBGKI,0xE52C780,mov-eax-imm32-ret,CANDIDATE,constant-return method body
22,MLOEKPAPELB,33024,get_typeId,0xCEEB2B0,mov-eax-imm32-ret,CANDIDATE,constant-return method body
22,NGAPGFNEDFO,34723,HJHMCMHJGND,0x12281E00,mov-eax-imm32-ret,CANDIDATE,constant-return method body
22,NGFNDJMHHEJ,67831,PLKKEGKGCJJ,0x10ADEA20,mov-eax-imm32-ret,CANDIDATE,constant-return method body
22,PPBABAODJLA,11789,OIIHAJDJBCA,0xC6F4020,mov-eax-imm32-ret,CANDIDATE,constant-return method body
22,PersianCalendar,650,get_ID,0x195A43F0,mov-eax-imm32-ret,CANDIDATE,constant-return method body
23,AOHBKPNPEFH,88578,HDCCPLPOCPM,0xB163CA0,mov-eax-imm32-ret,CANDIDATE,constant-return method body
23,BAEJIDMENBO,63824,OKDMFIFCDGF,0x7A1B3D0,mov-eax-imm32-ret,CANDIDATE,constant-return method body
23,CAHKPPFAFBH,82728,KIIHAEBMHGJ,0x10C307F0,mov-eax-imm32-ret,CANDIDATE,constant-return method body
23,DNGOGNAJCAI,30728,LACKLGEGNHN,0x10DDEC00,mov-eax-imm32-ret,CANDIDATE,constant-return method body
23,DPDDPJGIAPJ,28041,MIBIPNFDLDI,0xB081A40,mov-eax-imm32-ret,CANDIDATE,constant-return method body
23,Datatype_monthDay,3229,get_TypeCode,0x19A73730,mov-eax-imm32-ret,CANDIDATE,constant-return method body
23,EBGHPOFFOAH,47518,AMCFEMGFGBC,0xD3B75E0,mov-eax-imm32-ret,CANDIDATE,constant-return method body
23,EFCEHPIDNBH,37986,NIIICEHCLKF,0x125BC810,mov-eax-imm32-ret,CANDIDATE,constant-return method body
23,EFFAOGDOEKB,25845,OAAPEEELDBD,0x14000110,mov-eax-imm32-ret,CANDIDATE,constant-return method body
23,ELFPMAKLMOD,53828,OIIHAJDJBCA,0xA3F5110,mov-eax-imm32-ret,CANDIDATE,constant-return method body
23,HAGAJFIDJDD,43814,NHHFIMEFDAL,0xA5BDB90,mov-eax-imm32-ret,CANDIDATE,constant-return method body
23,JAEMGIEIHFP,25213,HKJOCMJBKCN,0x819B870,mov-eax-imm32-ret,CANDIDATE,constant-return method body
23,JHBFMFAIHHP,75700,PFFECIBHFDP,0x1128A540,mov-eax-imm32-ret,CANDIDATE,constant-return method body
23,LOPJAMDPHBG,15188,PHAFOOIBGKI,0xC294100,mov-eax-imm32-ret,CANDIDATE,constant-return method body
23,LPMCBNOFOKP,17444,BPBCPCBFLKM,0x139DC5A0,mov-eax-imm32-ret,CANDIDATE,constant-return method body
23,MKKEBEAIDJL,16988,get_typeId,0xB5E1040,mov-eax-imm32-ret,CANDIDATE,constant-return method body
23,NGAPGFNEDFO,34723,LMAGHEILOOL,0x12281DF0,mov-eax-imm32-ret,CANDIDATE,constant-return method body
23,PHDHGCCGPGH,54966,IMBHADIDAGI,0xE7EFB50,mov-eax-imm32-ret,CANDIDATE,constant-return method body
23,UmAlQuraCalendar,715,get_ID,0x19504C70,mov-eax-imm32-ret,CANDIDATE,constant-return method body
24,AAFLEKNMJBF,37838,IMBHADIDAGI,0x8A010F0,mov-eax-imm32-ret,CANDIDATE,constant-return method body
24,ADCKNPPFJKO,21580,IMBHADIDAGI,0x11B3FA80,mov-eax-imm32-ret,CANDIDATE,constant-return method body
24,AEOBFNJDAFE,84267,AMCFEMGFGBC,0x10F82730,mov-eax-imm32-ret,CANDIDATE,constant-return method body
24,AEOKFFLLPNN,15653,get_typeId,0x126F5AB0,mov-eax-imm32-ret,CANDIDATE,constant-return method body
24,BGLJKJLFIMM,84724,PFFECIBHFDP,0xB531270,mov-eax-imm32-ret,CANDIDATE,constant-return method body
24,BLAFMJAKMAL,44000,IMBHADIDAGI,0x11784F30,mov-eax-imm32-ret,CANDIDATE,constant-return method body
24,DBDCLLDKAKD,85523,PHAFOOIBGKI,0x12527D60,mov-eax-imm32-ret,CANDIDATE,constant-return method body
24,DBKJKLDIFCK,73487,LACKLGEGNHN,0x882D780,mov-eax-imm32-ret,CANDIDATE,constant-return method body
24,DIODELNIGGC,52404,OAAPEEELDBD,0x1342E590,mov-eax-imm32-ret,CANDIDATE,constant-return method body
24,DKHFNICMCIH,72436,IMBHADIDAGI,0x95A47E0,mov-eax-imm32-ret,CANDIDATE,constant-return method body
24,DNAGCBJPOHJ,43229,IMBHADIDAGI,0x12583960,mov-eax-imm32-ret,CANDIDATE,constant-return method body
24,DSKillerEntity,25786,get_entityType,0x84C2D60,mov-eax-imm32-ret,CANDIDATE,constant-return method body
24,Datatype_day,3230,get_TypeCode,0x19A94090,mov-eax-imm32-ret,CANDIDATE,constant-return method body
24,Datatype_union,3207,get_ValidRestrictionFlags,0x199BDE60,mov-eax-imm32-ret,CANDIDATE,constant-return method body
24,EADJIBIGENL,22060,GCMGDEJJCAO,0xB0871B0,mov-eax-imm32-ret,CANDIDATE,constant-return method body
24,EBFMIOONLEA,82101,IMBHADIDAGI,0xC8C0060,mov-eax-imm32-ret,CANDIDATE,constant-return method body
24,ECPCFEIOANE,34545,IMBHADIDAGI,0x723AFD0,mov-eax-imm32-ret,CANDIDATE,constant-return method body
24,GNMNFLKGMHH,64862,MIBIPNFDLDI,0xD648BA0,mov-eax-imm32-ret,CANDIDATE,constant-return method body
24,HBBFKEHDDDP,66705,NHHFIMEFDAL,0x11C6B010,mov-eax-imm32-ret,CANDIDATE,constant-return method body
24,HGNCPLIIHOP,36083,OIIHAJDJBCA,0x1365B170,mov-eax-imm32-ret,CANDIDATE,constant-return method body
24,HLNAGMIMGFE,47388,IMBHADIDAGI,0x1114F2B0,mov-eax-imm32-ret,CANDIDATE,constant-return method body
24,IEKAIAFNMFE,78362,BPBCPCBFLKM,0xEE3EB60,mov-eax-imm32-ret,CANDIDATE,constant-return method body
24,IIDICIKNAIF,87747,AEGNNPENLNM,0x8D8A0B0,mov-ax-imm16-ret,CANDIDATE,constant-return method body
24,JEKKHFNPLMF,37734,IMBHADIDAGI,0x81E6200,mov-eax-imm32-ret,CANDIDATE,constant-return method body
24,JEMHIDKBKHG,68238,IMBHADIDAGI,0xEF1E4B0,mov-eax-imm32-ret,CANDIDATE,constant-return method body
24,JMBPDBMMPFA,36731,IMBHADIDAGI,0x12BB6FB0,mov-eax-imm32-ret,CANDIDATE,constant-return method body
24,KBCDNBBABFO,32564,IMBHADIDAGI,0xB41C3B0,mov-eax-imm32-ret,CANDIDATE,constant-return method body
24,KBNOBPGEIKC,80835,get_panelType,0x771F680,mov-eax-imm32-ret,CANDIDATE,constant-return method body
24,LCJAIKEGBAM,27072,GCMGDEJJCAO,0x8371350,mov-eax-imm32-ret,CANDIDATE,constant-return method body
24,LEBBKHLPOCM,73633,IMBHADIDAGI,0x139367B0,mov-eax-imm32-ret,CANDIDATE,constant-return method body
24,LEOFMFFFPMJ,35592,IMBHADIDAGI,0xC1D83D0,mov-eax-imm32-ret,CANDIDATE,constant-return method body
24,LGOIFPKBOKF,67105,GCMGDEJJCAO,0x9C54DD0,mov-eax-imm32-ret,CANDIDATE,constant-return method body
24,MGOJNEPJELP,82154,IMBHADIDAGI,0xB5C1960,mov-eax-imm32-ret,CANDIDATE,constant-return method body
24,MHFKCDPHAIC,49292,IMBHADIDAGI,0x12D33B10,mov-eax-imm32-ret,CANDIDATE,constant-return method body
24,MMOMGHGGOJK,37164,LMAGHEILOOL,0xC3253B0,mov-eax-imm32-ret,CANDIDATE,constant-return method body
24,MNEMLPNNHIC,63816,OKDMFIFCDGF,0xD2E40E0,mov-eax-imm32-ret,CANDIDATE,constant-return method body
24,MNLGKNBFPLK,58167,KIIHAEBMHGJ,0x10992630,mov-eax-imm32-ret,CANDIDATE,constant-return method body
24,MOPIDAKPFPO,41339,HKJOCMJBKCN,0x1099E590,mov-eax-imm32-ret,CANDIDATE,constant-return method body
24,NDDIEOEDODI,49055,HDCCPLPOCPM,0xC54C9A0,mov-eax-imm32-ret,CANDIDATE,constant-return method body
25,DBKJKLDIFCK,73487,LMAGHEILOOL,0x882D2E0,mov-eax-imm32-ret,CANDIDATE,constant-return method body
25,DSDestinationEntity,29194,get_entityType,0x84C1A20,mov-eax-imm32-ret,CANDIDATE,constant-return method body
25,Datatype_month,3231,get_TypeCode,0x19A0F6C0,mov-eax-imm32-ret,CANDIDATE,constant-return method body
25,EJIMCJHFJLL,59343,IMBHADIDAGI,0x89B9400,mov-eax-imm32-ret,CANDIDATE,constant-return method body
25,ENHDECCKPPL,78143,MIBIPNFDLDI,0xA22D110,mov-eax-imm32-ret,CANDIDATE,constant-return method body
25,EPIDBENFOOM,40542,AMCFEMGFGBC,0x72DDF80,mov-eax-imm32-ret,CANDIDATE,constant-return method body
25,FEIJFLJBINF,63821,OKDMFIFCDGF,0x94E9210,mov-eax-imm32-ret,CANDIDATE,constant-return method body
25,FHGLDMDJIAO,21018,IMBHADIDAGI,0xA2C2680,mov-eax-imm32-ret,CANDIDATE,constant-return method body
25,GCEAMPHNHOD,66914,HKJOCMJBKCN,0x97A2710,mov-eax-imm32-ret,CANDIDATE,constant-return method body
25,HFBLINMGKGP,35725,LACKLGEGNHN,0xB2156D0,mov-eax-imm32-ret,CANDIDATE,constant-return method body
25,JHJFJKNJLJP,81324,get_typeId,0x8E0ADA0,mov-eax-imm32-ret,CANDIDATE,constant-return method body
25,LLPCEIOEOLK,78653,OAAPEEELDBD,0xAA53DD0,mov-eax-imm32-ret,CANDIDATE,constant-return method body
25,MKFAHBNLLCM,29874,PHAFOOIBGKI,0x11524E80,mov-eax-imm32-ret,CANDIDATE,constant-return method body
25,MKOPABHLNKN,12668,PFFECIBHFDP,0x9D1EA80,mov-eax-imm32-ret,CANDIDATE,constant-return method body
25,MNKFAGPBGNO,35908,IMBHADIDAGI,0x9D43F50,mov-eax-imm32-ret,CANDIDATE,constant-return method body
25,NMNKEHAOCAO,57670,HDCCPLPOCPM,0x10019840,mov-eax-imm32-ret,CANDIDATE,constant-return method body
25,NPCMFLOGEDP,82537,BPBCPCBFLKM,0x8635C20,mov-eax-imm32-ret,CANDIDATE,constant-return method body
25,OGJNJNHIODB,45355,HOAFNAHCJCG,0xAD8B440,mov-eax-imm32-ret,CANDIDATE,constant-return method body
25,PBPAKGFGLFM,39759,OIIHAJDJBCA,0x11841A90,mov-eax-imm32-ret,CANDIDATE,constant-return method body
26,AHFHIEIFKFH,60856,PFFECIBHFDP,0x10F93290,mov-eax-imm32-ret,CANDIDATE,constant-return method body
26,BAAKLINKOOA,56253,AEGNNPENLNM,0x134D3DC0,mov-ax-imm16-ret,CANDIDATE,constant-return method body
26,CBHCLEBPILB,80479,NHHFIMEFDAL,0x7610BD0,mov-eax-imm32-ret,CANDIDATE,constant-return method body
26,DGGFPCAIPIK,84052,OAAPEEELDBD,0x12554BF0,mov-eax-imm32-ret,CANDIDATE,constant-return method body
26,DSSpawnerTriggerEntity,19369,get_entityType,0xAB1BA50,mov-eax-imm32-ret,CANDIDATE,constant-return method body
26,Datatype_hexBinary,3232,get_TypeCode,0x19A5A5C0,mov-eax-imm32-ret,CANDIDATE,constant-return method body
26,EHAHFIJDFLO,47956,HKJOCMJBKCN,0x897CFC0,mov-eax-imm32-ret,CANDIDATE,constant-return method body
26,HHOEFHOPACJ,63836,OKDMFIFCDGF,0x13EB1DC0,mov-eax-imm32-ret,CANDIDATE,constant-return method body
26,IEOIOMBHDLN,18281,get_panelType,0x8136080,mov-eax-imm32-ret,CANDIDATE,constant-return method body
26,JBCAEHKBJCH,19048,get_typeId,0x819EB70,mov-eax-imm32-ret,CANDIDATE,constant-return method body
26,JMENADELJEG,24008,MIBIPNFDLDI,0xC0CDD80,mov-eax-imm32-ret,CANDIDATE,constant-return method body
26,KPOJJMBMNGK,78564,KIIHAEBMHGJ,0x11F8D000,mov-eax-imm32-ret,CANDIDATE,constant-return method body
26,LKLFLBFKMDH,36288,AMCFEMGFGBC,0xCE45A00,mov-eax-imm32-ret,CANDIDATE,constant-return method body
26,LLEMJNJMEKD,84784,OIIHAJDJBCA,0x7871070,mov-eax-imm32-ret,CANDIDATE,constant-return method body
26,LPNKLJLCDGM,19320,get_panelType,0x1090B6E0,mov-eax-imm32-ret,CANDIDATE,constant-return method body
26,MFJPCMELMNK,37762,PHAFOOIBGKI,0xCE95DF0,mov-eax-imm32-ret,CANDIDATE,constant-return method body
26,NGAPGFNEDFO,34723,LACKLGEGNHN,0x12281E60,mov-eax-imm32-ret,CANDIDATE,constant-return method body
26,PDDLNPPCMMF,48517,HDCCPLPOCPM,0x8743F70,mov-eax-imm32-ret,CANDIDATE,constant-return method body
27,BJJNIOADEBJ,36385,IMBHADIDAGI,0xCDD48A0,mov-eax-imm32-ret,CANDIDATE,constant-return method body
27,DSDestructiblePlaneEntity,15640,get_entityType,0x12D87A70,mov-eax-imm32-ret,CANDIDATE,constant-return method body
27,Datatype_base64Binary,3233,get_TypeCode,0x199B05A0,mov-eax-imm32-ret,CANDIDATE,constant-return method body
27,EFCNGINPPPJ,70388,NHHFIMEFDAL,0xBB18480,mov-eax-imm32-ret,CANDIDATE,constant-return method body
27,FMOKCFOLAMC,76663,OIIHAJDJBCA,0x13577B40,mov-eax-imm32-ret,CANDIDATE,constant-return method body
27,FNGEHALMOMJ,40401,PHAFOOIBGKI,0x11060570,mov-eax-imm32-ret,CANDIDATE,constant-return method body
27,GNKNFLJNGEK,67888,OAAPEEELDBD,0xF92B030,mov-eax-imm32-ret,CANDIDATE,constant-return method body
27,HALNGLCEFCF,27299,AMCFEMGFGBC,0xA5BF250,mov-eax-imm32-ret,CANDIDATE,constant-return method body
27,HMJNDNNNOCH,29566,EHDOOHIIIMO,0x13682A80,mov-eax-imm32-ret,CANDIDATE,constant-return method body
27,IKGCFKFNIBH,28414,get_typeId,0xCC12610,mov-eax-imm32-ret,CANDIDATE,constant-return method body
27,KBHIMCOIBAO,63833,OKDMFIFCDGF,0x133A9830,mov-eax-imm32-ret,CANDIDATE,constant-return method body
27,LDKFGFCCBJL,80420,PFFECIBHFDP,0xB49B2B0,mov-eax-imm32-ret,CANDIDATE,constant-return method body
27,MBJNKFKGDIA,20794,MIBIPNFDLDI,0x78A98E0,mov-eax-imm32-ret,CANDIDATE,constant-return method body
27,MHLECPLGHKJ,55924,IMBHADIDAGI,0x12D38C50,mov-eax-imm32-ret,CANDIDATE,constant-return method body
27,MMOMGHGGOJK,37164,LACKLGEGNHN,0xC3253A0,mov-eax-imm32-ret,CANDIDATE,constant-return method body
27,OJJNKPHGPGC,75310,HKJOCMJBKCN,0xB872FB0,mov-eax-imm32-ret,CANDIDATE,constant-return method body
27,PBIFEDEKBCL,83332,HDCCPLPOCPM,0x9FEFA00,mov-eax-imm32-ret,CANDIDATE,constant-return method body
27,Platform_Fallback_Base,6209,get_platform,0x19825380,mov-eax-imm32-ret,CANDIDATE,constant-return method body
28,ACKDMAKPGNL,54083,AMCFEMGFGBC,0x1344FAB0,mov-eax-imm32-ret,CANDIDATE,constant-return method body
28,BGBDCOCBNHP,25852,HKJOCMJBKCN,0xC452CB0,mov-eax-imm32-ret,CANDIDATE,constant-return method body
28,BGJJJGGIHCL,62148,IMBHADIDAGI,0x12381060,mov-eax-imm32-ret,CANDIDATE,constant-return method body
28,CHMDHDBPMMN,26137,OIIHAJDJBCA,0x9F5B960,mov-eax-imm32-ret,CANDIDATE,constant-return method body
28,CKMIJMHCJFL,86233,IMBHADIDAGI,0xC7AF170,mov-eax-imm32-ret,CANDIDATE,constant-return method body
28,CPGDHEOHGCJ,77840,IMBHADIDAGI,0xE9140D0,mov-eax-imm32-ret,CANDIDATE,constant-return method body
28,DGNJPKOBOCC,77830,get_typeId,0xF60D300,mov-eax-imm32-ret,CANDIDATE,constant-return method body
28,Datatype_anyURI,3234,get_TypeCode,0x19A5A0C0,mov-eax-imm32-ret,CANDIDATE,constant-return method body
28,HGJDMBHELLK,19931,IMBHADIDAGI,0xA636F50,mov-eax-imm32-ret,CANDIDATE,constant-return method body
28,HIEFIPFIAFN,88105,IMBHADIDAGI,0xB23C370,mov-eax-imm32-ret,CANDIDATE,constant-return method body
28,IHBDIMFKPOB,54827,EHDOOHIIIMO,0xE29C1C0,mov-eax-imm32-ret,CANDIDATE,constant-return method body
28,IIIDFFCIJPL,56424,MIBIPNFDLDI,0xCBF94E0,mov-eax-imm32-ret,CANDIDATE,constant-return method body
28,LFONJPGJKPJ,87129,IMBHADIDAGI,0x9C45C80,mov-eax-imm32-ret,CANDIDATE,constant-return method body
28,LJBDGKEJHPF,34144,IMBHADIDAGI,0x12CB4610,mov-eax-imm32-ret,CANDIDATE,constant-return method body
28,LJMLMHIJJEC,58019,IMBHADIDAGI,0xAA3D230,mov-eax-imm32-ret,CANDIDATE,constant-return method body
28,LNALAFLFPNG,71953,EHDOOHIIIMO,0x108CF610,mov-eax-imm32-ret,CANDIDATE,constant-return method body
28,MCGBGJKLJKB,72592,OAAPEEELDBD,0x114EF7A0,mov-eax-imm32-ret,CANDIDATE,constant-return method body
28,MLJOIFBNKAF,29468,HDCCPLPOCPM,0xF1A4CB0,mov-eax-imm32-ret,CANDIDATE,constant-return method body
28,NEJIFJHCGFF,47721,NHHFIMEFDAL,0x10AC2100,mov-eax-imm32-ret,CANDIDATE,constant-return method body
28,NGKPCCGDNOC,52290,PFFECIBHFDP,0xACE7AD0,mov-eax-imm32-ret,CANDIDATE,constant-return method body
28,ONMPDMFBBGB,63818,OKDMFIFCDGF,0x1195D400,mov-eax-imm32-ret,CANDIDATE,constant-return method body
28,OOJGKLPMOPI,43359,IMBHADIDAGI,0xADB7EF0,mov-eax-imm32-ret,CANDIDATE,constant-return method body
29,ACOLJAKIFLI,60791,PFFECIBHFDP,0xAB57220,mov-eax-imm32-ret,CANDIDATE,constant-return method body
29,CEMCMAKCAOC,33265,OIIHAJDJBCA,0xC76C820,mov-eax-imm32-ret,CANDIDATE,constant-return method body
29,DPCDLBKCBOI,70681,LACKLGEGNHN,0x13FB7B90,mov-eax-imm32-ret,CANDIDATE,constant-return method body
29,Datatype_QName,3235,get_TypeCode,0x19A2ADA0,mov-eax-imm32-ret,CANDIDATE,constant-return method body
29,EGCEPMMCFGO,43768,IMBHADIDAGI,0x9623B40,mov-eax-imm32-ret,CANDIDATE,constant-return method body
29,FCJEILFKLHE,60988,AEGNNPENLNM,0x1282F610,mov-ax-imm16-ret,CANDIDATE,constant-return method body
29,FMNAHLPNIMH,46904,NHHFIMEFDAL,0x12699650,mov-eax-imm32-ret,CANDIDATE,constant-return method body
29,IEAFOHMGHDE,36305,IMBHADIDAGI,0x999B620,mov-eax-imm32-ret,CANDIDATE,constant-return method body
29,KFAEMNJNHAK,82388,get_typeId,0x77314A0,mov-eax-imm32-ret,CANDIDATE,constant-return method body
29,KGJDJCCIGIK,65434,OAAPEEELDBD,0xFC592D0,mov-eax-imm32-ret,CANDIDATE,constant-return method body
29,LNKDFNJPNMK,87149,get_panelType,0x11463690,mov-eax-imm32-ret,CANDIDATE,constant-return method body
29,MBOPJJEAOPC,84021,HKJOCMJBKCN,0xF15D830,mov-eax-imm32-ret,CANDIDATE,constant-return method body
29,PIDGKCCOOOJ,58014,HDCCPLPOCPM,0xB979CE0,mov-eax-imm32-ret,CANDIDATE,constant-return method body
29,PLLIGAEDOFN,63819,OKDMFIFCDGF,0x13EB22D0,mov-eax-imm32-ret,CANDIDATE,constant-return method body
29,Platform_XboxOne_Base,6226,get_platform,0x197922A0,mov-eax-imm32-ret,CANDIDATE,constant-return method body
30,AGDDAPEMKEB,72458,IMBHADIDAGI,0xD4F0FA0,mov-eax-imm32-ret,CANDIDATE,constant-return method body
30,AOPLPHOGNAE,26433,OIIHAJDJBCA,0x11BD1FF0,mov-eax-imm32-ret,CANDIDATE,constant-return method body
30,DNNBPEJJNEH,16038,PLKKEGKGCJJ,0x720C780,mov-eax-imm32-ret,CANDIDATE,constant-return method body
30,DOAGGCPJHIN,19229,OAAPEEELDBD,0xE9BB370,mov-eax-imm32-ret,CANDIDATE,constant-return method body
30,Datatype_NOTATION,3247,get_TypeCode,0x199E69C0,mov-eax-imm32-ret,CANDIDATE,constant-return method body
30,EPCBNLCHHKA,33688,HDCCPLPOCPM,0x1036E2C0,mov-eax-imm32-ret,CANDIDATE,constant-return method body
30,GMKJPGFFAOB,63814,OKDMFIFCDGF,0xD2E3B00,mov-eax-imm32-ret,CANDIDATE,constant-return method body
30,HEHIAKPJCAB,33184,get_panelType,0xBE89F20,mov-eax-imm32-ret,CANDIDATE,constant-return method body
30,JCHAABGNECM,32272,HGODMPPMHEM,0xB47BD70,mov-eax-imm32-ret,CANDIDATE,constant-return method body
30,JFCGDOKBOJM,72003,get_typeId,0xA8B3790,mov-eax-imm32-ret,CANDIDATE,constant-return method body
30,KBGPMCFIMFN,72650,PHAFOOIBGKI,0x771B5D0,mov-eax-imm32-ret,CANDIDATE,constant-return method body
30,LEABBPNNJOG,70958,PFFECIBHFDP,0x12C84780,mov-eax-imm32-ret,CANDIDATE,constant-return method body
30,LJBCOLHGIOI,62166,MIBIPNFDLDI,0x120694F0,mov-eax-imm32-ret,CANDIDATE,constant-return method body
30,MENCPHEIFNG,70585,NHHFIMEFDAL,0x9CF41B0,mov-eax-imm32-ret,CANDIDATE,constant-return method body
30,MIKKFNLIENE,13328,HKJOCMJBKCN,0x12D40ED0,mov-eax-imm32-ret,CANDIDATE,constant-return method body
30,NEBBDFKHLFI,44076,JEAOMIIBKGA,0xE6A1450,mov-eax-imm32-ret,CANDIDATE,constant-return method body
30,PGEIODDFNCF,61649,NIIICEHCLKF,0x10126700,mov-eax-imm32-ret,CANDIDATE,constant-return method body
30,PMBlwvucffIbvFNpuiFOKqMFDrYu,7640,kcwRZzMjobEcqbyOEkyHZwcowjWg,0x198BB8C0,mov-eax-imm32-ret,CANDIDATE,constant-return method body
30,Platform_GameCore_Base,6258,get_platform,0x197B7910,mov-eax-imm32-ret,CANDIDATE,constant-return method body
30,cyKlpHaICpxSzQCnyeYDGhWScgVA,7633,get_inputSourceType,0x198ACD70,mov-eax-imm32-ret,CANDIDATE,constant-return method body
31,Datatype_normalizedString,3236,get_TypeCode,0x19A0F750,mov-eax-imm32-ret,CANDIDATE,constant-return method body
31,Datatype_normalizedStringV1Compat,3237,get_TypeCode,0x19A737C0,mov-eax-imm32-ret,CANDIDATE,constant-return method body
31,EPMGKIECKKC,53204,IMBHADIDAGI,0x10372830,mov-eax-imm32-ret,CANDIDATE,constant-return method body
31,FHFFLILLHNP,73335,get_panelType,0x128573A0,mov-eax-imm32-ret,CANDIDATE,constant-return method body
31,HNDCHIFMLBD,65634,PHAFOOIBGKI,0xA6A5940,mov-eax-imm32-ret,CANDIDATE,constant-return method body
31,IBLGNBJKLJI,14691,MIBIPNFDLDI,0xA6DD200,mov-eax-imm32-ret,CANDIDATE,constant-return method body
31,IBOCLFNKBPO,17826,OAAPEEELDBD,0xEDFF5A0,mov-eax-imm32-ret,CANDIDATE,constant-return method body
31,ICJGBPHKPAO,51862,HDCCPLPOCPM,0x8D5C6E0,mov-eax-imm32-ret,CANDIDATE,constant-return method body
31,JKLFFGNOOHH,61407,NHHFIMEFDAL,0xB3BFB60,mov-eax-imm32-ret,CANDIDATE,constant-return method body
31,KPFBPDCFIJF,40788,HKJOCMJBKCN,0x11F89580,mov-eax-imm32-ret,CANDIDATE,constant-return method body
31,MJDLPOPJIHN,31702,OIIHAJDJBCA,0xAACD3D0,mov-eax-imm32-ret,CANDIDATE,constant-return method body
31,OKOKFBNIFFN,63809,OKDMFIFCDGF,0xE854F50,mov-eax-imm32-ret,CANDIDATE,constant-return method body
31,Platform_PS4_Base,6234,get_platform,0x1986C6B0,mov-eax-imm32-ret,CANDIDATE,constant-return method body
32,DABDOIOADNL,51864,HDCCPLPOCPM,0xC7FA620,mov-eax-imm32-ret,CANDIDATE,constant-return method body
32,DBGPLLHOOOP,35224,IMBHADIDAGI,0xE927060,mov-eax-imm32-ret,CANDIDATE,constant-return method body
32,DJODNHMACGN,47793,IMBHADIDAGI,0x88756A0,mov-eax-imm32-ret,CANDIDATE,constant-return method body
32,Datatype_token,3238,get_TypeCode,0x199B0E30,mov-eax-imm32-ret,CANDIDATE,constant-return method body
32,Datatype_tokenV1Compat,3239,get_TypeCode,0x19A08250,mov-eax-imm32-ret,CANDIDATE,constant-return method body
32,ELIMLAAHBDH,63808,OKDMFIFCDGF,0x9F63AB0,mov-eax-imm32-ret,CANDIDATE,constant-return method body
32,GEFPBMBEABE,40339,OAAPEEELDBD,0x8029DF0,mov-eax-imm32-ret,CANDIDATE,constant-return method body
32,GGCANNDEMIN,21231,EHDOOHIIIMO,0xB1B5E20,mov-eax-imm32-ret,CANDIDATE,constant-return method body
32,KGKDKNLFIHB,53481,HKJOCMJBKCN,0xA969120,mov-eax-imm32-ret,CANDIDATE,constant-return method body
32,LEFDEDCOHOC,29506,IMBHADIDAGI,0x13939D60,mov-eax-imm32-ret,CANDIDATE,constant-return method body
32,LENJLLBBIAP,47293,get_panelType,0xF0C2120,mov-eax-imm32-ret,CANDIDATE,constant-return method body
32,LGGIIHJKLHB,57551,MIBIPNFDLDI,0x904B760,mov-eax-imm32-ret,CANDIDATE,constant-return method body
32,NCJNNNCAAJK,53330,IMBHADIDAGI,0xD02DC20,mov-eax-imm32-ret,CANDIDATE,constant-return method body
32,NMFKBGEAGFO,64111,IMBHADIDAGI,0xD0A90B0,mov-eax-imm32-ret,CANDIDATE,constant-return method body
32,OBPJFKAFDGA,48116,IMBHADIDAGI,0xF3B4BD0,mov-eax-imm32-ret,CANDIDATE,constant-return method body
32,OGOMEGCCGBB,20944,PHAFOOIBGKI,0x10B60100,mov-eax-imm32-ret,CANDIDATE,constant-return method body
32,OnnUKHOFQFuEYPjwUtsNgcHmFYwP,7831,hsVYMhuGxjrSJsYBxFBpLrWJCqSf,0x198C57E0,mov-eax-imm32-ret,CANDIDATE,constant-return method body
32,PCLPJGIMKAM,21224,NHHFIMEFDAL,0xB8E2040,mov-eax-imm32-ret,CANDIDATE,constant-return method body
32,PMFAKLNCDJJ,25578,get_panelType,0x87A9650,mov-eax-imm32-ret,CANDIDATE,constant-return method body
32,PMIGAHOIKHL,71155,OIIHAJDJBCA,0x101742A0,mov-eax-imm32-ret,CANDIDATE,constant-return method body
32,Platform_PS5_Base,6268,get_platform,0x197B9F90,mov-eax-imm32-ret,CANDIDATE,constant-return method body
32,Type,314,,0x195640C0,mov-eax-imm32-ret,CANDIDATE,constant-return method body
32,qIUBnflJpKzFuCJztAldKrosSbTGA,7832,hsVYMhuGxjrSJsYBxFBpLrWJCqSf,0x198C57F0,mov-eax-imm32-ret,CANDIDATE,constant-return method body
33,ADIGGKIFLND,63811,OKDMFIFCDGF,0x7A1AE70,mov-eax-imm32-ret,CANDIDATE,constant-return method body
33,AEFGIFHFPLL,33409,EHDOOHIIIMO,0xD4D4D50,mov-eax-imm32-ret,CANDIDATE,constant-return method body
33,AILEDAKAMBK,20016,OIIHAJDJBCA,0xF7BBC20,mov-eax-imm32-ret,CANDIDATE,constant-return method body
33,BNGIACMGFDO,22395,get_typeId,0x117B1620,mov-eax-imm32-ret,CANDIDATE,constant-return method body
33,DDFBPAEKEPK,56555,get_panelType,0xF5E5990,mov-eax-imm32-ret,CANDIDATE,constant-return method body
33,DPCOANHJPMI,68541,OAAPEEELDBD,0xA17AA00,mov-eax-imm32-ret,CANDIDATE,constant-return method body
33,Datatype_language,3240,get_TypeCode,0x19950230,mov-eax-imm32-ret,CANDIDATE,constant-return method body
33,FCHFCCNBIII,72440,NHHFIMEFDAL,0x10EA8A80,mov-eax-imm32-ret,CANDIDATE,constant-return method body
33,HAGCJFOPGHE,70331,HKJOCMJBKCN,0xA5BE080,mov-eax-imm32-ret,CANDIDATE,constant-return method body
33,HJMADHFGIEP,84716,AEGNNPENLNM,0xF9AA710,mov-ax-imm16-ret,CANDIDATE,constant-return method body
33,ICDLJHENCIM,56570,MIBIPNFDLDI,0x8D583F0,mov-eax-imm32-ret,CANDIDATE,constant-return method body
33,KPJKEMOKALD,64837,PHAFOOIBGKI,0xFCB8B00,mov-eax-imm32-ret,CANDIDATE,constant-return method body
33,LAFAILOAGIA,72979,PLKKEGKGCJJ,0xA9CC140,mov-eax-imm32-ret,CANDIDATE,constant-return method body
33,ODJHDIEGNEA,56495,IMBHADIDAGI,0x13D3F0A0,mov-eax-imm32-ret,CANDIDATE,constant-return method body
33,PHGKNMBDLME,49737,HDCCPLPOCPM,0x7C5AFF0,mov-eax-imm32-ret,CANDIDATE,constant-return method body
33,Platform_NintendoSwitch_Base,6242,get_platform,0x1981ED50,mov-eax-imm32-ret,CANDIDATE,constant-return method body
34,APNEPPFKDMP,67611,MIBIPNFDLDI,0x7F28740,mov-eax-imm32-ret,CANDIDATE,constant-return method body
34,DSFourWayPanelEntity,55029,get_entityType,0xE5926A0,mov-eax-imm32-ret,CANDIDATE,constant-return method body
34,Datatype_NMTOKEN,3241,get_TypeCode,0x19A93D30,mov-eax-imm32-ret,CANDIDATE,constant-return method body
34,EEEHKHIOJBJ,54891,NHHFIMEFDAL,0xB0A6330,mov-eax-imm32-ret,CANDIDATE,constant-return method body
34,FOKDJIBIEDJ,82300,get_typeId,0x8BC0C60,mov-eax-imm32-ret,CANDIDATE,constant-return method body
34,IFEHACFOBIK,79250,HKJOCMJBKCN,0xA6FBC50,mov-eax-imm32-ret,CANDIDATE,constant-return method body
34,JLMDHMMIMJM,70535,IMBHADIDAGI,0x8F48520,mov-eax-imm32-ret,CANDIDATE,constant-return method body
34,KHPFNIANCCI,85414,OIIHAJDJBCA,0xE3B72E0,mov-eax-imm32-ret,CANDIDATE,constant-return method body
34,LGDCNLHGNHP,75079,OAAPEEELDBD,0x12C90770,mov-eax-imm32-ret,CANDIDATE,constant-return method body
34,LMAGHJOOBFH,13172,AMCFEMGFGBC,0x906F300,mov-eax-imm32-ret,CANDIDATE,constant-return method body
34,LOFPMGLBJBK,61297,PHAFOOIBGKI,0xFD57980,mov-eax-imm32-ret,CANDIDATE,constant-return method body
34,ODADOFMAAEG,74555,HDCCPLPOCPM,0xC5E6CE0,mov-eax-imm32-ret,CANDIDATE,constant-return method body
34,PLFKEEHDOEI,55562,PLKKEGKGCJJ,0x12432200,mov-eax-imm32-ret,CANDIDATE,constant-return method body
35,AOOPJACHHFA,69618,HKJOCMJBKCN,0x12748C50,mov-eax-imm32-ret,CANDIDATE,constant-return method body
35,DAOMBHOIPCM,16753,AEGNNPENLNM,0xA10CFB0,mov-ax-imm16-ret,CANDIDATE,constant-return method body
35,DOCEJIJGFNI,77298,get_typeId,0x102D4060,mov-eax-imm32-ret,CANDIDATE,constant-return method body
35,DSCompanionEntity,44127,get_entityType,0xB630B00,mov-eax-imm32-ret,CANDIDATE,constant-return method body
35,Datatype_Name,3242,get_TypeCode,0x199CAEB0,mov-eax-imm32-ret,CANDIDATE,constant-return method body
35,ENDKCJMPIGI,13043,OAAPEEELDBD,0xD417EE0,mov-eax-imm32-ret,CANDIDATE,constant-return method body
35,GIDENLALDFP,56228,MIBIPNFDLDI,0x740DB60,mov-eax-imm32-ret,CANDIDATE,constant-return method body
35,HJFLJDLJGPH,24021,PLKKEGKGCJJ,0x1366F1C0,mov-eax-imm32-ret,CANDIDATE,constant-return method body
35,JMHHIKAGCDL,55220,NHHFIMEFDAL,0x8246A70,mov-eax-imm32-ret,CANDIDATE,constant-return method body
35,MJOJNNJCMHG,32097,PHAFOOIBGKI,0xFDB1D50,mov-eax-imm32-ret,CANDIDATE,constant-return method body
35,MOKLFJDAOHB,35731,HDCCPLPOCPM,0xF1B42D0,mov-eax-imm32-ret,CANDIDATE,constant-return method body
35,NEJADIGMFCN,32593,EHDOOHIIIMO,0x10AC06F0,mov-eax-imm32-ret,CANDIDATE,constant-return method body
35,ONMLMLHPHJD,73346,get_panelType,0x9FDBBC0,mov-eax-imm32-ret,CANDIDATE,constant-return method body
35,PLGLPENECOH,73976,OIIHAJDJBCA,0x132291F0,mov-eax-imm32-ret,CANDIDATE,constant-return method body
35,Platform_Stadia_Base,6250,get_platform,0x19754140,mov-eax-imm32-ret,CANDIDATE,constant-return method body
36,BNIBFIGHBIF,76680,OIIHAJDJBCA,0x117B16C0,mov-eax-imm32-ret,CANDIDATE,constant-return method body
36,DHIHIAOFPAD,76441,NHHFIMEFDAL,0x13F66D00,mov-eax-imm32-ret,CANDIDATE,constant-return method body
36,DSCubeAirWallEntity,15495,get_entityType,0x9107D60,mov-eax-imm32-ret,CANDIDATE,constant-return method body
36,Datatype_NCName,3243,get_TypeCode,0x199E67D0,mov-eax-imm32-ret,CANDIDATE,constant-return method body
36,EFEFLBNKGOB,19965,EHDOOHIIIMO,0xA1CE140,mov-eax-imm32-ret,CANDIDATE,constant-return method body
36,FPEPAIAPLGO,42692,NJHKBECBGPA,0x7370290,mov-eax-imm32-ret,CANDIDATE,constant-return method body
36,GEFKCCJCNOG,60575,OAAPEEELDBD,0xEC10480,mov-eax-imm32-ret,CANDIDATE,constant-return method body
36,GHPIOHLHOMP,16091,IMBHADIDAGI,0x97CDBA0,mov-eax-imm32-ret,CANDIDATE,constant-return method body
36,JDAPBEHAMFD,69435,HDCCPLPOCPM,0x7664520,mov-eax-imm32-ret,CANDIDATE,constant-return method body
36,KDMDFKJNKKO,45795,PHAFOOIBGKI,0x1131D2F0,mov-eax-imm32-ret,CANDIDATE,constant-return method body
36,KMOPECHMDAJ,23052,IMBHADIDAGI,0xCD557C0,mov-eax-imm32-ret,CANDIDATE,constant-return method body
36,LNFMOGLOMMO,88617,MIBIPNFDLDI,0x139A2970,mov-eax-imm32-ret,CANDIDATE,constant-return method body
36,LiteGPUParticleSystemManager,64058,get_particleMemoryRTFormat,0xAB3E350,mov-eax-imm32-ret,CANDIDATE,constant-return method body
36,MOAEJDNDKED,16094,IMBHADIDAGI,0xCEFA540,mov-eax-imm32-ret,CANDIDATE,constant-return method body
36,NBGEJNNJECI,62084,HKJOCMJBKCN,0x85D06B0,mov-eax-imm32-ret,CANDIDATE,constant-return method body
36,PCNBDALBKKA,72474,get_typeId,0x11844B60,mov-eax-imm32-ret,CANDIDATE,constant-return method body
37,DHCDPCBALLF,80438,MIBIPNFDLDI,0x10DBAD20,mov-eax-imm32-ret,CANDIDATE,constant-return method body
37,Datatype_ID,3244,get_TypeCode,0x19965C20,mov-eax-imm32-ret,CANDIDATE,constant-return method body
37,EDKIENCJJJP,21387,HDCCPLPOCPM,0x11AB3E50,mov-eax-imm32-ret,CANDIDATE,constant-return method body
37,IGIFIJBJDOK,47421,HKJOCMJBKCN,0xFA0EBE0,mov-eax-imm32-ret,CANDIDATE,constant-return method body
37,LEAIDHACAKF,22075,AMCFEMGFGBC,0x9C3D480,mov-eax-imm32-ret,CANDIDATE,constant-return method body
37,MGPIDCBHANA,28232,PHAFOOIBGKI,0x13A23C40,mov-eax-imm32-ret,CANDIDATE,constant-return method body
37,NLDFLELIFOG,55740,OAAPEEELDBD,0x10B1A210,mov-eax-imm32-ret,CANDIDATE,constant-return method body
37,PBFAHPCHIJF,58335,get_panelType,0x13163F50,mov-eax-imm32-ret,CANDIDATE,constant-return method body
37,PHHALCFMDCB,78237,OIIHAJDJBCA,0x10137FF0,mov-eax-imm32-ret,CANDIDATE,constant-return method body
37,PMHLBHIFNJM,67329,NHHFIMEFDAL,0xC6DFE80,mov-eax-imm32-ret,CANDIDATE,constant-return method body
37,POHLHFBAIAN,51779,EHDOOHIIIMO,0x87B6490,mov-eax-imm32-ret,CANDIDATE,constant-return method body
37,Platform_InternalDriver_Base,6276,get_platform,0x1973B530,mov-eax-imm32-ret,CANDIDATE,constant-return method body
38,ANPNNEIGCPN,39735,get_panelType,0x134C8BB0,mov-eax-imm32-ret,CANDIDATE,constant-return method body
38,BGJKOPKDMOC,61201,EHDOOHIIIMO,0xD569AB0,mov-eax-imm32-ret,CANDIDATE,constant-return method body
38,BOLMIJHADML,43260,get_panelType,0x10C224D0,mov-eax-imm32-ret,CANDIDATE,constant-return method body
38,CBGMMKDECNP,60768,OIIHAJDJBCA,0xC731A50,mov-eax-imm32-ret,CANDIDATE,constant-return method body
38,CODBLBNHJEF,26416,PHAFOOIBGKI,0x12509E90,mov-eax-imm32-ret,CANDIDATE,constant-return method body
38,DLFPNDEDGIG,35223,MIBIPNFDLDI,0xBACDEC0,mov-eax-imm32-ret,CANDIDATE,constant-return method body
38,DNGCCEDGLGB,48546,get_panelType,0x127807B0,mov-eax-imm32-ret,CANDIDATE,constant-return method body
38,Datatype_IDREF,3245,get_TypeCode,0x19A0F650,mov-eax-imm32-ret,CANDIDATE,constant-return method body
38,FICCOOGONNK,57922,OAAPEEELDBD,0xD578860,mov-eax-imm32-ret,CANDIDATE,constant-return method body
38,ICMKKCMPIIE,49887,AEGNNPENLNM,0xFA01E60,mov-ax-imm16-ret,CANDIDATE,constant-return method body
38,KDEFMLPNNKB,34984,CEJGKDKMOPC,0xCD0D770,mov-eax-imm32-ret,CANDIDATE,constant-return method body
38,KDNMDCCLGHM,85260,IMBHADIDAGI,0xC125560,mov-eax-imm32-ret,CANDIDATE,constant-return method body
38,KOAGKCABJLG,57504,PLKKEGKGCJJ,0xF0851A0,mov-eax-imm32-ret,CANDIDATE,constant-return method body
38,LDONOMFAHOG,18724,get_panelType,0xF0B1040,mov-eax-imm32-ret,CANDIDATE,constant-return method body
38,LMCLHPNPOMK,15944,HKJOCMJBKCN,0xB4F6D70,mov-eax-imm32-ret,CANDIDATE,constant-return method body
38,OKDMEGPPNHI,78889,NHHFIMEFDAL,0x12349010,mov-eax-imm32-ret,CANDIDATE,constant-return method body
38,ONJIFGIELLG,32627,HDCCPLPOCPM,0xB8A6DE0,mov-eax-imm32-ret,CANDIDATE,constant-return method body
38,Platform_SDL2_Base,6284,get_platform,0x197DAD10,mov-eax-imm32-ret,CANDIDATE,constant-return method body
39,ACFKDNGAHLN,84335,HDCCPLPOCPM,0x126DAFE0,mov-eax-imm32-ret,CANDIDATE,constant-return method body
39,BKJNJHOMDNO,24967,get_typeId,0xAEED3B0,mov-eax-imm32-ret,CANDIDATE,constant-return method body
39,CEFCAENBEHD,65455,MIBIPNFDLDI,0x10C446E0,mov-eax-imm32-ret,CANDIDATE,constant-return method body
39,CFEOLOOBHCH,74007,NHHFIMEFDAL,0x124BA500,mov-eax-imm32-ret,CANDIDATE,constant-return method body
39,Datatype_ENTITY,3246,get_TypeCode,0x19AA6630,mov-eax-imm32-ret,CANDIDATE,constant-return method body
39,EHGBFFHCGKC,26695,HKJOCMJBKCN,0xBCDD0A0,mov-eax-imm32-ret,CANDIDATE,constant-return method body
39,EJMCKJOAFNP,32888,OIIHAJDJBCA,0xEA40700,mov-eax-imm32-ret,CANDIDATE,constant-return method body
39,HMGLBHGAGBD,51214,PLKKEGKGCJJ,0xEDCDC80,mov-eax-imm32-ret,CANDIDATE,constant-return method body
39,KCHMOLADBPL,14570,OAAPEEELDBD,0x13845B70,mov-eax-imm32-ret,CANDIDATE,constant-return method body
39,KGJLIKAHAIL,33841,AEGNNPENLNM,0xA968DF0,mov-ax-imm16-ret,CANDIDATE,constant-return method body
39,MDFHOBJLAKJ,80449,PHAFOOIBGKI,0x8429870,mov-eax-imm32-ret,CANDIDATE,constant-return method body
39,PGLABEKGAMH,46148,EHDOOHIIIMO,0x11858190,mov-eax-imm32-ret,CANDIDATE,constant-return method body
40,ADEBNKBOJGK,81855,IMBHADIDAGI,0xEAD9D80,mov-eax-imm32-ret,CANDIDATE,constant-return method body
40,ADKPDNBOHFI,76518,get_panelType,0x7EC9850,mov-eax-imm32-ret,CANDIDATE,constant-return method body
40,AKBJJEDFJHC,18575,HOAFNAHCJCG,0xAB93790,mov-eax-imm32-ret,CANDIDATE,constant-return method body
40,AOHBKPNPEFH,88578,HKJOCMJBKCN,0xB163CB0,mov-eax-imm32-ret,CANDIDATE,constant-return method body
40,BDNNABMLCBD,70350,EHDOOHIIIMO,0x138A83D0,mov-eax-imm32-ret,CANDIDATE,constant-return method body
40,CHFNCFEEEPH,50019,IMBHADIDAGI,0x101F4DC0,mov-eax-imm32-ret,CANDIDATE,constant-return method body
40,DCBBPNEAGAA,51455,NHHFIMEFDAL,0x882EC60,mov-eax-imm32-ret,CANDIDATE,constant-return method body
40,Datatype_boolean,3212,get_ValidRestrictionFlags,0x19AA67A0,mov-eax-imm32-ret,CANDIDATE,constant-return method body
40,Datatype_integer,3248,get_TypeCode,0x19AA6A30,mov-eax-imm32-ret,CANDIDATE,constant-return method body
40,FAJDOILMFFL,54422,NIIICEHCLKF,0xBB78230,mov-eax-imm32-ret,CANDIDATE,constant-return method body
40,GBCHDJJABAK,58963,PHAFOOIBGKI,0x104A1AF0,mov-eax-imm32-ret,CANDIDATE,constant-return method body
40,GJGHFFLCGII,49747,get_panelType,0x12948180,mov-eax-imm32-ret,CANDIDATE,constant-return method body
40,IJDJDLHEDMI,26153,get_typeId,0xE2AE9E0,mov-eax-imm32-ret,CANDIDATE,constant-return method body
40,LDOCMFLJICC,14105,OAAPEEELDBD,0x903AFE0,mov-eax-imm32-ret,CANDIDATE,constant-return method body
40,MEKHCCGNFGP,63301,get_panelType,0xC2CF110,mov-eax-imm32-ret,CANDIDATE,constant-return method body
40,NIJKHGKHDEN,49277,IMBHADIDAGI,0xF356150,mov-eax-imm32-ret,CANDIDATE,constant-return method body
40,NKDPPIKFOBC,60750,MIBIPNFDLDI,0x8612E00,mov-eax-imm32-ret,CANDIDATE,constant-return method body
40,OFKBAJEIIOH,59596,IMBHADIDAGI,0xB84BFE0,mov-eax-imm32-ret,CANDIDATE,constant-return method body
40,PJGPAPEHHID,75995,HDCCPLPOCPM,0x10CA29C0,mov-eax-imm32-ret,CANDIDATE,constant-return method body
40,PMEIOPMCPMJ,59838,get_panelType,0x1243B020,mov-eax-imm32-ret,CANDIDATE,constant-return method body
40,PMHKIOOKINE,30727,get_size,0x1188D610,mov-eax-imm32-ret,CANDIDATE,constant-return method body
40,PPAKNBKELKI,30292,OIIHAJDJBCA,0xF4F87E0,mov-eax-imm32-ret,CANDIDATE,constant-return method body
41,AAKAACBJDGP,82359,OAAPEEELDBD,0xB0CC9A0,mov-eax-imm32-ret,CANDIDATE,constant-return method body
41,Datatype_nonPositiveInteger,3249,get_TypeCode,0x19AA6C30,mov-eax-imm32-ret,CANDIDATE,constant-return method body
41,FAOIDNLDIFP,71249,HDCCPLPOCPM,0xEA9B060,mov-eax-imm32-ret,CANDIDATE,constant-return method body
41,GDFPGCKNLJC,41706,OIIHAJDJBCA,0x73E4CD0,mov-eax-imm32-ret,CANDIDATE,constant-return method body
41,KBIOHBIHNAG,72411,NHHFIMEFDAL,0x8F8A1A0,mov-eax-imm32-ret,CANDIDATE,constant-return method body
41,LIBAEMIPKKF,48482,get_panelType,0xCE30D30,mov-eax-imm32-ret,CANDIDATE,constant-return method body
41,MLJJKPANGEA,75802,PHAFOOIBGKI,0x9D29000,mov-eax-imm32-ret,CANDIDATE,constant-return method body
41,NDDIEOEDODI,49055,HKJOCMJBKCN,0xC54CA90,mov-eax-imm32-ret,CANDIDATE,constant-return method body
41,NGJEJADELFD,81235,MIBIPNFDLDI,0xACE24A0,mov-eax-imm32-ret,CANDIDATE,constant-return method body
41,ONKDCIDBPNG,49760,EHDOOHIIIMO,0x100F42D0,mov-eax-imm32-ret,CANDIDATE,constant-return method body
42,BGEBKHMBBIE,42948,MIBIPNFDLDI,0xFBF8400,mov-eax-imm32-ret,CANDIDATE,constant-return method body
42,Datatype_negativeInteger,3250,get_TypeCode,0x19A5ADC0,mov-eax-imm32-ret,CANDIDATE,constant-return method body
42,EEIIIDDOBDE,87279,get_typeId,0xB0A77A0,mov-eax-imm32-ret,CANDIDATE,constant-return method body
42,EMFCOLMJDIP,40578,NHHFIMEFDAL,0xF6E3A70,mov-eax-imm32-ret,CANDIDATE,constant-return method body
42,GPBKJNDENJF,23781,PHAFOOIBGKI,0x1050FC40,mov-eax-imm32-ret,CANDIDATE,constant-return method body
42,HIMCKCIEJKI,60699,HDCCPLPOCPM,0x1113E5B0,mov-eax-imm32-ret,CANDIDATE,constant-return method body
42,IMJHKIIBDLH,18943,EHDOOHIIIMO,0xEED9A90,mov-eax-imm32-ret,CANDIDATE,constant-return method body
42,JOFGKDGJDMO,56572,IMBHADIDAGI,0xCCF0E10,mov-eax-imm32-ret,CANDIDATE,constant-return method body
42,KEIIKFDOCPD,88530,AEGNNPENLNM,0xC128280,mov-ax-imm16-ret,CANDIDATE,constant-return method body
42,KPAJDKMGFEB,65850,OIIHAJDJBCA,0x9C0CCC0,mov-eax-imm32-ret,CANDIDATE,constant-return method body
42,NLICBONLNJD,87370,OAAPEEELDBD,0x8618670,mov-eax-imm32-ret,CANDIDATE,constant-return method body
42,PDDLNPPCMMF,48517,HKJOCMJBKCN,0x8743F60,mov-eax-imm32-ret,CANDIDATE,constant-return method body
43,DLLJAOLKHAE,63631,IMBHADIDAGI,0xB046C20,mov-eax-imm32-ret,CANDIDATE,constant-return method body
43,Datatype_long,3251,get_TypeCode,0x19A80D10,mov-eax-imm32-ret,CANDIDATE,constant-return method body
43,EIDGDFJJBOO,21034,get_typeId,0x127DC6D0,mov-eax-imm32-ret,CANDIDATE,constant-return method body
43,ICJOEDPPLBH,30447,OAAPEEELDBD,0x75563D0,mov-eax-imm32-ret,CANDIDATE,constant-return method body
43,IDIMEDPFNLO,28255,MIBIPNFDLDI,0x8D62FE0,mov-eax-imm32-ret,CANDIDATE,constant-return method body
43,KEBKFDCPOEG,81304,OIIHAJDJBCA,0x8F99490,mov-eax-imm32-ret,CANDIDATE,constant-return method body
43,KEFBJLGBLLE,83135,PHAFOOIBGKI,0x82949B0,mov-eax-imm32-ret,CANDIDATE,constant-return method body
43,KHCMOKNHBHL,74853,HDCCPLPOCPM,0x1385A1C0,mov-eax-imm32-ret,CANDIDATE,constant-return method body
43,LCIBAPJIDIL,37565,NHHFIMEFDAL,0xFCD9D40,mov-eax-imm32-ret,CANDIDATE,constant-return method body
43,MMJGMLNPJLF,33631,EHDOOHIIIMO,0x90F2C80,mov-eax-imm32-ret,CANDIDATE,constant-return method body
43,PBIFEDEKBCL,83332,HKJOCMJBKCN,0x9FF02A0,mov-eax-imm32-ret,CANDIDATE,constant-return method body
43,Platform_WebGL_Base,6293,get_platform,0x19848850,mov-eax-imm32-ret,CANDIDATE,constant-return method body
44,AJJELNJKOPJ,47636,get_typeId,0x8A798F0,mov-eax-imm32-ret,CANDIDATE,constant-return method body
44,DKHJFDCBCJB,14178,IMBHADIDAGI,0x11A342A0,mov-eax-imm32-ret,CANDIDATE,constant-return method body
44,Datatype_int,3252,get_TypeCode,0x19A5A9B0,mov-eax-imm32-ret,CANDIDATE,constant-return method body
44,FAKDOMBCIJD,86951,IMBHADIDAGI,0x7F76560,mov-eax-imm32-ret,CANDIDATE,constant-return method body
44,ICLINKNMAAI,45635,PHAFOOIBGKI,0x11E07B70,mov-eax-imm32-ret,CANDIDATE,constant-return method body
44,INHOBFGINMA,32544,IMBHADIDAGI,0x137471B0,mov-eax-imm32-ret,CANDIDATE,constant-return method body
44,IPMPCLJGLHN,28069,OAAPEEELDBD,0xCC38030,mov-eax-imm32-ret,CANDIDATE,constant-return method body
44,LHOJNANLGNE,64738,MIBIPNFDLDI,0x83BFF00,mov-eax-imm32-ret,CANDIDATE,constant-return method body
44,LNKMOHAIBGJ,31469,EHDOOHIIIMO,0xB50AFD0,mov-eax-imm32-ret,CANDIDATE,constant-return method body
44,MPEOMCOLJAK,78986,OIIHAJDJBCA,0xCF0BCF0,mov-eax-imm32-ret,CANDIDATE,constant-return method body
44,NBDDIBJIHON,39774,HDCCPLPOCPM,0xD0289F0,mov-eax-imm32-ret,CANDIDATE,constant-return method body
44,NMNKEHAOCAO,57670,HKJOCMJBKCN,0x100198E0,mov-eax-imm32-ret,CANDIDATE,constant-return method body
44,PKAJFADFNFO,16914,NHHFIMEFDAL,0xAE12380,mov-eax-imm32-ret,CANDIDATE,constant-return method body
44,Platform_AppleGCController_Base,6302,get_platform,0x19750510,mov-eax-imm32-ret,CANDIDATE,constant-return method body
45,Datatype_short,3253,get_TypeCode,0x19A07DE0,mov-eax-imm32-ret,CANDIDATE,constant-return method body
45,EJNLDJMJNMF,14392,NHHFIMEFDAL,0x9689970,mov-eax-imm32-ret,CANDIDATE,constant-return method body
45,FHAMPJKHJPL,71369,IMBHADIDAGI,0x11024780,mov-eax-imm32-ret,CANDIDATE,constant-return method body
45,GAFKMBEDBCM,23042,IMBHADIDAGI,0x11072670,mov-eax-imm32-ret,CANDIDATE,constant-return method body
45,GDJBMBJIOOJ,49305,OAAPEEELDBD,0xCA4ACC0,mov-eax-imm32-ret,CANDIDATE,constant-return method body
45,HCGOOPJPFII,26765,IMBHADIDAGI,0x11C79180,mov-eax-imm32-ret,CANDIDATE,constant-return method body
45,HDBMLNOCIPH,61118,PHAFOOIBGKI,0x748D520,mov-eax-imm32-ret,CANDIDATE,constant-return method body
45,HEAAPFFDNEO,15990,OIIHAJDJBCA,0x7498CF0,mov-eax-imm32-ret,CANDIDATE,constant-return method body
45,KCCAKOKFDLM,34559,EHDOOHIIIMO,0x11F2F710,mov-eax-imm32-ret,CANDIDATE,constant-return method body
45,LBAEBPCEOPI,41455,get_typeId,0x902C740,mov-eax-imm32-ret,CANDIDATE,constant-return method body
45,MBEGFPNIONG,31465,IMBHADIDAGI,0xFD732C0,mov-eax-imm32-ret,CANDIDATE,constant-return method body
45,MFMPNABNPKP,73701,MIBIPNFDLDI,0x115078F0,mov-eax-imm32-ret,CANDIDATE,constant-return method body
45,MLJOIFBNKAF,29468,HKJOCMJBKCN,0xF1A4550,mov-eax-imm32-ret,CANDIDATE,constant-return method body
45,PKKOICBPCII,81683,HDCCPLPOCPM,0xAE14B20,mov-eax-imm32-ret,CANDIDATE,constant-return method body
46,AOJLFCACGFO,73895,OIIHAJDJBCA,0xF7E4B40,mov-eax-imm32-ret,CANDIDATE,constant-return method body
46,DFJMEJFFINJ,37471,OAAPEEELDBD,0x7D78440,mov-eax-imm32-ret,CANDIDATE,constant-return method body
46,DJPOIECNLHI,24100,MIBIPNFDLDI,0x10DC8E00,mov-eax-imm32-ret,CANDIDATE,constant-return method body
46,Datatype_byte,3254,get_TypeCode,0x19A803B0,mov-eax-imm32-ret,CANDIDATE,constant-return method body
46,EAHLHPGCPAC,29439,PLKKEGKGCJJ,0x1259A940,mov-eax-imm32-ret,CANDIDATE,constant-return method body
46,EKMLMELMABD,62248,EHDOOHIIIMO,0xEA69B20,mov-eax-imm32-ret,CANDIDATE,constant-return method body
46,HJKMOCDIIBG,32340,get_typeId,0x74C9340,mov-eax-imm32-ret,CANDIDATE,constant-return method body
46,HNIACEHLJLC,50764,HDCCPLPOCPM,0x1059E980,mov-eax-imm32-ret,CANDIDATE,constant-return method body
46,IAENDKBHLPF,86841,PHAFOOIBGKI,0xD6F2CE0,mov-eax-imm32-ret,CANDIDATE,constant-return method body
46,MKOPBNKIONO,66674,NHHFIMEFDAL,0x10978FB0,mov-eax-imm32-ret,CANDIDATE,constant-return method body
46,PIDGKCCOOOJ,58014,HKJOCMJBKCN,0xB979CC0,mov-eax-imm32-ret,CANDIDATE,constant-return method body
47,CPBLCECGELK,25797,get_typeId,0xA0E0860,mov-eax-imm32-ret,CANDIDATE,constant-return method body
47,Datatype_nonNegativeInteger,3255,get_TypeCode,0x199E7180,mov-eax-imm32-ret,CANDIDATE,constant-return method body
47,EBKONHBLHON,59723,OAAPEEELDBD,0x11AA0970,mov-eax-imm32-ret,CANDIDATE,constant-return method body
47,ECAKGICCLFG,12904,HDCCPLPOCPM,0xA196660,mov-eax-imm32-ret,CANDIDATE,constant-return method body
47,EKAOMKGMFJE,66626,EHDOOHIIIMO,0x89C11D0,mov-eax-imm32-ret,CANDIDATE,constant-return method body
47,EPCBNLCHHKA,33688,HKJOCMJBKCN,0x1036EB80,mov-eax-imm32-ret,CANDIDATE,constant-return method body
47,GEEFHOJGDHE,44698,OIIHAJDJBCA,0x8029AB0,mov-eax-imm32-ret,CANDIDATE,constant-return method body
47,ICEILOIKCAD,22912,MIBIPNFDLDI,0x111B6210,mov-eax-imm32-ret,CANDIDATE,constant-return method body
47,LEABBPNNJOG,70958,get_panelType,0x12C85390,mov-eax-imm32-ret,CANDIDATE,constant-return method body
47,LHLCHNMCAMA,57944,PHAFOOIBGKI,0x1204C410,mov-eax-imm32-ret,CANDIDATE,constant-return method body
47,LJDGAKAJGFA,41526,get_panelType,0xEB197F0,mov-eax-imm32-ret,CANDIDATE,constant-return method body
47,MonoIO,635,get_AltDirectorySeparatorChar,0x19610730,mov-ax-imm16-ret,CANDIDATE,constant-return method body
48,AEMAJBDFOPD,20042,MIBIPNFDLDI,0xEAE9750,mov-eax-imm32-ret,CANDIDATE,constant-return method body
48,APEABNGAIOD,56709,PHAFOOIBGKI,0x8E56BF0,mov-eax-imm32-ret,CANDIDATE,constant-return method body
48,Datatype_unsignedLong,3256,get_TypeCode,0x19AA6D50,mov-eax-imm32-ret,CANDIDATE,constant-return method body
48,EBAJCEIPBOM,72844,AEGNNPENLNM,0x8906370,mov-ax-imm16-ret,CANDIDATE,constant-return method body
48,FPKLGJKFKLG,81553,HDCCPLPOCPM,0xBBFAF30,mov-eax-imm32-ret,CANDIDATE,constant-return method body
48,ICJGBPHKPAO,51862,HKJOCMJBKCN,0x8D5C6D0,mov-eax-imm32-ret,CANDIDATE,constant-return method body
48,KHMBPNMLLFL,13119,OAAPEEELDBD,0x13863E70,mov-eax-imm32-ret,CANDIDATE,constant-return method body
48,LMKCPIMEPNH,58031,OIIHAJDJBCA,0xE4CE730,mov-eax-imm32-ret,CANDIDATE,constant-return method body
48,MFLMJGKBMFJ,72787,EHDOOHIIIMO,0x13A1AAE0,mov-eax-imm32-ret,CANDIDATE,constant-return method body
48,OKEDJKBEALK,74013,get_typeId,0x9399830,mov-eax-imm32-ret,CANDIDATE,constant-return method body
48,OPOHIDPHBBO,38331,get_size,0xC66E0D0,mov-eax-imm32-ret,CANDIDATE,constant-return method body
49,BBCGEPGHCNP,48929,get_typeId,0xBCC4500,mov-eax-imm32-ret,CANDIDATE,constant-return method body
49,BIAGALMEOCD,48104,OAAPEEELDBD,0x12B4DBA0,mov-eax-imm32-ret,CANDIDATE,constant-return method body
49,DABDOIOADNL,51864,HKJOCMJBKCN,0xC7FA720,mov-eax-imm32-ret,CANDIDATE,constant-return method body
49,Datatype_unsignedInt,3257,get_TypeCode,0x19A0F800,mov-eax-imm32-ret,CANDIDATE,constant-return method body
49,IKNFPILPIBB,68594,MIBIPNFDLDI,0xFAC6D30,mov-eax-imm32-ret,CANDIDATE,constant-return method body
49,JHGNNDFDIJD,77417,OIIHAJDJBCA,0xA8E3020,mov-eax-imm32-ret,CANDIDATE,constant-return method body
49,LHKcymDNMzYRjliKDAdduzkZtdJC,7574,kcwRZzMjobEcqbyOEkyHZwcowjWg,0x198B9C00,mov-eax-imm32-ret,CANDIDATE,constant-return method body
49,OAABIMOAPGP,29398,PHAFOOIBGKI,0x1003BEB0,mov-eax-imm32-ret,CANDIDATE,constant-return method body
49,PMEOGGNEFHH,42296,HDCCPLPOCPM,0x10170CE0,mov-eax-imm32-ret,CANDIDATE,constant-return method body
50,DCAGGFPHMIC,22410,get_typeId,0x133FF380,mov-eax-imm32-ret,CANDIDATE,constant-return method body
50,DEBDMCFHMHP,81819,IMBHADIDAGI,0xC81F100,mov-eax-imm32-ret,CANDIDATE,constant-return method body
50,DPFKHDKFIEI,16671,HDCCPLPOCPM,0xBAE04A0,mov-eax-imm32-ret,CANDIDATE,constant-return method body
50,Datatype_unsignedShort,3258,get_TypeCode,0x19965CC0,mov-eax-imm32-ret,CANDIDATE,constant-return method body
50,EKMOPPCOICB,56446,MIBIPNFDLDI,0x127F5240,mov-eax-imm32-ret,CANDIDATE,constant-return method body
50,EMNNCAKDBDL,11923,OIIHAJDJBCA,0x89D4B00,mov-eax-imm32-ret,CANDIDATE,constant-return method body
50,HNKHOMHGEFO,72273,OAAPEEELDBD,0x74F3EF0,mov-eax-imm32-ret,CANDIDATE,constant-return method body
50,IBLCMKCMALP,71697,PHAFOOIBGKI,0xBF25210,mov-eax-imm32-ret,CANDIDATE,constant-return method body
50,ODBIHJIHMOF,23386,BAFIPDEOPFN,0xD123C80,mov-eax-imm32-ret,CANDIDATE,constant-return method body
50,OOAOLOMEKOJ,47720,AEGNNPENLNM,0xADB1E90,mov-ax-imm16-ret,CANDIDATE,constant-return method body
50,PHGKNMBDLME,49737,HKJOCMJBKCN,0x7C5B330,mov-eax-imm32-ret,CANDIDATE,constant-return method body
50,UnityUnifiedKeyboardSource,5826,get_inputSource,0x19868020,mov-eax-imm32-ret,CANDIDATE,constant-return method body
50,UnityUnifiedMouseSource,5827,get_inputSource,0x19856C60,mov-eax-imm32-ret,CANDIDATE,constant-return method body
51,AIDEEAHEFCG,75619,NIIICEHCLKF,0xEB256B0,mov-eax-imm32-ret,CANDIDATE,constant-return method body
51,AILOHPLFCFE,22489,MIBIPNFDLDI,0xC99B100,mov-eax-imm32-ret,CANDIDATE,constant-return method body
51,CAFHEFKGBKJ,64241,get_typeId,0x13CC23C0,mov-eax-imm32-ret,CANDIDATE,constant-return method body
51,DEIBMNMPCBA,41993,OAAPEEELDBD,0x13F3E8B0,mov-eax-imm32-ret,CANDIDATE,constant-return method body
51,Datatype_unsignedByte,3259,get_TypeCode,0x199B0ED0,mov-eax-imm32-ret,CANDIDATE,constant-return method body
51,EGPJEAIOLEM,48774,PHAFOOIBGKI,0x96280D0,mov-eax-imm32-ret,CANDIDATE,constant-return method body
51,HMGCBJGABLE,19871,EHDOOHIIIMO,0xEDCC610,mov-eax-imm32-ret,CANDIDATE,constant-return method body
51,IIFCMEFCACP,38076,IMBHADIDAGI,0x81538A0,mov-eax-imm32-ret,CANDIDATE,constant-return method body
51,LNGDCEBLNGI,49964,HDCCPLPOCPM,0xB5073E0,mov-eax-imm32-ret,CANDIDATE,constant-return method body
51,NJAFJPDHDDI,25271,OIIHAJDJBCA,0x92EB590,mov-eax-imm32-ret,CANDIDATE,constant-return method body
51,ODADOFMAAEG,74555,HKJOCMJBKCN,0xC5E6E40,mov-eax-imm32-ret,CANDIDATE,constant-return method body
52,CKBLLEHENPL,28676,HDCCPLPOCPM,0x10D30CA0,mov-eax-imm32-ret,CANDIDATE,constant-return method body
52,Datatype_positiveInteger,3260,get_TypeCode,0x199B0D20,mov-eax-imm32-ret,CANDIDATE,constant-return method body
52,JKBEICKOFBD,19145,IMBHADIDAGI,0x76E3E50,mov-eax-imm32-ret,CANDIDATE,constant-return method body
52,KBOIGBEJCPF,61642,MIBIPNFDLDI,0x10722180,mov-eax-imm32-ret,CANDIDATE,constant-return method body
52,KHCGDFPGIEF,22646,OIIHAJDJBCA,0x9BB5DA0,mov-eax-imm32-ret,CANDIDATE,constant-return method body
52,LDJDCLELKLA,26633,EHDOOHIIIMO,0xAA007D0,mov-eax-imm32-ret,CANDIDATE,constant-return method body
52,MIGCCMHIOCE,80176,PHAFOOIBGKI,0x10960FE0,mov-eax-imm32-ret,CANDIDATE,constant-return method body
52,MILIEDMAPHP,53327,OAAPEEELDBD,0xB5D1860,mov-eax-imm32-ret,CANDIDATE,constant-return method body
52,MMBNEOIAKDF,14334,get_typeId,0xC31B500,mov-eax-imm32-ret,CANDIDATE,constant-return method body
52,MOKLFJDAOHB,35731,HKJOCMJBKCN,0xF1B42C0,mov-eax-imm32-ret,CANDIDATE,constant-return method body
52,OENKCJHDNPG,27590,NIIICEHCLKF,0x13D41460,mov-eax-imm32-ret,CANDIDATE,constant-return method body
53,CGGBDDOAJGK,17358,get_typeId,0x94DFB00,mov-eax-imm32-ret,CANDIDATE,constant-return method body
53,CLBFPPLLPGP,56362,OAAPEEELDBD,0x87EBCC0,mov-eax-imm32-ret,CANDIDATE,constant-return method body
53,Datatype_yearMonthDuration,3217,get_TypeCode,0x199CB220,mov-eax-imm32-ret,CANDIDATE,constant-return method body
53,FFBHAADAHPC,41998,HDCCPLPOCPM,0x8B4A590,mov-eax-imm32-ret,CANDIDATE,constant-return method body
53,JABOIGBKEGP,50531,OIIHAJDJBCA,0x7638B80,mov-eax-imm32-ret,CANDIDATE,constant-return method body
53,JDAPBEHAMFD,69435,HKJOCMJBKCN,0x76646D0,mov-eax-imm32-ret,CANDIDATE,constant-return method body
53,JFCLMIHGLKF,31228,MIBIPNFDLDI,0x12AFB560,mov-eax-imm32-ret,CANDIDATE,constant-return method body
53,KHPLPCFONCJ,12680,PHAFOOIBGKI,0x11F59990,mov-eax-imm32-ret,CANDIDATE,constant-return method body
53,NFLFMHCCCMD,36411,AMCFEMGFGBC,0xD059130,mov-eax-imm32-ret,CANDIDATE,constant-return method body
53,PNBKENNHNIG,45077,PLKKEGKGCJJ,0x118950E0,mov-eax-imm32-ret,CANDIDATE,constant-return method body
53,POMBKEFICOM,80078,EHDOOHIIIMO,0xAE40210,mov-eax-imm32-ret,CANDIDATE,constant-return method body
54,DEBEPNFLHMA,21720,IMBHADIDAGI,0x883C9A0,mov-eax-imm32-ret,CANDIDATE,constant-return method body
54,Datatype_dayTimeDuration,3218,get_TypeCode,0x1994FFC0,mov-eax-imm32-ret,CANDIDATE,constant-return method body
54,EDKIENCJJJP,21387,HKJOCMJBKCN,0x11AB3E40,mov-eax-imm32-ret,CANDIDATE,constant-return method body
54,EKPJICJABNJ,32442,AMCFEMGFGBC,0xEA6C300,mov-eax-imm32-ret,CANDIDATE,constant-return method body
54,GBOIFMCLNGA,55428,PLKKEGKGCJJ,0x8BD9D00,mov-eax-imm32-ret,CANDIDATE,constant-return method body
54,GPBEPLCLHKB,41030,PHAFOOIBGKI,0x7460640,mov-eax-imm32-ret,CANDIDATE,constant-return method body
54,HLBECHDGMNL,11834,OIIHAJDJBCA,0x12A03830,mov-eax-imm32-ret,CANDIDATE,constant-return method body
54,IKPDLFNGAIN,76918,MIBIPNFDLDI,0x8DB6070,mov-eax-imm32-ret,CANDIDATE,constant-return method body
54,MEAOJLMAKBP,71800,EHDOOHIIIMO,0x12D19EB0,mov-eax-imm32-ret,CANDIDATE,constant-return method body
54,NKEKFIFNNGJ,30342,get_typeId,0xD097F30,mov-eax-imm32-ret,CANDIDATE,constant-return method body
54,PKDMLOLJAJC,34553,OAAPEEELDBD,0x13220D00,mov-eax-imm32-ret,CANDIDATE,constant-return method body
54,PMLOJKFKIAP,88679,HDCCPLPOCPM,0xB9A6940,mov-eax-imm32-ret,CANDIDATE,constant-return method body
55,AAGBIGEKHGM,26687,OAAPEEELDBD,0xC94CD10,mov-eax-imm32-ret,CANDIDATE,constant-return method body
55,ANCCEDGBHKE,84586,AMCFEMGFGBC,0xB15CE10,mov-eax-imm32-ret,CANDIDATE,constant-return method body
55,CJABLHCPOLH,40711,PLKKEGKGCJJ,0xAF7E9E0,mov-eax-imm32-ret,CANDIDATE,constant-return method body
55,EBAPHNACCMF,29916,MIBIPNFDLDI,0x1279B2B0,mov-eax-imm32-ret,CANDIDATE,constant-return method body
55,EBECPGGKCOC,58897,IMBHADIDAGI,0x10E032C0,mov-eax-imm32-ret,CANDIDATE,constant-return method body
55,GGBFEBGNNHM,13257,get_typeId,0x8BF5C30,mov-eax-imm32-ret,CANDIDATE,constant-return method body
55,LBMAOGDNOKB,62948,PHAFOOIBGKI,0x9C1E500,mov-eax-imm32-ret,CANDIDATE,constant-return method body
55,PEPALKMOIMH,75661,HKJOCMJBKCN,0xADE4880,mov-eax-imm32-ret,CANDIDATE,constant-return method body
55,PEPHJBAPCAI,18420,HDCCPLPOCPM,0xB8FB020,mov-eax-imm32-ret,CANDIDATE,constant-return method body
55,PHFEHKBNLLH,52952,EHDOOHIIIMO,0xC6B02D0,mov-eax-imm32-ret,CANDIDATE,constant-return method body
56,CCLDCDJBNBL,65287,AEGNNPENLNM,0x94AE8B0,mov-ax-imm16-ret,CANDIDATE,constant-return method body
56,EFEIEEAPBEJ,49155,HDCCPLPOCPM,0x103131A0,mov-eax-imm32-ret,CANDIDATE,constant-return method body
56,GHPLCEDFNGI,38575,GCMGDEJJCAO,0x97CEE40,mov-eax-imm32-ret,CANDIDATE,constant-return method body
56,HKKLCIHPDEF,37306,OAAPEEELDBD,0xBEBE940,mov-eax-imm32-ret,CANDIDATE,constant-return method body
56,IDFHNBJFNPL,24416,get_typeId,0xEE12A90,mov-eax-imm32-ret,CANDIDATE,constant-return method body
56,JFLDHGEPNHD,50376,GCMGDEJJCAO,0xB398950,mov-eax-imm32-ret,CANDIDATE,constant-return method body
56,MAFEBLFFEMJ,32735,MIBIPNFDLDI,0x12CFD820,mov-eax-imm32-ret,CANDIDATE,constant-return method body
56,MFAIGNBDONC,46009,EHDOOHIIIMO,0xB5AD5A0,mov-eax-imm32-ret,CANDIDATE,constant-return method body
56,ONJIFGIELLG,32627,HKJOCMJBKCN,0xB8A6FA0,mov-eax-imm32-ret,CANDIDATE,constant-return method body
56,PDCGFMLJGPL,52066,PLKKEGKGCJJ,0xC67FF30,mov-eax-imm32-ret,CANDIDATE,constant-return method body
56,PLBEAMLIOOL,77186,AMCFEMGFGBC,0x941E900,mov-eax-imm32-ret,CANDIDATE,constant-return method body
57,ACFKDNGAHLN,84335,HKJOCMJBKCN,0x126DB000,mov-eax-imm32-ret,CANDIDATE,constant-return method body
57,AMIJNKIPBKO,47316,PLKKEGKGCJJ,0xBCA79A0,mov-eax-imm32-ret,CANDIDATE,constant-return method body
57,ActorManagerData,34954,get_typeId,0xB73C3A0,mov-eax-imm32-ret,CANDIDATE,constant-return method body
57,HHKPOLIELDE,72944,OAAPEEELDBD,0x74AFC00,mov-eax-imm32-ret,CANDIDATE,constant-return method body
57,HNMDKEJPFAL,68210,OIIHAJDJBCA,0x12A3FF20,mov-eax-imm32-ret,CANDIDATE,constant-return method body
57,IHNPOAKEIHN,66809,AEGNNPENLNM,0x111E6DD0,mov-ax-imm16-ret,CANDIDATE,constant-return method body
57,KCKLOBJDLBA,32012,MIBIPNFDLDI,0xFC31410,mov-eax-imm32-ret,CANDIDATE,constant-return method body
57,KJLKDHENHMC,32812,HDCCPLPOCPM,0x83182F0,mov-eax-imm32-ret,CANDIDATE,constant-return method body
57,MFJFHDJGECA,49219,EHDOOHIIIMO,0x84303E0,mov-eax-imm32-ret,CANDIDATE,constant-return method body
58,ACJAIBEOEPE,30700,OAAPEEELDBD,0x103E1710,mov-eax-imm32-ret,CANDIDATE,constant-return method body
58,GHIJICCFKKN,64947,get_typeId,0x11BF9C00,mov-eax-imm32-ret,CANDIDATE,constant-return method body
58,HAHCIBFDPID,77266,MIBIPNFDLDI,0x98338E0,mov-eax-imm32-ret,CANDIDATE,constant-return method body
58,LENBEKOIHFA,34793,OIIHAJDJBCA,0xB4A2CF0,mov-eax-imm32-ret,CANDIDATE,constant-return method body
58,LKIMGIDCNPJ,70683,HDCCPLPOCPM,0x12CBC3F0,mov-eax-imm32-ret,CANDIDATE,constant-return method body
58,LNLCAMEHCPP,13330,EHDOOHIIIMO,0xCE59F30,mov-eax-imm32-ret,CANDIDATE,constant-return method body
58,MonoIO,635,get_VolumeSeparatorChar,0x19610710,mov-ax-imm16-ret,CANDIDATE,constant-return method body
58,PJGPAPEHHID,75995,HKJOCMJBKCN,0x10CA29D0,mov-eax-imm32-ret,CANDIDATE,constant-return method body
59,BCLOPADGOOC,87776,AGOKLBFFPGN,0xC06C830,mov-eax-imm32-ret,CANDIDATE,constant-return method body
59,CHIDPAADKCK,85716,MIBIPNFDLDI,0x10C61D40,mov-eax-imm32-ret,CANDIDATE,constant-return method body
59,EOLHKLCNHJP,43461,OAAPEEELDBD,0xF73E3C0,mov-eax-imm32-ret,CANDIDATE,constant-return method body
59,FAOIDNLDIFP,71249,HKJOCMJBKCN,0xEA9B070,mov-eax-imm32-ret,CANDIDATE,constant-return method body
59,HMMKECONLJG,20529,HDCCPLPOCPM,0xA69A470,mov-eax-imm32-ret,CANDIDATE,constant-return method body
59,MLHJEJNDJLE,59132,EHDOOHIIIMO,0xB5F0A90,mov-eax-imm32-ret,CANDIDATE,constant-return method body
59,MonoIO,635,get_PathSeparator,0x19610740,mov-ax-imm16-ret,CANDIDATE,constant-return method body
59,OGNJLDECCFM,15838,get_typeId,0x11767BF0,mov-eax-imm32-ret,CANDIDATE,constant-return method body
59,PKCFKBDBAPO,63712,OIIHAJDJBCA,0xAE14000,mov-eax-imm32-ret,CANDIDATE,constant-return method body
60,AABHFFPPIIE,71605,HKJOCMJBKCN,0x11B1F700,mov-eax-imm32-ret,CANDIDATE,constant-return method body
60,CLAGPEHHAHK,86635,AEGNNPENLNM,0xC7AF680,mov-ax-imm16-ret,CANDIDATE,constant-return method body
60,DGFDKDIKBLM,49604,EHDOOHIIIMO,0xD3626D0,mov-eax-imm32-ret,CANDIDATE,constant-return method body
60,DGLLDLPFJMP,80965,PLKKEGKGCJJ,0x119F3BB0,mov-eax-imm32-ret,CANDIDATE,constant-return method body
60,HGBDOJHCBGM,76396,OIIHAJDJBCA,0xBE96000,mov-eax-imm32-ret,CANDIDATE,constant-return method body
60,JPCIEMJBCIN,34989,OAAPEEELDBD,0xCCF5230,mov-eax-imm32-ret,CANDIDATE,constant-return method body
60,LDLPIHIACBP,73447,get_typeId,0x9C388D0,mov-eax-imm32-ret,CANDIDATE,constant-return method body
60,MKFFOEFAFBH,58333,HDCCPLPOCPM,0x12D4D6D0,mov-eax-imm32-ret,CANDIDATE,constant-return method body
60,NIDGKFIFPEL,77229,MIBIPNFDLDI,0x116E6460,mov-eax-imm32-ret,CANDIDATE,constant-return method body
61,BBGHIAEMOFN,87039,IMBHADIDAGI,0xF7FBDD0,mov-eax-imm32-ret,CANDIDATE,constant-return method body
61,EPPPBDCNKAH,41054,IMBHADIDAGI,0xD431610,mov-eax-imm32-ret,CANDIDATE,constant-return method body
61,FCOLEIIHLEJ,41606,PLKKEGKGCJJ,0xD4539D0,mov-eax-imm32-ret,CANDIDATE,constant-return method body
61,FGJHECAFMGN,21360,OIIHAJDJBCA,0xA2A2460,mov-eax-imm32-ret,CANDIDATE,constant-return method body
61,FMNANLNMBNL,61187,EHDOOHIIIMO,0xA4C3340,mov-eax-imm32-ret,CANDIDATE,constant-return method body
61,GKKKILLJCAF,73276,PHAFOOIBGKI,0x7431020,mov-eax-imm32-ret,CANDIDATE,constant-return method body
61,HIJIBADENIO,42218,OAAPEEELDBD,0x11D94DA0,mov-eax-imm32-ret,CANDIDATE,constant-return method body
61,HIMCKCIEJKI,60699,HKJOCMJBKCN,0x1113E5A0,mov-eax-imm32-ret,CANDIDATE,constant-return method body
61,NDFACFBIBMM,55729,HDCCPLPOCPM,0x12FEF060,mov-eax-imm32-ret,CANDIDATE,constant-return method body
61,NDPJEMKABLM,44484,get_typeId,0xD0421A0,mov-eax-imm32-ret,CANDIDATE,constant-return method body
61,NJDOPDLMKBK,81824,AMCFEMGFGBC,0x130262C0,mov-eax-imm32-ret,CANDIDATE,constant-return method body
61,NJECCOFOPJM,48763,MIBIPNFDLDI,0x13C75EE0,mov-eax-imm32-ret,CANDIDATE,constant-return method body
62,AKBLOJMGFIE,13451,OIIHAJDJBCA,0x10FB9660,mov-eax-imm32-ret,CANDIDATE,constant-return method body
62,GBMDGKAOKKE,88502,PHAFOOIBGKI,0xBDB4200,mov-eax-imm32-ret,CANDIDATE,constant-return method body
62,HBKIBDHJMFC,64103,MIBIPNFDLDI,0x1362BD90,mov-eax-imm32-ret,CANDIDATE,constant-return method body
62,INAOAOPNHKN,84512,OAAPEEELDBD,0x13740810,mov-eax-imm32-ret,CANDIDATE,constant-return method body
62,KHCMOKNHBHL,74853,HKJOCMJBKCN,0x1385A1D0,mov-eax-imm32-ret,CANDIDATE,constant-return method body
62,KPDJFECJEBA,88733,EHDOOHIIIMO,0xA9C4D70,mov-eax-imm32-ret,CANDIDATE,constant-return method body
62,NHPIHFPAGNI,41700,HDCCPLPOCPM,0x116E16C0,mov-eax-imm32-ret,CANDIDATE,constant-return method body
62,PDABJLKOKHJ,15294,get_typeId,0xF48E980,mov-eax-imm32-ret,CANDIDATE,constant-return method body
63,APAFJOCHNAN,30045,HDCCPLPOCPM,0xEB5CA50,mov-eax-imm32-ret,CANDIDATE,constant-return method body
63,Datatype_List,3206,get_ValidRestrictionFlags,0x199851D0,mov-eax-imm32-ret,CANDIDATE,constant-return method body
63,Datatype_NOTATION,3247,get_ValidRestrictionFlags,0x199E69E0,mov-eax-imm32-ret,CANDIDATE,constant-return method body
63,Datatype_QName,3235,get_ValidRestrictionFlags,0x19A2ADC0,mov-eax-imm32-ret,CANDIDATE,constant-return method body
63,Datatype_anyURI,3234,get_ValidRestrictionFlags,0x19A5A150,mov-eax-imm32-ret,CANDIDATE,constant-return method body
63,Datatype_base64Binary,3233,get_ValidRestrictionFlags,0x199B0620,mov-eax-imm32-ret,CANDIDATE,constant-return method body
63,Datatype_hexBinary,3232,get_ValidRestrictionFlags,0x19A5A640,mov-eax-imm32-ret,CANDIDATE,constant-return method body
63,Datatype_string,3211,get_ValidRestrictionFlags,0x19A5AF80,mov-eax-imm32-ret,CANDIDATE,constant-return method body
63,HMJHOCODFKG,50915,get_typeId,0x1367C970,mov-eax-imm32-ret,CANDIDATE,constant-return method body
63,IDHNOFDHNJN,34227,OIIHAJDJBCA,0x111B9380,mov-eax-imm32-ret,CANDIDATE,constant-return method body
63,IEGJHMLFHPO,39592,PHAFOOIBGKI,0xB29C2B0,mov-eax-imm32-ret,CANDIDATE,constant-return method body
63,IPEFAMHABEH,57259,MIBIPNFDLDI,0x13757560,mov-eax-imm32-ret,CANDIDATE,constant-return method body
63,JFJNIGMKNOF,73306,OAAPEEELDBD,0xE3236B0,mov-eax-imm32-ret,CANDIDATE,constant-return method body
63,MFOBBEPLBLO,29428,EHDOOHIIIMO,0x8434980,mov-eax-imm32-ret,CANDIDATE,constant-return method body
63,NBDDIBJIHON,39774,HKJOCMJBKCN,0xD028A00,mov-eax-imm32-ret,CANDIDATE,constant-return method body
63,NMIPGDOKCGD,17794,PLKKEGKGCJJ,0xC5AC3B0,mov-eax-imm32-ret,CANDIDATE,constant-return method body
64,ACJKEAEJJJP,70513,OAAPEEELDBD,0x7EBE630,mov-eax-imm32-ret,CANDIDATE,constant-return method body
64,AEBPNJEGKOF,53901,AMCFEMGFGBC,0x11B5C080,mov-eax-imm32-ret,CANDIDATE,constant-return method body
64,AHCKDHIGDHC,50358,MBELGCMOLGM,0x10F916B0,mov-eax-imm32-ret,CANDIDATE,constant-return method body
64,CNOHHMLMBPP,45325,IMBHADIDAGI,0x9525470,mov-eax-imm32-ret,CANDIDATE,constant-return method body
64,EHEKIHCJGAG,45577,get_size,0x127D2E40,mov-eax-imm32-ret,CANDIDATE,constant-return method body
64,EKLKAADIBMG,77167,MIBIPNFDLDI,0xF6DD5B0,mov-eax-imm32-ret,CANDIDATE,constant-return method body
64,EOEFLJJENFF,28757,EHDOOHIIIMO,0x10366490,mov-eax-imm32-ret,CANDIDATE,constant-return method body
64,GICFEAFGNBO,33975,HDCCPLPOCPM,0xD60FE90,mov-eax-imm32-ret,CANDIDATE,constant-return method body
64,IGMIFNMGHDE,45163,PHAFOOIBGKI,0x12A87700,mov-eax-imm32-ret,CANDIDATE,constant-return method body
64,IHGGDHLKLGG,13985,OIIHAJDJBCA,0x11E56EE0,mov-eax-imm32-ret,CANDIDATE,constant-return method body
64,NJIOEAIPOOF,76998,get_typeId,0xE6E3F60,mov-eax-imm32-ret,CANDIDATE,constant-return method body
64,PDKMHMNJLLJ,50149,IMBHADIDAGI,0x13DB4D40,mov-eax-imm32-ret,CANDIDATE,constant-return method body
64,PKKOICBPCII,81683,HKJOCMJBKCN,0xAE14CE0,mov-eax-imm32-ret,CANDIDATE,constant-return method body
65,BFOGDGLCKPH,68505,OAAPEEELDBD,0x12B33790,mov-eax-imm32-ret,CANDIDATE,constant-return method body
65,DBFGHMBPJJE,22235,EHDOOHIIIMO,0xA10EC80,mov-eax-imm32-ret,CANDIDATE,constant-return method body
65,EKKOMJPAIDC,77867,OIIHAJDJBCA,0xF6DB7F0,mov-eax-imm32-ret,CANDIDATE,constant-return method body
65,FOGOPJMAFBL,59095,MIBIPNFDLDI,0x11068E30,mov-eax-imm32-ret,CANDIDATE,constant-return method body
65,FPHPMABELEP,58177,PHAFOOIBGKI,0x126AD540,mov-eax-imm32-ret,CANDIDATE,constant-return method body
65,HNIACEHLJLC,50764,HKJOCMJBKCN,0x1059EA20,mov-eax-imm32-ret,CANDIDATE,constant-return method body
65,MEKIAAGMICO,59193,get_typeId,0x90B3730,mov-eax-imm32-ret,CANDIDATE,constant-return method body
65,MNMLJJNMHME,11806,HDCCPLPOCPM,0x121381A0,mov-eax-imm32-ret,CANDIDATE,constant-return method body
65,NEHBICHNCAL,42698,AMCFEMGFGBC,0xFF63050,mov-eax-imm32-ret,CANDIDATE,constant-return method body
66,AIBIIOPLIMI,43398,MIBIPNFDLDI,0xF7B7360,mov-eax-imm32-ret,CANDIDATE,constant-return method body
66,CFJOCEPLIGL,79094,PHAFOOIBGKI,0x13CE51B0,mov-eax-imm32-ret,CANDIDATE,constant-return method body
66,DGOICHBLKPP,27067,get_typeId,0xBAA8A00,mov-eax-imm32-ret,CANDIDATE,constant-return method body
66,ECAKGICCLFG,12904,HKJOCMJBKCN,0xA196650,mov-eax-imm32-ret,CANDIDATE,constant-return method body
66,FFHIBFIHOKJ,64586,HDCCPLPOCPM,0x1101D190,mov-eax-imm32-ret,CANDIDATE,constant-return method body
66,FNFDNCPLHEP,53431,OAAPEEELDBD,0xD5AA810,mov-eax-imm32-ret,CANDIDATE,constant-return method body
66,HDCHNMLIFMF,41844,MIBIPNFDLDI,0xED84AE0,mov-eax-imm32-ret,CANDIDATE,constant-return method body
66,NBIOOCIOPBN,75860,OIIHAJDJBCA,0xD029630,mov-eax-imm32-ret,CANDIDATE,constant-return method body
66,NILBGGOEBBK,34927,EHDOOHIIIMO,0xD0825B0,mov-eax-imm32-ret,CANDIDATE,constant-return method body
67,ABLNPELJBHE,49320,PHAFOOIBGKI,0x126D8640,mov-eax-imm32-ret,CANDIDATE,constant-return method body
67,BICAGMIKMHG,31387,OAAPEEELDBD,0xB53B3D0,mov-eax-imm32-ret,CANDIDATE,constant-return method body
67,FPKLGJKFKLG,81553,HKJOCMJBKCN,0xBBFAF40,mov-eax-imm32-ret,CANDIDATE,constant-return method body
67,GJKOBLDDDDK,82977,MIBIPNFDLDI,0x804AC60,mov-eax-imm32-ret,CANDIDATE,constant-return method body
67,JPOOGEGGLGO,74249,get_typeId,0xC0EAF80,mov-eax-imm32-ret,CANDIDATE,constant-return method body
67,KAAFGDIFPDP,48849,OIIHAJDJBCA,0x8F6E850,mov-eax-imm32-ret,CANDIDATE,constant-return method body
67,LMBEMKGANBF,67277,IMBHADIDAGI,0x7876BE0,mov-eax-imm32-ret,CANDIDATE,constant-return method body
67,OCKMEAKKFHC,53777,EHDOOHIIIMO,0x9F76EB0,mov-eax-imm32-ret,CANDIDATE,constant-return method body
67,PICHGHPEKMG,47045,HDCCPLPOCPM,0x132122C0,mov-eax-imm32-ret,CANDIDATE,constant-return method body
68,CAOPNKIPKJO,26755,PHAFOOIBGKI,0x10C32310,mov-eax-imm32-ret,CANDIDATE,constant-return method body
68,EADIABHIDIH,83599,HDCCPLPOCPM,0xC8BBC80,mov-eax-imm32-ret,CANDIDATE,constant-return method body
68,EFBCNJCHMLG,70617,OIIHAJDJBCA,0x127BD870,mov-eax-imm32-ret,CANDIDATE,constant-return method body
68,FFAEEACMPON,38919,EHDOOHIIIMO,0x1350FA90,mov-eax-imm32-ret,CANDIDATE,constant-return method body
68,HPKHBIIHKFB,48001,AMCFEMGFGBC,0xB269580,mov-eax-imm32-ret,CANDIDATE,constant-return method body
68,INJIDMBBLMK,48705,IMBHADIDAGI,0xBFB1800,mov-eax-imm32-ret,CANDIDATE,constant-return method body
68,IOAKOELMLHP,74155,OAAPEEELDBD,0x1066B900,mov-eax-imm32-ret,CANDIDATE,constant-return method body
68,OMGMKKFLLNK,85900,MIBIPNFDLDI,0xE795B90,mov-eax-imm32-ret,CANDIDATE,constant-return method body
68,PJLDMCLODLF,88497,IMBHADIDAGI,0x10CA47E0,mov-eax-imm32-ret,CANDIDATE,constant-return method body
68,PMEOGGNEFHH,42296,HKJOCMJBKCN,0x10170CF0,mov-eax-imm32-ret,CANDIDATE,constant-return method body
69,DNPMELKGMAK,88834,HDCCPLPOCPM,0x95C6810,mov-eax-imm32-ret,CANDIDATE,constant-return method body
69,DPFKHDKFIEI,16671,HKJOCMJBKCN,0xBADFB60,mov-eax-imm32-ret,CANDIDATE,constant-return method body
69,JJIEHBONOPC,34392,OIIHAJDJBCA,0xE33C600,mov-eax-imm32-ret,CANDIDATE,constant-return method body
69,KIJLNAECMKG,66267,OAAPEEELDBD,0xC16C1B0,mov-eax-imm32-ret,CANDIDATE,constant-return method body
69,LLDJBEIJCLH,29904,MIBIPNFDLDI,0x7870660,mov-eax-imm32-ret,CANDIDATE,constant-return method body
69,LNPPOEGOCJK,80923,PHAFOOIBGKI,0x12CF2860,mov-eax-imm32-ret,CANDIDATE,constant-return method body
69,OMPKONPECOH,13975,EHDOOHIIIMO,0x10B8FB60,mov-eax-imm32-ret,CANDIDATE,constant-return method body
70,EHOBLAKCIOC,78943,MIBIPNFDLDI,0x10E37B40,mov-eax-imm32-ret,CANDIDATE,constant-return method body
70,INILPGCCKCA,85728,OIIHAJDJBCA,0x11E890A0,mov-eax-imm32-ret,CANDIDATE,constant-return method body
70,LMDEDHOGHCL,78187,IMBHADIDAGI,0x9C81920,mov-eax-imm32-ret,CANDIDATE,constant-return method body
70,LNGDCEBLNGI,49964,HKJOCMJBKCN,0xB5073D0,mov-eax-imm32-ret,CANDIDATE,constant-return method body
70,OIFFLHENHLE,49176,PHAFOOIBGKI,0x86806D0,mov-eax-imm32-ret,CANDIDATE,constant-return method body
70,OJGJKEADLOP,49252,HDCCPLPOCPM,0xE780E90,mov-eax-imm32-ret,CANDIDATE,constant-return method body
70,OJKIOCPLKCO,69819,OAAPEEELDBD,0x13D689E0,mov-eax-imm32-ret,CANDIDATE,constant-return method body
71,BJFJHDOHMNE,42047,PHAFOOIBGKI,0x1085B090,mov-eax-imm32-ret,CANDIDATE,constant-return method body
71,CKBLLEHENPL,28676,HKJOCMJBKCN,0x10D30AF0,mov-eax-imm32-ret,CANDIDATE,constant-return method body
71,FMBOFIMGEGB,88642,HDCCPLPOCPM,0xD5A0D10,mov-eax-imm32-ret,CANDIDATE,constant-return method body
71,JKJMGMNPKFL,87326,MBELGCMOLGM,0x112A5610,mov-eax-imm32-ret,CANDIDATE,constant-return method body
71,LDOIEKJEGMJ,38956,MIBIPNFDLDI,0x1200DB30,mov-eax-imm32-ret,CANDIDATE,constant-return method body
71,PFPIKAOFGAJ,68243,OAAPEEELDBD,0xB8FF7D0,mov-eax-imm32-ret,CANDIDATE,constant-return method body
72,DADKLNFLKBO,25894,OIIHAJDJBCA,0x953AF60,mov-eax-imm32-ret,CANDIDATE,constant-return method body
72,EJEEDGMOOIP,43758,OAAPEEELDBD,0xA3E0040,mov-eax-imm32-ret,CANDIDATE,constant-return method body
72,FFBHAADAHPC,41998,HKJOCMJBKCN,0x8B4A580,mov-eax-imm32-ret,CANDIDATE,constant-return method body
72,IEFIAJFMGDO,57727,MIBIPNFDLDI,0xA6F7900,mov-eax-imm32-ret,CANDIDATE,constant-return method body
72,KLMDFHBIJGJ,83810,AEGNNPENLNM,0xFC93D90,mov-ax-imm16-ret,CANDIDATE,constant-return method body
72,ODAADINBFPD,38658,GCMGDEJJCAO,0x93476B0,mov-eax-imm32-ret,CANDIDATE,constant-return method body
72,PBJNAFLOMHD,54897,PHAFOOIBGKI,0xADCE1F0,mov-eax-imm32-ret,CANDIDATE,constant-return method body
72,PKCGKIFKKNN,17048,HDCCPLPOCPM,0xA045EF0,mov-eax-imm32-ret,CANDIDATE,constant-return method body
73,AFLHFOPFEPB,17033,HDCCPLPOCPM,0x126F9950,mov-eax-imm32-ret,CANDIDATE,constant-return method body
73,BCLOPADGOOC,87776,PHAFOOIBGKI,0xC06BE40,mov-eax-imm32-ret,CANDIDATE,constant-return method body
73,BFECMNJGMOA,36916,OAAPEEELDBD,0x12B2B7D0,mov-eax-imm32-ret,CANDIDATE,constant-return method body
73,MAPOLBJDELI,38815,IMBHADIDAGI,0x10924470,mov-eax-imm32-ret,CANDIDATE,constant-return method body
73,MBGDOPCMCGE,17091,OIIHAJDJBCA,0x114888B0,mov-eax-imm32-ret,CANDIDATE,constant-return method body
73,PMLOJKFKIAP,88679,HKJOCMJBKCN,0xB9A6930,mov-eax-imm32-ret,CANDIDATE,constant-return method body
74,ANPGAAFDJNL,34057,OIIHAJDJBCA,0xF7E4260,mov-eax-imm32-ret,CANDIDATE,constant-return method body
74,BKPNPELGEEJ,71691,OAAPEEELDBD,0xB564E20,mov-eax-imm32-ret,CANDIDATE,constant-return method body
74,BMJCHENNLIF,30228,HDCCPLPOCPM,0x13309340,mov-eax-imm32-ret,CANDIDATE,constant-return method body
74,EIOPGNBAHBC,57046,MIBIPNFDLDI,0x964D6A0,mov-eax-imm32-ret,CANDIDATE,constant-return method body
74,NPNMEOHKOOA,47343,PHAFOOIBGKI,0x10B32180,mov-eax-imm32-ret,CANDIDATE,constant-return method body
74,OIDOFCABGOK,51755,AEGNNPENLNM,0x9388650,mov-ax-imm16-ret,CANDIDATE,constant-return method body
74,PEPHJBAPCAI,18420,HKJOCMJBKCN,0xB8FAD10,mov-eax-imm32-ret,CANDIDATE,constant-return method body
75,EAAKINFBOBN,41657,MIBIPNFDLDI,0x12796700,mov-eax-imm32-ret,CANDIDATE,constant-return method body
75,EFEIEEAPBEJ,49155,HKJOCMJBKCN,0x10313410,mov-eax-imm32-ret,CANDIDATE,constant-return method body
75,FAHGPJKMJEL,87549,PHAFOOIBGKI,0x14074830,mov-eax-imm32-ret,CANDIDATE,constant-return method body
75,GACDBHNEAAI,38308,HDCCPLPOCPM,0xF892850,mov-eax-imm32-ret,CANDIDATE,constant-return method body
75,IAOFHDOABLD,71149,OAAPEEELDBD,0x136C8F40,mov-eax-imm32-ret,CANDIDATE,constant-return method body
75,KKNONHJEIJI,65735,OIIHAJDJBCA,0xB458E40,mov-eax-imm32-ret,CANDIDATE,constant-return method body
76,AOIHNCPLGOM,82035,MIBIPNFDLDI,0x8E4C760,mov-eax-imm32-ret,CANDIDATE,constant-return method body
76,DMNNHLIHCEM,69404,OIIHAJDJBCA,0xF651610,mov-eax-imm32-ret,CANDIDATE,constant-return method body
76,GJNCIJIJNHA,61561,HDCCPLPOCPM,0x110C7E70,mov-eax-imm32-ret,CANDIDATE,constant-return method body
76,HEGJOBNHHCJ,49390,IMBHADIDAGI,0x11115150,mov-eax-imm32-ret,CANDIDATE,constant-return method body
76,HMDOJCIGMDG,78365,OAAPEEELDBD,0x11DB28A0,mov-eax-imm32-ret,CANDIDATE,constant-return method body
76,KJLKDHENHMC,32812,HKJOCMJBKCN,0x8318300,mov-eax-imm32-ret,CANDIDATE,constant-return method body
76,KNLPLDDBILL,21015,PHAFOOIBGKI,0x778D050,mov-eax-imm32-ret,CANDIDATE,constant-return method body
76,PHODOPILJDC,41586,AEGNNPENLNM,0xE85DCA0,mov-ax-imm16-ret,CANDIDATE,constant-return method body
77,EABMOIOIBKO,58328,OAAPEEELDBD,0xE9D7AD0,mov-eax-imm32-ret,CANDIDATE,constant-return method body
77,EOCEEOFPKCH,70961,MIBIPNFDLDI,0x10364410,mov-eax-imm32-ret,CANDIDATE,constant-return method body
77,FMOGCANALDN,43218,OIIHAJDJBCA,0x128BDE10,mov-eax-imm32-ret,CANDIDATE,constant-return method body
77,LKIMGIDCNPJ,70683,HKJOCMJBKCN,0x12CBC1F0,mov-eax-imm32-ret,CANDIDATE,constant-return method body
77,PNPNLALNLGB,66567,IMBHADIDAGI,0xAE37EA0,mov-eax-imm32-ret,CANDIDATE,constant-return method body
77,PODOKGKLNIJ,79247,PHAFOOIBGKI,0x118A72F0,mov-eax-imm32-ret,CANDIDATE,constant-return method body
78,AFGNJGOLMAM,37610,OAAPEEELDBD,0x10409580,mov-eax-imm32-ret,CANDIDATE,constant-return method body
78,ALLDGGPFGKB,76613,AEGNNPENLNM,0x1349BB60,mov-ax-imm16-ret,CANDIDATE,constant-return method body
78,BKIFKNOEEAC,38507,OIIHAJDJBCA,0x123A5C50,mov-eax-imm32-ret,CANDIDATE,constant-return method body
78,BPIPJIFBNIP,19230,MIBIPNFDLDI,0x82F5B30,mov-eax-imm32-ret,CANDIDATE,constant-return method body
78,HMMKECONLJG,20529,HKJOCMJBKCN,0xA69A670,mov-eax-imm32-ret,CANDIDATE,constant-return method body
79,EGPNENFOHLG,19421,IMBHADIDAGI,0xF6BE890,mov-eax-imm32-ret,CANDIDATE,constant-return method body
79,FPDILGJOCBG,17644,OIIHAJDJBCA,0xD5BD660,mov-eax-imm32-ret,CANDIDATE,constant-return method body
79,KEDGILIDFLF,22386,BPNEPDCHCAJ,0xBCD2EB0,mov-eax-imm32-ret,CANDIDATE,constant-return method body
79,LHNLPMFHLPN,19937,OAAPEEELDBD,0x7849A90,mov-eax-imm32-ret,CANDIDATE,constant-return method body
79,MKFFOEFAFBH,58333,HKJOCMJBKCN,0x12D4CD60,mov-eax-imm32-ret,CANDIDATE,constant-return method body
79,MLBFDCJGMOG,43410,AEGNNPENLNM,0xCEE0B60,mov-ax-imm16-ret,CANDIDATE,constant-return method body
79,PJEFHJELPGJ,22387,BPNEPDCHCAJ,0xD3F0BE0,mov-eax-imm32-ret,CANDIDATE,constant-return method body
80,CHPOJEADNKE,18501,GCMGDEJJCAO,0x10C65330,mov-eax-imm32-ret,CANDIDATE,constant-return method body
80,JMCHDAIBMMB,59515,PHAFOOIBGKI,0xCCE1C80,mov-eax-imm32-ret,CANDIDATE,constant-return method body
80,MADGANCIMLP,52319,AEGNNPENLNM,0xFD62D70,mov-ax-imm16-ret,CANDIDATE,constant-return method body
80,MBPLFICMKMC,80724,HKJOCMJBKCN,0xFD7C9C0,mov-eax-imm32-ret,CANDIDATE,constant-return method body
80,MELJDBLMPDG,66004,OAAPEEELDBD,0x12D226F0,mov-eax-imm32-ret,CANDIDATE,constant-return method body
80,ONLKKHEFODB,20088,OIIHAJDJBCA,0x1181D940,mov-eax-imm32-ret,CANDIDATE,constant-return method body
80,PPJKABFJHCM,74428,CFOCCJFCDLA,0xE88A9C0,mov-eax-imm32-ret,CANDIDATE,constant-return method body
81,APDFKHBMNNA,67390,OIIHAJDJBCA,0x97174A0,mov-eax-imm32-ret,CANDIDATE,constant-return method body
81,NDFACFBIBMM,55729,HKJOCMJBKCN,0x12FEF180,mov-eax-imm32-ret,CANDIDATE,constant-return method body
81,OFJEECDICCF,20862,PHAFOOIBGKI,0xF3D25D0,mov-eax-imm32-ret,CANDIDATE,constant-return method body
81,OIABLDCFBDG,79517,OAAPEEELDBD,0xAD8CF70,mov-eax-imm32-ret,CANDIDATE,constant-return method body
82,HPFIENIKNAC,66071,CFOCCJFCDLA,0x105AB120,mov-eax-imm32-ret,CANDIDATE,constant-return method body
82,IAKNFOJBDBI,52995,OIIHAJDJBCA,0x136C0BA0,mov-eax-imm32-ret,CANDIDATE,constant-return method body
82,IEFBEMCBGCB,45493,CFOCCJFCDLA,0xD717060,mov-eax-imm32-ret,CANDIDATE,constant-return method body
82,MFBDLFMNHDE,82553,OAAPEEELDBD,0xCE92B60,mov-eax-imm32-ret,CANDIDATE,constant-return method body
82,NHPIHFPAGNI,41700,HKJOCMJBKCN,0x116E16D0,mov-eax-imm32-ret,CANDIDATE,constant-return method body
82,NMEGPKHHLNJ,21257,PHAFOOIBGKI,0xB80F900,mov-eax-imm32-ret,CANDIDATE,constant-return method body
83,APAFJOCHNAN,30045,HKJOCMJBKCN,0xEB5CB00,mov-eax-imm32-ret,CANDIDATE,constant-return method body
83,FNHBENDPKGK,54914,OAAPEEELDBD,0x1357B340,mov-eax-imm32-ret,CANDIDATE,constant-return method body
83,GFMKLJJHBCJ,69506,AEGNNPENLNM,0xA535B50,mov-ax-imm16-ret,CANDIDATE,constant-return method body
83,LMFGBDFPCJD,27294,OIIHAJDJBCA,0xF106300,mov-eax-imm32-ret,CANDIDATE,constant-return method body
84,CMBPIAHFKBH,59301,OIIHAJDJBCA,0xD306A00,mov-eax-imm32-ret,CANDIDATE,constant-return method body
84,GICFEAFGNBO,33975,HKJOCMJBKCN,0xD60FFC0,mov-eax-imm32-ret,CANDIDATE,constant-return method body
84,IGNHGHLCMDM,63590,OAAPEEELDBD,0xE291850,mov-eax-imm32-ret,CANDIDATE,constant-return method body
85,IAEKCIBEHMK,66047,OIIHAJDJBCA,0x111A8DE0,mov-eax-imm32-ret,CANDIDATE,constant-return method body
85,MNMLJJNMHME,11806,HKJOCMJBKCN,0x12138190,mov-eax-imm32-ret,CANDIDATE,constant-return method body
85,OPELDNJBMBM,37784,IMBHADIDAGI,0xC667D60,mov-eax-imm32-ret,CANDIDATE,constant-return method body
85,PAOMHKOIMKG,25726,OAAPEEELDBD,0xC672970,mov-eax-imm32-ret,CANDIDATE,constant-return method body
86,BCCCDJADCLD,40820,OAAPEEELDBD,0x134E57C0,mov-eax-imm32-ret,CANDIDATE,constant-return method body
86,BJNHJAFNFNP,78992,IMBHADIDAGI,0x1177F1C0,mov-eax-imm32-ret,CANDIDATE,constant-return method body
86,HGGJCHDFODM,24368,AEGNNPENLNM,0x11129AA0,mov-ax-imm16-ret,CANDIDATE,constant-return method body
86,HICPALOFEKJ,73653,HKJOCMJBKCN,0xA686B00,mov-eax-imm32-ret,CANDIDATE,constant-return method body
86,NAIGFKHOFMM,68471,OIIHAJDJBCA,0xAC9FD80,mov-eax-imm32-ret,CANDIDATE,constant-return method body
87,DKIPPCHILGH,72162,HKJOCMJBKCN,0xBACA8B0,mov-eax-imm32-ret,CANDIDATE,constant-return method body
87,HAGIADDJBDM,22108,OAAPEEELDBD,0x808FDC0,mov-eax-imm32-ret,CANDIDATE,constant-return method body
87,KBJGKGIFLCL,45977,OIIHAJDJBCA,0x13841330,mov-eax-imm32-ret,CANDIDATE,constant-return method body
87,OLAMHKGNCBC,61231,IMBHADIDAGI,0xF40A720,mov-eax-imm32-ret,CANDIDATE,constant-return method body
88,LBHNKPEAEKF,62036,OIIHAJDJBCA,0xB490440,mov-eax-imm32-ret,CANDIDATE,constant-return method body
88,MBKAGJKABCF,58490,HKJOCMJBKCN,0x114E5210,mov-eax-imm32-ret,CANDIDATE,constant-return method body
88,OMOBAKHPHFO,47305,OAAPEEELDBD,0x11811DC0,mov-eax-imm32-ret,CANDIDATE,constant-return method body
89,EDBCALDHJMG,17063,OAAPEEELDBD,0x13FDA630,mov-eax-imm32-ret,CANDIDATE,constant-return method body
89,FFHIBFIHOKJ,64586,HKJOCMJBKCN,0x1101CFE0,mov-eax-imm32-ret,CANDIDATE,constant-return method body
89,PNNPMALBBHB,18287,OIIHAJDJBCA,0x10CB3B10,mov-eax-imm32-ret,CANDIDATE,constant-return method body
90,KIOKJDHMAGG,79746,PHAFOOIBGKI,0xC16E690,mov-eax-imm32-ret,CANDIDATE,constant-return method body
90,PCHEAFNFOEE,45785,OIIHAJDJBCA,0x873C0F0,mov-eax-imm32-ret,CANDIDATE,constant-return method body
90,PICHGHPEKMG,47045,HKJOCMJBKCN,0x132122D0,mov-eax-imm32-ret,CANDIDATE,constant-return method body
90,PNKEILHAKAI,26281,OAAPEEELDBD,0x13235720,mov-eax-imm32-ret,CANDIDATE,constant-return method body
91,BODDIHIIGMN,87578,OAAPEEELDBD,0xD1B2BF0,mov-eax-imm32-ret,CANDIDATE,constant-return method body
91,EADIABHIDIH,83599,HKJOCMJBKCN,0xC8BBE30,mov-eax-imm32-ret,CANDIDATE,constant-return method body
91,NHMGOMNOEMA,21814,OIIHAJDJBCA,0x116DFEF0,mov-eax-imm32-ret,CANDIDATE,constant-return method body
91,OKCMBFNBGEE,17659,PHAFOOIBGKI,0x7BCD150,mov-eax-imm32-ret,CANDIDATE,constant-return method body
92,BBPEAAEOKPJ,40881,OAAPEEELDBD,0x134E2E70,mov-eax-imm32-ret,CANDIDATE,constant-return method body
92,DJNIDJBALOF,32009,OIIHAJDJBCA,0xE99BCE0,mov-eax-imm32-ret,CANDIDATE,constant-return method body
92,DNPMELKGMAK,88834,HKJOCMJBKCN,0x95C6820,mov-eax-imm32-ret,CANDIDATE,constant-return method body
92,EOPLPONOBEO,58063,PHAFOOIBGKI,0x1036C5E0,mov-eax-imm32-ret,CANDIDATE,constant-return method body
92,MonoIO,635,get_DirectorySeparatorChar,0x19610720,mov-ax-imm16-ret,CANDIDATE,constant-return method body
93,JEJAIADCKGL,70521,PHAFOOIBGKI,0x7667C80,mov-eax-imm32-ret,CANDIDATE,constant-return method body
93,LGHMANLJMGC,58941,OIIHAJDJBCA,0xCE1EDC0,mov-eax-imm32-ret,CANDIDATE,constant-return method body
93,OIAEMJKGLIL,83574,AEGNNPENLNM,0x1009D630,mov-ax-imm16-ret,CANDIDATE,constant-return method body
93,OJGJKEADLOP,49252,HKJOCMJBKCN,0xE780E80,mov-eax-imm32-ret,CANDIDATE,constant-return method body
93,PENLFOPEMCD,23598,OAAPEEELDBD,0x87610A0,mov-eax-imm32-ret,CANDIDATE,constant-return method body
94,FMBOFIMGEGB,88642,HKJOCMJBKCN,0xD5A0C80,mov-eax-imm32-ret,CANDIDATE,constant-return method body
94,HAPCMHFKJCF,41271,PHAFOOIBGKI,0xCAC59C0,mov-eax-imm32-ret,CANDIDATE,constant-return method body
94,LDNNALDNLEK,32883,OIIHAJDJBCA,0x11409DC0,mov-eax-imm32-ret,CANDIDATE,constant-return method body
94,MBMLFDAPHPK,77099,OAAPEEELDBD,0x78AC5D0,mov-eax-imm32-ret,CANDIDATE,constant-return method body
95,BJLDLJBPCLI,42604,OIIHAJDJBCA,0x12B569A0,mov-eax-imm32-ret,CANDIDATE,constant-return method body
95,CGPLHLLPIHL,75190,OAAPEEELDBD,0xE8440D0,mov-eax-imm32-ret,CANDIDATE,constant-return method body
95,PKCGKIFKKNN,17048,HKJOCMJBKCN,0xA046010,mov-eax-imm32-ret,CANDIDATE,constant-return method body
96,AFLHFOPFEPB,17033,HKJOCMJBKCN,0x126F99F0,mov-eax-imm32-ret,CANDIDATE,constant-return method body
96,BAKOPCCCCEP,61151,OAAPEEELDBD,0xB178340,mov-eax-imm32-ret,CANDIDATE,constant-return method body
96,KGMILJBDHHC,64137,OIIHAJDJBCA,0x9BB2AB0,mov-eax-imm32-ret,CANDIDATE,constant-return method body
96,PIKNAIBFMHG,79320,AEGNNPENLNM,0xAE08880,mov-ax-imm16-ret,CANDIDATE,constant-return method body
97,BBMFJCKDGLD,12301,OIIHAJDJBCA,0xEE79570,mov-eax-imm32-ret,CANDIDATE,constant-return method body
97,BMJCHENNLIF,30228,HKJOCMJBKCN,0x133092B0,mov-eax-imm32-ret,CANDIDATE,constant-return method body
97,FJEBCIHGEDE,14082,OAAPEEELDBD,0x1289FB00,mov-eax-imm32-ret,CANDIDATE,constant-return method body
97,KHFLAEEBALP,46019,IMBHADIDAGI,0x774C2F0,mov-eax-imm32-ret,CANDIDATE,constant-return method body
98,ADJLPCAIELE,54551,AEGNNPENLNM,0xD4CF200,mov-ax-imm16-ret,CANDIDATE,constant-return method body
98,AJLPGMJHPFG,84629,OAAPEEELDBD,0x13483580,mov-eax-imm32-ret,CANDIDATE,constant-return method body
98,GACDBHNEAAI,38308,HKJOCMJBKCN,0xF8928E0,mov-eax-imm32-ret,CANDIDATE,constant-return method body
98,IAKOMCEFPFK,55855,OIIHAJDJBCA,0x11DEF870,mov-eax-imm32-ret,CANDIDATE,constant-return method body
99,GJNCIJIJNHA,61561,HKJOCMJBKCN,0x110C7CE0,mov-eax-imm32-ret,CANDIDATE,constant-return method body
99,IKPIGMIBGJB,74169,OAAPEEELDBD,0xBF9BE90,mov-eax-imm32-ret,CANDIDATE,constant-return method body
99,PGLNOLIOLFK,25729,OIIHAJDJBCA,0x12409870,mov-eax-imm32-ret,CANDIDATE,constant-return method body
100,ABPNAADJNHO,15857,PIMKNHMDLFI,0x11B2A5A0,mov-eax-imm32-ret,CANDIDATE,constant-return method body
100,ACDFMINLPCM,65084,OAAPEEELDBD,0xC961A80,mov-eax-imm32-ret,CANDIDATE,constant-return method body
100,GPPPALLHPJJ,27333,AEGNNPENLNM,0x129AE620,mov-ax-imm16-ret,CANDIDATE,constant-return method body
100,MKLLJGEPHMO,53580,FPGOOKBADPG,0x8460350,mov-eax-imm32-ret,CANDIDATE,constant-return method body
101,AHCCAEKBJMI,50113,IMBHADIDAGI,0x1346D7A0,mov-eax-imm32-ret,CANDIDATE,constant-return method body
101,IOCADOMIIBA,70301,PHAFOOIBGKI,0x1066BAC0,mov-eax-imm32-ret,CANDIDATE,constant-return method body
101,MMPKPCGOJBK,80568,CAFHPBEGGNM,0x9D408C0,mov-eax-imm32-ret,CANDIDATE,constant-return method body
101,OGFDGOCNBIG,82139,OAAPEEELDBD,0x13110D30,mov-eax-imm32-ret,CANDIDATE,constant-return method body
101,OPCNCAMHKIJ,78370,AMCFEMGFGBC,0x10BAD8B0,mov-eax-imm32-ret,CANDIDATE,constant-return method body
101,OPCNCAMHKIJ,78370,NIIICEHCLKF,0x10BAD910,mov-eax-imm32-ret,CANDIDATE,constant-return method body
101,TransformResetSystem,55673,get_ScheduleType,0x1158AD70,mov-eax-imm32-ret,CANDIDATE,constant-return method body
102,IAPADGBJIAN,39609,IMBHADIDAGI,0xBF19A70,mov-eax-imm32-ret,CANDIDATE,constant-return method body
102,JMPIFDCDGID,45006,OAAPEEELDBD,0x112B87B0,mov-eax-imm32-ret,CANDIDATE,constant-return method body
102,LogicLodSystem,79455,get_ScheduleType,0x1158A830,mov-eax-imm32-ret,CANDIDATE,constant-return method body
102,MINKIAGKHPA,82776,AMCFEMGFGBC,0x90DD5D0,mov-eax-imm32-ret,CANDIDATE,constant-return method body
102,MINKIAGKHPA,82776,NIIICEHCLKF,0x90DD5E0,mov-eax-imm32-ret,CANDIDATE,constant-return method body
102,MMPKPCGOJBK,80568,CMPKBFALGEH,0x9D408B0,mov-eax-imm32-ret,CANDIDATE,constant-return method body
102,NJEABJIKCKD,18043,NIIICEHCLKF,0x13C75710,mov-eax-imm32-ret,CANDIDATE,constant-return method body
102,OHDBFKJEMOK,17103,PHAFOOIBGKI,0x12331570,mov-eax-imm32-ret,CANDIDATE,constant-return method body
103,ADGELOOHFIP,14101,NIIICEHCLKF,0x103F41F0,mov-eax-imm32-ret,CANDIDATE,constant-return method body
103,ADGELOOHFIP,14101,AMCFEMGFGBC,0x103F4220,mov-eax-imm32-ret,CANDIDATE,constant-return method body
103,HLNOKDKIOFI,24831,IMBHADIDAGI,0xF9C7D10,mov-eax-imm32-ret,CANDIDATE,constant-return method body
103,LFMFMKNNNEG,74567,OAAPEEELDBD,0x1080F4F0,mov-eax-imm32-ret,CANDIDATE,constant-return method body
103,MoveLogicLodSystem,30373,get_ScheduleType,0xE5ACF50,mov-eax-imm32-ret,CANDIDATE,constant-return method body
103,RVOLogicLodSystem,46627,get_ScheduleType,0x1158AD60,mov-eax-imm32-ret,CANDIDATE,constant-return method body
104,AAJICDFEGLO,80392,AMCFEMGFGBC,0xBC15E70,mov-eax-imm32-ret,CANDIDATE,constant-return method body
104,AAJICDFEGLO,80392,NIIICEHCLKF,0xBC15E80,mov-eax-imm32-ret,CANDIDATE,constant-return method body
104,GatherZoneAgentFollowReferenceSystem,13591,get_ScheduleType,0xFE20280,mov-eax-imm32-ret,CANDIDATE,constant-return method body
104,GatherZoneSystem,32744,get_ScheduleType,0x1215F0C0,mov-eax-imm32-ret,CANDIDATE,constant-return method body
104,LHACGILHBHI,30265,OAAPEEELDBD,0xF0DF380,mov-eax-imm32-ret,CANDIDATE,constant-return method body
104,RoadNetworkSystem,83406,get_ScheduleType,0xE5AEA10,mov-eax-imm32-ret,CANDIDATE,constant-return method body
105,BEALEIPFICG,59594,OAAPEEELDBD,0xC0AC780,mov-eax-imm32-ret,CANDIDATE,constant-return method body
105,CDHEEDKINLB,61646,NIIICEHCLKF,0xF55BAB0,mov-eax-imm32-ret,CANDIDATE,constant-return method body
105,CDHEEDKINLB,61646,AMCFEMGFGBC,0xF55BAC0,mov-eax-imm32-ret,CANDIDATE,constant-return method body
105,GatherZoneAgentFollowSlotSystem,33362,get_ScheduleType,0x1215E6E0,mov-eax-imm32-ret,CANDIDATE,constant-return method body
106,EntitySpatialGridSystem,71791,get_ScheduleType,0xB649870,mov-eax-imm32-ret,CANDIDATE,constant-return method body
106,ExternalEntityCollectSystem,78232,get_ScheduleType,0xC35DC60,mov-eax-imm32-ret,CANDIDATE,constant-return method body
106,KLPFMOCJCIG,51848,AEGNNPENLNM,0xB464EE0,mov-ax-imm16-ret,CANDIDATE,constant-return method body
106,MENBNAFDJJG,29421,NIIICEHCLKF,0xC2D0080,mov-eax-imm32-ret,CANDIDATE,constant-return method body
106,MENBNAFDJJG,29421,AMCFEMGFGBC,0xC2D00E0,mov-eax-imm32-ret,CANDIDATE,constant-return method body
106,NALHPCCIFFO,40417,OAAPEEELDBD,0xC523EA0,mov-eax-imm32-ret,CANDIDATE,constant-return method body
107,GAGICINJJHG,34109,AEGNNPENLNM,0x128CDBA0,mov-ax-imm16-ret,CANDIDATE,constant-return method body
107,IIHPKECHPCB,72732,OAAPEEELDBD,0x106128E0,mov-eax-imm32-ret,CANDIDATE,constant-return method body
107,KOKMJJBBKGN,81336,AMCFEMGFGBC,0x11F822E0,mov-eax-imm32-ret,CANDIDATE,constant-return method body
107,KOKMJJBBKGN,81336,NIIICEHCLKF,0x11F82330,mov-eax-imm32-ret,CANDIDATE,constant-return method body
107,RVOSystem,12866,get_ScheduleType,0x13B02E70,mov-eax-imm32-ret,CANDIDATE,constant-return method body
108,GAKLGIPMMKI,87820,AMCFEMGFGBC,0x1358F270,mov-eax-imm32-ret,CANDIDATE,constant-return method body
108,GAKLGIPMMKI,87820,NIIICEHCLKF,0x1358F280,mov-eax-imm32-ret,CANDIDATE,constant-return method body
108,MoveSystem,28249,get_ScheduleType,0xAB2E790,mov-eax-imm32-ret,CANDIDATE,constant-return method body
108,NCOCMJICHOL,27248,OAAPEEELDBD,0xB777210,mov-eax-imm32-ret,CANDIDATE,constant-return method body
109,AFLJLDKCPIJ,67271,NIIICEHCLKF,0xD4EDC90,mov-eax-imm32-ret,CANDIDATE,constant-return method body
109,AIKCLLGJDMF,60144,OAAPEEELDBD,0x96C9160,mov-eax-imm32-ret,CANDIDATE,constant-return method body
109,CBEAACOGDAK,22384,BPNEPDCHCAJ,0x127C7E40,mov-eax-imm32-ret,CANDIDATE,constant-return method body
109,CollideDetectSystem,57134,get_ScheduleType,0xCF27F70,mov-eax-imm32-ret,CANDIDATE,constant-return method body
109,TriggerSystem,35977,get_ScheduleType,0x12DA4680,mov-eax-imm32-ret,CANDIDATE,constant-return method body
110,FLDNANEJODH,11915,OAAPEEELDBD,0xBBE0220,mov-eax-imm32-ret,CANDIDATE,constant-return method body
110,NEKONIIGMGM,47752,NIIICEHCLKF,0xC55C070,mov-eax-imm32-ret,CANDIDATE,constant-return method body
110,NMNGBHAHLCE,60742,PHAFOOIBGKI,0xAD2B430,mov-eax-imm32-ret,CANDIDATE,constant-return method body
111,GGIALNIOPGI,22416,OAAPEEELDBD,0x8BF6250,mov-eax-imm32-ret,CANDIDATE,constant-return method body
111,LIJLKJFBANP,84602,PHAFOOIBGKI,0xE4BEC10,mov-eax-imm32-ret,CANDIDATE,constant-return method body
111,NEKONIIGMGM,47752,AMCFEMGFGBC,0xC55C040,mov-eax-imm32-ret,CANDIDATE,constant-return method body
112,AFLJLDKCPIJ,67271,AMCFEMGFGBC,0xD4EDCA0,mov-eax-imm32-ret,CANDIDATE,constant-return method body
112,JBHJMLHMHAC,26479,AEGNNPENLNM,0x112401A0,mov-ax-imm16-ret,CANDIDATE,constant-return method body
112,KHGIHHKGLKA,44990,OAAPEEELDBD,0xC1401E0,mov-eax-imm32-ret,CANDIDATE,constant-return method body
113,ICELIFAAOJC,18646,OAAPEEELDBD,0xD704E30,mov-eax-imm32-ret,CANDIDATE,constant-return method body
114,EELBMOODKDD,67493,AEGNNPENLNM,0x726DFA0,mov-ax-imm16-ret,CANDIDATE,constant-return method body
114,GCIIDAJGHPJ,11939,OAAPEEELDBD,0xBDBDA60,mov-eax-imm32-ret,CANDIDATE,constant-return method body
115,CNOMMGKIMIH,41262,AEGNNPENLNM,0x13EEC580,mov-ax-imm16-ret,CANDIDATE,constant-return method body
115,HPJLHALBNLK,85357,OAAPEEELDBD,0x9957410,mov-eax-imm32-ret,CANDIDATE,constant-return method body
116,ONILFOOGHCH,63350,OAAPEEELDBD,0x9FDA070,mov-eax-imm32-ret,CANDIDATE,constant-return method body
117,JKBEMOKDFKO,53087,OAAPEEELDBD,0x137F20F0,mov-eax-imm32-ret,CANDIDATE,constant-return method body
118,IAKPEFALONA,65288,OAAPEEELDBD,0x754AA70,mov-eax-imm32-ret,CANDIDATE,constant-return method body
119,HCLLBOELBEO,21772,OAAPEEELDBD,0xD673DA0,mov-eax-imm32-ret,CANDIDATE,constant-return method body
120,FAJICBBCJOO,77567,OAAPEEELDBD,0xEA98FB0,mov-eax-imm32-ret,CANDIDATE,constant-return method body
120,KBBJDCOGMKJ,57091,MMHCLDJJNEJ,0x8285BB0,mov-eax-imm32-ret,CANDIDATE,constant-return method body
121,JDKBMCKMOLC,78905,AEGNNPENLNM,0xCC4F420,mov-ax-imm16-ret,CANDIDATE,constant-return method body
121,NGHAGHHLJLA,60315,OAAPEEELDBD,0x1300E680,mov-eax-imm32-ret,CANDIDATE,constant-return method body
122,CCDPCIFNCCE,57380,OAAPEEELDBD,0x11904920,mov-eax-imm32-ret,CANDIDATE,constant-return method body
123,ECGNCCPEBAJ,47204,IMBHADIDAGI,0x8944840,mov-eax-imm32-ret,CANDIDATE,constant-return method body
124,NFLBGCPCJHL,48379,OAAPEEELDBD,0x10ACB500,mov-eax-imm32-ret,CANDIDATE,constant-return method body
125,ALKFHGKMCAD,83687,OAAPEEELDBD,0x71B9550,mov-eax-imm32-ret,CANDIDATE,constant-return method body
126,BBIGKPBNLLB,81612,OAAPEEELDBD,0x71DED70,mov-eax-imm32-ret,CANDIDATE,constant-return method body
126,MGEKLLPMGBF,86350,AEGNNPENLNM,0x120D59D0,mov-ax-imm16-ret,CANDIDATE,constant-return method body
127,BICKKHGFDMB,58838,AEGNNPENLNM,0xCDC5620,mov-ax-imm16-ret,CANDIDATE,constant-return method body
127,PPMOOPHOBKD,57651,OAAPEEELDBD,0x118B1E30,mov-eax-imm32-ret,CANDIDATE,constant-return method body
128,EPIOBPJMLML,79068,DLKJLCLFBKF,0xA425AD0,mov-eax-imm32-ret,CANDIDATE,constant-return method body
128,PLKNLAELCGF,88754,OAAPEEELDBD,0x10CA8ED0,mov-eax-imm32-ret,CANDIDATE,constant-return method body
129,KKFGLMOBGON,18698,OAAPEEELDBD,0x9BDBB40,mov-eax-imm32-ret,CANDIDATE,constant-return method body
130,MCPNAGGAPIN,12824,OAAPEEELDBD,0x120C5CF0,mov-eax-imm32-ret,CANDIDATE,constant-return method body
131,FEDKNOJNCNA,83163,OAAPEEELDBD,0xA447A70,mov-eax-imm32-ret,CANDIDATE,constant-return method body
131,JMOHFPKENDP,85561,AEGNNPENLNM,0x112AFBF0,mov-ax-imm16-ret,CANDIDATE,constant-return method body
133,PHJNHGKDFOF,85440,AEGNNPENLNM,0xB977260,mov-ax-imm16-ret,CANDIDATE,constant-return method body
136,GEDPKHDMHNC,15051,IMBHADIDAGI,0x104BC010,mov-eax-imm32-ret,CANDIDATE,constant-return method body
136,GOKOHDMMMCN,52871,AEGNNPENLNM,0x745E6D0,mov-ax-imm16-ret,CANDIDATE,constant-return method body
137,BCANMFJADJB,62186,AIINLKLFDNL,0x12766C60,mov-eax-imm32-ret,CANDIDATE,constant-return method body
140,AHACFANFGNB,88772,AEGNNPENLNM,0xEB1D010,mov-ax-imm16-ret,CANDIDATE,constant-return method body
141,NIDLHAIMGLC,55334,AEGNNPENLNM,0x9EB9BC0,mov-ax-imm16-ret,CANDIDATE,constant-return method body
142,EENBAEPOIAJ,85348,IMBHADIDAGI,0x8963150,mov-eax-imm32-ret,CANDIDATE,constant-return method body
143,FOBPOLOCFJL,23549,IMBHADIDAGI,0xBD9A530,mov-eax-imm32-ret,CANDIDATE,constant-return method body
148,KECFKEGMCIJ,81420,IMBHADIDAGI,0xEFD8E50,mov-eax-imm32-ret,CANDIDATE,constant-return method body
148,MHPFBAAKIJL,84111,IMBHADIDAGI,0xCEB0460,mov-eax-imm32-ret,CANDIDATE,constant-return method body
149,IAIDBICFLNC,29868,IMBHADIDAGI,0xBF0F9D0,mov-eax-imm32-ret,CANDIDATE,constant-return method body
151,OMLOKLJLDGH,16880,AEGNNPENLNM,0x11811A00,mov-ax-imm16-ret,CANDIDATE,constant-return method body
152,BFEGBHANLAD,49640,IMBHADIDAGI,0xFBECA10,mov-eax-imm32-ret,CANDIDATE,constant-return method body
153,HJICELBCHLB,86476,AEGNNPENLNM,0xA68E080,mov-ax-imm16-ret,CANDIDATE,constant-return method body
155,BLOCCEDOLDK,77004,AEGNNPENLNM,0xF298CE0,mov-ax-imm16-ret,CANDIDATE,constant-return method body
155,DBAHPNELBGF,25955,IMBHADIDAGI,0x10272000,mov-eax-imm32-ret,CANDIDATE,constant-return method body
161,OBCDJKFJMBI,74285,BNCCBHMACFN,0x130CB020,mov-eax-imm32-ret,CANDIDATE,constant-return method body
163,NMCAGPDINJM,18302,ODEMOFKDLAH,0x122ADC30,mov-eax-imm32-ret,CANDIDATE,constant-return method body
166,PHGMGHENDKK,35550,ODEMOFKDLAH,0x1320F4F0,mov-eax-imm32-ret,CANDIDATE,constant-return method body
169,NCFPHEMEPIK,23720,ODEMOFKDLAH,0xACAEDA0,mov-eax-imm32-ret,CANDIDATE,constant-return method body
172,EEAMMBCHJHH,60816,ODEMOFKDLAH,0x9608C60,mov-eax-imm32-ret,CANDIDATE,constant-return method body
174,DLJINGHLGIF,23284,LAEDBIAMIAF,0x125794E0,mov-eax-imm32-ret,CANDIDATE,constant-return method body
176,CFKACMMJKOD,71752,NPMGKHINEJB,0xF56DA80,mov-eax-imm32-ret,CANDIDATE,constant-return method body
176,DLJINGHLGIF,23284,NHMJHBDCCPF,0x1257D4F0,mov-eax-imm32-ret,CANDIDATE,constant-return method body
176,KBBKLGFCJAB,73641,NPMGKHINEJB,0x9B1BCC0,mov-eax-imm32-ret,CANDIDATE,constant-return method body
177,BHLACBBHJEH,86352,NPMGKHINEJB,0xEEA44B0,mov-eax-imm32-ret,CANDIDATE,constant-return method body
178,EHAJOLPKIPI,46700,NPMGKHINEJB,0x10E32EC0,mov-eax-imm32-ret,CANDIDATE,constant-return method body
178,OAKNFOHOOIA,19117,AIINLKLFDNL,0xC5CBCE0,mov-eax-imm32-ret,CANDIDATE,constant-return method body
179,GOBPEIKIAMK,23093,NPMGKHINEJB,0xEC4C840,mov-eax-imm32-ret,CANDIDATE,constant-return method body
179,OILIGPGMINE,43707,NPMGKHINEJB,0x9FB64B0,mov-eax-imm32-ret,CANDIDATE,constant-return method body
180,ADOENNCKEGF,30316,ODEMOFKDLAH,0xBC357B0,mov-eax-imm32-ret,CANDIDATE,constant-return method body
185,KNENPBBEOAM,58683,DKAIINABLHI,0xE3DD710,mov-eax-imm32-ret,CANDIDATE,constant-return method body
186,NLOMEGMJDGJ,61556,AEGNNPENLNM,0x9ED2160,mov-ax-imm16-ret,CANDIDATE,constant-return method body
188,CCAGFIAJPEN,37443,AIINLKLFDNL,0x9F13CD0,mov-eax-imm32-ret,CANDIDATE,constant-return method body
194,LMLPFNCFBLF,18753,AIINLKLFDNL,0xB5040E0,mov-eax-imm32-ret,CANDIDATE,constant-return method body
198,BDKPHAJCODA,16526,AIINLKLFDNL,0x7F51ED0,mov-eax-imm32-ret,CANDIDATE,constant-return method body
200,HGLHKOECHLP,76276,HPBPLHEAPLE,0x129E2750,mov-eax-imm32-ret,CANDIDATE,constant-return method body
200,IIMAAONKBEK,20181,AEGNNPENLNM,0xA713D90,mov-ax-imm16-ret,CANDIDATE,constant-return method body
201,DIIPLAGLHOM,87720,NIIICEHCLKF,0xD371030,mov-eax-imm32-ret,CANDIDATE,constant-return method body
201,DIIPLAGLHOM,87720,AMCFEMGFGBC,0xD371050,mov-eax-imm32-ret,CANDIDATE,constant-return method body
201,pdkkKuxvQxmeuSCxOxQcDYyqvXjI,7828,QZOAXAaxjggWtIIoqIhplsbujRuw,0x1990FE80,mov-eax-imm32-ret,CANDIDATE,constant-return method body
202,IKMKNFHFIAL,48158,AMCFEMGFGBC,0x99CE710,mov-eax-imm32-ret,CANDIDATE,constant-return method body
202,IKMKNFHFIAL,48158,NIIICEHCLKF,0x99CE770,mov-eax-imm32-ret,CANDIDATE,constant-return method body
202,KOHIDIDBLLI,29545,AEGNNPENLNM,0xC19C230,mov-ax-imm16-ret,CANDIDATE,constant-return method body
203,LECAEGIGGDO,42337,NIIICEHCLKF,0x108004C0,mov-eax-imm32-ret,CANDIDATE,constant-return method body
203,LECAEGIGGDO,42337,AMCFEMGFGBC,0x108004F0,mov-eax-imm32-ret,CANDIDATE,constant-return method body
204,FDCADGHCLDJ,62851,AMCFEMGFGBC,0x140947C0,mov-eax-imm32-ret,CANDIDATE,constant-return method body
204,FDCADGHCLDJ,62851,NIIICEHCLKF,0x14094830,mov-eax-imm32-ret,CANDIDATE,constant-return method body
206,MCANBANKJKE,34100,AEGNNPENLNM,0x9CDD2E0,mov-ax-imm16-ret,CANDIDATE,constant-return method body
207,JPDNPHJLLAE,87153,AEGNNPENLNM,0x82781A0,mov-ax-imm16-ret,CANDIDATE,constant-return method body
207,NAAHGMGEOAE,74775,KKCDHPFBGLE,0xB74F6D0,mov-eax-imm32-ret,CANDIDATE,constant-return method body
209,MDCMLJGMDPI,79970,AEGNNPENLNM,0xE51F050,mov-ax-imm16-ret,CANDIDATE,constant-return method body
211,HKKBCPHFEOJ,60299,IMBHADIDAGI,0x10593910,mov-eax-imm32-ret,CANDIDATE,constant-return method body
224,LNKJIMCHPHM,79786,AEGNNPENLNM,0x78815E0,mov-ax-imm16-ret,CANDIDATE,constant-return method body
227,OMAPFMIGCDL,19831,AEGNNPENLNM,0x7BE38F0,mov-ax-imm16-ret,CANDIDATE,constant-return method body
228,KFOACBBOENN,26962,LMOLAAAOAJN,0x12C20230,mov-eax-imm32-ret,CANDIDATE,constant-return method body
228,KNCHMEFNHMH,43967,AEGNNPENLNM,0x138F9AC0,mov-ax-imm16-ret,CANDIDATE,constant-return method body
230,NMBOPIDLFCF,24691,LMOLAAAOAJN,0x9308EF0,mov-eax-imm32-ret,CANDIDATE,constant-return method body
235,BDLHFBEPFPE,30570,AEGNNPENLNM,0x71EF0D0,mov-ax-imm16-ret,CANDIDATE,constant-return method body
236,BJMDPNPKNBH,51904,AEGNNPENLNM,0xB55C160,mov-ax-imm16-ret,CANDIDATE,constant-return method body
237,GEHMGAGEBLL,26177,AEGNNPENLNM,0xEC10A20,mov-ax-imm16-ret,CANDIDATE,constant-return method body
238,JPGBFOCHHNA,35416,AEGNNPENLNM,0xB4045D0,mov-ax-imm16-ret,CANDIDATE,constant-return method body
241,IAPKKAAJFLB,83416,AEGNNPENLNM,0x996CEE0,mov-ax-imm16-ret,CANDIDATE,constant-return method body
244,CNICNEMCFPM,66885,AEGNNPENLNM,0xC7DF4B0,mov-ax-imm16-ret,CANDIDATE,constant-return method body
252,FPDHLPIFIMP,46563,AEGNNPENLNM,0xBD9F350,mov-ax-imm16-ret,CANDIDATE,constant-return method body
255,JMPABJHOJJH,60813,IMBHADIDAGI,0x112B4270,mov-eax-imm32-ret,CANDIDATE,constant-return method body
256,ANAONHGKICN,75380,DLKJLCLFBKF,0x10FD37F0,mov-eax-imm32-ret,CANDIDATE,constant-return method body
256,LCHBCHIAKDD,66696,AEGNNPENLNM,0x836ED20,mov-ax-imm16-ret,CANDIDATE,constant-return method body
256,TriggerData,35718,get_TriggerCapacity,0x84CF240,mov-eax-imm32-ret,CANDIDATE,constant-return method body
260,DAKBJCPEOLF,48645,AEGNNPENLNM,0x119CA350,mov-ax-imm16-ret,CANDIDATE,constant-return method body
267,HGEHPLEDCCN,76361,AEGNNPENLNM,0xEDA1350,mov-ax-imm16-ret,CANDIDATE,constant-return method body
280,EIACKJBABFP,76555,AEGNNPENLNM,0x1400DEB0,mov-ax-imm16-ret,CANDIDATE,constant-return method body
282,OMEIHMCCLPJ,64886,AEGNNPENLNM,0xD184F00,mov-ax-imm16-ret,CANDIDATE,constant-return method body
283,MOJCKLNMLAD,52641,AEGNNPENLNM,0x795AC60,mov-ax-imm16-ret,CANDIDATE,constant-return method body
289,KOAJIEBIGKM,48580,AEGNNPENLNM,0x9C00D70,mov-ax-imm16-ret,CANDIDATE,constant-return method body
291,HBFINHCKCOJ,54972,AEGNNPENLNM,0x8C65380,mov-ax-imm16-ret,CANDIDATE,constant-return method body
294,INGGEMFIMBG,84803,AEGNNPENLNM,0x13745570,mov-ax-imm16-ret,CANDIDATE,constant-return method body
298,GFDFKOHEKPK,70422,AEGNNPENLNM,0xA532F20,mov-ax-imm16-ret,CANDIDATE,constant-return method body
300,PKJOJGEFPCK,44789,AEGNNPENLNM,0x7C70AD0,mov-ax-imm16-ret,CANDIDATE,constant-return method body
302,BBMOAMEJAJD,60510,AEGNNPENLNM,0x11383430,mov-ax-imm16-ret,CANDIDATE,constant-return method body
313,AKHFDPGLBCL,61635,AEGNNPENLNM,0x71B2200,mov-ax-imm16-ret,CANDIDATE,constant-return method body
314,PAHNOFOHLAC,78635,AEGNNPENLNM,0x9FE9C70,mov-ax-imm16-ret,CANDIDATE,constant-return method body
315,OEPKNIKKFOO,37540,AEGNNPENLNM,0x13D417D0,mov-ax-imm16-ret,CANDIDATE,constant-return method body
318,GNGOEOOAHKI,30625,AEGNNPENLNM,0x13605EA0,mov-ax-imm16-ret,CANDIDATE,constant-return method body
325,OIOPJNLHFIC,87459,AEGNNPENLNM,0x9FB7490,mov-ax-imm16-ret,CANDIDATE,constant-return method body
326,PEBJLDMOOJN,53177,AEGNNPENLNM,0x93EB8C0,mov-ax-imm16-ret,CANDIDATE,constant-return method body
329,AMMAKOBMKEE,35048,AEGNNPENLNM,0xC9BD040,mov-ax-imm16-ret,CANDIDATE,constant-return method body
330,GBIOCOEGIKB,75620,AEGNNPENLNM,0x104A3C90,mov-ax-imm16-ret,CANDIDATE,constant-return method body
332,LJCEMLAOKJA,17765,AEGNNPENLNM,0xF0F1710,mov-ax-imm16-ret,CANDIDATE,constant-return method body
335,IALKEJKDKNA,67836,AEGNNPENLNM,0x810BFB0,mov-ax-imm16-ret,CANDIDATE,constant-return method body
344,KMEJKOKEPBA,27480,AEGNNPENLNM,0xCD4DF10,mov-ax-imm16-ret,CANDIDATE,constant-return method body
350,JBBIFAEDOOI,55906,AEGNNPENLNM,0xB3458E0,mov-ax-imm16-ret,CANDIDATE,constant-return method body
354,HijriCalendar,686,get_DaysInYearBeforeMinSupportedYear,0x195A21A0,mov-eax-imm32-ret,CANDIDATE,constant-return method body
354,IDNKIAHGAED,64273,AEGNNPENLNM,0x136EAB50,mov-ax-imm16-ret,CANDIDATE,constant-return method body
354,JapaneseLunisolarCalendar,688,get_DaysInYearBeforeMinSupportedYear,0x194ADBE0,mov-eax-imm32-ret,CANDIDATE,constant-return method body
355,UmAlQuraCalendar,715,get_DaysInYearBeforeMinSupportedYear,0x19504C80,mov-eax-imm32-ret,CANDIDATE,constant-return method body
365,Calendar,652,get_DaysInYearBeforeMinSupportedYear,0x19476240,mov-eax-imm32-ret,CANDIDATE,constant-return method body
375,OCDFAHOACJG,35545,AEGNNPENLNM,0x123117A0,mov-ax-imm16-ret,CANDIDATE,constant-return method body
378,IAPLCIJHJNG,82560,AEGNNPENLNM,0xEDF7420,mov-ax-imm16-ret,CANDIDATE,constant-return method body
384,ANHALNIFOBG,35784,AEGNNPENLNM,0x8AC6050,mov-ax-imm16-ret,CANDIDATE,constant-return method body
384,ChineseLunisolarCalendar,656,get_DaysInYearBeforeMinSupportedYear,0x195C2930,mov-eax-imm32-ret,CANDIDATE,constant-return method body
384,KoreanLunisolarCalendar,691,get_DaysInYearBeforeMinSupportedYear,0x194C9200,mov-eax-imm32-ret,CANDIDATE,constant-return method body
384,TaiwanLunisolarCalendar,697,get_DaysInYearBeforeMinSupportedYear,0x19477160,mov-eax-imm32-ret,CANDIDATE,constant-return method body
389,IAJKEHJNIND,59053,AEGNNPENLNM,0xB270AC0,mov-ax-imm16-ret,CANDIDATE,constant-return method body
393,FHAPFPDNLBL,14516,AEGNNPENLNM,0xBBB9CD0,mov-ax-imm16-ret,CANDIDATE,constant-return method body
399,HFIJGJICHOH,27764,AEGNNPENLNM,0xCAF9450,mov-ax-imm16-ret,CANDIDATE,constant-return method body
402,GKEPODDBJBK,62471,AIINLKLFDNL,0x8C16CC0,mov-eax-imm32-ret,CANDIDATE,constant-return method body
406,FJGMJNGPPBL,64532,AEGNNPENLNM,0xF8448E0,mov-ax-imm16-ret,CANDIDATE,constant-return method body
419,KEENNCJNDHA,64422,AEGNNPENLNM,0x9BA6B40,mov-ax-imm16-ret,CANDIDATE,constant-return method body
425,HCAPIOKEJAI,40338,AEGNNPENLNM,0x11102740,mov-ax-imm16-ret,CANDIDATE,constant-return method body
426,AOLBKFKBHFL,37980,AEGNNPENLNM,0x7F0FF80,mov-ax-imm16-ret,CANDIDATE,constant-return method body
427,GLPMHPDKBCD,78361,AEGNNPENLNM,0x11C24D20,mov-ax-imm16-ret,CANDIDATE,constant-return method body
429,EPMFBLODKDC,79731,AEGNNPENLNM,0xF7475C0,mov-ax-imm16-ret,CANDIDATE,constant-return method body
440,BGADNBAEDAB,17410,AEGNNPENLNM,0xAECA5E0,mov-ax-imm16-ret,CANDIDATE,constant-return method body
450,ALJHLLIFEOO,76196,AEGNNPENLNM,0x12738200,mov-ax-imm16-ret,CANDIDATE,constant-return method body
454,NANENOAAGPL,77841,AEGNNPENLNM,0xE689EC0,mov-ax-imm16-ret,CANDIDATE,constant-return method body
462,LDAPKNAJEDD,48477,AEGNNPENLNM,0xE486590,mov-ax-imm16-ret,CANDIDATE,constant-return method body
467,CGIJPAPCHFK,84456,AEGNNPENLNM,0x124C05B0,mov-ax-imm16-ret,CANDIDATE,constant-return method body
468,HFOIJHEBPBB,25071,AEGNNPENLNM,0xA6309A0,mov-ax-imm16-ret,CANDIDATE,constant-return method body
470,BIJMIDLFDPN,34282,AEGNNPENLNM,0x9749DE0,mov-ax-imm16-ret,CANDIDATE,constant-return method body
472,PLIHJHOHLLL,75638,AEGNNPENLNM,0x9422450,mov-ax-imm16-ret,CANDIDATE,constant-return method body
475,LJFEMHGKDGJ,13044,AEGNNPENLNM,0x905D4C0,mov-ax-imm16-ret,CANDIDATE,constant-return method body
478,BHBEFMNPDHL,22800,AEGNNPENLNM,0xFBFF030,mov-ax-imm16-ret,CANDIDATE,constant-return method body
480,KBLNNKCANDM,18137,AEGNNPENLNM,0xB41E3D0,mov-ax-imm16-ret,CANDIDATE,constant-return method body
485,NOMABICDACO,70784,AEGNNPENLNM,0x7B551E0,mov-ax-imm16-ret,CANDIDATE,constant-return method body
486,CDAHDCJJLLL,16829,AEGNNPENLNM,0xE8285B0,mov-ax-imm16-ret,CANDIDATE,constant-return method body
492,DPFEMPDJDGI,24582,AEGNNPENLNM,0x12792DE0,mov-ax-imm16-ret,CANDIDATE,constant-return method body
493,GAFAJNIFAOD,16048,AEGNNPENLNM,0x9794490,mov-ax-imm16-ret,CANDIDATE,constant-return method body
500,EOMDAKHELMM,40333,AEGNNPENLNM,0x8AF5D90,mov-ax-imm16-ret,CANDIDATE,constant-return method body
501,EAKEHBGLEMG,29063,AEGNNPENLNM,0x13FC6C30,mov-ax-imm16-ret,CANDIDATE,constant-return method body
503,CIMANABPHDI,50401,AEGNNPENLNM,0xD2E02F0,mov-ax-imm16-ret,CANDIDATE,constant-return method body
512,KLOKFNKIJKN,37390,DLKJLCLFBKF,0xF0750C0,mov-eax-imm32-ret,CANDIDATE,constant-return method body
514,EAOLBIDBJDM,62731,AEGNNPENLNM,0x10E01430,mov-ax-imm16-ret,CANDIDATE,constant-return method body
516,NIDJEGEPNOB,24668,AEGNNPENLNM,0x13017E10,mov-ax-imm16-ret,CANDIDATE,constant-return method body
517,NBMGGALNGAK,23339,AEGNNPENLNM,0xC537180,mov-ax-imm16-ret,CANDIDATE,constant-return method body
518,KFDNGHNMICB,46374,AEGNNPENLNM,0x11F443A0,mov-ax-imm16-ret,CANDIDATE,constant-return method body
520,EGFJBKABBLG,40475,AEGNNPENLNM,0xF6B71B0,mov-ax-imm16-ret,CANDIDATE,constant-return method body
525,LHKFMLFHEIK,72426,AEGNNPENLNM,0x1142B740,mov-ax-imm16-ret,CANDIDATE,constant-return method body
529,GJFFFPIFEBN,53077,AEGNNPENLNM,0xB1C8590,mov-ax-imm16-ret,CANDIDATE,constant-return method body
531,DPCDAPABPCD,81614,AEGNNPENLNM,0xD3A0550,mov-ax-imm16-ret,CANDIDATE,constant-return method body
535,NPKIJIKDIHP,86776,AEGNNPENLNM,0x122EA160,mov-ax-imm16-ret,CANDIDATE,constant-return method body
541,PDMCOMAOFFC,87230,AEGNNPENLNM,0x93EA770,mov-ax-imm16-ret,CANDIDATE,constant-return method body
542,HGAEKKGPBFD,80875,AEGNNPENLNM,0x13656850,mov-ax-imm16-ret,CANDIDATE,constant-return method body
546,CHIHDKIFPHB,81016,AEGNNPENLNM,0xF578400,mov-ax-imm16-ret,CANDIDATE,constant-return method body
548,NDIHNGNDELK,83365,AEGNNPENLNM,0xF336560,mov-ax-imm16-ret,CANDIDATE,constant-return method body
550,JPIMAEFJHJC,76457,AEGNNPENLNM,0xCCF75D0,mov-ax-imm16-ret,CANDIDATE,constant-return method body
551,NLCPOPPLCOK,86693,AEGNNPENLNM,0x117082F0,mov-ax-imm16-ret,CANDIDATE,constant-return method body
552,KDBFIGBPJMA,45521,AEGNNPENLNM,0x828BB20,mov-ax-imm16-ret,CANDIDATE,constant-return method body
555,FEJPJBABLAH,35600,AEGNNPENLNM,0x1409EC10,mov-ax-imm16-ret,CANDIDATE,constant-return method body
557,LPCFPHNLNCC,59544,AEGNNPENLNM,0xC295940,mov-ax-imm16-ret,CANDIDATE,constant-return method body
562,OMBFIMJGFLP,21446,AEGNNPENLNM,0x13143300,mov-ax-imm16-ret,CANDIDATE,constant-return method body
564,AGHKJALJNPO,77059,AEGNNPENLNM,0x8A3A930,mov-ax-imm16-ret,CANDIDATE,constant-return method body
565,IAAAJFBOHCP,57018,AEGNNPENLNM,0x7547910,mov-ax-imm16-ret,CANDIDATE,constant-return method body
575,CAFOFKMNMOH,76394,AEGNNPENLNM,0xD1CDEB0,mov-ax-imm16-ret,CANDIDATE,constant-return method body
576,BCMKLLMLGCF,54717,AEGNNPENLNM,0x972D700,mov-ax-imm16-ret,CANDIDATE,constant-return method body
577,EBNEKOJNDAM,38211,AEGNNPENLNM,0x10E0B5F0,mov-ax-imm16-ret,CANDIDATE,constant-return method body
578,HCIIIEJGIOD,46256,AEGNNPENLNM,0x1053F390,mov-ax-imm16-ret,CANDIDATE,constant-return method body
579,AIDEEMBKJLJ,39935,AEGNNPENLNM,0x10FAC4B0,mov-ax-imm16-ret,CANDIDATE,constant-return method body
581,PEGIPKMHLEL,74102,AEGNNPENLNM,0x7C27DB0,mov-ax-imm16-ret,CANDIDATE,constant-return method body
582,HBBPHIEJMFM,73307,AEGNNPENLNM,0x10532A50,mov-ax-imm16-ret,CANDIDATE,constant-return method body
583,POHIPLJEEIA,84458,AEGNNPENLNM,0x10187B60,mov-ax-imm16-ret,CANDIDATE,constant-return method body
584,CNIOBAJDGDH,81635,AEGNNPENLNM,0xBA48060,mov-ax-imm16-ret,CANDIDATE,constant-return method body
586,IOIJKABICAD,71243,AEGNNPENLNM,0x12AC9180,mov-ax-imm16-ret,CANDIDATE,constant-return method body
590,EPOFNAJEEAN,57379,AEGNNPENLNM,0x125EDB20,mov-ax-imm16-ret,CANDIDATE,constant-return method body
591,LOIIMFPBDLA,22432,AEGNNPENLNM,0x12096C40,mov-ax-imm16-ret,CANDIDATE,constant-return method body
592,JPNFGKLPIJC,43665,AEGNNPENLNM,0xB40AA40,mov-ax-imm16-ret,CANDIDATE,constant-return method body
597,OAHMBIEAKFI,81347,AEGNNPENLNM,0xAD4DE20,mov-ax-imm16-ret,CANDIDATE,constant-return method body
599,HFHKOBJPCKF,65092,AEGNNPENLNM,0x8C97F40,mov-ax-imm16-ret,CANDIDATE,constant-return method body
605,EMGKBDIFHIN,85976,AEGNNPENLNM,0x1404E2A0,mov-ax-imm16-ret,CANDIDATE,constant-return method body
609,JNALHGEECBF,55426,AEGNNPENLNM,0x138212A0,mov-ax-imm16-ret,CANDIDATE,constant-return method body
614,PLLINMNEJJC,56997,AEGNNPENLNM,0x879C730,mov-ax-imm16-ret,CANDIDATE,constant-return method body
637,AJMKCPDAKDO,80792,AEGNNPENLNM,0xC9AC1E0,mov-ax-imm16-ret,CANDIDATE,constant-return method body
638,GJFFFKJLLMC,87927,AEGNNPENLNM,0xF8D3D20,mov-ax-imm16-ret,CANDIDATE,constant-return method body
647,EABPDFCKMJA,60361,AEGNNPENLNM,0x102E6CB0,mov-ax-imm16-ret,CANDIDATE,constant-return method body
652,BKMIKBABCHM,82298,AEGNNPENLNM,0xCDF1900,mov-ax-imm16-ret,CANDIDATE,constant-return method body
654,EncoderExceptionFallback,435,GetHashCode,0x19619BA0,mov-eax-imm32-ret,CANDIDATE,constant-return method body
655,IDNJMOOAICD,88179,EHFPPNFJKFK,0x12D56CC0,mov-eax-imm32-ret,CANDIDATE,constant-return method body
655,ILNBEGMLHJF,23942,AEGNNPENLNM,0xB2FA7A0,mov-ax-imm16-ret,CANDIDATE,constant-return method body
657,NCLJHMHPJDN,61845,AEGNNPENLNM,0x11694600,mov-ax-imm16-ret,CANDIDATE,constant-return method body
658,EFEAHKBFEIL,82331,AEGNNPENLNM,0x13FFFDC0,mov-ax-imm16-ret,CANDIDATE,constant-return method body
666,DBJHGMJLCFG,76130,AEGNNPENLNM,0x13F1FCB0,mov-ax-imm16-ret,CANDIDATE,constant-return method body
672,MFPLPHDIDCJ,86791,AEGNNPENLNM,0x1094D9C0,mov-ax-imm16-ret,CANDIDATE,constant-return method body
675,ENEFDIHIKLI,86216,AEGNNPENLNM,0xA40E6E0,mov-ax-imm16-ret,CANDIDATE,constant-return method body
685,HMGKPBCLFNC,80203,AEGNNPENLNM,0xB253FC0,mov-ax-imm16-ret,CANDIDATE,constant-return method body
690,AEGPFGDNDKA,76535,AEGNNPENLNM,0x7ED0720,mov-ax-imm16-ret,CANDIDATE,constant-return method body
700,JBEAGDBLMMI,39213,NIIICEHCLKF,0xA89D360,mov-eax-imm32-ret,CANDIDATE,constant-return method body
701,JIIEFCMFMMH,73495,AEGNNPENLNM,0xEF48BB0,mov-ax-imm16-ret,CANDIDATE,constant-return method body
704,ANOHOFJIJFD,22781,AEGNNPENLNM,0xEB58ED0,mov-ax-imm16-ret,CANDIDATE,constant-return method body
705,OAOCHIJCNMI,29959,AEGNNPENLNM,0x8646030,mov-ax-imm16-ret,CANDIDATE,constant-return method body
706,JDAIKJOPLKE,44858,AEGNNPENLNM,0x12AEAF90,mov-ax-imm16-ret,CANDIDATE,constant-return method body
714,FIHOHPKBCGO,83607,AEGNNPENLNM,0x126338B0,mov-ax-imm16-ret,CANDIDATE,constant-return method body
715,MGDCHPIBFNM,44185,AEGNNPENLNM,0x13A211B0,mov-ax-imm16-ret,CANDIDATE,constant-return method body
722,PIEPMAKNKKD,41807,AEGNNPENLNM,0x132125A0,mov-ax-imm16-ret,CANDIDATE,constant-return method body
731,OILLABGLEFM,12115,AEGNNPENLNM,0xB86E540,mov-ax-imm16-ret,CANDIDATE,constant-return method body
735,JACMMLDOKBP,20942,AEGNNPENLNM,0x9A3DCA0,mov-ax-imm16-ret,CANDIDATE,constant-return method body
736,PDMNFIAHLAI,58718,AEGNNPENLNM,0x9FFE700,mov-ax-imm16-ret,CANDIDATE,constant-return method body
742,LNPDCAGLOCD,61065,AEGNNPENLNM,0x108E5830,mov-ax-imm16-ret,CANDIDATE,constant-return method body
748,KBLKEICIOCO,73508,AEGNNPENLNM,0xB41DF40,mov-ax-imm16-ret,CANDIDATE,constant-return method body
750,NDPAFPPIMDB,41669,AEGNNPENLNM,0xD03F4F0,mov-ax-imm16-ret,CANDIDATE,constant-return method body
756,MBJENIPMGBP,77391,AEGNNPENLNM,0x78A7370,mov-ax-imm16-ret,CANDIDATE,constant-return method body
757,AJANLAFJKJO,69627,AEGNNPENLNM,0xD503870,mov-ax-imm16-ret,CANDIDATE,constant-return method body
760,OKHDMNJCCJI,24938,AEGNNPENLNM,0xC641D90,mov-ax-imm16-ret,CANDIDATE,constant-return method body
762,OABBMPCFFJI,64306,AEGNNPENLNM,0x9333C90,mov-ax-imm16-ret,CANDIDATE,constant-return method body
764,LMAODAOCFAI,51692,AEGNNPENLNM,0x1207A120,mov-ax-imm16-ret,CANDIDATE,constant-return method body
769,JIJIBDFEOHG,64088,AEGNNPENLNM,0xA8E7430,mov-ax-imm16-ret,CANDIDATE,constant-return method body
774,BFAEGBIBDFH,39398,AEGNNPENLNM,0xB529210,mov-ax-imm16-ret,CANDIDATE,constant-return method body
781,GJEKFCEGGCL,88284,AEGNNPENLNM,0x110C5640,mov-ax-imm16-ret,CANDIDATE,constant-return method body
783,KIIKKILMEHG,72669,AEGNNPENLNM,0xCD32760,mov-ax-imm16-ret,CANDIDATE,constant-return method body
785,PALGJIDNOOC,63503,AEGNNPENLNM,0x10101FA0,mov-ax-imm16-ret,CANDIDATE,constant-return method body
786,BOMOEACOJML,55195,AEGNNPENLNM,0xD1BB970,mov-ax-imm16-ret,CANDIDATE,constant-return method body
787,LGBCIAHLNKF,39227,AEGNNPENLNM,0x108106E0,mov-ax-imm16-ret,CANDIDATE,constant-return method body
793,AIBGPOOPKOF,41724,AEGNNPENLNM,0xB1189C0,mov-ax-imm16-ret,CANDIDATE,constant-return method body
799,EJHLBECFFEO,73217,AEGNNPENLNM,0xBB37550,mov-ax-imm16-ret,CANDIDATE,constant-return method body
800,MCBFHKHGGFC,44408,NIIICEHCLKF,0x10927910,mov-eax-imm32-ret,CANDIDATE,constant-return method body
819,IGNDDBHNHGJ,79339,AEGNNPENLNM,0x8142C90,mov-ax-imm16-ret,CANDIDATE,constant-return method body
820,PBADEHPKLAJ,66247,AEGNNPENLNM,0x10102680,mov-ax-imm16-ret,CANDIDATE,constant-return method body
824,KJLBCPDDEIN,36785,AEGNNPENLNM,0x10772530,mov-ax-imm16-ret,CANDIDATE,constant-return method body
828,FHGGKMDBNDF,85789,AEGNNPENLNM,0x8B772A0,mov-ax-imm16-ret,CANDIDATE,constant-return method body
829,LKLAKNJAFAD,66964,AEGNNPENLNM,0x1396C140,mov-ax-imm16-ret,CANDIDATE,constant-return method body
843,HFFIMBFIPJK,50020,AEGNNPENLNM,0xF974CD0,mov-ax-imm16-ret,CANDIDATE,constant-return method body
844,MFGLHALJGOA,45664,AEGNNPENLNM,0x12D27FB0,mov-ax-imm16-ret,CANDIDATE,constant-return method body
846,GBDDKOMNGBI,28172,AEGNNPENLNM,0x9799CC0,mov-ax-imm16-ret,CANDIDATE,constant-return method body
847,BFBLCFMCEAK,52401,AEGNNPENLNM,0x12B2B470,mov-ax-imm16-ret,CANDIDATE,constant-return method body
848,BNAHAAHLFJE,42062,AEGNNPENLNM,0x82E0950,mov-ax-imm16-ret,CANDIDATE,constant-return method body
851,AAFOHNIOGLM,57484,AEGNNPENLNM,0xF754960,mov-ax-imm16-ret,CANDIDATE,constant-return method body
852,EAHCAAHIAKL,79858,AEGNNPENLNM,0xF66C780,mov-ax-imm16-ret,CANDIDATE,constant-return method body
857,LBAKHCPHIAJ,55697,AEGNNPENLNM,0x12C73350,mov-ax-imm16-ret,CANDIDATE,constant-return method body
861,KMGEMEGHJHE,35813,AEGNNPENLNM,0xF077FC0,mov-ax-imm16-ret,CANDIDATE,constant-return method body
863,PDBLGPGPEJB,79173,AEGNNPENLNM,0xB8E9680,mov-ax-imm16-ret,CANDIDATE,constant-return method body
868,ADHLCKIIEGF,30424,AEGNNPENLNM,0xAB5DAC0,mov-ax-imm16-ret,CANDIDATE,constant-return method body
871,BLGBALKKLNP,81130,AEGNNPENLNM,0x10873080,mov-ax-imm16-ret,CANDIDATE,constant-return method body
873,ECBFAACCIIG,38265,AEGNNPENLNM,0xA1966C0,mov-ax-imm16-ret,CANDIDATE,constant-return method body
875,ALKFFGEPNHB,66116,AEGNNPENLNM,0xEB4F480,mov-ax-imm16-ret,CANDIDATE,constant-return method body
878,HDGDIJAFIHO,69517,AEGNNPENLNM,0xB20D030,mov-ax-imm16-ret,CANDIDATE,constant-return method body
879,DecoderExceptionFallback,424,GetHashCode,0x19583A60,mov-eax-imm32-ret,CANDIDATE,constant-return method body
879,OOMILOOHHFK,60773,AEGNNPENLNM,0xC6646B0,mov-ax-imm16-ret,CANDIDATE,constant-return method body
881,PPGGOBPDLKA,33447,AEGNNPENLNM,0xB9C30E0,mov-ax-imm16-ret,CANDIDATE,constant-return method body
886,OLHKPICKOPL,75323,AEGNNPENLNM,0x10B7D210,mov-ax-imm16-ret,CANDIDATE,constant-return method body
888,ALNAKDBCBLE,17782,AEGNNPENLNM,0x11BA1500,mov-ax-imm16-ret,CANDIDATE,constant-return method body
893,CIMMGNLPHCJ,44257,AEGNNPENLNM,0x9F623C0,mov-ax-imm16-ret,CANDIDATE,constant-return method body
897,NOOJLPMCGOH,19399,AEGNNPENLNM,0x9EEA420,mov-ax-imm16-ret,CANDIDATE,constant-return method body
898,LJKECGIMEIC,75132,AEGNNPENLNM,0xCE3E990,mov-ax-imm16-ret,CANDIDATE,constant-return method body
899,FHINLFMJLCL,60661,AEGNNPENLNM,0x11027420,mov-ax-imm16-ret,CANDIDATE,constant-return method body
910,GCEDCPDLHAJ,41681,AEGNNPENLNM,0x104A5F90,mov-ax-imm16-ret,CANDIDATE,constant-return method body
912,HJCNHOLKCFK,67490,AEGNNPENLNM,0x98D8180,mov-ax-imm16-ret,CANDIDATE,constant-return method body
916,FLDCHLGFCOK,61428,AEGNNPENLNM,0x7FE3350,mov-ax-imm16-ret,CANDIDATE,constant-return method body
918,KoreanLunisolarCalendar,691,get_MinCalendarYear,0x194C9210,mov-eax-imm32-ret,CANDIDATE,constant-return method body
918,OLKEKFPCGFC,79823,AEGNNPENLNM,0x9FC79E0,mov-ax-imm16-ret,CANDIDATE,constant-return method body
920,IMEBHPPHFKM,86373,AEGNNPENLNM,0x99D1670,mov-ax-imm16-ret,CANDIDATE,constant-return method body
922,BMAFNBOHABA,37247,AEGNNPENLNM,0x9262730,mov-ax-imm16-ret,CANDIDATE,constant-return method body
942,GKOPCGACCLM,56564,AEGNNPENLNM,0x74330C0,mov-ax-imm16-ret,CANDIDATE,constant-return method body
943,ICKLOACIIAC,46996,AEGNNPENLNM,0x111B7100,mov-ax-imm16-ret,CANDIDATE,constant-return method body
945,BMDEKIKHMHO,66842,AEGNNPENLNM,0x12F82B60,mov-ax-imm16-ret,CANDIDATE,constant-return method body
946,ABOBIGMFGBO,50729,AEGNNPENLNM,0xF75BE00,mov-ax-imm16-ret,CANDIDATE,constant-return method body
947,JBNOINBIODL,44815,AEGNNPENLNM,0xFB12360,mov-ax-imm16-ret,CANDIDATE,constant-return method body
951,FECGADGNIGJ,69169,AEGNNPENLNM,0x8B44F60,mov-ax-imm16-ret,CANDIDATE,constant-return method body
956,IOGIMHDDOHK,12750,AEGNNPENLNM,0x1374A690,mov-ax-imm16-ret,CANDIDATE,constant-return method body
962,JFOFJCOBKEA,42106,AEGNNPENLNM,0x8E027F0,mov-ax-imm16-ret,CANDIDATE,constant-return method body
965,EMFLFHMKPGB,26688,AEGNNPENLNM,0x12801F90,mov-ax-imm16-ret,CANDIDATE,constant-return method body
971,HDGNNPBCAKD,65856,AEGNNPENLNM,0xBE79FB0,mov-ax-imm16-ret,CANDIDATE,constant-return method body
972,MPKGKMHEGAD,44717,AEGNNPENLNM,0xFDE3BA0,mov-ax-imm16-ret,CANDIDATE,constant-return method body
975,KDJDJBHGHFF,39720,AEGNNPENLNM,0xEFD6AD0,mov-ax-imm16-ret,CANDIDATE,constant-return method body
976,FEHJCBGPNII,43634,AEGNNPENLNM,0xEB82CB0,mov-ax-imm16-ret,CANDIDATE,constant-return method body
977,JLNBDGLBGAK,87759,AEGNNPENLNM,0xA907480,mov-ax-imm16-ret,CANDIDATE,constant-return method body
982,LMCJABLAEDK,67023,AEGNNPENLNM,0xC27BC70,mov-ax-imm16-ret,CANDIDATE,constant-return method body
984,DecoderUTF7Fallback,461,GetHashCode,0x195C7010,mov-eax-imm32-ret,CANDIDATE,constant-return method body
984,MAHIHDGGFAF,48191,AEGNNPENLNM,0x12CFE6D0,mov-ax-imm16-ret,CANDIDATE,constant-return method body
988,AELKIAEKDLK,66177,AEGNNPENLNM,0xAB75590,mov-ax-imm16-ret,CANDIDATE,constant-return method body
990,KCGJMOJOBDF,68481,AEGNNPENLNM,0x10723830,mov-ax-imm16-ret,CANDIDATE,constant-return method body
998,HEABEDJFMOK,54081,AEGNNPENLNM,0x129D7450,mov-ax-imm16-ret,CANDIDATE,constant-return method body
1001,DLPOBLOCGCP,50579,NIIICEHCLKF,0x1343A070,mov-eax-imm32-ret,CANDIDATE,constant-return method body
1001,HHFHNHBBPNN,59052,AEGNNPENLNM,0xF98E480,mov-ax-imm16-ret,CANDIDATE,constant-return method body
1001,IGMCEKFILKM,30034,PHAFOOIBGKI,0x7579E90,mov-eax-imm32-ret,CANDIDATE,constant-return method body
1002,LJPKJPBKLFE,29301,PHAFOOIBGKI,0x1206C680,mov-eax-imm32-ret,CANDIDATE,constant-return method body
1002,MAOLCPMFOCK,79546,AEGNNPENLNM,0x78A5AE0,mov-ax-imm16-ret,CANDIDATE,constant-return method body
1003,AKOEOCGLNLA,66667,PHAFOOIBGKI,0x11B8E9B0,mov-eax-imm32-ret,CANDIDATE,constant-return method body
1004,DNDFHBDEKMI,43514,AEGNNPENLNM,0x13443610,mov-ax-imm16-ret,CANDIDATE,constant-return method body
1004,FFKPJINEJHB,52476,PHAFOOIBGKI,0xEB903B0,mov-eax-imm32-ret,CANDIDATE,constant-return method body
1004,KOIGDEIDJNB,42926,AGNDCLOPDJO,0x107B3DC0,mov-eax-imm32-ret,CANDIDATE,constant-return method body
1005,MLHFECLEGJN,44108,PHAFOOIBGKI,0x8466CF0,mov-eax-imm32-ret,CANDIDATE,constant-return method body
1006,ENODEDBFKOC,48730,PHAFOOIBGKI,0x125E4BD0,mov-eax-imm32-ret,CANDIDATE,constant-return method body
1006,LFGDLPBFEDE,86840,AEGNNPENLNM,0x838C760,mov-ax-imm16-ret,CANDIDATE,constant-return method body
1007,EEKDKNFJCNH,53463,PHAFOOIBGKI,0xB0A8190,mov-eax-imm32-ret,CANDIDATE,constant-return method body
1008,BHECHEGJFGP,60176,AEGNNPENLNM,0xDC8D990,mov-ax-imm16-ret,CANDIDATE,constant-return method body
1008,CFOPELDDMNL,15504,PHAFOOIBGKI,0xAF6E8E0,mov-eax-imm32-ret,CANDIDATE,constant-return method body
1009,FABLGIPPENM,31665,PHAFOOIBGKI,0x140723B0,mov-eax-imm32-ret,CANDIDATE,constant-return method body
1009,NDEAPEKOLLO,20756,AEGNNPENLNM,0xD035FD0,mov-ax-imm16-ret,CANDIDATE,constant-return method body
1010,JCKEDOJJEFC,17853,AEGNNPENLNM,0xEF17F20,mov-ax-imm16-ret,CANDIDATE,constant-return method body
1010,KLNJEEPNGID,84924,PHAFOOIBGKI,0x138F3F20,mov-eax-imm32-ret,CANDIDATE,constant-return method body
1011,FBNFBKBAPNF,53513,PHAFOOIBGKI,0xA432990,mov-eax-imm32-ret,CANDIDATE,constant-return method body
1011,LLLGJILGGHK,26810,AEGNNPENLNM,0x12CDBC90,mov-ax-imm16-ret,CANDIDATE,constant-return method body
1012,KCCCECOMKHI,32849,PHAFOOIBGKI,0x7723D90,mov-eax-imm32-ret,CANDIDATE,constant-return method body
1013,AHBMEOGECGG,34341,AEGNNPENLNM,0xB0F9480,mov-ax-imm16-ret,CANDIDATE,constant-return method body
1013,ANDMIMDDNOA,67719,PHAFOOIBGKI,0x134C4EC0,mov-eax-imm32-ret,CANDIDATE,constant-return method body
1013,FGLLGCMMHNP,63193,AEGNNPENLNM,0xD5702F0,mov-ax-imm16-ret,CANDIDATE,constant-return method body
1014,ABCCJKEPLEO,50475,PHAFOOIBGKI,0x8A054F0,mov-eax-imm32-ret,CANDIDATE,constant-return method body
1014,BKGLDFKIDPH,57466,AEGNNPENLNM,0xE4604D0,mov-ax-imm16-ret,CANDIDATE,constant-return method body
1015,IAIIGEBEJDB,78829,AEGNNPENLNM,0xEDF55C0,mov-ax-imm16-ret,CANDIDATE,constant-return method body
1015,ONFEAKMNIDP,87957,PHAFOOIBGKI,0x118150C0,mov-eax-imm32-ret,CANDIDATE,constant-return method body
1016,DJBDMPMNDFH,77634,AEGNNPENLNM,0x959C370,mov-ax-imm16-ret,CANDIDATE,constant-return method body
1016,Datatype_dateTimeBase,3219,get_ValidRestrictionFlags,0x19A1B760,mov-eax-imm32-ret,CANDIDATE,constant-return method body
1016,Datatype_double,3214,get_ValidRestrictionFlags,0x19A1BF30,mov-eax-imm32-ret,CANDIDATE,constant-return method body
1016,Datatype_duration,3216,get_ValidRestrictionFlags,0x19A72E50,mov-eax-imm32-ret,CANDIDATE,constant-return method body
1016,Datatype_float,3213,get_ValidRestrictionFlags,0x19A733D0,mov-eax-imm32-ret,CANDIDATE,constant-return method body
1017,APKJMNNMFGN,39321,AEGNNPENLNM,0x11FBAC10,mov-ax-imm16-ret,CANDIDATE,constant-return method body
1017,PDFJHLMGECK,62568,AEGNNPENLNM,0xB8EB5D0,mov-ax-imm16-ret,CANDIDATE,constant-return method body
1018,LDLEKOLBNOE,59327,AEGNNPENLNM,0x11407210,mov-ax-imm16-ret,CANDIDATE,constant-return method body
1019,FOJMDGJLEND,47606,AEGNNPENLNM,0x978A870,mov-ax-imm16-ret,CANDIDATE,constant-return method body
1020,HFDAINGKJOO,62362,AEGNNPENLNM,0x136498E0,mov-ax-imm16-ret,CANDIDATE,constant-return method body
1022,FPMJCPCGLDN,22670,FHCADIHHJBF,0xEBE3660,mov-eax-imm32-ret,CANDIDATE,constant-return method body
1022,HENCLCGNMPA,29554,AEGNNPENLNM,0x11C8B480,mov-ax-imm16-ret,CANDIDATE,constant-return method body
1023,LAADBLPBMPK,54099,AEGNNPENLNM,0x8364A70,mov-ax-imm16-ret,CANDIDATE,constant-return method body
1023,LGCHHGBDLBI,20089,FHCADIHHJBF,0xC203A30,mov-eax-imm32-ret,CANDIDATE,constant-return method body
1024,PNDLGJHMHPG,13076,AEGNNPENLNM,0xE87E0A0,mov-ax-imm16-ret,CANDIDATE,constant-return method body
1025,LLFIJKDJCED,88070,AEGNNPENLNM,0x9C7A3B0,mov-ax-imm16-ret,CANDIDATE,constant-return method body
1025,OBOMAFHIHDN,66284,AEGNNPENLNM,0xD11A300,mov-ax-imm16-ret,CANDIDATE,constant-return method body
1026,EKLJEHEBHBK,18402,AEGNNPENLNM,0x72AC600,mov-ax-imm16-ret,CANDIDATE,constant-return method body
1027,CFBEIHHNMBD,44843,AEGNNPENLNM,0xB9FD3C0,mov-ax-imm16-ret,CANDIDATE,constant-return method body
1028,MJKLPLEDBKB,37104,AEGNNPENLNM,0x13A4BD00,mov-ax-imm16-ret,CANDIDATE,constant-return method body
1039,NPIHFBHAPCM,36374,AEGNNPENLNM,0x100355A0,mov-ax-imm16-ret,CANDIDATE,constant-return method body
1040,MNBPKHICLHD,71241,AEGNNPENLNM,0xF1AB9E0,mov-ax-imm16-ret,CANDIDATE,constant-return method body
1041,OIJADADEJMK,25853,AEGNNPENLNM,0xE77CEF0,mov-ax-imm16-ret,CANDIDATE,constant-return method body
1048,GGKJJEJPMNO,51727,AEGNNPENLNM,0xA545E20,mov-ax-imm16-ret,CANDIDATE,constant-return method body
1053,CIABEEDBBIK,67613,AEGNNPENLNM,0x7A0FA30,mov-ax-imm16-ret,CANDIDATE,constant-return method body
1056,DCNPBDMPEJN,43935,AEGNNPENLNM,0x9548280,mov-ax-imm16-ret,CANDIDATE,constant-return method body
1057,KGGMLGFOKFN,31760,AEGNNPENLNM,0xCD1D590,mov-ax-imm16-ret,CANDIDATE,constant-return method body
1058,NHIMIDKFPFF,79494,AEGNNPENLNM,0x10AE8460,mov-ax-imm16-ret,CANDIDATE,constant-return method body
1059,ELDGBBLNKGF,66391,AEGNNPENLNM,0x11AE6420,mov-ax-imm16-ret,CANDIDATE,constant-return method body
1064,KIOPMAALOFL,57835,AEGNNPENLNM,0xCD35530,mov-ax-imm16-ret,CANDIDATE,constant-return method body
1066,FNIOELIBLKB,85636,AEGNNPENLNM,0xEBD6B80,mov-ax-imm16-ret,CANDIDATE,constant-return method body
1070,POLLMFGCAFF,34358,AEGNNPENLNM,0xF4F4EE0,mov-ax-imm16-ret,CANDIDATE,constant-return method body
1075,HFHJPMMJDHF,14455,AEGNNPENLNM,0xCAF91E0,mov-ax-imm16-ret,CANDIDATE,constant-return method body
1076,BLMONHLGEAJ,65702,AEGNNPENLNM,0xC4985D0,mov-ax-imm16-ret,CANDIDATE,constant-return method body
1084,OGICMKDJNAF,27749,AEGNNPENLNM,0xD13CA40,mov-ax-imm16-ret,CANDIDATE,constant-return method body
1099,HGCNFGABHML,41403,AEGNNPENLNM,0x8C9D3C0,mov-ax-imm16-ret,CANDIDATE,constant-return method body
1101,BHGJPAJNOHN,21544,AEGNNPENLNM,0xFC00C60,mov-ax-imm16-ret,CANDIDATE,constant-return method body
1107,KCKFEECCEJE,56788,AEGNNPENLNM,0x8F91B00,mov-ax-imm16-ret,CANDIDATE,constant-return method body
1108,MJLAICPENJF,77177,AEGNNPENLNM,0xC2FF6F0,mov-ax-imm16-ret,CANDIDATE,constant-return method body
1113,IMLIJDDKNOK,44510,AEGNNPENLNM,0xFACDE40,mov-ax-imm16-ret,CANDIDATE,constant-return method body
1117,LIPLFOJCKDK,82112,AEGNNPENLNM,0xAA3B040,mov-ax-imm16-ret,CANDIDATE,constant-return method body
1126,IBIKMNLJCLH,80550,AEGNNPENLNM,0xF9F9540,mov-ax-imm16-ret,CANDIDATE,constant-return method body
1141,FKCJPNBAMKN,63205,AEGNNPENLNM,0x734A010,mov-ax-imm16-ret,CANDIDATE,constant-return method body
1145,ICOEKINAHAF,11918,AEGNNPENLNM,0x11E089B0,mov-ax-imm16-ret,CANDIDATE,constant-return method body
1155,OFMFHODILHO,37268,AEGNNPENLNM,0xF3D7150,mov-ax-imm16-ret,CANDIDATE,constant-return method body
1160,NDMFILDLCMP,86929,AEGNNPENLNM,0x85DE340,mov-ax-imm16-ret,CANDIDATE,constant-return method body
1161,IMINEHLJHFA,47177,AEGNNPENLNM,0xFACDB50,mov-ax-imm16-ret,CANDIDATE,constant-return method body
1166,LNAJPMPLIGI,86221,AEGNNPENLNM,0xB506BF0,mov-ax-imm16-ret,CANDIDATE,constant-return method body
1167,GDMGGDFNCFB,86389,AEGNNPENLNM,0xF8AA160,mov-ax-imm16-ret,CANDIDATE,constant-return method body
1171,IFJGKPLBKHE,65355,AEGNNPENLNM,0x12A7D3D0,mov-ax-imm16-ret,CANDIDATE,constant-return method body
1174,KAFOCOOFAJN,46617,AEGNNPENLNM,0xC0EECD0,mov-ax-imm16-ret,CANDIDATE,constant-return method body
1178,BIOMHCPPIBF,69953,AEGNNPENLNM,0xFC10A10,mov-ax-imm16-ret,CANDIDATE,constant-return method body
1185,GBDAPGDHIHL,32742,AEGNNPENLNM,0x73BFA80,mov-ax-imm16-ret,CANDIDATE,constant-return method body
1189,BDPMNIDGPLO,25605,AEGNNPENLNM,0x108363E0,mov-ax-imm16-ret,CANDIDATE,constant-return method body
1191,KOFOEMBDLMO,80061,AEGNNPENLNM,0xB47AA50,mov-ax-imm16-ret,CANDIDATE,constant-return method body
1192,PPODAJLBIPH,24747,AEGNNPENLNM,0x10CC1530,mov-ax-imm16-ret,CANDIDATE,constant-return method body
1193,HGFDIABNGBA,70984,AEGNNPENLNM,0xCB00640,mov-ax-imm16-ret,CANDIDATE,constant-return method body
1196,BDBJGGHGPNM,37967,AEGNNPENLNM,0xC072310,mov-ax-imm16-ret,CANDIDATE,constant-return method body
1201,KAFGBNCADEI,21800,AEGNNPENLNM,0x8281780,mov-ax-imm16-ret,CANDIDATE,constant-return method body
1203,JHEOBBCJOOF,87329,AEGNNPENLNM,0x106BE6B0,mov-ax-imm16-ret,CANDIDATE,constant-return method body
1207,EBBJBCIGLDA,43312,AEGNNPENLNM,0xF677B30,mov-ax-imm16-ret,CANDIDATE,constant-return method body
1209,FOPOOLGCCBK,45293,AEGNNPENLNM,0xA4E79F0,mov-ax-imm16-ret,CANDIDATE,constant-return method body
1214,DJDLCHPGPCD,36292,AEGNNPENLNM,0xD3755C0,mov-ax-imm16-ret,CANDIDATE,constant-return method body
1215,PAHIEDDKODK,60360,AEGNNPENLNM,0x123E0090,mov-ax-imm16-ret,CANDIDATE,constant-return method body
1216,GDHEHNPDDHF,87944,AEGNNPENLNM,0x8026110,mov-ax-imm16-ret,CANDIDATE,constant-return method body
1222,FPLOPFDFOBG,71447,AEGNNPENLNM,0x128C9590,mov-ax-imm16-ret,CANDIDATE,constant-return method body
1231,PJCMBAHLHJH,54852,AEGNNPENLNM,0x124220C0,mov-ax-imm16-ret,CANDIDATE,constant-return method body
1237,HLFGBGGOMGD,47426,AEGNNPENLNM,0xF9BA270,mov-ax-imm16-ret,CANDIDATE,constant-return method body
1240,MPDJHKLEBHE,32280,AEGNNPENLNM,0x9105100,mov-ax-imm16-ret,CANDIDATE,constant-return method body
1241,BCCDIPOMNKP,21820,AEGNNPENLNM,0x11FD6A30,mov-ax-imm16-ret,CANDIDATE,constant-return method body
1245,EMAOHAPJCGG,86446,AEGNNPENLNM,0x127FF160,mov-ax-imm16-ret,CANDIDATE,constant-return method body
1246,OKMEFJOFNND,60656,AEGNNPENLNM,0xB884220,mov-ax-imm16-ret,CANDIDATE,constant-return method body
1251,IOGINHEIJIM,87030,AEGNNPENLNM,0x12AC7DE0,mov-ax-imm16-ret,CANDIDATE,constant-return method body
1252,EICKLEIOCIC,28185,AEGNNPENLNM,0x10E39590,mov-ax-imm16-ret,CANDIDATE,constant-return method body
1253,JDNEBGNOBDF,77106,AEGNNPENLNM,0xFB1F060,mov-ax-imm16-ret,CANDIDATE,constant-return method body
1273,FEGGFEKELHB,44832,AEGNNPENLNM,0x730EE80,mov-ax-imm16-ret,CANDIDATE,constant-return method body
1288,FKFMJKNAJOE,14678,AEGNNPENLNM,0x10F1E3A0,mov-ax-imm16-ret,CANDIDATE,constant-return method body
1292,IJBLCEIIDAI,59909,AEGNNPENLNM,0x12A90290,mov-ax-imm16-ret,CANDIDATE,constant-return method body
1300,FIMEHGOAOLL,30757,AEGNNPENLNM,0xD4958B0,mov-ax-imm16-ret,CANDIDATE,constant-return method body
1307,BDAAFIBNLEJ,25522,AEGNNPENLNM,0xB521550,mov-ax-imm16-ret,CANDIDATE,constant-return method body
1309,BOKADNJCJIP,12282,AEGNNPENLNM,0xB91AFF0,mov-ax-imm16-ret,CANDIDATE,constant-return method body
1316,APIKKMGAAMO,47188,AEGNNPENLNM,0xF7E9DE0,mov-ax-imm16-ret,CANDIDATE,constant-return method body
1318,DALGDCKOACG,38129,AEGNNPENLNM,0xBA8BEB0,mov-ax-imm16-ret,CANDIDATE,constant-return method body
1324,MHKGAMMJAMG,56239,AEGNNPENLNM,0x7920AC0,mov-ax-imm16-ret,CANDIDATE,constant-return method body
1325,OBPNKDAMDIA,55950,AEGNNPENLNM,0x130E4D60,mov-ax-imm16-ret,CANDIDATE,constant-return method body
1331,KKOJKILIOJE,13046,AEGNNPENLNM,0x83237A0,mov-ax-imm16-ret,CANDIDATE,constant-return method body
1332,DBEBADOIEFJ,43765,AEGNNPENLNM,0x133F97A0,mov-ax-imm16-ret,CANDIDATE,constant-return method body
1333,FKJGOIHAJNK,57765,AEGNNPENLNM,0xBD7FAD0,mov-ax-imm16-ret,CANDIDATE,constant-return method body
1334,BGNNEHKBCLD,79884,AEGNNPENLNM,0x12381E80,mov-ax-imm16-ret,CANDIDATE,constant-return method body
1339,KCPGHNMPIKL,74489,AEGNNPENLNM,0x10725660,mov-ax-imm16-ret,CANDIDATE,constant-return method body
1344,ANPNAJHELHE,13033,AEGNNPENLNM,0xB15F170,mov-ax-imm16-ret,CANDIDATE,constant-return method body
1345,DADGKGCKPJB,86378,AEGNNPENLNM,0x953AEA0,mov-ax-imm16-ret,CANDIDATE,constant-return method body
1349,EMKBMCDGGNN,13316,AEGNNPENLNM,0xBCF79B0,mov-ax-imm16-ret,CANDIDATE,constant-return method body
1350,DAFIKAODOEL,75328,AEGNNPENLNM,0x8820B20,mov-ax-imm16-ret,CANDIDATE,constant-return method body
1353,ENONIJHECPI,58080,AEGNNPENLNM,0x125E5D30,mov-ax-imm16-ret,CANDIDATE,constant-return method body
1354,KEMABJNGJOP,64851,AEGNNPENLNM,0x7730BE0,mov-ax-imm16-ret,CANDIDATE,constant-return method body
1357,GKBELAIPMEL,85268,AEGNNPENLNM,0x804C870,mov-ax-imm16-ret,CANDIDATE,constant-return method body
1358,EKJHNNGBNGE,58757,AEGNNPENLNM,0x125D74C0,mov-ax-imm16-ret,CANDIDATE,constant-return method body
1368,NIBNDOFAFBO,44825,AEGNNPENLNM,0x9EB96D0,mov-ax-imm16-ret,CANDIDATE,constant-return method body
1373,JGGKHJDNDBM,41616,AEGNNPENLNM,0x12B13F20,mov-ax-imm16-ret,CANDIDATE,constant-return method body
1380,EBGFJLNOGAL,78140,AEGNNPENLNM,0xF677D10,mov-ax-imm16-ret,CANDIDATE,constant-return method body
1384,MBAPPOBOCHC,34361,AEGNNPENLNM,0xE4FF6B0,mov-ax-imm16-ret,CANDIDATE,constant-return method body
1388,ILANEKAHOKA,66871,AEGNNPENLNM,0x8DB6500,mov-ax-imm16-ret,CANDIDATE,constant-return method body
1395,KDAHIBHPJFH,59566,AEGNNPENLNM,0xB424260,mov-ax-imm16-ret,CANDIDATE,constant-return method body
1400,CAHFFPIENNM,27331,NIIICEHCLKF,0xD1D02D0,mov-eax-imm32-ret,CANDIDATE,constant-return method body
1400,JMOPJKINDJO,28300,AEGNNPENLNM,0xB3E16D0,mov-ax-imm16-ret,CANDIDATE,constant-return method body
1405,EPPNPFMAIFB,25525,AEGNNPENLNM,0x10E90910,mov-ax-imm16-ret,CANDIDATE,constant-return method body
1408,JPOIJDBFIPH,76509,AEGNNPENLNM,0xE37D620,mov-ax-imm16-ret,CANDIDATE,constant-return method body
1410,IBJDGLCHIPB,67027,AEGNNPENLNM,0xA6DB2D0,mov-ax-imm16-ret,CANDIDATE,constant-return method body
1412,MOFGOFAKOOA,52920,AEGNNPENLNM,0x10997CA0,mov-ax-imm16-ret,CANDIDATE,constant-return method body
1414,NCLDMONIDAO,60541,AEGNNPENLNM,0x12FE9BC0,mov-ax-imm16-ret,CANDIDATE,constant-return method body
1416,FGEOMLBHDAI,38385,AEGNNPENLNM,0x7FAF050,mov-ax-imm16-ret,CANDIDATE,constant-return method body
1417,DCJFPFDAIEH,81439,AEGNNPENLNM,0x13F30760,mov-ax-imm16-ret,CANDIDATE,constant-return method body
1423,BPLIIGMJILN,65253,AEGNNPENLNM,0x123C4D50,mov-ax-imm16-ret,CANDIDATE,constant-return method body
1439,IHCAHEHNKCO,84095,AEGNNPENLNM,0x111E2950,mov-ax-imm16-ret,CANDIDATE,constant-return method body
1441,PKEHHIHJEEA,76162,AEGNNPENLNM,0x8795540,mov-ax-imm16-ret,CANDIDATE,constant-return method body
1446,FDGKIPCMAGJ,67721,AEGNNPENLNM,0x103ACEC0,mov-ax-imm16-ret,CANDIDATE,constant-return method body
1452,JBDBEPPNKGL,51575,AEGNNPENLNM,0xBFDE710,mov-ax-imm16-ret,CANDIDATE,constant-return method body
1455,NKPCNHEDEGF,55637,AEGNNPENLNM,0xFFA1CF0,mov-ax-imm16-ret,CANDIDATE,constant-return method body
1456,JBBJKEHFDNN,47073,AEGNNPENLNM,0x11EAC1F0,mov-ax-imm16-ret,CANDIDATE,constant-return method body
1461,OMHFEPPLANA,43752,AEGNNPENLNM,0x93AEB20,mov-ax-imm16-ret,CANDIDATE,constant-return method body
1471,MKMEPPBEDCL,59043,AEGNNPENLNM,0xC308CE0,mov-ax-imm16-ret,CANDIDATE,constant-return method body
1472,AEFMOOCJIGI,82650,AEGNNPENLNM,0x1345E860,mov-ax-imm16-ret,CANDIDATE,constant-return method body
1473,PCHFBCKLNLD,19262,AEGNNPENLNM,0x10BCCBB0,mov-ax-imm16-ret,CANDIDATE,constant-return method body
1476,FHDPFIGABGA,14880,AEGNNPENLNM,0x128533B0,mov-ax-imm16-ret,CANDIDATE,constant-return method body
1477,FELBMNJHNLO,22339,AEGNNPENLNM,0xA44D570,mov-ax-imm16-ret,CANDIDATE,constant-return method body
1482,DHGGLHFCLHI,30723,AEGNNPENLNM,0x958AB00,mov-ax-imm16-ret,CANDIDATE,constant-return method body
1483,OHHPCIALENL,74100,AEGNNPENLNM,0xAD8C500,mov-ax-imm16-ret,CANDIDATE,constant-return method body
1484,FEKBECOMCAG,74986,AEGNNPENLNM,0x1409EE50,mov-ax-imm16-ret,CANDIDATE,constant-return method body
1490,CELAGCPDGJK,77787,AEGNNPENLNM,0x79D9DC0,mov-ax-imm16-ret,CANDIDATE,constant-return method body
1491,NPJOKMDBLDI,34026,AEGNNPENLNM,0x10036A20,mov-ax-imm16-ret,CANDIDATE,constant-return method body
1496,HFFHMPBOIEE,29167,AEGNNPENLNM,0x11C8E140,mov-ax-imm16-ret,CANDIDATE,constant-return method body
1500,AGHOIJBCMGN,47416,AEGNNPENLNM,0xB0F6ED0,mov-ax-imm16-ret,CANDIDATE,constant-return method body
1500,EBPDHKCHMNL,78856,NIIICEHCLKF,0xA195C90,mov-eax-imm32-ret,CANDIDATE,constant-return method body
1501,BNGMPDPBJHF,78996,AEGNNPENLNM,0x123B7120,mov-ax-imm16-ret,CANDIDATE,constant-return method body
1507,KJMJKGHPOBP,31531,AEGNNPENLNM,0xC171C70,mov-ax-imm16-ret,CANDIDATE,constant-return method body
1512,NBOCIGONPIH,45106,AEGNNPENLNM,0xD02AC30,mov-ax-imm16-ret,CANDIDATE,constant-return method body
1515,PDKEEGNHKNH,66171,AEGNNPENLNM,0xD236180,mov-ax-imm16-ret,CANDIDATE,constant-return method body
1516,FOHNKFEBAJL,31457,AEGNNPENLNM,0xBBF3FB0,mov-ax-imm16-ret,CANDIDATE,constant-return method body
1519,EGGAIFBCJLP,49230,AEGNNPENLNM,0x140065B0,mov-ax-imm16-ret,CANDIDATE,constant-return method body
1529,NOMGMHMMNHG,21836,AEGNNPENLNM,0x1002A360,mov-ax-imm16-ret,CANDIDATE,constant-return method body
1534,AGIMGCFLJPF,47982,AEGNNPENLNM,0x7EDB480,mov-ax-imm16-ret,CANDIDATE,constant-return method body
1538,PONIDCFNNEB,42853,AEGNNPENLNM,0x943A100,mov-ax-imm16-ret,CANDIDATE,constant-return method body
1553,GCMCIFIOKFO,65780,AEGNNPENLNM,0x128E8150,mov-ax-imm16-ret,CANDIDATE,constant-return method body
1560,FMHECBAMMCC,42462,AEGNNPENLNM,0xA4B0EA0,mov-ax-imm16-ret,CANDIDATE,constant-return method body
1561,MGANMKLLFJF,86168,AEGNNPENLNM,0xB5B49F0,mov-ax-imm16-ret,CANDIDATE,constant-return method body
1572,ABONNGINHDI,44174,AEGNNPENLNM,0xA3116D0,mov-ax-imm16-ret,CANDIDATE,constant-return method body
1573,IIFBBCPIJDL,34362,AEGNNPENLNM,0x10610B40,mov-ax-imm16-ret,CANDIDATE,constant-return method body
1577,IBIFKCCOAKG,35107,AEGNNPENLNM,0xBF22C20,mov-ax-imm16-ret,CANDIDATE,constant-return method body
1580,NKPENKJFLLF,73874,AEGNNPENLNM,0x92F5000,mov-ax-imm16-ret,CANDIDATE,constant-return method body
1584,MEIDKNGDAFK,16225,AEGNNPENLNM,0xFD84710,mov-ax-imm16-ret,CANDIDATE,constant-return method body
1587,AEPFOINMCKJ,68926,AEGNNPENLNM,0xEB10B30,mov-ax-imm16-ret,CANDIDATE,constant-return method body
1604,ILEGHEOOOKM,55133,AEGNNPENLNM,0x11E7F0C0,mov-ax-imm16-ret,CANDIDATE,constant-return method body
1627,MEIGAPOJKAA,17167,AEGNNPENLNM,0x114FDDE0,mov-ax-imm16-ret,CANDIDATE,constant-return method body
1631,PANGLIGDKKI,49621,AEGNNPENLNM,0x13DAA410,mov-ax-imm16-ret,CANDIDATE,constant-return method body
1633,JGELIMKCLMP,37937,AEGNNPENLNM,0xEF37080,mov-ax-imm16-ret,CANDIDATE,constant-return method body
1636,NJDIFMMLLOE,79122,AEGNNPENLNM,0x1301DB70,mov-ax-imm16-ret,CANDIDATE,constant-return method body
1638,ACEBOFFJHBB,38044,AEGNNPENLNM,0x1344D960,mov-ax-imm16-ret,CANDIDATE,constant-return method body
1640,ADGHNEDNPKA,68441,AEGNNPENLNM,0xB0E74E0,mov-ax-imm16-ret,CANDIDATE,constant-return method body
1642,KOBKMKIOCFH,19067,AEGNNPENLNM,0xC18A580,mov-ax-imm16-ret,CANDIDATE,constant-return method body
1649,CNIEBILJBEI,88839,AEGNNPENLNM,0x13EEA830,mov-ax-imm16-ret,CANDIDATE,constant-return method body
1653,AIKGFGMLHCH,60777,AEGNNPENLNM,0xEB30D90,mov-ax-imm16-ret,CANDIDATE,constant-return method body
1657,MKBDEOIMJHE,32845,AEGNNPENLNM,0x90E97C0,mov-ax-imm16-ret,CANDIDATE,constant-return method body
1660,ICDBBNGLLOF,14872,AEGNNPENLNM,0xF9FD0F0,mov-ax-imm16-ret,CANDIDATE,constant-return method body
1664,FOKCAKJHOMC,64866,AEGNNPENLNM,0xA4E5010,mov-ax-imm16-ret,CANDIDATE,constant-return method body
1666,PHBDEGCAFID,16954,AEGNNPENLNM,0x10133030,mov-ax-imm16-ret,CANDIDATE,constant-return method body
1679,BKNKCJFJHJA,88398,AEGNNPENLNM,0x11784B60,mov-ax-imm16-ret,CANDIDATE,constant-return method body
1682,FFIMJBFOLFN,77066,AEGNNPENLNM,0x12624F30,mov-ax-imm16-ret,CANDIDATE,constant-return method body
1694,HNHABHCJGJG,14094,AEGNNPENLNM,0x80DC660,mov-ax-imm16-ret,CANDIDATE,constant-return method body
1700,KBNOBPGEIKC,80835,NIIICEHCLKF,0x771F670,mov-eax-imm32-ret,CANDIDATE,constant-return method body
1703,OEPGAGMNCGM,42953,AEGNNPENLNM,0x12323760,mov-ax-imm16-ret,CANDIDATE,constant-return method body
1707,AALPNNNEOOP,81963,AEGNNPENLNM,0x714A900,mov-ax-imm16-ret,CANDIDATE,constant-return method body
1709,PPMJLJLOGHN,33351,AEGNNPENLNM,0x118B19B0,mov-ax-imm16-ret,CANDIDATE,constant-return method body
1717,NMKLDGIODNM,40471,AEGNNPENLNM,0x8622160,mov-ax-imm16-ret,CANDIDATE,constant-return method body
1724,FHAJFBOIDNG,42729,AEGNNPENLNM,0xEBA0EF0,mov-ax-imm16-ret,CANDIDATE,constant-return method body
1727,FFDINBIDFJC,31814,AEGNNPENLNM,0x8B4B390,mov-ax-imm16-ret,CANDIDATE,constant-return method body
1737,DACNHEAOGIG,61890,AEGNNPENLNM,0x133EE8A0,mov-ax-imm16-ret,CANDIDATE,constant-return method body
1738,MFAJLNOKPMP,48045,AEGNNPENLNM,0x13A12740,mov-ax-imm16-ret,CANDIDATE,constant-return method body
1745,KAFMPHPBMAI,61745,AEGNNPENLNM,0xEFA3530,mov-ax-imm16-ret,CANDIDATE,constant-return method body
1747,JCJBHCHIDBJ,48559,AEGNNPENLNM,0x11249540,mov-ax-imm16-ret,CANDIDATE,constant-return method body
1748,GMGMKDAIBIP,46237,AEGNNPENLNM,0x8C26380,mov-ax-imm16-ret,CANDIDATE,constant-return method body
1752,HOEANAHDBLO,38969,AEGNNPENLNM,0x75356A0,mov-ax-imm16-ret,CANDIDATE,constant-return method body
1753,HLODCBPGFPK,87195,AEGNNPENLNM,0xB24F770,mov-ax-imm16-ret,CANDIDATE,constant-return method body
1757,FHOECFLKPJB,16494,AEGNNPENLNM,0x1102B950,mov-ax-imm16-ret,CANDIDATE,constant-return method body
1761,GGPEMKLPPFJ,82334,AEGNNPENLNM,0x8BFA7E0,mov-ax-imm16-ret,CANDIDATE,constant-return method body
1769,OKDLAHIEMKC,61188,AEGNNPENLNM,0x8694D30,mov-ax-imm16-ret,CANDIDATE,constant-return method body
1781,FKDAAACPCOF,35644,AEGNNPENLNM,0x12647C80,mov-ax-imm16-ret,CANDIDATE,constant-return method body
1785,ODMELEDHKKB,34567,AEGNNPENLNM,0x10B49B90,mov-ax-imm16-ret,CANDIDATE,constant-return method body
1786,MIOACIMMJKD,53564,AEGNNPENLNM,0xAAC7B20,mov-ax-imm16-ret,CANDIDATE,constant-return method body
1789,FABMIBMPGMG,68412,AEGNNPENLNM,0x10376B50,mov-ax-imm16-ret,CANDIDATE,constant-return method body
1790,AOMEDEKNNIC,85775,AEGNNPENLNM,0xF7E4F40,mov-ax-imm16-ret,CANDIDATE,constant-return method body
1796,MEHINBHCFKD,61905,AEGNNPENLNM,0xB5A5E10,mov-ax-imm16-ret,CANDIDATE,constant-return method body
1800,HAMADCMIBIM,63000,LAHBCIAHGNJ,0x1052FF90,mov-eax-imm32-ret,CANDIDATE,constant-return method body
1800,IEOIOMBHDLN,18281,NIIICEHCLKF,0x8135D70,mov-eax-imm32-ret,CANDIDATE,constant-return method body
1810,IMMFFKGCGAA,77008,AEGNNPENLNM,0x1064EC30,mov-ax-imm16-ret,CANDIDATE,constant-return method body
1811,NOHGGAAHPNN,79049,AEGNNPENLNM,0x932BB60,mov-ax-imm16-ret,CANDIDATE,constant-return method body
1813,DNOIMPBFEDI,42776,AEGNNPENLNM,0xC894E80,mov-ax-imm16-ret,CANDIDATE,constant-return method body
1822,AAPHMIOKJJN,29263,AEGNNPENLNM,0x103D86E0,mov-ax-imm16-ret,CANDIDATE,constant-return method body
1823,BMPFGMLLIAD,87187,AEGNNPENLNM,0xFFC3060,mov-ax-imm16-ret,CANDIDATE,constant-return method body
1836,DELLFLCDMJF,55416,AEGNNPENLNM,0x13414430,mov-ax-imm16-ret,CANDIDATE,constant-return method body
1838,JIMEFAIJAJB,31134,AEGNNPENLNM,0x106CBB90,mov-ax-imm16-ret,CANDIDATE,constant-return method body
1843,PEHBLMNEFKN,44444,AEGNNPENLNM,0x1184A110,mov-ax-imm16-ret,CANDIDATE,constant-return method body
1845,JNPEDKFAELF,43287,AEGNNPENLNM,0x10709810,mov-ax-imm16-ret,CANDIDATE,constant-return method body
1862,NJNCEJJBKFL,37915,AEGNNPENLNM,0x1302BEA0,mov-ax-imm16-ret,CANDIDATE,constant-return method body
1871,LFKCOHKPGAH,43753,AEGNNPENLNM,0xC200360,mov-ax-imm16-ret,CANDIDATE,constant-return method body
1872,KGGNEBBJGIH,25841,AEGNNPENLNM,0xA967EE0,mov-ax-imm16-ret,CANDIDATE,constant-return method body
1879,GFJJMMGGGLK,67453,AEGNNPENLNM,0x104C7080,mov-ax-imm16-ret,CANDIDATE,constant-return method body
1880,LEJLMNACMHN,77576,AEGNNPENLNM,0x12013E60,mov-ax-imm16-ret,CANDIDATE,constant-return method body
1881,PFOGBNOFHPD,57147,AEGNNPENLNM,0x11854210,mov-ax-imm16-ret,CANDIDATE,constant-return method body
1886,POIJBDCEMHD,48411,AEGNNPENLNM,0xB9B2630,mov-ax-imm16-ret,CANDIDATE,constant-return method body
1889,HCDGHNDLDPC,59311,AEGNNPENLNM,0xCAE1100,mov-ax-imm16-ret,CANDIDATE,constant-return method body
1897,LDAJEMDGMKK,33790,AEGNNPENLNM,0x780D210,mov-ax-imm16-ret,CANDIDATE,constant-return method body
1900,AFFBEBADCLI,25907,NIIICEHCLKF,0xB0F1E90,mov-eax-imm32-ret,CANDIDATE,constant-return method body
1900,KBDPMDEGDPD,35026,LAHBCIAHGNJ,0x1383E630,mov-eax-imm32-ret,CANDIDATE,constant-return method body
1901,ChineseLunisolarCalendar,656,get_MinCalendarYear,0x195C2940,mov-eax-imm32-ret,CANDIDATE,constant-return method body
1902,EAPENEACNLM,58469,AEGNNPENLNM,0x1259CF10,mov-ax-imm16-ret,CANDIDATE,constant-return method body
1903,LLGKNEHEJNC,85191,AEGNNPENLNM,0x906A3A0,mov-ax-imm16-ret,CANDIDATE,constant-return method body
1905,HPIGJNGNPLH,84720,AEGNNPENLNM,0xF9E1770,mov-ax-imm16-ret,CANDIDATE,constant-return method body
1909,LICBDJHCJHM,53819,AEGNNPENLNM,0xFD218E0,mov-ax-imm16-ret,CANDIDATE,constant-return method body
1911,ABBOCKNFIIP,65625,AEGNNPENLNM,0x9694FB0,mov-ax-imm16-ret,CANDIDATE,constant-return method body
1912,TaiwanLunisolarCalendar,697,get_MinCalendarYear,0x19477170,mov-eax-imm32-ret,CANDIDATE,constant-return method body
1922,CHLNABDMNFM,88422,AEGNNPENLNM,0x124C4300,mov-ax-imm16-ret,CANDIDATE,constant-return method body
1926,ONAKLJHLKMA,31061,AEGNNPENLNM,0x100F03D0,mov-ax-imm16-ret,CANDIDATE,constant-return method body
1928,FGECMKHPGAF,43151,AEGNNPENLNM,0xD484190,mov-ax-imm16-ret,CANDIDATE,constant-return method body
1929,MFAKOEJCDPD,62006,AEGNNPENLNM,0xF16E380,mov-ax-imm16-ret,CANDIDATE,constant-return method body
1930,EJLKKAADPCF,26959,AEGNNPENLNM,0xF6D5FA0,mov-ax-imm16-ret,CANDIDATE,constant-return method body
1947,EGIIGJLILMG,35971,AEGNNPENLNM,0xBCD94E0,mov-ax-imm16-ret,CANDIDATE,constant-return method body
1954,GFGPOHGKPCM,85499,AEGNNPENLNM,0x80347B0,mov-ax-imm16-ret,CANDIDATE,constant-return method body
1955,EBFMHEGCPGI,87371,AEGNNPENLNM,0x8908090,mov-ax-imm16-ret,CANDIDATE,constant-return method body
1956,FLJFJLHLHPO,22601,AEGNNPENLNM,0x7FEA520,mov-ax-imm16-ret,CANDIDATE,constant-return method body
1960,JapaneseLunisolarCalendar,688,get_MinCalendarYear,0x194ADBF0,mov-eax-imm32-ret,CANDIDATE,constant-return method body
1966,EFICLHHFHNL,78539,AEGNNPENLNM,0xEA10AB0,mov-ax-imm16-ret,CANDIDATE,constant-return method body
1968,OIKLHLMGIKM,24690,AEGNNPENLNM,0x1233BDC0,mov-ax-imm16-ret,CANDIDATE,constant-return method body
1971,CCOAKIBNOJF,48883,AEGNNPENLNM,0x11907D70,mov-ax-imm16-ret,CANDIDATE,constant-return method body
1974,MNGEIEBPABO,38561,AEGNNPENLNM,0xCEF45F0,mov-ax-imm16-ret,CANDIDATE,constant-return method body
1976,IHENLEPJMCJ,41691,AEGNNPENLNM,0xCBEDB10,mov-ax-imm16-ret,CANDIDATE,constant-return method body
1977,PMGJMJICKBN,11868,AEGNNPENLNM,0xAE1DE30,mov-ax-imm16-ret,CANDIDATE,constant-return method body
1978,LONMMLPDHGK,72890,AEGNNPENLNM,0x788C770,mov-ax-imm16-ret,CANDIDATE,constant-return method body
1982,CFNBKFBNMGK,34940,AEGNNPENLNM,0x94DDB30,mov-ax-imm16-ret,CANDIDATE,constant-return method body
1984,MPCODLOOEOL,78085,AEGNNPENLNM,0x9104450,mov-ax-imm16-ret,CANDIDATE,constant-return method body
1985,BKKBBDCIIGO,81744,AEGNNPENLNM,0x12B5D580,mov-ax-imm16-ret,CANDIDATE,constant-return method body
1986,BFLLEJJNJKC,71458,AEGNNPENLNM,0xD55EC90,mov-ax-imm16-ret,CANDIDATE,constant-return method body
1995,MFKILACCMDC,33289,AEGNNPENLNM,0x9CF5610,mov-ax-imm16-ret,CANDIDATE,constant-return method body
1998,ONDAMNLFLNO,78966,AEGNNPENLNM,0xF41BA40,mov-ax-imm16-ret,CANDIDATE,constant-return method body
2000,BDEDHPGPALE,78888,NIIICEHCLKF,0xD554CD0,mov-eax-imm32-ret,CANDIDATE,constant-return method body
2001,GHLBLEHBOEO,18257,AEGNNPENLNM,0x135DF740,mov-ax-imm16-ret,CANDIDATE,constant-return method body
2002,BDLMODGKGBD,32493,AEGNNPENLNM,0xB5225C0,mov-ax-imm16-ret,CANDIDATE,constant-return method body
2002,FFDFFCMEJMI,34995,EOBCPLNIHAF,0x1101AE30,mov-eax-imm32-ret,CANDIDATE,constant-return method body
2002,LJOCILNELCO,70872,EOBCPLNIHAF,0x13969370,mov-eax-imm32-ret,CANDIDATE,constant-return method body
2002,LODLNKGNGLL,80471,AEGNNPENLNM,0xFD56460,mov-ax-imm16-ret,CANDIDATE,constant-return method body
2005,FFKEIGDEOML,45636,AEGNNPENLNM,0x10EC28A0,mov-ax-imm16-ret,CANDIDATE,constant-return method body
2006,FFONCFFDMCG,40449,AEGNNPENLNM,0xA44FA30,mov-ax-imm16-ret,CANDIDATE,constant-return method body
2007,KHLIADOKKCF,23847,AEGNNPENLNM,0x1133C7D0,mov-ax-imm16-ret,CANDIDATE,constant-return method body
2016,CLCKDFPLKIC,29442,AEGNNPENLNM,0x133B43E0,mov-ax-imm16-ret,CANDIDATE,constant-return method body
2019,GGHNPIGNHLI,41429,AEGNNPENLNM,0xEC16550,mov-ax-imm16-ret,CANDIDATE,constant-return method body
2024,KGNEEJFHIBB,68308,AEGNNPENLNM,0xB4404F0,mov-ax-imm16-ret,CANDIDATE,constant-return method body
2026,FCNCKNOPEIP,57811,AEGNNPENLNM,0xBB8CA70,mov-ax-imm16-ret,CANDIDATE,constant-return method body
2027,OAHOOKEACGF,17108,AEGNNPENLNM,0xAD4E2A0,mov-ax-imm16-ret,CANDIDATE,constant-return method body
2033,FEPEMCKMIEH,68156,AEGNNPENLNM,0x12621800,mov-ax-imm16-ret,CANDIDATE,constant-return method body
2035,GPBDHPKJEPE,25257,AEGNNPENLNM,0x745FF00,mov-ax-imm16-ret,CANDIDATE,constant-return method body
2036,CAENDMLHNLJ,34296,AEGNNPENLNM,0xFFEDF20,mov-ax-imm16-ret,CANDIDATE,constant-return method body
2045,NLMBICHJMKN,30518,AEGNNPENLNM,0x861A3C0,mov-ax-imm16-ret,CANDIDATE,constant-return method body
2048,MonoGPUParticleExtraCameraInfo,13409,get_tickTiming,0xAB40EF0,mov-eax-imm32-ret,CANDIDATE,constant-return method body
2048,MonoGPUParticleSpawnCandidateGenerator,64467,get_tickTiming,0x12165970,mov-eax-imm32-ret,CANDIDATE,constant-return method body
2049,JapaneseLunisolarCalendar,688,get_MaxCalendarYear,0x194ADC00,mov-eax-imm32-ret,CANDIDATE,constant-return method body
2050,HHDADFOPFFM,82986,AEGNNPENLNM,0xBEB0290,mov-ax-imm16-ret,CANDIDATE,constant-return method body
2050,KoreanLunisolarCalendar,691,get_MaxCalendarYear,0x194C9220,mov-eax-imm32-ret,CANDIDATE,constant-return method body
2050,TaiwanLunisolarCalendar,697,get_MaxCalendarYear,0x19477180,mov-eax-imm32-ret,CANDIDATE,constant-return method body
2055,OIALMLNCFID,26892,AEGNNPENLNM,0x10B6AA90,mov-ax-imm16-ret,CANDIDATE,constant-return method body
2056,LEEHFFAGEOD,48995,AEGNNPENLNM,0x139391F0,mov-ax-imm16-ret,CANDIDATE,constant-return method body
2058,POAALBFABCE,64473,AEGNNPENLNM,0x132367B0,mov-ax-imm16-ret,CANDIDATE,constant-return method body
2062,PPJHIDBFAMJ,35724,AEGNNPENLNM,0x118AFDD0,mov-ax-imm16-ret,CANDIDATE,constant-return method body
2067,OGCOEBDCKNN,82403,AEGNNPENLNM,0x11764790,mov-ax-imm16-ret,CANDIDATE,constant-return method body
2068,BGFGHLFGGFM,46285,AEGNNPENLNM,0x71FE8F0,mov-ax-imm16-ret,CANDIDATE,constant-return method body
2070,JMCLBNBNDPP,50562,AEGNNPENLNM,0xEF7E0A0,mov-ax-imm16-ret,CANDIDATE,constant-return method body
2071,POCKLCMHEEB,33523,AEGNNPENLNM,0x12449A20,mov-ax-imm16-ret,CANDIDATE,constant-return method body
2073,CKMOKHKGIDM,66231,AEGNNPENLNM,0x102147B0,mov-ax-imm16-ret,CANDIDATE,constant-return method body
2076,KIKJHCHHEFH,62307,AEGNNPENLNM,0x11F5CFB0,mov-ax-imm16-ret,CANDIDATE,constant-return method body
2081,PDHDCNJGGCN,40741,AEGNNPENLNM,0x101122F0,mov-ax-imm16-ret,CANDIDATE,constant-return method body
2082,CCAOBKFMEJO,15848,AEGNNPENLNM,0xC73E680,mov-ax-imm16-ret,CANDIDATE,constant-return method body
2089,JKDELMPOMGC,21317,AEGNNPENLNM,0xA8F7F10,mov-ax-imm16-ret,CANDIDATE,constant-return method body
2093,NAEGKMMGAGO,38093,AEGNNPENLNM,0x13BE7B40,mov-ax-imm16-ret,CANDIDATE,constant-return method body
2095,PEFMCCFJGOE,73650,AEGNNPENLNM,0x123F5BA0,mov-ax-imm16-ret,CANDIDATE,constant-return method body
2100,ChineseLunisolarCalendar,656,get_MaxCalendarYear,0x195C2950,mov-eax-imm32-ret,CANDIDATE,constant-return method body
2101,JMKLFGKJJPN,68568,AEGNNPENLNM,0xC0D3540,mov-ax-imm16-ret,CANDIDATE,constant-return method body
2109,LEEMJFFMNCE,53198,AEGNNPENLNM,0xAA0B460,mov-ax-imm16-ret,CANDIDATE,constant-return method body
2111,JDACONCJHHO,27730,AEGNNPENLNM,0x11255640,mov-ax-imm16-ret,CANDIDATE,constant-return method body
2114,LBMHGMKDBPN,34092,AEGNNPENLNM,0xF09F2C0,mov-ax-imm16-ret,CANDIDATE,constant-return method body
2118,NLEIGCEGONL,80098,AEGNNPENLNM,0x1170C5C0,mov-ax-imm16-ret,CANDIDATE,constant-return method body
2124,KCMCNLPADPK,33042,AEGNNPENLNM,0xCD0B5F0,mov-ax-imm16-ret,CANDIDATE,constant-return method body
2125,HECCLJKJOGF,47507,AEGNNPENLNM,0xB213970,mov-ax-imm16-ret,CANDIDATE,constant-return method body
2130,HOOCHAKLPMC,80310,AEGNNPENLNM,0x105A7960,mov-ax-imm16-ret,CANDIDATE,constant-return method body
2141,JJHNPLMKDHA,57540,AEGNNPENLNM,0xE33C4E0,mov-ax-imm16-ret,CANDIDATE,constant-return method body
2142,MKAEAJDDGKK,15477,AEGNNPENLNM,0xF19AA50,mov-ax-imm16-ret,CANDIDATE,constant-return method body
2144,BJHMELKHODK,54991,AEGNNPENLNM,0xC46CDE0,mov-ax-imm16-ret,CANDIDATE,constant-return method body
2148,MFAHGBDPBAM,19202,AEGNNPENLNM,0x12D231E0,mov-ax-imm16-ret,CANDIDATE,constant-return method body
2153,CGCDPFPGKEE,53488,AEGNNPENLNM,0xAF6FA70,mov-ax-imm16-ret,CANDIDATE,constant-return method body
2156,LKECLIDLINB,19671,AEGNNPENLNM,0xFD3E680,mov-ax-imm16-ret,CANDIDATE,constant-return method body
2162,FPJHKBFKCOJ,55257,AEGNNPENLNM,0xBDA1B90,mov-ax-imm16-ret,CANDIDATE,constant-return method body
2163,OLCGIPKDPLC,59169,AEGNNPENLNM,0x869EAB0,mov-ax-imm16-ret,CANDIDATE,constant-return method body
2166,FJLFJPENFJG,41287,AEGNNPENLNM,0xBD787D0,mov-ax-imm16-ret,CANDIDATE,constant-return method body
2173,FNMJFFLDGDJ,65722,AEGNNPENLNM,0xD5AF840,mov-ax-imm16-ret,CANDIDATE,constant-return method body
2178,LIGFLGNNAHP,83525,AEGNNPENLNM,0xE4BA1E0,mov-ax-imm16-ret,CANDIDATE,constant-return method body
2183,HFEPNONIPIM,35292,AEGNNPENLNM,0xBE902A0,mov-ax-imm16-ret,CANDIDATE,constant-return method body
2185,DALFDLKDKHG,27153,AEGNNPENLNM,0x10D7AF40,mov-ax-imm16-ret,CANDIDATE,constant-return method body
2193,LLJPBNHBAKH,47826,AEGNNPENLNM,0xB4EE620,mov-ax-imm16-ret,CANDIDATE,constant-return method body
2194,DAJEKBBKEDJ,50353,AEGNNPENLNM,0x133F7F90,mov-ax-imm16-ret,CANDIDATE,constant-return method body
2195,JCPONMMNANJ,61520,AEGNNPENLNM,0x12AEA410,mov-ax-imm16-ret,CANDIDATE,constant-return method body
2200,LOJDIKIDICD,53883,AEGNNPENLNM,0x108EA4D0,mov-ax-imm16-ret,CANDIDATE,constant-return method body
2202,FCKMKOCPEHA,70216,AEGNNPENLNM,0xBB86E90,mov-ax-imm16-ret,CANDIDATE,constant-return method body
2205,AAGFAGALEHM,67935,AEGNNPENLNM,0xBC11DE0,mov-ax-imm16-ret,CANDIDATE,constant-return method body
2210,LCHBAHFCMMA,75152,AEGNNPENLNM,0x9C23A30,mov-ax-imm16-ret,CANDIDATE,constant-return method body
2213,DHDCICPPAFB,78045,AEGNNPENLNM,0xE9831E0,mov-ax-imm16-ret,CANDIDATE,constant-return method body
2217,KPLAJNDGEBM,33040,AEGNNPENLNM,0xF08D750,mov-ax-imm16-ret,CANDIDATE,constant-return method body
2221,HEPONMFKDHK,47736,AEGNNPENLNM,0xCAF58F0,mov-ax-imm16-ret,CANDIDATE,constant-return method body
2228,BEEBKPIPAEP,85113,AEGNNPENLNM,0xFBE6830,mov-ax-imm16-ret,CANDIDATE,constant-return method body
2236,AGJJAKDHBDN,18229,AEGNNPENLNM,0x717E5E0,mov-ax-imm16-ret,CANDIDATE,constant-return method body
2242,MCDEJGCFBIB,24537,AEGNNPENLNM,0x114ED1A0,mov-ax-imm16-ret,CANDIDATE,constant-return method body
2244,DLFOPHBBPON,11999,AEGNNPENLNM,0xE9A5500,mov-ax-imm16-ret,CANDIDATE,constant-return method body
2246,ADPNFGHAOGI,58672,AEGNNPENLNM,0xEADF720,mov-ax-imm16-ret,CANDIDATE,constant-return method body
2247,MIAGMIMIDEJ,29009,AEGNNPENLNM,0xE53A240,mov-ax-imm16-ret,CANDIDATE,constant-return method body
2249,IKLOJFFHCMH,49871,AEGNNPENLNM,0x75A4550,mov-ax-imm16-ret,CANDIDATE,constant-return method body
2256,IDBDIBENEON,80640,AEGNNPENLNM,0xD7078F0,mov-ax-imm16-ret,CANDIDATE,constant-return method body
2269,KBPBEPDAFOB,13110,AEGNNPENLNM,0x112FBA50,mov-ax-imm16-ret,CANDIDATE,constant-return method body
2270,OPEMBNMNBJL,68373,AEGNNPENLNM,0x9FE3070,mov-ax-imm16-ret,CANDIDATE,constant-return method body
2272,BBKLMJDIFDC,24738,AEGNNPENLNM,0xB183A00,mov-ax-imm16-ret,CANDIDATE,constant-return method body
2278,HFFLILCIDJB,78277,AEGNNPENLNM,0x129DB670,mov-ax-imm16-ret,CANDIDATE,constant-return method body
2280,BCAFAGEOEHF,84046,AEGNNPENLNM,0x8E84200,mov-ax-imm16-ret,CANDIDATE,constant-return method body
2281,JACLNCMMOLB,51475,AEGNNPENLNM,0xCC3C8E0,mov-ax-imm16-ret,CANDIDATE,constant-return method body
2288,HHHEACHDIMH,68040,AEGNNPENLNM,0xF98ECE0,mov-ax-imm16-ret,CANDIDATE,constant-return method body
2290,AOGHJHEJGMA,59819,AEGNNPENLNM,0x9706BC0,mov-ax-imm16-ret,CANDIDATE,constant-return method body
2293,PKAHJKAOGCF,40623,AEGNNPENLNM,0xA045E50,mov-ax-imm16-ret,CANDIDATE,constant-return method body
2298,AMJNDFAHOEG,75823,AEGNNPENLNM,0x10FD1A80,mov-ax-imm16-ret,CANDIDATE,constant-return method body
2299,CEIAKLIADFI,87745,AEGNNPENLNM,0xB9FBB80,mov-ax-imm16-ret,CANDIDATE,constant-return method body
2305,FOCBEHIANBJ,60850,AEGNNPENLNM,0xBBF2BA0,mov-ax-imm16-ret,CANDIDATE,constant-return method body
2310,NCDFNBALLIL,62048,AEGNNPENLNM,0xB76E700,mov-ax-imm16-ret,CANDIDATE,constant-return method body
2313,FIMFKJPDFEE,51142,AEGNNPENLNM,0xA2C8DC0,mov-ax-imm16-ret,CANDIDATE,constant-return method body
2324,JMAJCNHNLMF,73943,AEGNNPENLNM,0xC0CD120,mov-ax-imm16-ret,CANDIDATE,constant-return method body
2328,CGOBPEDNJKJ,38720,AEGNNPENLNM,0x1193AD00,mov-ax-imm16-ret,CANDIDATE,constant-return method body
2333,BAFEHHGHKFJ,87274,AEGNNPENLNM,0x1275A2F0,mov-ax-imm16-ret,CANDIDATE,constant-return method body
2341,PNLHCIKLKHM,57458,AEGNNPENLNM,0x7C96360,mov-ax-imm16-ret,CANDIDATE,constant-return method body
2342,JFJFKNPDCKA,19603,AEGNNPENLNM,0xB397E10,mov-ax-imm16-ret,CANDIDATE,constant-return method body
2343,ABGNOBDLFPO,52647,AEGNNPENLNM,0x8A0A960,mov-ax-imm16-ret,CANDIDATE,constant-return method body
2347,ONNFFNIHLNH,64371,AEGNNPENLNM,0xC65E560,mov-ax-imm16-ret,CANDIDATE,constant-return method body
2351,NMGJHGHNJGH,15656,AEGNNPENLNM,0x9ED43D0,mov-ax-imm16-ret,CANDIDATE,constant-return method body
2355,CJKIILHJINA,66716,AEGNNPENLNM,0xBA298B0,mov-ax-imm16-ret,CANDIDATE,constant-return method body
2356,COLOCDMILPA,77790,AEGNNPENLNM,0x9529190,mov-ax-imm16-ret,CANDIDATE,constant-return method body
2357,KEOEPPGAMFM,29001,AEGNNPENLNM,0x1384BBA0,mov-ax-imm16-ret,CANDIDATE,constant-return method body
2364,GKNNCEOPBFB,35793,AEGNNPENLNM,0x11C19DB0,mov-ax-imm16-ret,CANDIDATE,constant-return method body
2365,JAMBOKGNNMN,37816,AEGNNPENLNM,0x1067D8E0,mov-ax-imm16-ret,CANDIDATE,constant-return method body
2372,JJLFBHKKFAC,75042,AEGNNPENLNM,0x76DA470,mov-ax-imm16-ret,CANDIDATE,constant-return method body
2376,BCGIEMEFOAF,75634,AEGNNPENLNM,0xC06A950,mov-ax-imm16-ret,CANDIDATE,constant-return method body
2389,CEKMMONLKJI,51816,AEGNNPENLNM,0x124B3270,mov-ax-imm16-ret,CANDIDATE,constant-return method body
2392,IPDGGNABOCB,24176,AEGNNPENLNM,0x8DD1CC0,mov-ax-imm16-ret,CANDIDATE,constant-return method body
2393,EHGJALDCFNK,77262,AEGNNPENLNM,0xEA307D0,mov-ax-imm16-ret,CANDIDATE,constant-return method body
2401,EFIOBDGHMAO,69215,AEGNNPENLNM,0x10E26860,mov-ax-imm16-ret,CANDIDATE,constant-return method body
2402,FHKEPLNJIBA,53526,AEGNNPENLNM,0xA2C4330,mov-ax-imm16-ret,CANDIDATE,constant-return method body
2405,AGHHKPKFAFM,83418,AEGNNPENLNM,0xEB1A610,mov-ax-imm16-ret,CANDIDATE,constant-return method body
2410,FLGFDNCKKMH,66125,AEGNNPENLNM,0x7FE3660,mov-ax-imm16-ret,CANDIDATE,constant-return method body
2411,PHOPNFEBAPE,44299,AEGNNPENLNM,0x1186ED90,mov-ax-imm16-ret,CANDIDATE,constant-return method body
2414,IFECAOHBDIH,15940,AEGNNPENLNM,0xB2A9150,mov-ax-imm16-ret,CANDIDATE,constant-return method body
2419,CBAEPMDOFHJ,34417,AEGNNPENLNM,0xFFFAEE0,mov-ax-imm16-ret,CANDIDATE,constant-return method body
2421,JBMFEKJPBNJ,25538,AEGNNPENLNM,0x7658690,mov-ax-imm16-ret,CANDIDATE,constant-return method body
2423,GBBKHOLFJIL,30973,AEGNNPENLNM,0x9797840,mov-ax-imm16-ret,CANDIDATE,constant-return method body
2429,OHFJECJHFJF,79223,AEGNNPENLNM,0x7BA9130,mov-ax-imm16-ret,CANDIDATE,constant-return method body
2430,KOBALCONKMI,23035,AEGNNPENLNM,0x12C5D800,mov-ax-imm16-ret,CANDIDATE,constant-return method body
2432,AMKNOJFFKFI,41442,AEGNNPENLNM,0x7EFFFA0,mov-ax-imm16-ret,CANDIDATE,constant-return method body
2433,LICOFGCLKKF,12141,AEGNNPENLNM,0x9C5CAB0,mov-ax-imm16-ret,CANDIDATE,constant-return method body
2437,ENGELNIIFCH,35744,AEGNNPENLNM,0x125E3840,mov-ax-imm16-ret,CANDIDATE,constant-return method body
2441,PBEADIEOJKN,70579,AEGNNPENLNM,0xC674920,mov-ax-imm16-ret,CANDIDATE,constant-return method body
2442,GLKPNNKMKCN,51283,AEGNNPENLNM,0xF91CCD0,mov-ax-imm16-ret,CANDIDATE,constant-return method body
2445,AHEKHJKGFAA,35626,AEGNNPENLNM,0xAB84400,mov-ax-imm16-ret,CANDIDATE,constant-return method body
2447,HNHIDCEMFAD,85980,AEGNNPENLNM,0x1059E200,mov-ax-imm16-ret,CANDIDATE,constant-return method body
2459,JDKBIHEOBLK,43042,AEGNNPENLNM,0x76655A0,mov-ax-imm16-ret,CANDIDATE,constant-return method body
2462,MIHFDPBJCOK,55234,AEGNNPENLNM,0xCEBE980,mov-ax-imm16-ret,CANDIDATE,constant-return method body
2469,INDJHKLOOKI,84471,AEGNNPENLNM,0xCC27F40,mov-ax-imm16-ret,CANDIDATE,constant-return method body
2471,CLLHFFKIJMF,31565,AEGNNPENLNM,0xC7C2C20,mov-ax-imm16-ret,CANDIDATE,constant-return method body
2481,GADDBCIHHOA,21060,AEGNNPENLNM,0xBBFE0E0,mov-ax-imm16-ret,CANDIDATE,constant-return method body
2486,IMFFPGMDGPJ,43557,AEGNNPENLNM,0x1373D750,mov-ax-imm16-ret,CANDIDATE,constant-return method body
2491,CBCIJBFDIJJ,32960,AEGNNPENLNM,0xD1D6A10,mov-ax-imm16-ret,CANDIDATE,constant-return method body
2492,JJIPOKDHLCE,28664,AEGNNPENLNM,0x11EE3CC0,mov-ax-imm16-ret,CANDIDATE,constant-return method body
2495,EHJEIHPEKAC,68034,AEGNNPENLNM,0x127D90E0,mov-ax-imm16-ret,CANDIDATE,constant-return method body
2496,NCNBMJPGKIO,75111,AEGNNPENLNM,0xB7763F0,mov-ax-imm16-ret,CANDIDATE,constant-return method body
2499,PIOKANKEDEB,67012,AEGNNPENLNM,0xA03EDB0,mov-ax-imm16-ret,CANDIDATE,constant-return method body
2500,FHFFLILLHNP,73335,NIIICEHCLKF,0x128568A0,mov-eax-imm32-ret,CANDIDATE,constant-return method body
2507,MDCEPODADEB,31363,AEGNNPENLNM,0x78C0580,mov-ax-imm16-ret,CANDIDATE,constant-return method body
2511,APKJHAPOEEG,58708,AEGNNPENLNM,0xF7E9F40,mov-ax-imm16-ret,CANDIDATE,constant-return method body
2516,IIAEBHHANFB,13204,AEGNNPENLNM,0xFA19B80,mov-ax-imm16-ret,CANDIDATE,constant-return method body
2528,KPCPFBNOCCB,38403,AEGNNPENLNM,0x8353730,mov-ax-imm16-ret,CANDIDATE,constant-return method body
2530,LBDHPGBGGAK,17550,AEGNNPENLNM,0x902CB70,mov-ax-imm16-ret,CANDIDATE,constant-return method body
2535,KFNDMCOMKCC,83749,AEGNNPENLNM,0xCD196F0,mov-ax-imm16-ret,CANDIDATE,constant-return method body
2540,CGHDKKOHBGC,61417,AEGNNPENLNM,0xAF71090,mov-ax-imm16-ret,CANDIDATE,constant-return method body
2542,OFGELPKPGNN,35460,AEGNNPENLNM,0x7B91150,mov-ax-imm16-ret,CANDIDATE,constant-return method body
2543,KCEBBENOJKP,85265,AEGNNPENLNM,0xE3958B0,mov-ax-imm16-ret,CANDIDATE,constant-return method body
2546,FAAHEOBBPHL,25219,AEGNNPENLNM,0x72E1220,mov-ax-imm16-ret,CANDIDATE,constant-return method body
2557,BOKIDACIMCG,24850,AEGNNPENLNM,0xE808330,mov-ax-imm16-ret,CANDIDATE,constant-return method body
2562,FBICLGCFDIP,28699,AEGNNPENLNM,0xBD31930,mov-ax-imm16-ret,CANDIDATE,constant-return method body
2563,FMKKGHINFGE,74954,AEGNNPENLNM,0xA4B1930,mov-ax-imm16-ret,CANDIDATE,constant-return method body
2568,EJEFEFLJJGD,30930,AEGNNPENLNM,0x14015D20,mov-ax-imm16-ret,CANDIDATE,constant-return method body
2569,NIGBGGKKOFO,87316,AEGNNPENLNM,0x1229A470,mov-ax-imm16-ret,CANDIDATE,constant-return method body
2573,PGHDAOKGPPO,66217,AEGNNPENLNM,0xF49EB10,mov-ax-imm16-ret,CANDIDATE,constant-return method body
2574,JCHFNBLPDHD,76145,AEGNNPENLNM,0x12ADE780,mov-ax-imm16-ret,CANDIDATE,constant-return method body
2578,IPPGJKAKJDF,67152,AEGNNPENLNM,0x8DD8650,mov-ax-imm16-ret,CANDIDATE,constant-return method body
2580,AOJNAPIEDNN,31453,AEGNNPENLNM,0x11BBEBB0,mov-ax-imm16-ret,CANDIDATE,constant-return method body
2581,MHAOCBOPOKA,17606,AEGNNPENLNM,0x12D32080,mov-ax-imm16-ret,CANDIDATE,constant-return method body
2582,BBPELGABBKK,88601,AEGNNPENLNM,0x11383B20,mov-ax-imm16-ret,CANDIDATE,constant-return method body
2583,BEMFPPMKODN,82769,AEGNNPENLNM,0x138AF020,mov-ax-imm16-ret,CANDIDATE,constant-return method body
2585,KAAEHACAICP,66743,AEGNNPENLNM,0x8F6E820,mov-ax-imm16-ret,CANDIDATE,constant-return method body
2587,HODEFGMBOLG,87486,AEGNNPENLNM,0xCB57D00,mov-ax-imm16-ret,CANDIDATE,constant-return method body
2592,CFJEGDBGHOB,39260,AEGNNPENLNM,0xAF6D040,mov-ax-imm16-ret,CANDIDATE,constant-return method body
2594,GGLLKPPBCMI,12277,AEGNNPENLNM,0xBDECAE0,mov-ax-imm16-ret,CANDIDATE,constant-return method body
2600,MGODPFHFALF,46228,NIIICEHCLKF,0xF17F920,mov-eax-imm32-ret,CANDIDATE,constant-return method body
2603,PAEDKJLDMIN,67554,AEGNNPENLNM,0xB8D0250,mov-ax-imm16-ret,CANDIDATE,constant-return method body
2604,KOACAPNBKAJ,71096,AEGNNPENLNM,0x113D59D0,mov-ax-imm16-ret,CANDIDATE,constant-return method body
2614,KNJPGLCAJCO,81356,AEGNNPENLNM,0x12C56540,mov-ax-imm16-ret,CANDIDATE,constant-return method body
2617,OKCGBHHIIFC,76062,AEGNNPENLNM,0x93970A0,mov-ax-imm16-ret,CANDIDATE,constant-return method body
2621,HPFOGEAINDK,18464,EHFPPNFJKFK,0xEDEB700,mov-eax-imm32-ret,CANDIDATE,constant-return method body
2628,HOOMNLIPIPM,18877,AEGNNPENLNM,0xD6E04E0,mov-ax-imm16-ret,CANDIDATE,constant-return method body
2633,KMPJDMDHPGN,12317,AEGNNPENLNM,0x8339EE0,mov-ax-imm16-ret,CANDIDATE,constant-return method body
2637,CNPKBBCNEDA,59466,AEGNNPENLNM,0xAFB11E0,mov-ax-imm16-ret,CANDIDATE,constant-return method body
2640,ENNMFDGONCH,67344,AEGNNPENLNM,0xEA7D0B0,mov-ax-imm16-ret,CANDIDATE,constant-return method body
2648,JMHKJPFDHFI,40060,AEGNNPENLNM,0xCCE33E0,mov-ax-imm16-ret,CANDIDATE,constant-return method body
2652,HDPOIIHGMKJ,25876,AEGNNPENLNM,0xA6266D0,mov-ax-imm16-ret,CANDIDATE,constant-return method body
2653,GEHBEFKJBEM,19184,AEGNNPENLNM,0xD5F07D0,mov-ax-imm16-ret,CANDIDATE,constant-return method body
2655,AIPHPBLNODE,15925,AEGNNPENLNM,0xC99CBE0,mov-ax-imm16-ret,CANDIDATE,constant-return method body
2657,DABJHJFALGE,61080,AEGNNPENLNM,0xF5CD050,mov-ax-imm16-ret,CANDIDATE,constant-return method body
2660,FKPLPILHJLK,49013,AEGNNPENLNM,0xA2E0CF0,mov-ax-imm16-ret,CANDIDATE,constant-return method body
2661,EHHFAKAAJMA,64560,AEGNNPENLNM,0x11ACFAD0,mov-ax-imm16-ret,CANDIDATE,constant-return method body
2666,BGOLBGMDHCJ,52534,AEGNNPENLNM,0xC455450,mov-ax-imm16-ret,CANDIDATE,constant-return method body
2670,IAOIOBBMHPE,32664,AEGNNPENLNM,0x111AAB20,mov-ax-imm16-ret,CANDIDATE,constant-return method body
2673,EEPKAMKBKJC,66302,AEGNNPENLNM,0x13FFE560,mov-ax-imm16-ret,CANDIDATE,constant-return method body
2674,MLGHEJHCKEP,32219,AEGNNPENLNM,0xAAF1EF0,mov-ax-imm16-ret,CANDIDATE,constant-return method body
2684,AKAEONIGMAK,59847,AEGNNPENLNM,0xAB93390,mov-ax-imm16-ret,CANDIDATE,constant-return method body
2686,HHHLPPDHHHJ,82009,AEGNNPENLNM,0xA67FA10,mov-ax-imm16-ret,CANDIDATE,constant-return method body
2687,KNANJCNFKFH,82590,AEGNNPENLNM,0xB46EA10,mov-ax-imm16-ret,CANDIDATE,constant-return method body
2688,INLHICOHAKH,24607,AEGNNPENLNM,0x12AC36D0,mov-ax-imm16-ret,CANDIDATE,constant-return method body
2693,EGEJHJPDPAD,27426,AEGNNPENLNM,0xEA18200,mov-ax-imm16-ret,CANDIDATE,constant-return method body
2700,MJDGGNEKAEE,83839,NIIICEHCLKF,0x13A4AA90,mov-eax-imm32-ret,CANDIDATE,constant-return method body
2703,INBBJMODBNE,25650,AEGNNPENLNM,0x8184A20,mov-ax-imm16-ret,CANDIDATE,constant-return method body
2704,PPOEAFNPODA,57083,AEGNNPENLNM,0x7CCE3A0,mov-ax-imm16-ret,CANDIDATE,constant-return method body
2707,OCKGOCBPHEB,48881,AEGNNPENLNM,0x9F76340,mov-ax-imm16-ret,CANDIDATE,constant-return method body
2708,PIDBCBJDIJJ,56646,AEGNNPENLNM,0x1186FA50,mov-ax-imm16-ret,CANDIDATE,constant-return method body
2712,PANIJMKCEKN,35767,AEGNNPENLNM,0x1183A620,mov-ax-imm16-ret,CANDIDATE,constant-return method body
2715,LJOIKAJMJGM,85870,AEGNNPENLNM,0x1206BC20,mov-ax-imm16-ret,CANDIDATE,constant-return method body
2721,BBAHBMFFEHA,60312,AEGNNPENLNM,0x134DB670,mov-ax-imm16-ret,CANDIDATE,constant-return method body
2722,MNKKPNAIEOH,34708,AEGNNPENLNM,0xE576770,mov-ax-imm16-ret,CANDIDATE,constant-return method body
2723,HKLDGLFNOJN,30989,AEGNNPENLNM,0xBEBF480,mov-ax-imm16-ret,CANDIDATE,constant-return method body
2724,LGMMEGPIFGK,23992,AEGNNPENLNM,0x1203D6C0,mov-ax-imm16-ret,CANDIDATE,constant-return method body
2726,LKEJKNFJELK,27976,AEGNNPENLNM,0x786AD30,mov-ax-imm16-ret,CANDIDATE,constant-return method body
2731,PJAMLFFJCBM,26014,AEGNNPENLNM,0xB97FF90,mov-ax-imm16-ret,CANDIDATE,constant-return method body
2735,JFMAIIALNGJ,21870,AEGNNPENLNM,0x137B6740,mov-ax-imm16-ret,CANDIDATE,constant-return method body
2738,CILBOEFDHKJ,15530,AEGNNPENLNM,0xC78A470,mov-ax-imm16-ret,CANDIDATE,constant-return method body
2739,GPOLHNAEINA,88430,AEGNNPENLNM,0x8087DA0,mov-ax-imm16-ret,CANDIDATE,constant-return method body
2748,NCNAGMPHLHF,25860,AEGNNPENLNM,0x85DC8C0,mov-ax-imm16-ret,CANDIDATE,constant-return method body
2750,ELCKKEMMMFO,74527,AEGNNPENLNM,0x127F8CA0,mov-ax-imm16-ret,CANDIDATE,constant-return method body
2761,KCKECGNMKHL,45095,AEGNNPENLNM,0x8F917B0,mov-ax-imm16-ret,CANDIDATE,constant-return method body
2762,PLMPEOBIGGG,28640,AEGNNPENLNM,0xAE18A40,mov-ax-imm16-ret,CANDIDATE,constant-return method body
2763,PGKJCKOBOEB,33844,AEGNNPENLNM,0x7C38270,mov-ax-imm16-ret,CANDIDATE,constant-return method body
2767,FHPLFJOBNOE,30062,AEGNNPENLNM,0x103C8140,mov-ax-imm16-ret,CANDIDATE,constant-return method body
2769,DPKDDILDCGI,34378,AEGNNPENLNM,0x88C56F0,mov-ax-imm16-ret,CANDIDATE,constant-return method body
2770,EEPNIDECAKD,76940,AEGNNPENLNM,0xEA0CF80,mov-ax-imm16-ret,CANDIDATE,constant-return method body
2776,DAKIOKOJCPC,46957,AEGNNPENLNM,0x13F18270,mov-ax-imm16-ret,CANDIDATE,constant-return method body
2784,DAEHMBOJGLG,42324,AEGNNPENLNM,0x13F15410,mov-ax-imm16-ret,CANDIDATE,constant-return method body
2786,KFBBOLKMGKF,29018,AEGNNPENLNM,0xA9538F0,mov-ax-imm16-ret,CANDIDATE,constant-return method body
2788,LJOHADLKGLB,26327,AEGNNPENLNM,0x9C71040,mov-ax-imm16-ret,CANDIDATE,constant-return method body
2790,KFPMABGILDO,67620,AEGNNPENLNM,0x77351A0,mov-ax-imm16-ret,CANDIDATE,constant-return method body
2791,LEFJGBNNNNB,68374,AEGNNPENLNM,0x9C40490,mov-ax-imm16-ret,CANDIDATE,constant-return method body
2799,LIGPMLCJOHN,24011,AEGNNPENLNM,0xC219600,mov-ax-imm16-ret,CANDIDATE,constant-return method body
2800,ADFIGEDFBOH,45115,NIIICEHCLKF,0xD4C8D60,mov-eax-imm32-ret,CANDIDATE,constant-return method body
2800,AMFMFPJEEBB,14279,LAHBCIAHGNJ,0xF7D8960,mov-eax-imm32-ret,CANDIDATE,constant-return method body
2806,BLKBHPKGBAA,24891,AEGNNPENLNM,0x82DBFD0,mov-ax-imm16-ret,CANDIDATE,constant-return method body
2811,DDHOMBKCFHG,29919,AEGNNPENLNM,0x10D8E590,mov-ax-imm16-ret,CANDIDATE,constant-return method body
2816,PCFJCDDFGIP,59468,AEGNNPENLNM,0x7C1CF00,mov-ax-imm16-ret,CANDIDATE,constant-return method body
2825,LHLGCBKIMAE,34505,AEGNNPENLNM,0x12CACCB0,mov-ax-imm16-ret,CANDIDATE,constant-return method body
2826,FIOPONIPAIE,54967,AEGNNPENLNM,0xD497310,mov-ax-imm16-ret,CANDIDATE,constant-return method body
2830,JEGBGDODLGD,28301,AEGNNPENLNM,0x11EC34D0,mov-ax-imm16-ret,CANDIDATE,constant-return method body
2833,OAHCJMKNPJN,37025,AEGNNPENLNM,0x11727460,mov-ax-imm16-ret,CANDIDATE,constant-return method body
2837,FMNGGIHGDKL,63748,AEGNNPENLNM,0xD4AA560,mov-ax-imm16-ret,CANDIDATE,constant-return method body
2838,BMAOGLCLOEJ,54913,AEGNNPENLNM,0xE7FCFC0,mov-ax-imm16-ret,CANDIDATE,constant-return method body
2841,JGPKKGBNPBI,41294,AEGNNPENLNM,0xFB39750,mov-ax-imm16-ret,CANDIDATE,constant-return method body
2845,HMOJLOGDODC,87088,AEGNNPENLNM,0x11181270,mov-ax-imm16-ret,CANDIDATE,constant-return method body
2847,GNACOFOGEGE,12102,AEGNNPENLNM,0xBE19A90,mov-ax-imm16-ret,CANDIDATE,constant-return method body
2848,ACCJCAEFBBG,35701,AEGNNPENLNM,0x7EBC6D0,mov-ax-imm16-ret,CANDIDATE,constant-return method body
2851,LGGHPJAEMIG,12799,AEGNNPENLNM,0x1141D5B0,mov-ax-imm16-ret,CANDIDATE,constant-return method body
2852,DHNDJHJMCFH,67150,AEGNNPENLNM,0xF6144C0,mov-ax-imm16-ret,CANDIDATE,constant-return method body
2869,ADEKJGODPGB,84453,AEGNNPENLNM,0xC965A30,mov-ax-imm16-ret,CANDIDATE,constant-return method body
2870,DKPJBENLNFD,81784,AEGNNPENLNM,0x7EAAF10,mov-ax-imm16-ret,CANDIDATE,constant-return method body
2871,FJLNCJIFBCF,56785,AEGNNPENLNM,0x7345110,mov-ax-imm16-ret,CANDIDATE,constant-return method body
2873,CPHHJKALDAE,50461,AEGNNPENLNM,0x12521D70,mov-ax-imm16-ret,CANDIDATE,constant-return method body
2874,OJNJKLFJBBJ,70180,AEGNNPENLNM,0x938F8A0,mov-ax-imm16-ret,CANDIDATE,constant-return method body
2884,EFFBNGLOHDM,29469,AEGNNPENLNM,0x7272740,mov-ax-imm16-ret,CANDIDATE,constant-return method body
2885,HIEPJGCBKJL,19995,AEGNNPENLNM,0x1366ABB0,mov-ax-imm16-ret,CANDIDATE,constant-return method body
2890,GJGMFEDCFHP,68307,AEGNNPENLNM,0xD619E50,mov-ax-imm16-ret,CANDIDATE,constant-return method body
2897,JBFEONCLMPE,75637,AEGNNPENLNM,0xFB09FE0,mov-ax-imm16-ret,CANDIDATE,constant-return method body
2898,MKLCDKPLKHN,51789,AEGNNPENLNM,0x12D4E0C0,mov-ax-imm16-ret,CANDIDATE,constant-return method body
2899,NONAHNBBBGP,74032,AEGNNPENLNM,0x130B5860,mov-ax-imm16-ret,CANDIDATE,constant-return method body
2900,OMKHOBLEEBG,22029,NIIICEHCLKF,0x86AD6C0,mov-eax-imm32-ret,CANDIDATE,constant-return method body
2907,LNCKOIOCHAB,31942,AEGNNPENLNM,0xF108B60,mov-ax-imm16-ret,CANDIDATE,constant-return method body
2913,HDDAAMCEFLO,15939,AEGNNPENLNM,0xCAE8F20,mov-ax-imm16-ret,CANDIDATE,constant-return method body
2917,IBCMJLJOFBI,65082,AEGNNPENLNM,0x11DFD130,mov-ax-imm16-ret,CANDIDATE,constant-return method body
2919,OIDEJFHLMJC,73610,AEGNNPENLNM,0x10B6BFC0,mov-ax-imm16-ret,CANDIDATE,constant-return method body
2923,FKFBOIKIICD,88599,AEGNNPENLNM,0xBBDC100,mov-ax-imm16-ret,CANDIDATE,constant-return method body
2925,NIAEFHGFDAC,44259,AEGNNPENLNM,0xB79C960,mov-ax-imm16-ret,CANDIDATE,constant-return method body
2932,FCMIDPKKNMJ,60370,AEGNNPENLNM,0x12830790,mov-ax-imm16-ret,CANDIDATE,constant-return method body
2936,BOPOMEFHBGF,41785,AEGNNPENLNM,0x82F2610,mov-ax-imm16-ret,CANDIDATE,constant-return method body
2937,KCOCNEJFLPD,37675,AEGNNPENLNM,0xA93BD00,mov-ax-imm16-ret,CANDIDATE,constant-return method body
2944,CIOHGCMNEIC,61391,AEGNNPENLNM,0xE8540B0,mov-ax-imm16-ret,CANDIDATE,constant-return method body
2947,DIEIHHHGNNG,54468,AEGNNPENLNM,0x13428C40,mov-ax-imm16-ret,CANDIDATE,constant-return method body
2955,CADJPEPLJEI,39194,AEGNNPENLNM,0xE813510,mov-ax-imm16-ret,CANDIDATE,constant-return method body
2956,DNOIFJAMOAB,72353,AEGNNPENLNM,0x12588850,mov-ax-imm16-ret,CANDIDATE,constant-return method body
2959,BECIDKGHJGC,28284,AEGNNPENLNM,0x138AA020,mov-ax-imm16-ret,CANDIDATE,constant-return method body
2964,OIILEKADGDM,29855,AEGNNPENLNM,0xAD93C60,mov-ax-imm16-ret,CANDIDATE,constant-return method body
2966,AJDCNIBCDEB,85646,AEGNNPENLNM,0x1043A320,mov-ax-imm16-ret,CANDIDATE,constant-return method body
2967,COCOHCGPLIP,40900,AEGNNPENLNM,0xA0DB930,mov-ax-imm16-ret,CANDIDATE,constant-return method body
2984,BCMJPKHLGIG,66017,AEGNNPENLNM,0x972D580,mov-ax-imm16-ret,CANDIDATE,constant-return method body
2988,LBHNEHNPMJD,67265,AEGNNPENLNM,0x77D1CD0,mov-ax-imm16-ret,CANDIDATE,constant-return method body
2989,BGACMCKCDAN,19119,AEGNNPENLNM,0xCDBC980,mov-ax-imm16-ret,CANDIDATE,constant-return method body
2995,BEJJCCLHCEM,25370,AEGNNPENLNM,0xB528320,mov-ax-imm16-ret,CANDIDATE,constant-return method body
3000,LENJLLBBIAP,47293,NIIICEHCLKF,0xF0C1C70,mov-eax-imm32-ret,CANDIDATE,constant-return method body
3001,LFIDEGCAKOI,26293,AEGNNPENLNM,0xB4A7AE0,mov-ax-imm16-ret,CANDIDATE,constant-return method body
3002,LHOIFAKALIC,28372,AEGNNPENLNM,0xF0E56E0,mov-ax-imm16-ret,CANDIDATE,constant-return method body
3003,KJFCJEEFAIB,27930,AEGNNPENLNM,0x8316300,mov-ax-imm16-ret,CANDIDATE,constant-return method body
3005,KCCJNNGELGA,85100,AEGNNPENLNM,0xE394BF0,mov-ax-imm16-ret,CANDIDATE,constant-return method body
3006,OIENOEKNKDC,61879,AEGNNPENLNM,0x13123AD0,mov-ax-imm16-ret,CANDIDATE,constant-return method body
3008,BLEJDPCJOGM,37382,AEGNNPENLNM,0xC494810,mov-ax-imm16-ret,CANDIDATE,constant-return method body
3010,NIPEKIEGKFC,69678,AEGNNPENLNM,0x92EAF10,mov-ax-imm16-ret,CANDIDATE,constant-return method body
3013,KPKBNJOHCFI,42247,AEGNNPENLNM,0x9C0EF30,mov-ax-imm16-ret,CANDIDATE,constant-return method body
3024,BBFLPOLCEHL,22354,AEGNNPENLNM,0xB17B890,mov-ax-imm16-ret,CANDIDATE,constant-return method body
3026,JGGPFMGLCAI,49913,AEGNNPENLNM,0x12B14780,mov-ax-imm16-ret,CANDIDATE,constant-return method body
3039,GFLCEDPEDDE,82126,AEGNNPENLNM,0xCA54C60,mov-ax-imm16-ret,CANDIDATE,constant-return method body
3042,KOGGBJFCLFL,53943,AEGNNPENLNM,0x113DF0F0,mov-ax-imm16-ret,CANDIDATE,constant-return method body
3046,EKHKIFICFBF,23663,AEGNNPENLNM,0xBB41050,mov-ax-imm16-ret,CANDIDATE,constant-return method body
3055,IBKHKKLLDKL,40958,AEGNNPENLNM,0xEDFAFC0,mov-ax-imm16-ret,CANDIDATE,constant-return method body
3058,HMPKGMJNKBF,13615,AEGNNPENLNM,0xF9D0E50,mov-ax-imm16-ret,CANDIDATE,constant-return method body
3059,BHMNKDLKPGD,32293,AEGNNPENLNM,0xAED81E0,mov-ax-imm16-ret,CANDIDATE,constant-return method body
3060,BHKGPIHOIDH,43258,AEGNNPENLNM,0x75C4C10,mov-ax-imm16-ret,CANDIDATE,constant-return method body
3062,BJEBOLJAGJG,17633,AEGNNPENLNM,0xDCA9800,mov-ax-imm16-ret,CANDIDATE,constant-return method body
3064,PGAMFBPNNIC,45871,AEGNNPENLNM,0xADEAAD0,mov-ax-imm16-ret,CANDIDATE,constant-return method body
3072,KIMJDBKBBME,67513,AEGNNPENLNM,0x8FB4D60,mov-ax-imm16-ret,CANDIDATE,constant-return method body
3073,EOKAKAIFNAC,71758,AEGNNPENLNM,0x89F07C0,mov-ax-imm16-ret,CANDIDATE,constant-return method body
3076,IGMIKMHGPHE,87112,AEGNNPENLNM,0x111E09C0,mov-ax-imm16-ret,CANDIDATE,constant-return method body
3080,PNOPENBGBOD,61625,AEGNNPENLNM,0x10182E70,mov-ax-imm16-ret,CANDIDATE,constant-return method body
3086,FAAGNBGCGEB,36961,AEGNNPENLNM,0xD433B70,mov-ax-imm16-ret,CANDIDATE,constant-return method body
3087,DAIABDIHHPI,51837,AEGNNPENLNM,0x10D77EF0,mov-ax-imm16-ret,CANDIDATE,constant-return method body
3090,NHIKFDHEDCI,30946,AEGNNPENLNM,0x92DC330,mov-ax-imm16-ret,CANDIDATE,constant-return method body
3091,OPMMIEJFPPM,68581,AEGNNPENLNM,0x1315C160,mov-ax-imm16-ret,CANDIDATE,constant-return method body
3092,LKPBNHFNOMI,16197,AEGNNPENLNM,0x9069590,mov-ax-imm16-ret,CANDIDATE,constant-return method body
3095,LHOHDHLBNFP,39925,AEGNNPENLNM,0x1204D2C0,mov-ax-imm16-ret,CANDIDATE,constant-return method body
3100,JIKAKEOJFDF,88467,NIIICEHCLKF,0x821ADB0,mov-eax-imm32-ret,CANDIDATE,constant-return method body
3100,OGMKGLODNAD,65961,LAHBCIAHGNJ,0xC614A60,mov-eax-imm32-ret,CANDIDATE,constant-return method body
3111,ENINFAPOLDJ,20399,AEGNNPENLNM,0xEA7C3E0,mov-ax-imm16-ret,CANDIDATE,constant-return method body
3114,DDELGOGDMGI,60920,AEGNNPENLNM,0xBA98AC0,mov-ax-imm16-ret,CANDIDATE,constant-return method body
3119,NOJENBLNFJI,47016,AEGNNPENLNM,0x122E77D0,mov-ax-imm16-ret,CANDIDATE,constant-return method body
3122,JAPKHJOKGCC,23439,AEGNNPENLNM,0x11EA9FB0,mov-ax-imm16-ret,CANDIDATE,constant-return method body
3123,NACBMKJHDPA,59368,AEGNNPENLNM,0x13BE7260,mov-ax-imm16-ret,CANDIDATE,constant-return method body
3127,MIEJDHHGJEI,75920,AEGNNPENLNM,0x1095DD40,mov-ax-imm16-ret,CANDIDATE,constant-return method body
3129,LPKMCBMHFBN,12808,AEGNNPENLNM,0xB5777F0,mov-ax-imm16-ret,CANDIDATE,constant-return method body
3131,FOHMGFKFAOC,72897,AEGNNPENLNM,0xF881F60,mov-ax-imm16-ret,CANDIDATE,constant-return method body
3132,DMGABBKGCGP,39214,AEGNNPENLNM,0x889BAA0,mov-ax-imm16-ret,CANDIDATE,constant-return method body
3133,IJBHHCIHFDD,42282,AEGNNPENLNM,0x7585440,mov-ax-imm16-ret,CANDIDATE,constant-return method body
3142,CMOHIEHAHJN,42560,AEGNNPENLNM,0x10D4D1F0,mov-ax-imm16-ret,CANDIDATE,constant-return method body
3144,FMCOIEKBDCJ,83834,AEGNNPENLNM,0x7FED440,mov-ax-imm16-ret,CANDIDATE,constant-return method body
3145,GIAFOINLADM,50963,AEGNNPENLNM,0xCA64ED0,mov-ax-imm16-ret,CANDIDATE,constant-return method body
3153,OLPHDMOPCIH,21290,AEGNNPENLNM,0x9FCAB80,mov-ax-imm16-ret,CANDIDATE,constant-return method body
3155,GBCFMJKCJHE,85629,AEGNNPENLNM,0xBC085B0,mov-ax-imm16-ret,CANDIDATE,constant-return method body
3162,BEJNCABCDOF,19151,AEGNNPENLNM,0x138ACA20,mov-ax-imm16-ret,CANDIDATE,constant-return method body
3167,BOMEJONNACK,55641,AEGNNPENLNM,0x82F2260,mov-ax-imm16-ret,CANDIDATE,constant-return method body
3170,AKOBMBGGHIA,12163,AEGNNPENLNM,0xB125720,mov-ax-imm16-ret,CANDIDATE,constant-return method body
3174,PBINHODAMIK,29264,AEGNNPENLNM,0xD21DC60,mov-ax-imm16-ret,CANDIDATE,constant-return method body
3176,NFCPEFIKDHB,47385,AEGNNPENLNM,0x10AC7440,mov-ax-imm16-ret,CANDIDATE,constant-return method body
3178,JLGMJJCNDLJ,49259,AEGNNPENLNM,0x76F0160,mov-ax-imm16-ret,CANDIDATE,constant-return method body
3181,GDIDKOFKEAN,24910,AEGNNPENLNM,0xA511AF0,mov-ax-imm16-ret,CANDIDATE,constant-return method body
3188,DBBHHOPEDFN,31002,AEGNNPENLNM,0x133F94E0,mov-ax-imm16-ret,CANDIDATE,constant-return method body
3190,GCCFDJKBNNP,83665,AEGNNPENLNM,0xEBF8FE0,mov-ax-imm16-ret,CANDIDATE,constant-return method body
3200,MFEHALAPKHL,58851,AEGNNPENLNM,0x1094B540,mov-ax-imm16-ret,CANDIDATE,constant-return method body
3204,PKFAFKDPFNN,69370,AEGNNPENLNM,0x10165410,mov-ax-imm16-ret,CANDIDATE,constant-return method body
3207,NBCEOINJLED,73833,AEGNNPENLNM,0x7AB0EE0,mov-ax-imm16-ret,CANDIDATE,constant-return method body
3209,NIKJCIFLAFO,87980,AEGNNPENLNM,0x116EAC60,mov-ax-imm16-ret,CANDIDATE,constant-return method body
3210,OEMANPGPDFI,63511,AEGNNPENLNM,0xC604680,mov-ax-imm16-ret,CANDIDATE,constant-return method body
3213,CMKFNDHNDJG,16608,AEGNNPENLNM,0x87F38E0,mov-ax-imm16-ret,CANDIDATE,constant-return method body
3216,ENMLOKBAEEJ,71702,AEGNNPENLNM,0x8AE0F30,mov-ax-imm16-ret,CANDIDATE,constant-return method body
3218,EPIIGAMDFIM,65756,AEGNNPENLNM,0x125EBCC0,mov-ax-imm16-ret,CANDIDATE,constant-return method body
3219,PGEEAPPMLFO,57548,AEGNNPENLNM,0xA015CD0,mov-ax-imm16-ret,CANDIDATE,constant-return method body
3226,EFNFJCEHBLB,69105,AEGNNPENLNM,0xB0C0920,mov-ax-imm16-ret,CANDIDATE,constant-return method body
3237,NJKEFKFLNIK,79768,AEGNNPENLNM,0xC584EB0,mov-ax-imm16-ret,CANDIDATE,constant-return method body
3238,HDKMPFGCIOA,35288,AEGNNPENLNM,0xA626250,mov-ax-imm16-ret,CANDIDATE,constant-return method body
3244,FHPNHHHCJKJ,48043,AEGNNPENLNM,0xA4726C0,mov-ax-imm16-ret,CANDIDATE,constant-return method body
3257,BHBCNANLGPN,40345,AEGNNPENLNM,0xB5323B0,mov-ax-imm16-ret,CANDIDATE,constant-return method body
3259,MPIJBOMAAJK,33800,AEGNNPENLNM,0x12147320,mov-ax-imm16-ret,CANDIDATE,constant-return method body
3263,BDIDHMCALJO,29977,AEGNNPENLNM,0x134F4720,mov-ax-imm16-ret,CANDIDATE,constant-return method body
3264,BNGNBKHDNMA,49020,AEGNNPENLNM,0xFFC8D90,mov-ax-imm16-ret,CANDIDATE,constant-return method body
3266,KLEMMHJEODK,74984,AEGNNPENLNM,0xF0447C0,mov-ax-imm16-ret,CANDIDATE,constant-return method body
3269,FFCDMGDPBOK,31858,AEGNNPENLNM,0x12622F60,mov-ax-imm16-ret,CANDIDATE,constant-return method body
3272,GJELNGJAPNL,21647,AEGNNPENLNM,0x8C0D200,mov-ax-imm16-ret,CANDIDATE,constant-return method body
3273,HAGBPPNOJJJ,28891,AEGNNPENLNM,0xB1F6940,mov-ax-imm16-ret,CANDIDATE,constant-return method body
3275,HAFJAIGJAPM,30445,AEGNNPENLNM,0x8C5E0E0,mov-ax-imm16-ret,CANDIDATE,constant-return method body
3278,EGJPOAPKDGO,81400,AEGNNPENLNM,0xD3F7300,mov-ax-imm16-ret,CANDIDATE,constant-return method body
3280,KKCFJIBIAFC,63169,AEGNNPENLNM,0x776A680,mov-ax-imm16-ret,CANDIDATE,constant-return method body
3281,ICBNEFMJJMH,66464,AEGNNPENLNM,0x8127E20,mov-ax-imm16-ret,CANDIDATE,constant-return method body
3285,HKDDAMGKGKJ,41786,AEGNNPENLNM,0x98DF5F0,mov-ax-imm16-ret,CANDIDATE,constant-return method body
3299,DJNIOCLBECJ,69668,AEGNNPENLNM,0xE99C030,mov-ax-imm16-ret,CANDIDATE,constant-return method body
3300,PMHDEDMCOFF,33872,NIIICEHCLKF,0xF4E7DD0,mov-eax-imm32-ret,CANDIDATE,constant-return method body
3302,NHPGGGJKCLO,74274,AEGNNPENLNM,0xD07A800,mov-ax-imm16-ret,CANDIDATE,constant-return method body
3304,ENJMOHIDHID,23971,AEGNNPENLNM,0xF6F8D80,mov-ax-imm16-ret,CANDIDATE,constant-return method body
3307,GLGLAGIGFKB,27972,AEGNNPENLNM,0x12962E30,mov-ax-imm16-ret,CANDIDATE,constant-return method body
3308,PBENIJFAPCL,24350,AEGNNPENLNM,0x93C9820,mov-ax-imm16-ret,CANDIDATE,constant-return method body
3312,MKADMDGAPBJ,64379,AEGNNPENLNM,0xFDB75E0,mov-ax-imm16-ret,CANDIDATE,constant-return method body
3314,NDGDCAMPEAG,27138,AEGNNPENLNM,0xB77DAF0,mov-ax-imm16-ret,CANDIDATE,constant-return method body
3316,FBGFODDLGAJ,81670,AEGNNPENLNM,0xA267910,mov-ax-imm16-ret,CANDIDATE,constant-return method body
3319,FBBJIAJLDON,12035,AEGNNPENLNM,0x125FA070,mov-ax-imm16-ret,CANDIDATE,constant-return method body
3322,HGDIEMHIHNG,15240,AEGNNPENLNM,0x129DF1F0,mov-ax-imm16-ret,CANDIDATE,constant-return method body
3323,BKDJHIHPEAB,51911,AEGNNPENLNM,0xB55ED20,mov-ax-imm16-ret,CANDIDATE,constant-return method body
3325,PNFBJGICFCP,79034,AEGNNPENLNM,0x13E24A00,mov-ax-imm16-ret,CANDIDATE,constant-return method body
3329,ALPDAFPDKPD,62406,AEGNNPENLNM,0x10470F40,mov-ax-imm16-ret,CANDIDATE,constant-return method body
3330,EAPEICNMAPE,69444,AEGNNPENLNM,0x95E6E60,mov-ax-imm16-ret,CANDIDATE,constant-return method body
3332,FIDKCMPLLGJ,18090,AEGNNPENLNM,0x13548070,mov-ax-imm16-ret,CANDIDATE,constant-return method body
3333,BCKEDMPHIAJ,63189,AEGNNPENLNM,0xC06BE00,mov-ax-imm16-ret,CANDIDATE,constant-return method body
3334,PCMAENDLDLG,71698,AEGNNPENLNM,0x10BCE020,mov-ax-imm16-ret,CANDIDATE,constant-return method body
3336,JNDCCCBKMOD,47410,AEGNNPENLNM,0xA919230,mov-ax-imm16-ret,CANDIDATE,constant-return method body
3340,DNLDPAOHKDP,53936,AEGNNPENLNM,0xE9BA810,mov-ax-imm16-ret,CANDIDATE,constant-return method body
3343,HBMCBJIMGDN,60270,AEGNNPENLNM,0x1362CC60,mov-ax-imm16-ret,CANDIDATE,constant-return method body
3344,KPGEBOMFEHK,14915,AEGNNPENLNM,0xB4816E0,mov-ax-imm16-ret,CANDIDATE,constant-return method body
3347,KENBDJGIOAF,41355,AEGNNPENLNM,0x10733BB0,mov-ax-imm16-ret,CANDIDATE,constant-return method body
3359,EGKPHOPABCK,69436,AEGNNPENLNM,0xA1D7D70,mov-ax-imm16-ret,CANDIDATE,constant-return method body
3361,PGEADDBOHKM,85492,AEGNNPENLNM,0xE7E7F10,mov-ax-imm16-ret,CANDIDATE,constant-return method body
3392,GKAIKBEGLKC,72777,AEGNNPENLNM,0x104E6180,mov-ax-imm16-ret,CANDIDATE,constant-return method body
3395,DCMMKCKLIMK,20831,AEGNNPENLNM,0xA11A3B0,mov-ax-imm16-ret,CANDIDATE,constant-return method body
3396,NCBDACDBLBO,21282,AEGNNPENLNM,0xFF4FDE0,mov-ax-imm16-ret,CANDIDATE,constant-return method body
3399,FBFKAANFDBE,82726,AEGNNPENLNM,0x103844D0,mov-ax-imm16-ret,CANDIDATE,constant-return method body
3400,AEOBFNJDAFE,84267,LAHBCIAHGNJ,0x10F81C30,mov-eax-imm32-ret,CANDIDATE,constant-return method body
3400,NJEGKDNFIPA,59121,NHKADDKJLGL,0xAD11410,mov-eax-imm32-ret,CANDIDATE,constant-return method body
3404,DHOHHMLDLGF,58763,AEGNNPENLNM,0x8863690,mov-ax-imm16-ret,CANDIDATE,constant-return method body
3405,OEADABIMBHH,74393,AEGNNPENLNM,0xC5F81F0,mov-ax-imm16-ret,CANDIDATE,constant-return method body
3406,NCOICHFBKCM,13951,AEGNNPENLNM,0xE69A450,mov-ax-imm16-ret,CANDIDATE,constant-return method body
3416,ANEMJJCFCEB,84403,AEGNNPENLNM,0x12740570,mov-ax-imm16-ret,CANDIDATE,constant-return method body
3419,FGBDMPDLPHC,32969,AEGNNPENLNM,0x1284DCA0,mov-ax-imm16-ret,CANDIDATE,constant-return method body
3429,BEKJGFNLDMG,54098,AEGNNPENLNM,0x138AE1F0,mov-ax-imm16-ret,CANDIDATE,constant-return method body
3431,PCNMBPHHFOI,73524,AEGNNPENLNM,0xD22CFF0,mov-ax-imm16-ret,CANDIDATE,constant-return method body
3461,COICAAOMCLI,86384,AEGNNPENLNM,0x1025D6D0,mov-ax-imm16-ret,CANDIDATE,constant-return method body
3465,NCGCBBPKECI,54383,AEGNNPENLNM,0x13BF0390,mov-ax-imm16-ret,CANDIDATE,constant-return method body
3467,NDBDMGPCAIH,80457,AEGNNPENLNM,0xC54AE90,mov-ax-imm16-ret,CANDIDATE,constant-return method body
3471,OKHCJJMCNAK,36103,AEGNNPENLNM,0x1234C2D0,mov-ax-imm16-ret,CANDIDATE,constant-return method body
3475,CKFOGGLJJFE,50825,AEGNNPENLNM,0x124E2E00,mov-ax-imm16-ret,CANDIDATE,constant-return method body
3479,DNIPJAJIIBD,29841,AEGNNPENLNM,0x720AE40,mov-ax-imm16-ret,CANDIDATE,constant-return method body
3482,IPGBCEPPDLP,16035,AEGNNPENLNM,0xB31D4C0,mov-ax-imm16-ret,CANDIDATE,constant-return method body
3483,BMDIHKCNOPI,65441,AEGNNPENLNM,0x9B47830,mov-ax-imm16-ret,CANDIDATE,constant-return method body
3484,MEOOJPDJKHM,16584,AEGNNPENLNM,0x114FF310,mov-ax-imm16-ret,CANDIDATE,constant-return method body
3488,MPBEOOINMPG,81961,AEGNNPENLNM,0x9D6A1C0,mov-ax-imm16-ret,CANDIDATE,constant-return method body
3491,ADPEKCPOKAF,49091,AEGNNPENLNM,0x134560B0,mov-ax-imm16-ret,CANDIDATE,constant-return method body
3500,EAGFHJCEFAH,69197,NHKADDKJLGL,0x13FC5720,mov-eax-imm32-ret,CANDIDATE,constant-return method body
3500,EPIDBENFOOM,40542,LAHBCIAHGNJ,0x72DDF90,mov-eax-imm32-ret,CANDIDATE,constant-return method body
3503,LFHFBKCOCLB,32385,AEGNNPENLNM,0x783E2F0,mov-ax-imm16-ret,CANDIDATE,constant-return method body
3514,IMLLBMOMMEH,73465,AEGNNPENLNM,0x11E83E20,mov-ax-imm16-ret,CANDIDATE,constant-return method body
3515,KHNOFGOHGAM,36936,AEGNNPENLNM,0xA978610,mov-ax-imm16-ret,CANDIDATE,constant-return method body
3518,FOBBIFHPBFC,58299,AEGNNPENLNM,0xD5B1270,mov-ax-imm16-ret,CANDIDATE,constant-return method body
3519,NKKKBKDLIFP,17005,AEGNNPENLNM,0xC58B3A0,mov-ax-imm16-ret,CANDIDATE,constant-return method body
3526,LJINAFOANCN,33971,AEGNNPENLNM,0x9C6E9E0,mov-ax-imm16-ret,CANDIDATE,constant-return method body
3528,ELOAIHPIDJP,72423,AEGNNPENLNM,0xD40FD60,mov-ax-imm16-ret,CANDIDATE,constant-return method body
3530,HANFMMNHECK,38665,AEGNNPENLNM,0xCAC4DE0,mov-ax-imm16-ret,CANDIDATE,constant-return method body
3531,JBCPMADGPAL,41168,AEGNNPENLNM,0x1123EC50,mov-ax-imm16-ret,CANDIDATE,constant-return method body
3532,EPJGGGPMAFK,86505,AEGNNPENLNM,0x12819120,mov-ax-imm16-ret,CANDIDATE,constant-return method body
3535,EBLGFPNLLIC,40652,AEGNNPENLNM,0xC93DDE0,mov-ax-imm16-ret,CANDIDATE,constant-return method body
3536,OMKLIOJABOF,65511,AEGNNPENLNM,0xD18DB20,mov-ax-imm16-ret,CANDIDATE,constant-return method body
3542,MJDCNIPCIDB,31656,AEGNNPENLNM,0x12D41C40,mov-ax-imm16-ret,CANDIDATE,constant-return method body
3544,KMLFMEKBIAP,62496,AEGNNPENLNM,0x113CBC40,mov-ax-imm16-ret,CANDIDATE,constant-return method body
3548,IBIIEIGHCGI,53424,AEGNNPENLNM,0xA6DA450,mov-ax-imm16-ret,CANDIDATE,constant-return method body
3551,BHIIJFNIEOI,41754,AEGNNPENLNM,0x138B90D0,mov-ax-imm16-ret,CANDIDATE,constant-return method body
3572,DBDLABPJKKK,51995,AEGNNPENLNM,0xF5D5810,mov-ax-imm16-ret,CANDIDATE,constant-return method body
3589,LNJMKFCFMLG,37972,AEGNNPENLNM,0x907FF20,mov-ax-imm16-ret,CANDIDATE,constant-return method body
3591,GEIDGABJOHB,31865,AEGNNPENLNM,0x129248A0,mov-ax-imm16-ret,CANDIDATE,constant-return method body
3592,DEBAEKJMHDI,37632,AEGNNPENLNM,0x7D71250,mov-ax-imm16-ret,CANDIDATE,constant-return method body
3594,MHIHBNFCFKB,31663,AEGNNPENLNM,0x791DA20,mov-ax-imm16-ret,CANDIDATE,constant-return method body
3595,NDKNBGPJGPE,30414,AEGNNPENLNM,0xB77FCB0,mov-ax-imm16-ret,CANDIDATE,constant-return method body
3598,KGFCGLDAAIH,84076,AEGNNPENLNM,0x13854620,mov-ax-imm16-ret,CANDIDATE,constant-return method body
3600,EMOGCNKLBFF,50634,NHKADDKJLGL,0xA40D9C0,mov-eax-imm32-ret,CANDIDATE,constant-return method body
3600,LKLFLBFKMDH,36288,LAHBCIAHGNJ,0xCE46870,mov-eax-imm32-ret,CANDIDATE,constant-return method body
3600,OKDEIJBIJDC,52894,AEGNNPENLNM,0x8694A30,mov-ax-imm16-ret,CANDIDATE,constant-return method body
3604,BKNAIMMOAII,57216,AEGNNPENLNM,0x12B5E780,mov-ax-imm16-ret,CANDIDATE,constant-return method body
3610,JDLMELOENCN,53289,AEGNNPENLNM,0xA8AAE10,mov-ax-imm16-ret,CANDIDATE,constant-return method body
3614,NPHNHOMIGJH,42769,AEGNNPENLNM,0xE727170,mov-ax-imm16-ret,CANDIDATE,constant-return method body
3615,FECPIHKHCHO,39843,AEGNNPENLNM,0x1409BE50,mov-ax-imm16-ret,CANDIDATE,constant-return method body
3617,FDFLLIFAHLI,42397,AEGNNPENLNM,0x14095010,mov-ax-imm16-ret,CANDIDATE,constant-return method body
3619,AHLMDCNCMEJ,58400,AEGNNPENLNM,0x12712490,mov-ax-imm16-ret,CANDIDATE,constant-return method body
3626,PCFIJFPFKHG,40228,AEGNNPENLNM,0xE7BEC00,mov-ax-imm16-ret,CANDIDATE,constant-return method body
3629,ICKPEGAFMAM,31036,AEGNNPENLNM,0x12A5C910,mov-ax-imm16-ret,CANDIDATE,constant-return method body
3631,FCMFBENAFHP,52605,AEGNNPENLNM,0x7F90210,mov-ax-imm16-ret,CANDIDATE,constant-return method body
3644,PGLMEBFHNFM,88299,AEGNNPENLNM,0x7C38570,mov-ax-imm16-ret,CANDIDATE,constant-return method body
3654,OCIIEBOIMBA,40699,AEGNNPENLNM,0x11733720,mov-ax-imm16-ret,CANDIDATE,constant-return method body
3669,GAGNEFAJHBM,21322,AEGNNPENLNM,0x8014920,mov-ax-imm16-ret,CANDIDATE,constant-return method body
3675,KFFBPAACOID,31762,AEGNNPENLNM,0x1384E3B0,mov-ax-imm16-ret,CANDIDATE,constant-return method body
3684,MPBAGKDHEAN,84858,AEGNNPENLNM,0x13A84DF0,mov-ax-imm16-ret,CANDIDATE,constant-return method body
3689,KFBJCKANIFD,23927,AEGNNPENLNM,0x8F9DEA0,mov-ax-imm16-ret,CANDIDATE,constant-return method body
3698,NDHOIBMELNF,80757,AEGNNPENLNM,0xE69AD30,mov-ax-imm16-ret,CANDIDATE,constant-return method body
3700,EBGHPOFFOAH,47518,LAHBCIAHGNJ,0xD3B6D30,mov-eax-imm32-ret,CANDIDATE,constant-return method body
3700,JJBFMMDNJHA,45414,NHKADDKJLGL,0x8E108C0,mov-eax-imm32-ret,CANDIDATE,constant-return method body
3705,AFPHMLJMEMO,65326,AEGNNPENLNM,0x10F88430,mov-ax-imm16-ret,CANDIDATE,constant-return method body
3712,PFHMGFPIJHJ,70953,AEGNNPENLNM,0x13DC0E70,mov-ax-imm16-ret,CANDIDATE,constant-return method body
3713,NIGDALNDKIJ,67939,AEGNNPENLNM,0x9EBD560,mov-ax-imm16-ret,CANDIDATE,constant-return method body
3718,PBEHOENHJAM,88896,AEGNNPENLNM,0xD21BE70,mov-ax-imm16-ret,CANDIDATE,constant-return method body
3723,MKCKIFNKLDE,59241,AEGNNPENLNM,0x12D4C3A0,mov-ax-imm16-ret,CANDIDATE,constant-return method body
3725,MFPJBEMBJFJ,36823,AEGNNPENLNM,0x12D305D0,mov-ax-imm16-ret,CANDIDATE,constant-return method body
3730,PDJCIDDOALG,78472,AEGNNPENLNM,0x123F15E0,mov-ax-imm16-ret,CANDIDATE,constant-return method body
3732,BFEPNMMJELF,80599,AEGNNPENLNM,0x138B48B0,mov-ax-imm16-ret,CANDIDATE,constant-return method body
3733,NFHPPPPLFFA,85168,AEGNNPENLNM,0xB790CF0,mov-ax-imm16-ret,CANDIDATE,constant-return method body
3736,MJDGPDMPODC,18487,AEGNNPENLNM,0xC2FDA10,mov-ax-imm16-ret,CANDIDATE,constant-return method body
3737,PNDJJEKOIGP,13282,AEGNNPENLNM,0x118A30F0,mov-ax-imm16-ret,CANDIDATE,constant-return method body
3740,CBFJKHEMEIJ,11961,AEGNNPENLNM,0x118F9930,mov-ax-imm16-ret,CANDIDATE,constant-return method body
3743,ECIFKLFBHKN,18470,AEGNNPENLNM,0x13FD16D0,mov-ax-imm16-ret,CANDIDATE,constant-return method body
3746,ECBBKMLKHID,34330,AEGNNPENLNM,0x127A2590,mov-ax-imm16-ret,CANDIDATE,constant-return method body
3749,OHMMEJPNFHD,88535,AEGNNPENLNM,0x867C400,mov-ax-imm16-ret,CANDIDATE,constant-return method body
3755,KMEACPKKAKI,40427,AEGNNPENLNM,0xC179B00,mov-ax-imm16-ret,CANDIDATE,constant-return method body
3756,DDKLIBJODLM,39890,AEGNNPENLNM,0x883B9C0,mov-ax-imm16-ret,CANDIDATE,constant-return method body
3758,FDIFOKCCHMO,29735,AEGNNPENLNM,0x72F1A80,mov-ax-imm16-ret,CANDIDATE,constant-return method body
3761,MKCBPGMCMJM,66153,AEGNNPENLNM,0x10972D30,mov-ax-imm16-ret,CANDIDATE,constant-return method body
3767,JCMEGOOONLJ,47745,AEGNNPENLNM,0x137887C0,mov-ax-imm16-ret,CANDIDATE,constant-return method body
3768,CKDHHNGBJPC,22088,AEGNNPENLNM,0xBA2C2F0,mov-ax-imm16-ret,CANDIDATE,constant-return method body
3769,ADEOBJKHKIE,70804,AEGNNPENLNM,0x103F3E80,mov-ax-imm16-ret,CANDIDATE,constant-return method body
3771,LBDNNOAANME,18999,AEGNNPENLNM,0x902CCD0,mov-ax-imm16-ret,CANDIDATE,constant-return method body
3776,NJEECGEJHPC,16855,AEGNNPENLNM,0xFF94360,mov-ax-imm16-ret,CANDIDATE,constant-return method body
3777,KMEIDBLBDDD,39564,AEGNNPENLNM,0x12C48460,mov-ax-imm16-ret,CANDIDATE,constant-return method body
3781,JDAHIGMBJPH,13763,AEGNNPENLNM,0xB381360,mov-ax-imm16-ret,CANDIDATE,constant-return method body
3785,FDNIKDNEGBJ,14435,AEGNNPENLNM,0xBD3FEC0,mov-ax-imm16-ret,CANDIDATE,constant-return method body
3788,JMCKNNANGNA,34012,AEGNNPENLNM,0xA90B930,mov-ax-imm16-ret,CANDIDATE,constant-return method body
3790,OJHKEILIJFK,27812,AEGNNPENLNM,0x13D66380,mov-ax-imm16-ret,CANDIDATE,constant-return method body
3793,MOACIFEPKDO,30112,AEGNNPENLNM,0xAB0BC30,mov-ax-imm16-ret,CANDIDATE,constant-return method body
3800,HCNFHMBCPMD,84516,LAHBCIAHGNJ,0xBE702D0,mov-eax-imm32-ret,CANDIDATE,constant-return method body
3800,NGNPLMIEFGM,88819,NHKADDKJLGL,0xACEAE40,mov-eax-imm32-ret,CANDIDATE,constant-return method body
3802,FECKFMHGLNI,64518,AEGNNPENLNM,0x730EB10,mov-ax-imm16-ret,CANDIDATE,constant-return method body
3807,JLPCEKIFFNF,73669,AEGNNPENLNM,0xC0C9D90,mov-ax-imm16-ret,CANDIDATE,constant-return method body
3812,FGACEOOBMIN,73904,AEGNNPENLNM,0xD56F660,mov-ax-imm16-ret,CANDIDATE,constant-return method body
3814,NBGIJHEJIJJ,15309,AEGNNPENLNM,0x85D1250,mov-ax-imm16-ret,CANDIDATE,constant-return method body
3826,NAGKFLBGELL,57123,AEGNNPENLNM,0xE687570,mov-ax-imm16-ret,CANDIDATE,constant-return method body
3828,KBLJGELNPPB,60880,AEGNNPENLNM,0x771E660,mov-ax-imm16-ret,CANDIDATE,constant-return method body
3829,KIJEOHIIHMF,69925,AEGNNPENLNM,0xF029790,mov-ax-imm16-ret,CANDIDATE,constant-return method body
3831,LOACHAEAKDO,40206,AEGNNPENLNM,0xAA61120,mov-ax-imm16-ret,CANDIDATE,constant-return method body
3833,DEBHBEBACBH,69958,AEGNNPENLNM,0xBA9A740,mov-ax-imm16-ret,CANDIDATE,constant-return method body
3835,KBIKIHDAGNB,64613,AEGNNPENLNM,0xFBC62D0,mov-ax-imm16-ret,CANDIDATE,constant-return method body
3838,DOOFEENJAHM,19180,AEGNNPENLNM,0x102D5BD0,mov-ax-imm16-ret,CANDIDATE,constant-return method body
3842,MMFOCFJANMP,85003,AEGNNPENLNM,0xC31C100,mov-ax-imm16-ret,CANDIDATE,constant-return method body
3845,MJHMGLHAODL,85503,AEGNNPENLNM,0x12107E50,mov-ax-imm16-ret,CANDIDATE,constant-return method body
3860,OKMJHHMNMFL,30132,AEGNNPENLNM,0x117F9680,mov-ax-imm16-ret,CANDIDATE,constant-return method body
3864,ICHKIJPHAMC,25713,AEGNNPENLNM,0xFA00F00,mov-ax-imm16-ret,CANDIDATE,constant-return method body
3868,NCPBDIOIILC,30534,AEGNNPENLNM,0x13BF3C80,mov-ax-imm16-ret,CANDIDATE,constant-return method body
3875,EEDJPFIODOI,46923,AEGNNPENLNM,0xBB12E70,mov-ax-imm16-ret,CANDIDATE,constant-return method body
3876,OJLJJDHPKMM,74603,AEGNNPENLNM,0x10B73BE0,mov-ax-imm16-ret,CANDIDATE,constant-return method body
3885,PGBHIKKOAOJ,14841,AEGNNPENLNM,0xD2489D0,mov-ax-imm16-ret,CANDIDATE,constant-return method body
3892,DAJOGEBLMPB,46709,AEGNNPENLNM,0x953D160,mov-ax-imm16-ret,CANDIDATE,constant-return method body
3893,BLIFHENFCPN,42263,AEGNNPENLNM,0x75E44B0,mov-ax-imm16-ret,CANDIDATE,constant-return method body
3894,NCAHICIPMCH,22673,AEGNNPENLNM,0x7AD2820,mov-ax-imm16-ret,CANDIDATE,constant-return method body
3900,CANHAPAOIAJ,54016,AEGNNPENLNM,0x133208B0,mov-ax-imm16-ret,CANDIDATE,constant-return method body
3900,GOEKDELDAJD,11826,NHKADDKJLGL,0x136147C0,mov-eax-imm32-ret,CANDIDATE,constant-return method body
3900,HALNGLCEFCF,27299,LAHBCIAHGNJ,0xA5BF150,mov-eax-imm32-ret,CANDIDATE,constant-return method body
3903,IMKIHPMDMMM,76161,AEGNNPENLNM,0xCC24FE0,mov-ax-imm16-ret,CANDIDATE,constant-return method body
3904,HBGGBCHOFOE,73383,AEGNNPENLNM,0x7478100,mov-ax-imm16-ret,CANDIDATE,constant-return method body
3917,MABENKEICBE,44900,AEGNNPENLNM,0x114741E0,mov-ax-imm16-ret,CANDIDATE,constant-return method body
3922,AOADBBKPCKH,66889,AEGNNPENLNM,0x71CC360,mov-ax-imm16-ret,CANDIDATE,constant-return method body
3923,GEPGGOCCAEP,35544,AEGNNPENLNM,0xF8B8450,mov-ax-imm16-ret,CANDIDATE,constant-return method body
3924,NDAEFPLMJJH,13004,AEGNNPENLNM,0x10AADDB0,mov-ax-imm16-ret,CANDIDATE,constant-return method body
3927,HBIHAHKLGHG,41357,AEGNNPENLNM,0xCACF600,mov-ax-imm16-ret,CANDIDATE,constant-return method body
3929,COLEPFFOHBL,39941,AEGNNPENLNM,0x1251D820,mov-ax-imm16-ret,CANDIDATE,constant-return method body
3931,MAPNHMAICNN,30731,AEGNNPENLNM,0xF155B20,mov-ax-imm16-ret,CANDIDATE,constant-return method body
3936,PPFFKGJLKMA,51264,AEGNNPENLNM,0x87BC110,mov-ax-imm16-ret,CANDIDATE,constant-return method body
3940,INEIAJENDBH,87909,AEGNNPENLNM,0xBFB03B0,mov-ax-imm16-ret,CANDIDATE,constant-return method body
3945,CDEIGOPNCKL,37785,AEGNNPENLNM,0x1000D580,mov-ax-imm16-ret,CANDIDATE,constant-return method body
3947,KLJKEHAIBFL,76652,AEGNNPENLNM,0x9BEDB20,mov-ax-imm16-ret,CANDIDATE,constant-return method body
3951,GODIIKNPBGF,77455,AEGNNPENLNM,0x129A2B30,mov-ax-imm16-ret,CANDIDATE,constant-return method body
3955,MGCPPPIJLIB,47244,AEGNNPENLNM,0x8438510,mov-ax-imm16-ret,CANDIDATE,constant-return method body
3957,OFMPKMDNGAF,39886,AEGNNPENLNM,0xE76D4B0,mov-ax-imm16-ret,CANDIDATE,constant-return method body
3962,CIJJDJNLJKJ,83154,AEGNNPENLNM,0x10D25280,mov-ax-imm16-ret,CANDIDATE,constant-return method body
3963,LIPFLADBDAC,73384,AEGNNPENLNM,0x9C64190,mov-ax-imm16-ret,CANDIDATE,constant-return method body
3964,BIGPPLFBLPC,39130,AEGNNPENLNM,0xC45C6B0,mov-ax-imm16-ret,CANDIDATE,constant-return method body
3978,KCGPLLFJAHE,56471,AEGNNPENLNM,0xA9377C0,mov-ax-imm16-ret,CANDIDATE,constant-return method body
3980,BLCJFCHIFOL,62208,AEGNNPENLNM,0xF296960,mov-ax-imm16-ret,CANDIDATE,constant-return method body
3982,NLFOJAECKNC,42264,AEGNNPENLNM,0xD0A0B00,mov-ax-imm16-ret,CANDIDATE,constant-return method body
3985,MPKHAMFGDND,71810,AEGNNPENLNM,0xF1B7F90,mov-ax-imm16-ret,CANDIDATE,constant-return method body
3989,NJKKAJJBIBH,80844,AEGNNPENLNM,0x10B0D310,mov-ax-imm16-ret,CANDIDATE,constant-return method body
3991,EAKNFICPEGN,42002,AEGNNPENLNM,0x12798C80,mov-ax-imm16-ret,CANDIDATE,constant-return method body
3992,GIIDCEHBDFH,62606,AEGNNPENLNM,0x8045630,mov-ax-imm16-ret,CANDIDATE,constant-return method body
3994,FBNJAHCPJND,84812,AEGNNPENLNM,0xA432B50,mov-ax-imm16-ret,CANDIDATE,constant-return method body
4000,ACKDMAKPGNL,54083,LAHBCIAHGNJ,0x13451840,mov-eax-imm32-ret,CANDIDATE,constant-return method body
4000,GGEPBCCCPFO,71048,NHKADDKJLGL,0x73FFB40,mov-eax-imm32-ret,CANDIDATE,constant-return method body
4004,CDGGEMPMFIK,57704,AEGNNPENLNM,0xC751240,mov-ax-imm16-ret,CANDIDATE,constant-return method body
4008,IKBBJNDCCIJ,78448,AEGNNPENLNM,0x8DAF230,mov-ax-imm16-ret,CANDIDATE,constant-return method body
4022,LCNAFAANHCJ,35318,AEGNNPENLNM,0x107E12D0,mov-ax-imm16-ret,CANDIDATE,constant-return method body
4023,LOMDNGAEKGN,35927,AEGNNPENLNM,0x108ED230,mov-ax-imm16-ret,CANDIDATE,constant-return method body
4026,DFNELAMAHAF,43666,AEGNNPENLNM,0xF5FB570,mov-ax-imm16-ret,CANDIDATE,constant-return method body
4029,ADMGKNOGPIN,71634,AEGNNPENLNM,0xAB62480,mov-ax-imm16-ret,CANDIDATE,constant-return method body
4030,JGMHGDPGPJN,67630,AEGNNPENLNM,0x8E061B0,mov-ax-imm16-ret,CANDIDATE,constant-return method body
4032,ELGMEMFIPCO,16372,AEGNNPENLNM,0x72AF950,mov-ax-imm16-ret,CANDIDATE,constant-return method body
4032,UnityTlsProvider,1479,get_SupportedProtocols,0x19B28F50,mov-eax-imm32-ret,CANDIDATE,constant-return method body
4036,KKMNIHENKBB,68429,AEGNNPENLNM,0xCD3C060,mov-ax-imm16-ret,CANDIDATE,constant-return method body
4052,BKGAJBDLCMF,39860,AEGNNPENLNM,0xFC18B80,mov-ax-imm16-ret,CANDIDATE,constant-return method body
4053,CLBACKOLFIF,34606,AEGNNPENLNM,0xBA2ED40,mov-ax-imm16-ret,CANDIDATE,constant-return method body
4055,GLDGMMCCONB,38959,AEGNNPENLNM,0xD627DC0,mov-ax-imm16-ret,CANDIDATE,constant-return method body
4056,GBBDBOFNFOP,55433,AEGNNPENLNM,0x104A06A0,mov-ax-imm16-ret,CANDIDATE,constant-return method body
4063,ECNFKEFIFEA,64202,AEGNNPENLNM,0xBB08050,mov-ax-imm16-ret,CANDIDATE,constant-return method body
4070,FBFDIBNLCFK,85755,AEGNNPENLNM,0x10E9C8D0,mov-ax-imm16-ret,CANDIDATE,constant-return method body
4071,IIEEGCMLGKB,13990,AEGNNPENLNM,0x1060F8E0,mov-ax-imm16-ret,CANDIDATE,constant-return method body
4076,MMIKKPFEDPC,42976,AEGNNPENLNM,0x1153EF20,mov-ax-imm16-ret,CANDIDATE,constant-return method body
4084,HFDAJJFPEMM,58078,AEGNNPENLNM,0xD67DC90,mov-ax-imm16-ret,CANDIDATE,constant-return method body
4086,JKOOCGDDGLK,83729,AEGNNPENLNM,0xE34F3E0,mov-ax-imm16-ret,CANDIDATE,constant-return method body
4088,Datatype_decimal,3215,get_ValidRestrictionFlags,0x19A72A60,mov-eax-imm32-ret,CANDIDATE,constant-return method body
4093,OHGOLONIMDJ,33580,AEGNNPENLNM,0xF3EAD80,mov-ax-imm16-ret,CANDIDATE,constant-return method body
4096,Environment,331,GetPageSize,0x194FAF00,mov-eax-imm32-ret,CANDIDATE,constant-return method body
4096,JLBDCPADFAG,71408,get_metaTypeID,0x9ADA090,mov-eax-imm32-ret,CANDIDATE,constant-return method body
4100,IKCANBDNGBD,74299,NHKADDKJLGL,0xCC11100,mov-eax-imm32-ret,CANDIDATE,constant-return method body
4101,OLPFDBCEFDF,19214,AEGNNPENLNM,0x7BE3670,mov-ax-imm16-ret,CANDIDATE,constant-return method body
4103,BLBPBKPNNPD,87566,AEGNNPENLNM,0xFC21FD0,mov-ax-imm16-ret,CANDIDATE,constant-return method body
4106,EGCHMBEGIFA,18049,AEGNNPENLNM,0xBCD3AE0,mov-ax-imm16-ret,CANDIDATE,constant-return method body
4109,CECDPGCALPA,49235,AEGNNPENLNM,0x94C3E30,mov-ax-imm16-ret,CANDIDATE,constant-return method body
4112,LFCAFEOJPDA,69719,AEGNNPENLNM,0x1393D290,mov-ax-imm16-ret,CANDIDATE,constant-return method body
4115,GOEKFBNNLID,22611,AEGNNPENLNM,0x8C39D00,mov-ax-imm16-ret,CANDIDATE,constant-return method body
4117,PFIPOOBLFHF,65022,AEGNNPENLNM,0x7C2F2D0,mov-ax-imm16-ret,CANDIDATE,constant-return method body
4118,JOPGOALLDGP,44949,AEGNNPENLNM,0xEF944B0,mov-ax-imm16-ret,CANDIDATE,constant-return method body
4121,HDFGCMMEPGK,53124,AEGNNPENLNM,0x984D950,mov-ax-imm16-ret,CANDIDATE,constant-return method body
4124,GFMONJOLDPK,57488,AEGNNPENLNM,0x73FDD80,mov-ax-imm16-ret,CANDIDATE,constant-return method body
4125,POGOPLKECJO,25664,AEGNNPENLNM,0x118AD840,mov-ax-imm16-ret,CANDIDATE,constant-return method body
4126,FFBFEHOEFBA,60375,AEGNNPENLNM,0xBBAAE80,mov-ax-imm16-ret,CANDIDATE,constant-return method body
4131,OJIJEHHMHHD,24334,AEGNNPENLNM,0xD14D4E0,mov-ax-imm16-ret,CANDIDATE,constant-return method body
4134,AMBJKPPDIJB,62139,AEGNNPENLNM,0x96F0950,mov-ax-imm16-ret,CANDIDATE,constant-return method body
4138,EICODNECPCK,37383,AEGNNPENLNM,0xEA385B0,mov-ax-imm16-ret,CANDIDATE,constant-return method body
4141,OMADOBOFNMJ,70421,AEGNNPENLNM,0xE793C20,mov-ax-imm16-ret,CANDIDATE,constant-return method body
4143,GEOIKBEHAFI,31857,AEGNNPENLNM,0xF8B7B40,mov-ax-imm16-ret,CANDIDATE,constant-return method body
4148,LJMPJNFGDIB,21059,AEGNNPENLNM,0x1089D060,mov-ax-imm16-ret,CANDIDATE,constant-return method body
4162,NJEIKGEBJHJ,34008,AEGNNPENLNM,0x1229EE20,mov-ax-imm16-ret,CANDIDATE,constant-return method body
4168,PCGGKKDDGJN,81169,AEGNNPENLNM,0xF485620,mov-ax-imm16-ret,CANDIDATE,constant-return method body
4170,CNCJFEIPNLH,47383,AEGNNPENLNM,0x87FB0D0,mov-ax-imm16-ret,CANDIDATE,constant-return method body
4176,ICDFHMFMIID,40892,AEGNNPENLNM,0x75536E0,mov-ax-imm16-ret,CANDIDATE,constant-return method body
4177,FFNCGFMEENM,27728,AEGNNPENLNM,0x1101DB10,mov-ax-imm16-ret,CANDIDATE,constant-return method body
4178,GAFEFIJAMCJ,74090,AEGNNPENLNM,0xD5D4D90,mov-ax-imm16-ret,CANDIDATE,constant-return method body
4179,EGBGKBEJNKI,43772,AEGNNPENLNM,0xEA14340,mov-ax-imm16-ret,CANDIDATE,constant-return method body
4181,HNBEIELNFOM,25663,AEGNNPENLNM,0xA6A3C30,mov-ax-imm16-ret,CANDIDATE,constant-return method body
4182,IAHEOJMCDBK,31112,AEGNNPENLNM,0x12A4F430,mov-ax-imm16-ret,CANDIDATE,constant-return method body
4188,PLJABBCEAPH,15129,AEGNNPENLNM,0x1016ECD0,mov-ax-imm16-ret,CANDIDATE,constant-return method body
4197,DDIPOECAPCB,64122,AEGNNPENLNM,0xD3503D0,mov-ax-imm16-ret,CANDIDATE,constant-return method body
4199,FMINAEDEJBJ,48801,AEGNNPENLNM,0x8BAEE00,mov-ax-imm16-ret,CANDIDATE,constant-return method body
4207,KCAAHPOCILK,19256,AEGNNPENLNM,0x9B23FF0,mov-ax-imm16-ret,CANDIDATE,constant-return method body
4209,DOBBIKOBDBI,48487,AEGNNPENLNM,0x88A4510,mov-ax-imm16-ret,CANDIDATE,constant-return method body
4210,INNODOHBPCH,54124,AEGNNPENLNM,0x13749360,mov-ax-imm16-ret,CANDIDATE,constant-return method body
4213,ECIIABKPEFK,12165,AEGNNPENLNM,0x7235470,mov-ax-imm16-ret,CANDIDATE,constant-return method body
4215,CDGNPFDPGBB,79710,AEGNNPENLNM,0xF55B7C0,mov-ax-imm16-ret,CANDIDATE,constant-return method body
4217,IKACOAMDCCO,72778,AEGNNPENLNM,0xFA94440,mov-ax-imm16-ret,CANDIDATE,constant-return method body
4222,CFFLMCMKEPI,36405,AEGNNPENLNM,0xB9FDDD0,mov-ax-imm16-ret,CANDIDATE,constant-return method body
4226,LJGOEBHNOCP,45398,AEGNNPENLNM,0xF0F1C80,mov-ax-imm16-ret,CANDIDATE,constant-return method body
4227,DCODKOKMHOK,85437,AEGNNPENLNM,0x7D689C0,mov-ax-imm16-ret,CANDIDATE,constant-return method body
4228,CPHKGAOJDJN,29523,AEGNNPENLNM,0x12522110,mov-ax-imm16-ret,CANDIDATE,constant-return method body
4234,NINALKKEMHN,72225,AEGNNPENLNM,0xE6D3100,mov-ax-imm16-ret,CANDIDATE,constant-return method body
4249,EJJIPNKKHII,75887,AEGNNPENLNM,0xF6D1600,mov-ax-imm16-ret,CANDIDATE,constant-return method body
4251,MBPHDEEJKFP,13916,AEGNNPENLNM,0xCE78980,mov-ax-imm16-ret,CANDIDATE,constant-return method body
4258,GBDOLIIPLFE,24138,AEGNNPENLNM,0x104A3390,mov-ax-imm16-ret,CANDIDATE,constant-return method body
4269,JOFCCGDIMKK,83169,AEGNNPENLNM,0xB3FBD10,mov-ax-imm16-ret,CANDIDATE,constant-return method body
4272,MLHGLMPPLEB,82020,AEGNNPENLNM,0x10985200,mov-ax-imm16-ret,CANDIDATE,constant-return method body
4273,FENEJHBFCPM,37707,AEGNNPENLNM,0xBD4AB40,mov-ax-imm16-ret,CANDIDATE,constant-return method body
4280,ANLMNNKGJLA,58288,AEGNNPENLNM,0xC9C1D00,mov-ax-imm16-ret,CANDIDATE,constant-return method body
4282,IFDIKHKKDGA,87626,AEGNNPENLNM,0x12A7BAC0,mov-ax-imm16-ret,CANDIDATE,constant-return method body
4283,APLJLLJOPLB,42597,AEGNNPENLNM,0xB16FD00,mov-ax-imm16-ret,CANDIDATE,constant-return method body
4288,BIALNKBCOPJ,54490,AEGNNPENLNM,0xFC088E0,mov-ax-imm16-ret,CANDIDATE,constant-return method body
4290,GLDEHHBIANF,48188,AEGNNPENLNM,0xD627520,mov-ax-imm16-ret,CANDIDATE,constant-return method body
4301,GMAIKEOJMKG,72330,AEGNNPENLNM,0xA591E40,mov-ax-imm16-ret,CANDIDATE,constant-return method body
4304,IFKEABKBMJD,51715,AEGNNPENLNM,0x11E29BB0,mov-ax-imm16-ret,CANDIDATE,constant-return method body
4312,GONHILGMFFG,68940,AEGNNPENLNM,0x745EA40,mov-ax-imm16-ret,CANDIDATE,constant-return method body
4313,DMBGEEBEEMP,84888,AEGNNPENLNM,0x95AFB00,mov-ax-imm16-ret,CANDIDATE,constant-return method body
4316,GEDJBCLGINE,70922,AEGNNPENLNM,0xEC09840,mov-ax-imm16-ret,CANDIDATE,constant-return method body
4325,NOCFMALMJDL,24462,AEGNNPENLNM,0x931B310,mov-ax-imm16-ret,CANDIDATE,constant-return method body
4330,HNFOHHNPDFN,59994,AEGNNPENLNM,0x1118F020,mov-ax-imm16-ret,CANDIDATE,constant-return method body
4339,JBGGGJIBGKA,46800,AEGNNPENLNM,0x819F4F0,mov-ax-imm16-ret,CANDIDATE,constant-return method body
4344,NGPABBNBCJI,66710,AEGNNPENLNM,0x7AFA060,mov-ax-imm16-ret,CANDIDATE,constant-return method body
4345,OIAHDNNMFMP,57787,AEGNNPENLNM,0x13120B70,mov-ax-imm16-ret,CANDIDATE,constant-return method body
4347,IDFKEJMDKKB,19414,AEGNNPENLNM,0xBF558D0,mov-ax-imm16-ret,CANDIDATE,constant-return method body
4348,MIMACDMPJGL,24088,AEGNNPENLNM,0x12D41070,mov-ax-imm16-ret,CANDIDATE,constant-return method body
4350,HAJJOILGNFN,60625,AEGNNPENLNM,0xB1F6CA0,mov-ax-imm16-ret,CANDIDATE,constant-return method body
4353,HELDKCFHKPL,13200,AEGNNPENLNM,0xA62A170,mov-ax-imm16-ret,CANDIDATE,constant-return method body
4355,DGDHPAKJMCL,37801,AEGNNPENLNM,0xC83BCB0,mov-ax-imm16-ret,CANDIDATE,constant-return method body
4361,AILLMHHPPBG,31889,AEGNNPENLNM,0x13479CB0,mov-ax-imm16-ret,CANDIDATE,constant-return method body
4372,NHJJLIFHLLM,60647,AEGNNPENLNM,0x9EB77C0,mov-ax-imm16-ret,CANDIDATE,constant-return method body
4381,KPJPEBEFIKC,62329,AEGNNPENLNM,0x1391EF10,mov-ax-imm16-ret,CANDIDATE,constant-return method body
4385,LBLELLCECLL,20941,AEGNNPENLNM,0xA9E88B0,mov-ax-imm16-ret,CANDIDATE,constant-return method body
4389,OEGOELGHONP,58056,AEGNNPENLNM,0x8660F00,mov-ax-imm16-ret,CANDIDATE,constant-return method body
4398,FJDEJEPGHPD,79943,AEGNNPENLNM,0x8B8B1B0,mov-ax-imm16-ret,CANDIDATE,constant-return method body
4399,JEMNGNKIBJB,21297,AEGNNPENLNM,0xCC525C0,mov-ax-imm16-ret,CANDIDATE,constant-return method body
4400,GJGHFFLCGII,49747,NHKADDKJLGL,0x12947F30,mov-eax-imm32-ret,CANDIDATE,constant-return method body
4400,JMEBGLMKJAB,32016,AEGNNPENLNM,0x11EFA920,mov-ax-imm16-ret,CANDIDATE,constant-return method body
4401,MBDBFLNJKIL,51664,AEGNNPENLNM,0x1147F3A0,mov-ax-imm16-ret,CANDIDATE,constant-return method body
4404,JDADBJKKKAB,57844,LMAJIGMOOMD,0xCC4A9C0,mov-eax-imm32-ret,CANDIDATE,constant-return method body
4409,MPIILBIACEG,42319,AEGNNPENLNM,0xB623190,mov-ax-imm16-ret,CANDIDATE,constant-return method body
4410,EBBJOFJGAIB,77385,AEGNNPENLNM,0xBAEAF10,mov-ax-imm16-ret,CANDIDATE,constant-return method body
4416,EFCKAGDFAEM,78698,AEGNNPENLNM,0x10E20160,mov-ax-imm16-ret,CANDIDATE,constant-return method body
4419,HNJGDPEADKP,86091,AEGNNPENLNM,0x1368D3E0,mov-ax-imm16-ret,CANDIDATE,constant-return method body
4422,ICKGFHMGLLP,66566,AEGNNPENLNM,0x11E07400,mov-ax-imm16-ret,CANDIDATE,constant-return method body
4423,AHHDNPKPLKI,47824,AEGNNPENLNM,0xB0FF2B0,mov-ax-imm16-ret,CANDIDATE,constant-return method body
4434,PBBPKGKOFLA,26935,AEGNNPENLNM,0x123E61F0,mov-ax-imm16-ret,CANDIDATE,constant-return method body
4438,PIDFOAONNIF,57141,AEGNNPENLNM,0xE85FAB0,mov-ax-imm16-ret,CANDIDATE,constant-return method body
4449,KPHEMHIJLLJ,62010,AEGNNPENLNM,0x835E5E0,mov-ax-imm16-ret,CANDIDATE,constant-return method body
4458,EGJFJFIOLMG,46607,AEGNNPENLNM,0xD3F6750,mov-ax-imm16-ret,CANDIDATE,constant-return method body
4461,KKDNGIAJJCI,44189,AEGNNPENLNM,0xA984860,mov-ax-imm16-ret,CANDIDATE,constant-return method body
4463,OEOKFOEJIPE,83768,AEGNNPENLNM,0x10B4F0D0,mov-ax-imm16-ret,CANDIDATE,constant-return method body
4465,NHGPOBPCFOD,58138,AEGNNPENLNM,0xE6C53A0,mov-ax-imm16-ret,CANDIDATE,constant-return method body
4467,IKCIMNLDDLN,42125,AEGNNPENLNM,0xB2E6190,mov-ax-imm16-ret,CANDIDATE,constant-return method body
4469,JFGHLHIJLBC,21179,AEGNNPENLNM,0xCC56AB0,mov-ax-imm16-ret,CANDIDATE,constant-return method body
4473,JIEDJKPOMPI,31250,AEGNNPENLNM,0xB3AE090,mov-ax-imm16-ret,CANDIDATE,constant-return method body
4484,EDHOKIEDIBJ,37111,AEGNNPENLNM,0x11AB3D80,mov-ax-imm16-ret,CANDIDATE,constant-return method body
4485,OENDNMPHOOH,76826,AEGNNPENLNM,0x10066F80,mov-ax-imm16-ret,CANDIDATE,constant-return method body
4487,MLIBPOOFHAM,47455,AEGNNPENLNM,0xFDCF7F0,mov-ax-imm16-ret,CANDIDATE,constant-return method body
4490,OEAHEOEDIPL,80296,AEGNNPENLNM,0xD129C80,mov-ax-imm16-ret,CANDIDATE,constant-return method body
4500,FFLGHMNFJBB,29144,NHKADDKJLGL,0x8B6ED40,mov-eax-imm32-ret,CANDIDATE,constant-return method body
4506,FCNOACKMHII,19002,AEGNNPENLNM,0xA276510,mov-ax-imm16-ret,CANDIDATE,constant-return method body
4519,BLNENDJJIPF,20702,AEGNNPENLNM,0x9B43DE0,mov-ax-imm16-ret,CANDIDATE,constant-return method body
4529,LDEBHBAMNDM,56169,AEGNNPENLNM,0x107E29E0,mov-ax-imm16-ret,CANDIDATE,constant-return method body
4530,CHIDCPLLELG,82456,AEGNNPENLNM,0xD2D82A0,mov-ax-imm16-ret,CANDIDATE,constant-return method body
4532,IBGKJAJCIBG,54500,AEGNNPENLNM,0xBF22960,mov-ax-imm16-ret,CANDIDATE,constant-return method body
4543,ODMFLAOMFBA,37924,AEGNNPENLNM,0x9350FA0,mov-ax-imm16-ret,CANDIDATE,constant-return method body
4555,IAIFFDKEPPE,48946,AEGNNPENLNM,0xD6F3C10,mov-ax-imm16-ret,CANDIDATE,constant-return method body
4556,CHJFDHLJLEP,75645,AEGNNPENLNM,0x87024D0,mov-ax-imm16-ret,CANDIDATE,constant-return method body
4559,LIMKFEPKMFH,21701,AEGNNPENLNM,0xC21AFA0,mov-ax-imm16-ret,CANDIDATE,constant-return method body
4560,CBPNAMBIIGA,23301,AEGNNPENLNM,0x118FBEC0,mov-ax-imm16-ret,CANDIDATE,constant-return method body
4562,HILILHIDELC,59845,AEGNNPENLNM,0x10583B00,mov-ax-imm16-ret,CANDIDATE,constant-return method body
4563,AKDNCGIJEOC,29885,AEGNNPENLNM,0xEB47C60,mov-ax-imm16-ret,CANDIDATE,constant-return method body
4564,ECJHMCMFNKK,80383,AEGNNPENLNM,0x7236E30,mov-ax-imm16-ret,CANDIDATE,constant-return method body
4567,GINEHBFGLDC,87808,AEGNNPENLNM,0xA565760,mov-ax-imm16-ret,CANDIDATE,constant-return method body
4571,GAABFCHKHCI,65698,AEGNNPENLNM,0x126B9D00,mov-ax-imm16-ret,CANDIDATE,constant-return method body
4573,FMIAOJNNBMD,31882,AEGNNPENLNM,0x7356A10,mov-ax-imm16-ret,CANDIDATE,constant-return method body
4586,HGMACJEIOII,49399,AEGNNPENLNM,0x11C9A940,mov-ax-imm16-ret,CANDIDATE,constant-return method body
4590,JMAOAELAMDM,52411,AEGNNPENLNM,0x112AB590,mov-ax-imm16-ret,CANDIDATE,constant-return method body
4592,KCFIHLAPLAL,51583,AEGNNPENLNM,0x112FF6F0,mov-ax-imm16-ret,CANDIDATE,constant-return method body
4598,CCCFJGEANGK,78505,AEGNNPENLNM,0x13369650,mov-ax-imm16-ret,CANDIDATE,constant-return method body
4600,PKJLHHCHBBH,51130,NHKADDKJLGL,0x13DF2700,mov-eax-imm32-ret,CANDIDATE,constant-return method body
4601,IOKMMMONBFM,14893,AEGNNPENLNM,0x99F2910,mov-ax-imm16-ret,CANDIDATE,constant-return method body
4602,GKAGPCHPEPO,84777,AEGNNPENLNM,0x8C104F0,mov-ax-imm16-ret,CANDIDATE,constant-return method body
4602,HNCIBJFNPJM,51605,IFGOEAEBPJA,0xD6BA270,mov-eax-imm32-ret,CANDIDATE,constant-return method body
4602,JJLICBDIJIF,38838,IFGOEAEBPJA,0x11EE47B0,mov-eax-imm32-ret,CANDIDATE,constant-return method body
4607,LCBMFBCIAHK,57121,AEGNNPENLNM,0xB495200,mov-ax-imm16-ret,CANDIDATE,constant-return method body
4613,CAIJHMLCAPJ,75869,AEGNNPENLNM,0x123CAF80,mov-ax-imm16-ret,CANDIDATE,constant-return method body
4615,BBNPMDGIDKK,66340,AEGNNPENLNM,0x7F43EB0,mov-ax-imm16-ret,CANDIDATE,constant-return method body
4616,HBMKNPEOKDK,16379,AEGNNPENLNM,0xF957DF0,mov-ax-imm16-ret,CANDIDATE,constant-return method body
4622,OPIJNNFDAKP,33983,AEGNNPENLNM,0x13DA4BF0,mov-ax-imm16-ret,CANDIDATE,constant-return method body
4630,DJNDALCPGDH,69860,AEGNNPENLNM,0x10DC89C0,mov-ax-imm16-ret,CANDIDATE,constant-return method body
4631,NKHELGLEDFG,21202,AEGNNPENLNM,0xB7F32E0,mov-ax-imm16-ret,CANDIDATE,constant-return method body
4633,PABPPHKDENE,16934,AEGNNPENLNM,0xB8CEC30,mov-ax-imm16-ret,CANDIDATE,constant-return method body
4634,BLEJOAACMBF,34869,AEGNNPENLNM,0xAEF14B0,mov-ax-imm16-ret,CANDIDATE,constant-return method body
4637,GLMKGPKBDKP,71414,AEGNNPENLNM,0xD62FB10,mov-ax-imm16-ret,CANDIDATE,constant-return method body
4641,LIMCEGFAJAP,26422,AEGNNPENLNM,0x11434300,mov-ax-imm16-ret,CANDIDATE,constant-return method body
4646,HLCELKDHGMI,85889,AEGNNPENLNM,0xEDBCC40,mov-ax-imm16-ret,CANDIDATE,constant-return method body
4650,JNNJKFBBILO,44545,AEGNNPENLNM,0x9AF4150,mov-ax-imm16-ret,CANDIDATE,constant-return method body
4656,GNABCHPEHLN,81604,AEGNNPENLNM,0x135FFE30,mov-ax-imm16-ret,CANDIDATE,constant-return method body
4675,NAJCMFGOADO,38415,AEGNNPENLNM,0x92B02A0,mov-ax-imm16-ret,CANDIDATE,constant-return method body
4678,PIKFJAKKPJA,81325,AEGNNPENLNM,0xA03A370,mov-ax-imm16-ret,CANDIDATE,constant-return method body
4680,LOMKHBCMONE,64780,AEGNNPENLNM,0x1146D4D0,mov-ax-imm16-ret,CANDIDATE,constant-return method body
4683,NONCMIGKDBO,44054,AEGNNPENLNM,0x8631BC0,mov-ax-imm16-ret,CANDIDATE,constant-return method body
4692,JMDIAINLOAJ,80233,AEGNNPENLNM,0xFB73E80,mov-ax-imm16-ret,CANDIDATE,constant-return method body
4693,MJCEOAHFGHI,87227,AEGNNPENLNM,0xCEC6E00,mov-ax-imm16-ret,CANDIDATE,constant-return method body
4694,DFPJOAKMNEL,72366,AEGNNPENLNM,0x9568C10,mov-ax-imm16-ret,CANDIDATE,constant-return method body
4695,ACEPPHOFOIF,63378,AEGNNPENLNM,0xA31D1F0,mov-ax-imm16-ret,CANDIDATE,constant-return method body
4698,FPECKKKGCIG,46562,AEGNNPENLNM,0xCA059A0,mov-ax-imm16-ret,CANDIDATE,constant-return method body
4699,AFHIJFNIMIC,84722,AEGNNPENLNM,0x10409850,mov-ax-imm16-ret,CANDIDATE,constant-return method body
4700,LMAGHJOOBFH,13172,LAHBCIAHGNJ,0x906F420,mov-eax-imm32-ret,CANDIDATE,constant-return method body
4703,KKHOACDMNAK,41085,AEGNNPENLNM,0x9BDC100,mov-ax-imm16-ret,CANDIDATE,constant-return method body
4704,HPNMJCPHKFH,77456,AEGNNPENLNM,0x1369D030,mov-ax-imm16-ret,CANDIDATE,constant-return method body
4712,OAFFFEIGCCP,12175,AEGNNPENLNM,0x863F6E0,mov-ax-imm16-ret,CANDIDATE,constant-return method body
4715,EIGPONKEEMH,66780,AEGNNPENLNM,0x1400FAE0,mov-ax-imm16-ret,CANDIDATE,constant-return method body
4716,IJPLJCMIEMN,60765,AEGNNPENLNM,0xEE67290,mov-ax-imm16-ret,CANDIDATE,constant-return method body
4719,IPHODDFPJDM,33321,AEGNNPENLNM,0x7632DC0,mov-ax-imm16-ret,CANDIDATE,constant-return method body
4721,GLLPIMEOLAK,38114,AEGNNPENLNM,0x129655E0,mov-ax-imm16-ret,CANDIDATE,constant-return method body
4722,AKBGDPDDJIJ,51200,AEGNNPENLNM,0x134847A0,mov-ax-imm16-ret,CANDIDATE,constant-return method body
4723,GJECIGHOPNE,35161,AEGNNPENLNM,0xA567480,mov-ax-imm16-ret,CANDIDATE,constant-return method body
4727,GJKBNPPJBLD,43931,AEGNNPENLNM,0xD61BFA0,mov-ax-imm16-ret,CANDIDATE,constant-return method body
4735,MGOFAJMFPIE,62958,AEGNNPENLNM,0x9CFDD60,mov-ax-imm16-ret,CANDIDATE,constant-return method body
4736,NOLJMDLEOMI,31021,AEGNNPENLNM,0xF384690,mov-ax-imm16-ret,CANDIDATE,constant-return method body
4737,FLLJAIJBMFK,78481,AEGNNPENLNM,0xA2E2A70,mov-ax-imm16-ret,CANDIDATE,constant-return method body
4742,PLCLNBNGLBN,59595,AEGNNPENLNM,0xF4E5DF0,mov-ax-imm16-ret,CANDIDATE,constant-return method body
4745,DNGFKJJIHPG,61651,AEGNNPENLNM,0xF653F30,mov-ax-imm16-ret,CANDIDATE,constant-return method body
4748,CLJEKHNIDJA,81688,AEGNNPENLNM,0x124EA430,mov-ax-imm16-ret,CANDIDATE,constant-return method body
4750,NMBLLIFKILL,50031,AEGNNPENLNM,0x10B20270,mov-ax-imm16-ret,CANDIDATE,constant-return method body
4752,JOEANFGMAMO,80909,AEGNNPENLNM,0xA91DE90,mov-ax-imm16-ret,CANDIDATE,constant-return method body
4758,PNKALCBMELC,76674,AEGNNPENLNM,0x10CB28C0,mov-ax-imm16-ret,CANDIDATE,constant-return method body
4760,CLFHKOFFIMH,36735,AEGNNPENLNM,0xF59EBA0,mov-ax-imm16-ret,CANDIDATE,constant-return method body
4761,CHPMLJLBLCB,38358,AEGNNPENLNM,0xF57DAB0,mov-ax-imm16-ret,CANDIDATE,constant-return method body
4766,IBAGAJPPPLN,21120,AEGNNPENLNM,0xCB992C0,mov-ax-imm16-ret,CANDIDATE,constant-return method body
4768,LPICIEANEIK,29696,AEGNNPENLNM,0x10901010,mov-ax-imm16-ret,CANDIDATE,constant-return method body
4772,LHFODJLPDCP,61874,AEGNNPENLNM,0xAA26290,mov-ax-imm16-ret,CANDIDATE,constant-return method body
4777,GCNHGAJNLCF,46597,AEGNNPENLNM,0x1108D810,mov-ax-imm16-ret,CANDIDATE,constant-return method body
4779,POINFCKJBMH,22604,AEGNNPENLNM,0xAE3BCB0,mov-ax-imm16-ret,CANDIDATE,constant-return method body
4784,MPDIOMFJFKP,29871,AEGNNPENLNM,0x11555730,mov-ax-imm16-ret,CANDIDATE,constant-return method body
4787,MBDLHGGBMKF,18089,AEGNNPENLNM,0x120B4380,mov-ax-imm16-ret,CANDIDATE,constant-return method body
4792,BFAIBFBELMI,81662,AEGNNPENLNM,0xAEC83F0,mov-ax-imm16-ret,CANDIDATE,constant-return method body
4801,GLLICNFAPAJ,76042,AEGNNPENLNM,0x12964D20,mov-ax-imm16-ret,CANDIDATE,constant-return method body
4801,NPMAOPFIEMJ,63002,LMAJIGMOOMD,0x863CDC0,mov-eax-imm32-ret,CANDIDATE,constant-return method body
4803,HPLAEHDKMIJ,32206,LMAJIGMOOMD,0x7542500,mov-eax-imm32-ret,CANDIDATE,constant-return method body
4807,APAGBNIJDCL,75743,AEGNNPENLNM,0x970FB10,mov-ax-imm16-ret,CANDIDATE,constant-return method body
4811,FCNDCMICBMC,16360,AEGNNPENLNM,0xA274C50,mov-ax-imm16-ret,CANDIDATE,constant-return method body
4813,NLCDDGDFHJM,54970,AEGNNPENLNM,0xC58C910,mov-ax-imm16-ret,CANDIDATE,constant-return method body
4815,FKHMGMHKLOD,88027,AEGNNPENLNM,0x12649C70,mov-ax-imm16-ret,CANDIDATE,constant-return method body
4816,ILBGNCKDBMM,47891,AEGNNPENLNM,0xEED0060,mov-ax-imm16-ret,CANDIDATE,constant-return method body
4825,HLHFIGKEPAN,83479,AEGNNPENLNM,0xA6946A0,mov-ax-imm16-ret,CANDIDATE,constant-return method body
4847,HNKGFBABIBO,24869,AEGNNPENLNM,0x12A3F930,mov-ax-imm16-ret,CANDIDATE,constant-return method body
4851,GAHIJDGHALI,30574,AEGNNPENLNM,0xD5D7FD0,mov-ax-imm16-ret,CANDIDATE,constant-return method body
4856,FFCANFLHHJM,88734,AEGNNPENLNM,0x1101AD00,mov-ax-imm16-ret,CANDIDATE,constant-return method body
4859,BCDOFAEAEOK,62702,AEGNNPENLNM,0x9724370,mov-ax-imm16-ret,CANDIDATE,constant-return method body
4867,HDMJDNKHIPH,76836,AEGNNPENLNM,0x105486E0,mov-ax-imm16-ret,CANDIDATE,constant-return method body
4871,AOALMBELCLF,45740,AEGNNPENLNM,0x7F0D150,mov-ax-imm16-ret,CANDIDATE,constant-return method body
4873,FAKLMGMKLNJ,45150,AEGNNPENLNM,0xD440380,mov-ax-imm16-ret,CANDIDATE,constant-return method body
4879,KPHFPAMCMEM,41504,AEGNNPENLNM,0xA9C6010,mov-ax-imm16-ret,CANDIDATE,constant-return method body
4881,NBPPKBILPPJ,85960,AEGNNPENLNM,0xFF4D190,mov-ax-imm16-ret,CANDIDATE,constant-return method body
4898,LHKGJFLJFEM,17453,AEGNNPENLNM,0xAA27D40,mov-ax-imm16-ret,CANDIDATE,constant-return method body
4899,HEAANOMKGCK,30516,AEGNNPENLNM,0x8C88D30,mov-ax-imm16-ret,CANDIDATE,constant-return method body
4911,EKLJEMKDGGA,82660,AEGNNPENLNM,0xF6DC730,mov-ax-imm16-ret,CANDIDATE,constant-return method body
4915,GFHBOEOJHGI,47092,AEGNNPENLNM,0xA534100,mov-ax-imm16-ret,CANDIDATE,constant-return method body
4920,OKPMJDJMODO,16928,AEGNNPENLNM,0x13D6EC30,mov-ax-imm16-ret,CANDIDATE,constant-return method body
4921,OOPFDCFJLNH,56374,AEGNNPENLNM,0xF4420B0,mov-ax-imm16-ret,CANDIDATE,constant-return method body
4926,GGMNINDLGCB,15764,AEGNNPENLNM,0xF8C6BF0,mov-ax-imm16-ret,CANDIDATE,constant-return method body
4931,KLJFEPAMJEC,33391,AEGNNPENLNM,0x12C46AB0,mov-ax-imm16-ret,CANDIDATE,constant-return method body
4934,DGEEPOFPEKE,20274,AEGNNPENLNM,0x13F4E180,mov-ax-imm16-ret,CANDIDATE,constant-return method body
4937,KCOHGKDPPEI,65063,AEGNNPENLNM,0xE397520,mov-ax-imm16-ret,CANDIDATE,constant-return method body
4939,KHAOCOLGCNM,58484,AEGNNPENLNM,0x1074C020,mov-ax-imm16-ret,CANDIDATE,constant-return method body
4947,GKDFIGIFNCB,38250,AEGNNPENLNM,0x135EA490,mov-ax-imm16-ret,CANDIDATE,constant-return method body
4948,BGHMCODPPPK,73107,AEGNNPENLNM,0xFBFAC90,mov-ax-imm16-ret,CANDIDATE,constant-return method body
4958,BJKGOEGIALD,22512,AEGNNPENLNM,0xC473D50,mov-ax-imm16-ret,CANDIDATE,constant-return method body
4961,ICKPFDGBAMF,83433,AEGNNPENLNM,0xFA015D0,mov-ax-imm16-ret,CANDIDATE,constant-return method body
4973,LIEJLEMGMLE,21141,AEGNNPENLNM,0xAA37E90,mov-ax-imm16-ret,CANDIDATE,constant-return method body
4976,MMMJOBNBAGE,23633,AEGNNPENLNM,0xF1A6E70,mov-ax-imm16-ret,CANDIDATE,constant-return method body
4977,AMHJDHACEIG,21579,AEGNNPENLNM,0x10FD0800,mov-ax-imm16-ret,CANDIDATE,constant-return method body
4978,MABELMELNMO,12030,AEGNNPENLNM,0x9CAB6C0,mov-ax-imm16-ret,CANDIDATE,constant-return method body
4980,BEAKHNGLGFM,29963,AEGNNPENLNM,0xFBE5DA0,mov-ax-imm16-ret,CANDIDATE,constant-return method body
4982,HPAJPGHEFPI,61920,AEGNNPENLNM,0x1119B770,mov-ax-imm16-ret,CANDIDATE,constant-return method body
4989,PABNDEKENDO,71685,AEGNNPENLNM,0x1315CF90,mov-ax-imm16-ret,CANDIDATE,constant-return method body
4991,GCDPNBCHGDO,16940,AEGNNPENLNM,0xA503D50,mov-ax-imm16-ret,CANDIDATE,constant-return method body
4994,LBKDFAPCINC,54317,AEGNNPENLNM,0x107D7A00,mov-ax-imm16-ret,CANDIDATE,constant-return method body
4996,GBBAKGFMDGP,59331,AEGNNPENLNM,0xBDB13D0,mov-ax-imm16-ret,CANDIDATE,constant-return method body
4998,IBCFEKKAKGL,30764,AEGNNPENLNM,0x9972670,mov-ax-imm16-ret,CANDIDATE,constant-return method body
5000,LEAIDHACAKF,22075,LAHBCIAHGNJ,0x9C3D600,mov-eax-imm32-ret,CANDIDATE,constant-return method body
5003,NFBMAJDGFAA,11840,AEGNNPENLNM,0xC55DD90,mov-ax-imm16-ret,CANDIDATE,constant-return method body
5008,JKHONMLBPMI,83955,AEGNNPENLNM,0x8226760,mov-ax-imm16-ret,CANDIDATE,constant-return method body
5009,KBBALIPLFAP,69124,AEGNNPENLNM,0xCD004E0,mov-ax-imm16-ret,CANDIDATE,constant-return method body
5013,EAOAJLLLCIF,88609,AEGNNPENLNM,0x8903220,mov-ax-imm16-ret,CANDIDATE,constant-return method body
5023,JOHHLHKMFGD,59179,AEGNNPENLNM,0x9AFB2E0,mov-ax-imm16-ret,CANDIDATE,constant-return method body
5024,DEENCEJCDGE,27062,AEGNNPENLNM,0xBAA18F0,mov-ax-imm16-ret,CANDIDATE,constant-return method body
5026,AOICGCMHFAP,80849,AEGNNPENLNM,0x8E4C0E0,mov-ax-imm16-ret,CANDIDATE,constant-return method body
5031,GFNIEODICJK,37405,AEGNNPENLNM,0x110A4DC0,mov-ax-imm16-ret,CANDIDATE,constant-return method body
5042,OHMNEDEPELD,36877,AEGNNPENLNM,0x13D54F70,mov-ax-imm16-ret,CANDIDATE,constant-return method body
5046,DECOGJAPNGA,51308,AEGNNPENLNM,0x1028D2D0,mov-ax-imm16-ret,CANDIDATE,constant-return method body
5047,DBFECABICCB,48092,AEGNNPENLNM,0x7D51700,mov-ax-imm16-ret,CANDIDATE,constant-return method body
5050,CBAGAJCNALL,75126,AEGNNPENLNM,0x123CC8D0,mov-ax-imm16-ret,CANDIDATE,constant-return method body
5054,OGHGEKPOMDD,66686,AEGNNPENLNM,0xD13C590,mov-ax-imm16-ret,CANDIDATE,constant-return method body
5056,BMHGLKPIDCD,62114,AEGNNPENLNM,0xAEFDEC0,mov-ax-imm16-ret,CANDIDATE,constant-return method body
5058,PFCAJJLDIMD,33370,AEGNNPENLNM,0x118511C0,mov-ax-imm16-ret,CANDIDATE,constant-return method body
5063,FGPCJACNEHK,45399,AEGNNPENLNM,0x7FB8F00,mov-ax-imm16-ret,CANDIDATE,constant-return method body
5065,HAHCJIJOMOB,87719,AEGNNPENLNM,0x10528A80,mov-ax-imm16-ret,CANDIDATE,constant-return method body
5066,PPFKDFGFAAC,32091,AEGNNPENLNM,0xD27DBD0,mov-ax-imm16-ret,CANDIDATE,constant-return method body
5080,OLAJOPNPDDO,48922,AEGNNPENLNM,0xC6491B0,mov-ax-imm16-ret,CANDIDATE,constant-return method body
5088,GPFBPGHFCFA,46206,AEGNNPENLNM,0x982C320,mov-ax-imm16-ret,CANDIDATE,constant-return method body
5090,PFJMKBJNEKI,16489,AEGNNPENLNM,0xD245170,mov-ax-imm16-ret,CANDIDATE,constant-return method body
5093,IDFOLHCCKEE,67909,AEGNNPENLNM,0x7563DE0,mov-ax-imm16-ret,CANDIDATE,constant-return method body
5094,DLCFMOKFFEG,24520,AEGNNPENLNM,0x11A353C0,mov-ax-imm16-ret,CANDIDATE,constant-return method body
5096,NGLIOKAFJIC,67407,AEGNNPENLNM,0xB7945B0,mov-ax-imm16-ret,CANDIDATE,constant-return method body
5098,ILIJJBOOFLH,24275,AEGNNPENLNM,0x137363C0,mov-ax-imm16-ret,CANDIDATE,constant-return method body
5100,HNMPEMHBPNL,25658,NHKADDKJLGL,0x7527940,mov-eax-imm32-ret,CANDIDATE,constant-return method body
5104,ELJHOCKCKFC,18289,AEGNNPENLNM,0xD40BEB0,mov-ax-imm16-ret,CANDIDATE,constant-return method body
5106,GKKPOMPGJDO,67269,AEGNNPENLNM,0xD620270,mov-ax-imm16-ret,CANDIDATE,constant-return method body
5107,EMGPJOOAAHL,77054,AEGNNPENLNM,0xEA727F0,mov-ax-imm16-ret,CANDIDATE,constant-return method body
5111,OOPBGADLOON,76591,AEGNNPENLNM,0xB8AEE70,mov-ax-imm16-ret,CANDIDATE,constant-return method body
5116,JDKKOHIGABI,13688,AEGNNPENLNM,0x106AB380,mov-ax-imm16-ret,CANDIDATE,constant-return method body
5118,DDIMBKENDPF,59403,AEGNNPENLNM,0x10289020,mov-ax-imm16-ret,CANDIDATE,constant-return method body
5119,JEFKILMBNFP,57991,AEGNNPENLNM,0x12AF3910,mov-ax-imm16-ret,CANDIDATE,constant-return method body
5126,MBFNMGKOJNF,82714,AEGNNPENLNM,0x120B4520,mov-ax-imm16-ret,CANDIDATE,constant-return method body
5132,AEFNNEGILEB,79042,AEGNNPENLNM,0xD4D74C0,mov-ax-imm16-ret,CANDIDATE,constant-return method body
5170,BMCBIPOECPK,73528,AEGNNPENLNM,0x108780D0,mov-ax-imm16-ret,CANDIDATE,constant-return method body
5177,NIMBCIIKONH,69462,AEGNNPENLNM,0x7B16FA0,mov-ax-imm16-ret,CANDIDATE,constant-return method body
5180,MGGENBHJMAC,47231,AEGNNPENLNM,0x1150E6F0,mov-ax-imm16-ret,CANDIDATE,constant-return method body
5181,LALOKPDBJCI,36010,AEGNNPENLNM,0xA9CE000,mov-ax-imm16-ret,CANDIDATE,constant-return method body
5194,FAOBOAHDOLK,73395,AEGNNPENLNM,0xA42AB30,mov-ax-imm16-ret,CANDIDATE,constant-return method body
5198,HOPBLBEHONK,65683,AEGNNPENLNM,0xEDE5460,mov-ax-imm16-ret,CANDIDATE,constant-return method body
5199,NJEIOEACPAE,18586,AEGNNPENLNM,0xE6E0920,mov-ax-imm16-ret,CANDIDATE,constant-return method body
5200,DBABDOLPEGA,38679,NHKADDKJLGL,0xF5D4F90,mov-eax-imm32-ret,CANDIDATE,constant-return method body
5202,PGIHIPIDGGL,79886,AEGNNPENLNM,0xE7EAF90,mov-ax-imm16-ret,CANDIDATE,constant-return method body
5207,EKNFPLDJKDN,19918,AEGNNPENLNM,0x72AD670,mov-ax-imm16-ret,CANDIDATE,constant-return method body
5210,GHEEOHDPODJ,65916,AEGNNPENLNM,0xD607AA0,mov-ax-imm16-ret,CANDIDATE,constant-return method body
5213,LOKEANIJGEN,44154,AEGNNPENLNM,0x1146B8A0,mov-ax-imm16-ret,CANDIDATE,constant-return method body
5224,FGFEKDJHLHD,71138,AEGNNPENLNM,0x7FAF9C0,mov-ax-imm16-ret,CANDIDATE,constant-return method body
5230,AAHCONBLEDG,54956,AEGNNPENLNM,0x126CE4B0,mov-ax-imm16-ret,CANDIDATE,constant-return method body
5232,OCEMECOHKDK,63557,AEGNNPENLNM,0xE7431E0,mov-ax-imm16-ret,CANDIDATE,constant-return method body
5234,HMGAANKLAJI,43119,AEGNNPENLNM,0x11DB3F80,mov-ax-imm16-ret,CANDIDATE,constant-return method body
5240,EOPBHJMCFNE,51433,AEGNNPENLNM,0x1406AE50,mov-ax-imm16-ret,CANDIDATE,constant-return method body
5241,LDMNBMLDJBH,80813,AEGNNPENLNM,0xB49D750,mov-ax-imm16-ret,CANDIDATE,constant-return method body
5247,HLGFJDJMGIP,36260,AEGNNPENLNM,0x1114D230,mov-ax-imm16-ret,CANDIDATE,constant-return method body
5250,HMJFMEHFABE,31990,AEGNNPENLNM,0x98F0CE0,mov-ax-imm16-ret,CANDIDATE,constant-return method body
5252,FOCPHCFJJAL,85917,AEGNNPENLNM,0xBBF34E0,mov-ax-imm16-ret,CANDIDATE,constant-return method body
5257,OEMFGJBAMMH,55320,AEGNNPENLNM,0x93628B0,mov-ax-imm16-ret,CANDIDATE,constant-return method body
5266,GMDIEGLAJEG,45547,AEGNNPENLNM,0x135FA280,mov-ax-imm16-ret,CANDIDATE,constant-return method body
5268,LHODLIBKEAI,81117,AEGNNPENLNM,0x1204CC80,mov-ax-imm16-ret,CANDIDATE,constant-return method body
5269,LPMOLNCIGAG,31989,AEGNNPENLNM,0xFD62070,mov-ax-imm16-ret,CANDIDATE,constant-return method body
5271,CCGCNPDPCNO,17339,AEGNNPENLNM,0x11905AA0,mov-ax-imm16-ret,CANDIDATE,constant-return method body
5274,ILIEIMPGLCI,18378,AEGNNPENLNM,0x12ABAAA0,mov-ax-imm16-ret,CANDIDATE,constant-return method body
5289,CNLCNFIIFAC,46472,AEGNNPENLNM,0x125053C0,mov-ax-imm16-ret,CANDIDATE,constant-return method body
5291,AOPILMOJMCB,46761,AEGNNPENLNM,0x11BD19B0,mov-ax-imm16-ret,CANDIDATE,constant-return method body
5293,PPOGKOFODED,51992,AEGNNPENLNM,0x10193460,mov-ax-imm16-ret,CANDIDATE,constant-return method body
5298,DKIDICACNHK,28403,AEGNNPENLNM,0xE9A1940,mov-ax-imm16-ret,CANDIDATE,constant-return method body
5299,CAOFHCNKEJM,35053,AEGNNPENLNM,0xAF520C0,mov-ax-imm16-ret,CANDIDATE,constant-return method body
5300,ANCCEDGBHKE,84586,LAHBCIAHGNJ,0xB15D530,mov-eax-imm32-ret,CANDIDATE,constant-return method body
5300,NHBBCNJPMLG,61741,AEGNNPENLNM,0x13C65D20,mov-ax-imm16-ret,CANDIDATE,constant-return method body
5307,JEPIBOGCNKE,68325,AEGNNPENLNM,0x8DFCAC0,mov-ax-imm16-ret,CANDIDATE,constant-return method body
5320,KMGBIEJAIIA,19236,AEGNNPENLNM,0xCD4E640,mov-ax-imm16-ret,CANDIDATE,constant-return method body
5333,LAAFDMNHJMN,12618,AEGNNPENLNM,0x13921DC0,mov-ax-imm16-ret,CANDIDATE,constant-return method body
5336,DPJGAFDFEBD,26102,AEGNNPENLNM,0xE9D45B0,mov-ax-imm16-ret,CANDIDATE,constant-return method body
5349,AMIHNDJLMLE,29537,AEGNNPENLNM,0xF7DD3F0,mov-ax-imm16-ret,CANDIDATE,constant-return method body
5351,MLIOFMPFNBF,32452,AEGNNPENLNM,0x12D5DE40,mov-ax-imm16-ret,CANDIDATE,constant-return method body
5358,BCKNJABIAKI,31698,AEGNNPENLNM,0x7F48960,mov-ax-imm16-ret,CANDIDATE,constant-return method body
5359,NIEODNBLHMG,81705,AEGNNPENLNM,0x116E7380,mov-ax-imm16-ret,CANDIDATE,constant-return method body
5369,ICLMHEHJPHG,48364,AEGNNPENLNM,0xFA015F0,mov-ax-imm16-ret,CANDIDATE,constant-return method body
5370,AMHDFICDJNE,61434,AEGNNPENLNM,0xC9BB7B0,mov-ax-imm16-ret,CANDIDATE,constant-return method body
5371,HHALHABDIBH,41550,AEGNNPENLNM,0xBEAF380,mov-ax-imm16-ret,CANDIDATE,constant-return method body
5374,JHIPPNEEJLE,13223,AEGNNPENLNM,0x11ED4BE0,mov-ax-imm16-ret,CANDIDATE,constant-return method body
5375,BICHDKEOPNI,27207,AEGNNPENLNM,0x82BB090,mov-ax-imm16-ret,CANDIDATE,constant-return method body
5376,MNJOAPIBONA,49382,AEGNNPENLNM,0x12130490,mov-ax-imm16-ret,CANDIDATE,constant-return method body
5386,KGMNKIEHEFN,81993,AEGNNPENLNM,0x9BB3110,mov-ax-imm16-ret,CANDIDATE,constant-return method body
5395,OPNGIIMFDOO,39091,AEGNNPENLNM,0x1182B380,mov-ax-imm16-ret,CANDIDATE,constant-return method body
5397,MMHLLILAPNA,21924,AEGNNPENLNM,0xE570290,mov-ax-imm16-ret,CANDIDATE,constant-return method body
5400,GKHPGKBPOKC,87425,NIIICEHCLKF,0x1295C980,mov-eax-imm32-ret,CANDIDATE,constant-return method body
5400,MMPPFFOHPBD,26677,AEGNNPENLNM,0xE5727D0,mov-ax-imm16-ret,CANDIDATE,constant-return method body
5400,PLBEAMLIOOL,77186,LAHBCIAHGNJ,0x941E5E0,mov-eax-imm32-ret,CANDIDATE,constant-return method body
5403,ICEGGEGOBKM,31862,LMAJIGMOOMD,0x9985090,mov-eax-imm32-ret,CANDIDATE,constant-return method body
5404,KHBMNIIPIFO,74491,AEGNNPENLNM,0x12C24010,mov-ax-imm16-ret,CANDIDATE,constant-return method body
5406,IHJOLJGFOKL,72599,AEGNNPENLNM,0x13707320,mov-ax-imm16-ret,CANDIDATE,constant-return method body
5408,LHKHKOANGBG,85761,AEGNNPENLNM,0x1204B150,mov-ax-imm16-ret,CANDIDATE,constant-return method body
5419,ELKCIAFAEAB,13196,AEGNNPENLNM,0x10348E40,mov-ax-imm16-ret,CANDIDATE,constant-return method body
5425,FPEFAHKDFDF,27695,AEGNNPENLNM,0xBBF8F90,mov-ax-imm16-ret,CANDIDATE,constant-return method body
5431,NLGDCGMGBPF,51588,AEGNNPENLNM,0x9ED1040,mov-ax-imm16-ret,CANDIDATE,constant-return method body
5433,HPHFPOPBNNB,47632,AEGNNPENLNM,0x8D19CD0,mov-ax-imm16-ret,CANDIDATE,constant-return method body
5436,BFPHJNOJMNH,20040,AEGNNPENLNM,0xFBF6E50,mov-ax-imm16-ret,CANDIDATE,constant-return method body
5451,OCBIKGCIONN,74963,AEGNNPENLNM,0xAD63A80,mov-ax-imm16-ret,CANDIDATE,constant-return method body
5465,ALFMMBNLIFO,20090,AEGNNPENLNM,0x12732400,mov-ax-imm16-ret,CANDIDATE,constant-return method body
5473,FMPDCFLKJPP,33427,AEGNNPENLNM,0x97777E0,mov-ax-imm16-ret,CANDIDATE,constant-return method body
5476,JNANFJGMPIL,69868,AEGNNPENLNM,0x112B8A30,mov-ax-imm16-ret,CANDIDATE,constant-return method body
5479,GBMBEFCKCDD,85858,AEGNNPENLNM,0x104A4D50,mov-ax-imm16-ret,CANDIDATE,constant-return method body
5480,BJHIFKDFGJB,57609,AEGNNPENLNM,0x123A02D0,mov-ax-imm16-ret,CANDIDATE,constant-return method body
5483,GABNIJKHBJN,67070,AEGNNPENLNM,0x13586A60,mov-ax-imm16-ret,CANDIDATE,constant-return method body
5484,HFMFDOOFJEA,75238,AEGNNPENLNM,0x80AE2E0,mov-ax-imm16-ret,CANDIDATE,constant-return method body
5489,LGGINAGMHMC,17908,AEGNNPENLNM,0x83AE7D0,mov-ax-imm16-ret,CANDIDATE,constant-return method body
5491,GPIIDOGHGOJ,64918,AEGNNPENLNM,0x129A8AD0,mov-ax-imm16-ret,CANDIDATE,constant-return method body
5495,EPAGNKFMKHD,37866,AEGNNPENLNM,0x10E8DE10,mov-ax-imm16-ret,CANDIDATE,constant-return method body
5496,KMBHKPAHPAA,14362,AEGNNPENLNM,0xA997630,mov-ax-imm16-ret,CANDIDATE,constant-return method body
5504,EONLOKEOJBK,26413,AEGNNPENLNM,0x128160E0,mov-ax-imm16-ret,CANDIDATE,constant-return method body
5505,GMAOGFGJBGM,19593,AEGNNPENLNM,0x805E9E0,mov-ax-imm16-ret,CANDIDATE,constant-return method body
5508,AGLJNPDHOAN,13092,CAIGDJIANIC,0x717F1A0,mov-eax-imm32-ret,CANDIDATE,constant-return method body
5509,KPNGMMOKMBG,72748,CAIGDJIANIC,0x11F8A8D0,mov-eax-imm32-ret,CANDIDATE,constant-return method body
5511,LIIIPJHKDAC,61580,AEGNNPENLNM,0xE4BB640,mov-ax-imm16-ret,CANDIDATE,constant-return method body
5512,NGAHIKCCMFC,83281,AEGNNPENLNM,0x13C600B0,mov-ax-imm16-ret,CANDIDATE,constant-return method body
5513,BJMMFJKCBOJ,21563,AEGNNPENLNM,0xE45C240,mov-ax-imm16-ret,CANDIDATE,constant-return method body
5521,PPMOHHMNIAA,31667,AEGNNPENLNM,0x118B1A40,mov-ax-imm16-ret,CANDIDATE,constant-return method body
5526,BPBNOGCGNMJ,53015,AEGNNPENLNM,0xE809BA0,mov-ax-imm16-ret,CANDIDATE,constant-return method body
5528,NMAOJNDKAFA,44426,AEGNNPENLNM,0xB80B750,mov-ax-imm16-ret,CANDIDATE,constant-return method body
5538,LGMIJACMJDF,27398,AEGNNPENLNM,0xC206170,mov-ax-imm16-ret,CANDIDATE,constant-return method body
5548,NFEFFJBCLOD,27241,AEGNNPENLNM,0xD057960,mov-ax-imm16-ret,CANDIDATE,constant-return method body
5549,CCEMFFDGBFG,61464,AEGNNPENLNM,0xF5483D0,mov-ax-imm16-ret,CANDIDATE,constant-return method body
5556,AGEKDDMLLAN,45483,AEGNNPENLNM,0x10412E70,mov-ax-imm16-ret,CANDIDATE,constant-return method body
5558,LBKPNBFIEBM,33342,AEGNNPENLNM,0x9C1DB60,mov-ax-imm16-ret,CANDIDATE,constant-return method body
5559,DKKNMANIHCK,67964,AEGNNPENLNM,0x13F81EB0,mov-ax-imm16-ret,CANDIDATE,constant-return method body
5564,IGKHKMHJOBK,58171,AEGNNPENLNM,0x81415C0,mov-ax-imm16-ret,CANDIDATE,constant-return method body
5569,ODOJPFDCPOH,27151,AEGNNPENLNM,0x117413D0,mov-ax-imm16-ret,CANDIDATE,constant-return method body
5570,LDAHDPGJLOD,83537,AEGNNPENLNM,0x780CCB0,mov-ax-imm16-ret,CANDIDATE,constant-return method body
5571,OMOAMDKOCGM,76333,AEGNNPENLNM,0xE79A200,mov-ax-imm16-ret,CANDIDATE,constant-return method body
5579,DEDBJEHOIOB,17074,AEGNNPENLNM,0xF5F2DE0,mov-ax-imm16-ret,CANDIDATE,constant-return method body
5584,MNICEFNNLHF,67758,AEGNNPENLNM,0xB605750,mov-ax-imm16-ret,CANDIDATE,constant-return method body
5595,ALOIMKJJOJJ,70691,AEGNNPENLNM,0xD522820,mov-ax-imm16-ret,CANDIDATE,constant-return method body
5598,FKJKCOFCGKM,44913,AEGNNPENLNM,0x10F1FD50,mov-ax-imm16-ret,CANDIDATE,constant-return method body
5603,AMDADCKKNDJ,31710,LMAJIGMOOMD,0xF7D7460,mov-eax-imm32-ret,CANDIDATE,constant-return method body
5604,JGDLADMDKPL,33305,LMAJIGMOOMD,0x81FF270,mov-eax-imm32-ret,CANDIDATE,constant-return method body
5605,MPBGJEBJNPK,19326,AEGNNPENLNM,0x9103CC0,mov-ax-imm16-ret,CANDIDATE,constant-return method body
5613,MPDKJNDPOBH,81749,AEGNNPENLNM,0xC3384A0,mov-ax-imm16-ret,CANDIDATE,constant-return method body
5614,CHEOPDGKCOA,29087,AEGNNPENLNM,0xD2C5830,mov-ax-imm16-ret,CANDIDATE,constant-return method body
5616,MOJMMANBCKB,36797,AEGNNPENLNM,0xB6177F0,mov-ax-imm16-ret,CANDIDATE,constant-return method body
5617,DDPGFDCDGIK,38118,AEGNNPENLNM,0x12543650,mov-ax-imm16-ret,CANDIDATE,constant-return method body
5618,DBMGKPGEBBL,18559,AEGNNPENLNM,0x13F20E60,mov-ax-imm16-ret,CANDIDATE,constant-return method body
5619,DDNBBDKIKDH,25243,AEGNNPENLNM,0xAFFB5A0,mov-ax-imm16-ret,CANDIDATE,constant-return method body
5620,BMHCKIOGOOI,29075,AEGNNPENLNM,0xC49B410,mov-ax-imm16-ret,CANDIDATE,constant-return method body
5626,PPLHEBIKNHD,23542,AEGNNPENLNM,0x943D6F0,mov-ax-imm16-ret,CANDIDATE,constant-return method body
5627,NCABHNICKDG,36122,AEGNNPENLNM,0x92B8E60,mov-ax-imm16-ret,CANDIDATE,constant-return method body
5628,KBDECJOOOCG,36073,AEGNNPENLNM,0x1383C110,mov-ax-imm16-ret,CANDIDATE,constant-return method body
5630,GNLDJFLBGGA,52002,AEGNNPENLNM,0x13606D50,mov-ax-imm16-ret,CANDIDATE,constant-return method body
5633,DKHGBMBLDIB,72812,AEGNNPENLNM,0x7EA6AF0,mov-ax-imm16-ret,CANDIDATE,constant-return method body
5641,OMBJILEFGFB,74566,AEGNNPENLNM,0xE794500,mov-ax-imm16-ret,CANDIDATE,constant-return method body
5642,JLCNFFOFMCN,47260,AEGNNPENLNM,0x13809A90,mov-ax-imm16-ret,CANDIDATE,constant-return method body
5649,ADHCHPMJIJD,71659,AEGNNPENLNM,0xB0E7BD0,mov-ax-imm16-ret,CANDIDATE,constant-return method body
5652,NMJMJIHOCDE,30611,AEGNNPENLNM,0x11712100,mov-ax-imm16-ret,CANDIDATE,constant-return method body
5662,ECDPBGCNPPE,83159,AEGNNPENLNM,0xF67B030,mov-ax-imm16-ret,CANDIDATE,constant-return method body
5672,OFLKDNNGNCL,50252,AEGNNPENLNM,0x10B5B880,mov-ax-imm16-ret,CANDIDATE,constant-return method body
5679,BBCOCGJIMCA,64355,AEGNNPENLNM,0xC05BE50,mov-ax-imm16-ret,CANDIDATE,constant-return method body
5682,PJBGKKBIKNG,54481,AEGNNPENLNM,0x13DEC2B0,mov-ax-imm16-ret,CANDIDATE,constant-return method body
5683,OCLEKCLPLAL,77031,AEGNNPENLNM,0x9346450,mov-ax-imm16-ret,CANDIDATE,constant-return method body
5687,HPKHMAIHPHC,73243,AEGNNPENLNM,0xD6EDAE0,mov-ax-imm16-ret,CANDIDATE,constant-return method body
5693,KPHBIHBHFBC,32412,AEGNNPENLNM,0x11F89F60,mov-ax-imm16-ret,CANDIDATE,constant-return method body
5699,EFKOBDGLDGK,11893,AEGNNPENLNM,0xB0BE700,mov-ax-imm16-ret,CANDIDATE,constant-return method body
5700,ONOALPOPGJB,73863,AEGNNPENLNM,0xE7A0870,mov-ax-imm16-ret,CANDIDATE,constant-return method body
5706,BGCKCMENFEM,64788,AEGNNPENLNM,0x71FD070,mov-ax-imm16-ret,CANDIDATE,constant-return method body
5708,CGEBEFIHBIA,53579,AEGNNPENLNM,0xBA0A9B0,mov-ax-imm16-ret,CANDIDATE,constant-return method body
5712,CIOHPGFFJBL,81059,AEGNNPENLNM,0xAF7E2D0,mov-ax-imm16-ret,CANDIDATE,constant-return method body
5720,DOCGPBPHBCK,38835,AEGNNPENLNM,0xB065E40,mov-ax-imm16-ret,CANDIDATE,constant-return method body
5726,HGPJMENIHHD,76321,AEGNNPENLNM,0xCB04A30,mov-ax-imm16-ret,CANDIDATE,constant-return method body
5729,INNLOCEGCPC,82371,AEGNNPENLNM,0x8186820,mov-ax-imm16-ret,CANDIDATE,constant-return method body
5731,KNPDFPDIJOB,38300,AEGNNPENLNM,0x833C0E0,mov-ax-imm16-ret,CANDIDATE,constant-return method body
5738,JDPCBOAOBHE,25387,AEGNNPENLNM,0xE318730,mov-ax-imm16-ret,CANDIDATE,constant-return method body
5745,OKIHNIEAABJ,66527,AEGNNPENLNM,0xE788DD0,mov-ax-imm16-ret,CANDIDATE,constant-return method body
5746,DHPEGMILCEJ,38106,AEGNNPENLNM,0xD36DFD0,mov-ax-imm16-ret,CANDIDATE,constant-return method body
5748,DGDOKMPCAOJ,67720,AEGNNPENLNM,0x956AD30,mov-ax-imm16-ret,CANDIDATE,constant-return method body
5753,LHBHBLOEAMD,54393,AEGNNPENLNM,0x12CA9350,mov-ax-imm16-ret,CANDIDATE,constant-return method body
5754,FIJICJJNLJJ,60542,AEGNNPENLNM,0x135504D0,mov-ax-imm16-ret,CANDIDATE,constant-return method body
5759,FAGBLBIMBLK,12188,AEGNNPENLNM,0xF74E640,mov-ax-imm16-ret,CANDIDATE,constant-return method body
5765,DLKHFKHOJAB,61865,AEGNNPENLNM,0xF641330,mov-ax-imm16-ret,CANDIDATE,constant-return method body
5775,MMEDFBEGJNE,68959,AEGNNPENLNM,0xAAF65F0,mov-ax-imm16-ret,CANDIDATE,constant-return method body
5787,JPMLMBGLPEG,76992,AEGNNPENLNM,0xC0E9970,mov-ax-imm16-ret,CANDIDATE,constant-return method body
5792,HCNECALKKBO,78128,AEGNNPENLNM,0xB20B650,mov-ax-imm16-ret,CANDIDATE,constant-return method body
5799,HADHBFLMLGL,32582,AEGNNPENLNM,0xA5BBA30,mov-ax-imm16-ret,CANDIDATE,constant-return method body
5801,LPJIIAPPGJJ,43161,LMAJIGMOOMD,0xE4F5100,mov-eax-imm32-ret,CANDIDATE,constant-return method body
5802,KIMOEJPEEBD,70122,AEGNNPENLNM,0x8FB4FF0,mov-ax-imm16-ret,CANDIDATE,constant-return method body
5810,OMEIJCLFLGG,72191,AEGNNPENLNM,0xD1850F0,mov-ax-imm16-ret,CANDIDATE,constant-return method body
5811,FCMEKDMJKKG,36364,AEGNNPENLNM,0x1260DAE0,mov-ax-imm16-ret,CANDIDATE,constant-return method body
5824,MIFOGPCJGFE,46480,AEGNNPENLNM,0xB5D00C0,mov-ax-imm16-ret,CANDIDATE,constant-return method body
5825,HFAGPPLJAHP,56177,AEGNNPENLNM,0xD67D720,mov-ax-imm16-ret,CANDIDATE,constant-return method body
5827,NCLKJOIAHGB,29749,AEGNNPENLNM,0x13BF26B0,mov-ax-imm16-ret,CANDIDATE,constant-return method body
5831,LCMFJAEJGGP,14938,AEGNNPENLNM,0x12002AC0,mov-ax-imm16-ret,CANDIDATE,constant-return method body
5836,MBIEGLMDEGE,58516,AEGNNPENLNM,0xFD78D90,mov-ax-imm16-ret,CANDIDATE,constant-return method body
5837,AAGINKDIBED,24174,AEGNNPENLNM,0xBC13600,mov-ax-imm16-ret,CANDIDATE,constant-return method body
5840,OIJMKNLJKPP,37803,AEGNNPENLNM,0xF3F0CE0,mov-ax-imm16-ret,CANDIDATE,constant-return method body
5849,DKCKKPGEEEH,47407,AEGNNPENLNM,0xB03D4F0,mov-ax-imm16-ret,CANDIDATE,constant-return method body
5865,PHIGGDGMJPG,68548,AEGNNPENLNM,0x7C5D7C0,mov-ax-imm16-ret,CANDIDATE,constant-return method body
5872,EPFKAOAIOIP,13062,AEGNNPENLNM,0x11B09730,mov-ax-imm16-ret,CANDIDATE,constant-return method body
5880,FGGABKDMBCO,78207,AEGNNPENLNM,0x11020840,mov-ax-imm16-ret,CANDIDATE,constant-return method body
5886,OGEECADDNNJ,29765,AEGNNPENLNM,0xB8589B0,mov-ax-imm16-ret,CANDIDATE,constant-return method body
5893,EKFEHBKAPKF,53584,AEGNNPENLNM,0x1033B400,mov-ax-imm16-ret,CANDIDATE,constant-return method body
5894,BPOFHBECHHD,75944,AEGNNPENLNM,0xFFE5D90,mov-ax-imm16-ret,CANDIDATE,constant-return method body
5895,OBAOGGIJLHM,22949,AEGNNPENLNM,0x86480A0,mov-ax-imm16-ret,CANDIDATE,constant-return method body
5896,FMKPGFLKHLE,12690,AEGNNPENLNM,0x9755FF0,mov-ax-imm16-ret,CANDIDATE,constant-return method body
5902,FIOOENJECBK,71366,AEGNNPENLNM,0x733F5D0,mov-ax-imm16-ret,CANDIDATE,constant-return method body
5903,KKOAFFKHOFD,88455,AEGNNPENLNM,0x7774760,mov-ax-imm16-ret,CANDIDATE,constant-return method body
5905,FLAINPNNJNG,50476,AEGNNPENLNM,0x7350240,mov-ax-imm16-ret,CANDIDATE,constant-return method body
5909,JJBCNABKBMN,79305,AEGNNPENLNM,0xC0414F0,mov-ax-imm16-ret,CANDIDATE,constant-return method body
5919,MJHIDMHBOHD,33831,AEGNNPENLNM,0xE540550,mov-ax-imm16-ret,CANDIDATE,constant-return method body
5923,PHBICGAIPPF,31180,AEGNNPENLNM,0x93FD790,mov-ax-imm16-ret,CANDIDATE,constant-return method body
5926,DLMKPEDPAIG,75955,AEGNNPENLNM,0x13F92510,mov-ax-imm16-ret,CANDIDATE,constant-return method body
5928,AOMDPLJIJLL,67263,AEGNNPENLNM,0xAEA94F0,mov-ax-imm16-ret,CANDIDATE,constant-return method body
5930,CBKLBOPBKGH,39704,AEGNNPENLNM,0xB937940,mov-ax-imm16-ret,CANDIDATE,constant-return method body
5934,GJJNKNBCJKO,55155,AEGNNPENLNM,0x804AB50,mov-ax-imm16-ret,CANDIDATE,constant-return method body
5937,GAPGNMBEJJE,53074,AEGNNPENLNM,0xA5000B0,mov-ax-imm16-ret,CANDIDATE,constant-return method body
5940,CKKIKJGDKDB,47580,AEGNNPENLNM,0xF593130,mov-ax-imm16-ret,CANDIDATE,constant-return method body
5946,JIABPCIGPGA,41291,AEGNNPENLNM,0x106C75D0,mov-ax-imm16-ret,CANDIDATE,constant-return method body
5960,KPGOJJPCEME,50457,AEGNNPENLNM,0xE3F3DC0,mov-ax-imm16-ret,CANDIDATE,constant-return method body
5962,MJGIIIDNCGC,82490,AEGNNPENLNM,0x9D11F30,mov-ax-imm16-ret,CANDIDATE,constant-return method body
5963,GLIHKBGFALC,50277,AEGNNPENLNM,0xA580740,mov-ax-imm16-ret,CANDIDATE,constant-return method body
5965,JKOJIBBFHCK,71652,AEGNNPENLNM,0xB3C2550,mov-ax-imm16-ret,CANDIDATE,constant-return method body
5967,AINEIHINFMK,83533,AEGNNPENLNM,0x718CD00,mov-ax-imm16-ret,CANDIDATE,constant-return method body
5968,KCNABLECOEB,37943,AEGNNPENLNM,0x9B9B080,mov-ax-imm16-ret,CANDIDATE,constant-return method body
5970,JMDJADIPOKI,86992,AEGNNPENLNM,0x8F4BCC0,mov-ax-imm16-ret,CANDIDATE,constant-return method body
5975,JPFEFEBPECF,79530,AEGNNPENLNM,0x1382C860,mov-ax-imm16-ret,CANDIDATE,constant-return method body
5979,PGGBPMLJKNM,61466,AEGNNPENLNM,0xF49E4F0,mov-ax-imm16-ret,CANDIDATE,constant-return method body
5980,OOMOPMCPCHM,46232,AEGNNPENLNM,0x10BA5E60,mov-ax-imm16-ret,CANDIDATE,constant-return method body
5985,MEOOHCLKGBF,21684,AEGNNPENLNM,0x13A11560,mov-ax-imm16-ret,CANDIDATE,constant-return method body
5988,LPCELEGFHJK,82784,AEGNNPENLNM,0x9CA8530,mov-ax-imm16-ret,CANDIDATE,constant-return method body
5991,KEPNBJHGNKE,23884,AEGNNPENLNM,0x12C11ED0,mov-ax-imm16-ret,CANDIDATE,constant-return method body
5992,LDKPICJDIPO,68873,AEGNNPENLNM,0x11406770,mov-ax-imm16-ret,CANDIDATE,constant-return method body
5993,CKKNCOOPKGN,70356,AEGNNPENLNM,0xBA2EB00,mov-ax-imm16-ret,CANDIDATE,constant-return method body
6001,EKEJEHDFOJH,19113,LMAJIGMOOMD,0x127EA5E0,mov-eax-imm32-ret,CANDIDATE,constant-return method body
6001,MJMEHLHJCOH,64337,AEGNNPENLNM,0x1096D300,mov-ax-imm16-ret,CANDIDATE,constant-return method body
6002,FANJPAGJMEG,70620,LMAJIGMOOMD,0x125F81E0,mov-eax-imm32-ret,CANDIDATE,constant-return method body
6003,EEOGFEFBMJB,22483,AEGNNPENLNM,0xBB15D10,mov-ax-imm16-ret,CANDIDATE,constant-return method body
6003,LOAIOMEPKBJ,51248,LMAJIGMOOMD,0xE4E80E0,mov-eax-imm32-ret,CANDIDATE,constant-return method body
6007,GKKKBHJFDDK,12886,AEGNNPENLNM,0xCA855A0,mov-ax-imm16-ret,CANDIDATE,constant-return method body
6008,DBPMFOLAAJG,15475,AEGNNPENLNM,0xAFECA20,mov-ax-imm16-ret,CANDIDATE,constant-return method body
6009,HELECBOMKOK,38713,AEGNNPENLNM,0x8C897E0,mov-ax-imm16-ret,CANDIDATE,constant-return method body
6010,ENEBPOBJHKI,33820,AEGNNPENLNM,0xA22C250,mov-ax-imm16-ret,CANDIDATE,constant-return method body
6012,CDMIDGLJIOK,43086,AEGNNPENLNM,0x101BAD40,mov-ax-imm16-ret,CANDIDATE,constant-return method body
6015,HLJKGJBNBOK,12091,AEGNNPENLNM,0xBECB0B0,mov-ax-imm16-ret,CANDIDATE,constant-return method body
6024,COFLAMIJLPB,20834,AEGNNPENLNM,0x10D6A800,mov-ax-imm16-ret,CANDIDATE,constant-return method body
6026,HMEDCOMGEKM,61235,AEGNNPENLNM,0xCB376E0,mov-ax-imm16-ret,CANDIDATE,constant-return method body
6031,NLCHHKGGNKE,48906,AEGNNPENLNM,0x86174F0,mov-ax-imm16-ret,CANDIDATE,constant-return method body
6039,BMCJHDACDCO,38137,AEGNNPENLNM,0x9B47810,mov-ax-imm16-ret,CANDIDATE,constant-return method body
6041,FDNGIPGPMPG,51723,AEGNNPENLNM,0xBD3F9C0,mov-ax-imm16-ret,CANDIDATE,constant-return method body
6046,CIKNPHDGEHD,61957,AEGNNPENLNM,0x124DAFD0,mov-ax-imm16-ret,CANDIDATE,constant-return method body
6047,JICMLKOEOBM,46819,AEGNNPENLNM,0xE331E90,mov-ax-imm16-ret,CANDIDATE,constant-return method body
6050,MDBEGNFHMKK,74314,AEGNNPENLNM,0xE51E140,mov-ax-imm16-ret,CANDIDATE,constant-return method body
6059,CPKHMPIPIOD,32128,AEGNNPENLNM,0x12522710,mov-ax-imm16-ret,CANDIDATE,constant-return method body
6061,JBIILNHHBDI,57764,AEGNNPENLNM,0x12AD2500,mov-ax-imm16-ret,CANDIDATE,constant-return method body
6087,NBNNCNGDEEC,40489,AEGNNPENLNM,0xE691B20,mov-ax-imm16-ret,CANDIDATE,constant-return method body
6091,AKAGFJOODEK,46245,AEGNNPENLNM,0x12728CA0,mov-ax-imm16-ret,CANDIDATE,constant-return method body
6092,LLJACDMKGHE,43148,AEGNNPENLNM,0xAA53790,mov-ax-imm16-ret,CANDIDATE,constant-return method body
6095,PDCNLPCOFKA,73398,AEGNNPENLNM,0xD233520,mov-ax-imm16-ret,CANDIDATE,constant-return method body
6099,BAELNICKAED,28050,AEGNNPENLNM,0x971E270,mov-ax-imm16-ret,CANDIDATE,constant-return method body
6100,EKPJICJABNJ,32442,LAHBCIAHGNJ,0xEA6BB80,mov-eax-imm32-ret,CANDIDATE,constant-return method body
6100,PMLJLPIOHPN,62328,NHKADDKJLGL,0x13E1B0C0,mov-eax-imm32-ret,CANDIDATE,constant-return method body
6101,DNJHCNHGLMA,21601,AEGNNPENLNM,0x11A55100,mov-ax-imm16-ret,CANDIDATE,constant-return method body
6103,DLNGLHJPKGN,17174,AEGNNPENLNM,0xF641C70,mov-ax-imm16-ret,CANDIDATE,constant-return method body
6104,HGCNPJKNOLO,62280,LMAJIGMOOMD,0x11122AF0,mov-eax-imm32-ret,CANDIDATE,constant-return method body
6105,DIECLKFLIKM,18582,AEGNNPENLNM,0x13F6D380,mov-ax-imm16-ret,CANDIDATE,constant-return method body
6111,EGNBAHKBOIF,71711,AEGNNPENLNM,0x11ABECE0,mov-ax-imm16-ret,CANDIDATE,constant-return method body
6112,MCPDCEPCOOH,68267,AEGNNPENLNM,0x120C3C60,mov-ax-imm16-ret,CANDIDATE,constant-return method body
6114,CPPCFFIHFOH,84606,AEGNNPENLNM,0x133E6A80,mov-ax-imm16-ret,CANDIDATE,constant-return method body
6120,JOGIIFKIJPG,18184,AEGNNPENLNM,0x12BC3A70,mov-ax-imm16-ret,CANDIDATE,constant-return method body
6123,DOPBFGFDCOP,58174,AEGNNPENLNM,0x10DFAB20,mov-ax-imm16-ret,CANDIDATE,constant-return method body
6130,MHGFAHBCCPE,73532,AEGNNPENLNM,0x13A2A0B0,mov-ax-imm16-ret,CANDIDATE,constant-return method body
6132,GJFJCDFHAOB,42039,AEGNNPENLNM,0x97F4A40,mov-ax-imm16-ret,CANDIDATE,constant-return method body
6133,ANHFCEPPAEC,21587,AEGNNPENLNM,0x10FD8AA0,mov-ax-imm16-ret,CANDIDATE,constant-return method body
6135,MNNKNMIGNLG,73098,AEGNNPENLNM,0x846FAD0,mov-ax-imm16-ret,CANDIDATE,constant-return method body
6152,IGKNEICNAAE,28235,AEGNNPENLNM,0x7578780,mov-ax-imm16-ret,CANDIDATE,constant-return method body
6155,NPAEEMJFIBA,71902,AEGNNPENLNM,0x1002B0C0,mov-ax-imm16-ret,CANDIDATE,constant-return method body
6162,OKJDKDADMMA,29049,AEGNNPENLNM,0x9FBDD00,mov-ax-imm16-ret,CANDIDATE,constant-return method body
6164,PANADALJHLH,87634,AEGNNPENLNM,0x11831680,mov-ax-imm16-ret,CANDIDATE,constant-return method body
6167,LCGNPHBIDCM,52392,AEGNNPENLNM,0xC1C4040,mov-ax-imm16-ret,CANDIDATE,constant-return method body
6178,DGEGDLPIKOM,30060,AEGNNPENLNM,0xD360E00,mov-ax-imm16-ret,CANDIDATE,constant-return method body
6182,HDLMIJPJPGO,20115,AEGNNPENLNM,0xF96CC00,mov-ax-imm16-ret,CANDIDATE,constant-return method body
6185,EPMIGECEJBM,64441,AEGNNPENLNM,0xA241B40,mov-ax-imm16-ret,CANDIDATE,constant-return method body
6188,CEKMDCEADDP,80945,AEGNNPENLNM,0x86ED520,mov-ax-imm16-ret,CANDIDATE,constant-return method body
6189,KFMIAONJNCN,16052,AEGNNPENLNM,0xEFFCB30,mov-ax-imm16-ret,CANDIDATE,constant-return method body
6190,OPHMMOIAKIK,19290,AEGNNPENLNM,0x13DA4830,mov-ax-imm16-ret,CANDIDATE,constant-return method body
6192,PJCPKALHLFK,52331,AEGNNPENLNM,0xA040C10,mov-ax-imm16-ret,CANDIDATE,constant-return method body
6200,GJCDHFGLDAJ,32587,NHKADDKJLGL,0x11C06750,mov-eax-imm32-ret,CANDIDATE,constant-return method body
6200,JJELNPEEJAL,67601,AEGNNPENLNM,0xA8ECCE0,mov-ax-imm16-ret,CANDIDATE,constant-return method body
6200,NFLFMHCCCMD,36411,LAHBCIAHGNJ,0xD059120,mov-eax-imm32-ret,CANDIDATE,constant-return method body
6201,FEBCJCNJGHD,46888,LMAJIGMOOMD,0x14099E40,mov-eax-imm32-ret,CANDIDATE,constant-return method body
6203,FACDALHLPBN,26651,LMAJIGMOOMD,0x103771C0,mov-eax-imm32-ret,CANDIDATE,constant-return method body
6204,IOBCNKKAHIJ,21484,AEGNNPENLNM,0xA857600,mov-ax-imm16-ret,CANDIDATE,constant-return method body
6206,AKGPLIAKPHE,74785,AEGNNPENLNM,0x1272DB60,mov-ax-imm16-ret,CANDIDATE,constant-return method body
6215,MLACCEJCGOD,23025,AEGNNPENLNM,0xC30B3D0,mov-ax-imm16-ret,CANDIDATE,constant-return method body
6217,DFBCCIBLMGO,44497,AEGNNPENLNM,0x1254B8C0,mov-ax-imm16-ret,CANDIDATE,constant-return method body
6218,MHIIGPFPLOH,85024,AEGNNPENLNM,0x8440580,mov-ax-imm16-ret,CANDIDATE,constant-return method body
6225,JKAJLHFLADN,39198,AEGNNPENLNM,0xFB4F6C0,mov-ax-imm16-ret,CANDIDATE,constant-return method body
6226,FNFDGIKFKIJ,88350,AEGNNPENLNM,0xBBE8610,mov-ax-imm16-ret,CANDIDATE,constant-return method body
6233,AJNHFNFHGMD,20773,AEGNNPENLNM,0x12721E20,mov-ax-imm16-ret,CANDIDATE,constant-return method body
6241,DCCOGMLHACC,41798,AEGNNPENLNM,0x7D5F420,mov-ax-imm16-ret,CANDIDATE,constant-return method body
6253,LDMLHMLKOJE,71961,AEGNNPENLNM,0x9C38E10,mov-ax-imm16-ret,CANDIDATE,constant-return method body
6254,ECJJLGOIDCG,42472,AEGNNPENLNM,0xD3C03F0,mov-ax-imm16-ret,CANDIDATE,constant-return method body
6257,BJLHPCEEKCI,84499,AEGNNPENLNM,0xEEB9AE0,mov-ax-imm16-ret,CANDIDATE,constant-return method body
6260,DCKMENPGNKD,19445,AEGNNPENLNM,0xE92D160,mov-ax-imm16-ret,CANDIDATE,constant-return method body
6261,CFBFLDENIGB,40930,AEGNNPENLNM,0x9F352E0,mov-ax-imm16-ret,CANDIDATE,constant-return method body
6262,CELOKBDLGBE,85607,AEGNNPENLNM,0xC76C3E0,mov-ax-imm16-ret,CANDIDATE,constant-return method body
6263,LHJIPDDJEDA,56618,AEGNNPENLNM,0x12CAC330,mov-ax-imm16-ret,CANDIDATE,constant-return method body
6264,FNCLJGGJICG,13320,AEGNNPENLNM,0x128BE240,mov-ax-imm16-ret,CANDIDATE,constant-return method body
6265,MAPFKOHIHCP,81261,AEGNNPENLNM,0x78A6020,mov-ax-imm16-ret,CANDIDATE,constant-return method body
6266,NIHNHCDKNIC,75878,AEGNNPENLNM,0xD07DCE0,mov-ax-imm16-ret,CANDIDATE,constant-return method body
6272,JLKNGOOFKOA,37028,AEGNNPENLNM,0x106E8B10,mov-ax-imm16-ret,CANDIDATE,constant-return method body
6273,FOFABMIKBHN,34251,AEGNNPENLNM,0x104924A0,mov-ax-imm16-ret,CANDIDATE,constant-return method body
6278,ACECIELCEFC,33495,AEGNNPENLNM,0x103E0010,mov-ax-imm16-ret,CANDIDATE,constant-return method body
6279,MCPIAIIHOCB,34812,AEGNNPENLNM,0x78C03E0,mov-ax-imm16-ret,CANDIDATE,constant-return method body
6280,DJIOPHHKMOK,13178,AEGNNPENLNM,0x13F7CFE0,mov-ax-imm16-ret,CANDIDATE,constant-return method body
6297,IKHOKIOKMJF,41306,AEGNNPENLNM,0xBF9A3B0,mov-ax-imm16-ret,CANDIDATE,constant-return method body
6301,JBPNOFNNJFF,63046,AEGNNPENLNM,0x9A58F10,mov-ax-imm16-ret,CANDIDATE,constant-return method body
6302,INKPGGLAAKC,22388,BPNEPDCHCAJ,0x125C4240,mov-eax-imm32-ret,CANDIDATE,constant-return method body
6303,BMOCAJJOLKJ,32281,LMAJIGMOOMD,0x117AE660,mov-eax-imm32-ret,CANDIDATE,constant-return method body
6303,IBPEHCPKIPO,77694,LMAJIGMOOMD,0xCBAF660,mov-eax-imm32-ret,CANDIDATE,constant-return method body
6303,MAGEGKBLKBD,79243,LMAJIGMOOMD,0x11479080,mov-eax-imm32-ret,CANDIDATE,constant-return method body
6303,PJHJNNOMOAH,39513,LMAJIGMOOMD,0x13217A30,mov-eax-imm32-ret,CANDIDATE,constant-return method body
6304,PGHMNEBDGAP,81811,AEGNNPENLNM,0x13DC7CC0,mov-ax-imm16-ret,CANDIDATE,constant-return method body
6306,APJCFFFGGOJ,77353,AEGNNPENLNM,0x11371180,mov-ax-imm16-ret,CANDIDATE,constant-return method body
6307,NHMACLNOGOF,22807,AEGNNPENLNM,0x13C694B0,mov-ax-imm16-ret,CANDIDATE,constant-return method body
6308,FODCOBPDPHA,27882,AEGNNPENLNM,0xA4CFFB0,mov-ax-imm16-ret,CANDIDATE,constant-return method body
6311,GGFLJEFPPLM,74940,AEGNNPENLNM,0xA543390,mov-ax-imm16-ret,CANDIDATE,constant-return method body
6314,LGHPMINIPPF,48851,AEGNNPENLNM,0xB4AB550,mov-ax-imm16-ret,CANDIDATE,constant-return method body
6316,KCCBLAGFICF,71206,AEGNNPENLNM,0xC1091D0,mov-ax-imm16-ret,CANDIDATE,constant-return method body
6318,ADCIIBIPBEI,12663,AEGNNPENLNM,0xEAD6D30,mov-ax-imm16-ret,CANDIDATE,constant-return method body
6322,EMKOHDBHCFG,67637,AEGNNPENLNM,0x1034DF70,mov-ax-imm16-ret,CANDIDATE,constant-return method body
6324,DFAFGDPDNGB,13710,AEGNNPENLNM,0x1028FEA0,mov-ax-imm16-ret,CANDIDATE,constant-return method body
6325,BENKAAJCJAI,21052,AEGNNPENLNM,0xAEC7730,mov-ax-imm16-ret,CANDIDATE,constant-return method body
6326,EEIIJMDHNNE,66573,AEGNNPENLNM,0xBB12F70,mov-ax-imm16-ret,CANDIDATE,constant-return method body
6345,NBOKGCIEKBD,62242,AEGNNPENLNM,0x92B7FB0,mov-ax-imm16-ret,CANDIDATE,constant-return method body
6349,HBIKGKNGMBN,41029,AEGNNPENLNM,0x10537CB0,mov-ax-imm16-ret,CANDIDATE,constant-return method body
6351,MFHKBIBCCFB,84426,AEGNNPENLNM,0xC2DC9B0,mov-ax-imm16-ret,CANDIDATE,constant-return method body
6356,PLOIAKKHLOM,45139,AEGNNPENLNM,0x1188C690,mov-ax-imm16-ret,CANDIDATE,constant-return method body
6358,ONHJOEMKNFE,65840,AEGNNPENLNM,0x7C00900,mov-ax-imm16-ret,CANDIDATE,constant-return method body
6362,AGIPHPIGHKF,24058,AEGNNPENLNM,0x10413440,mov-ax-imm16-ret,CANDIDATE,constant-return method body
6363,OIGPMCFFOCH,17733,AEGNNPENLNM,0x117DE300,mov-ax-imm16-ret,CANDIDATE,constant-return method body
6373,AAAOKHAONPA,55698,AEGNNPENLNM,0x11B1EAA0,mov-ax-imm16-ret,CANDIDATE,constant-return method body
6374,GCKHPPCCCKI,30338,AEGNNPENLNM,0xB197590,mov-ax-imm16-ret,CANDIDATE,constant-return method body
6382,CCBPFOBPJAN,70287,AEGNNPENLNM,0x123CDB70,mov-ax-imm16-ret,CANDIDATE,constant-return method body
6390,KMEHDBAGDDF,44422,AEGNNPENLNM,0xB465560,mov-ax-imm16-ret,CANDIDATE,constant-return method body
6392,BOMFGEGGJLO,64375,AEGNNPENLNM,0x9473C80,mov-ax-imm16-ret,CANDIDATE,constant-return method body
6394,ELCLLFPHPDO,37746,AEGNNPENLNM,0xBB43AB0,mov-ax-imm16-ret,CANDIDATE,constant-return method body
6395,LGKDMJMLJKI,77951,AEGNNPENLNM,0xAA24240,mov-ax-imm16-ret,CANDIDATE,constant-return method body
6400,PMFAKLNCDJJ,25578,NIIICEHCLKF,0x87A9B20,mov-eax-imm32-ret,CANDIDATE,constant-return method body
6402,COIPOAPDINA,59671,AEGNNPENLNM,0xF5C1F60,mov-ax-imm16-ret,CANDIDATE,constant-return method body
6404,DIPBOGELPOP,47368,AEGNNPENLNM,0x9599E00,mov-ax-imm16-ret,CANDIDATE,constant-return method body
6416,MPJDEOLCJNF,21824,AEGNNPENLNM,0x7967230,mov-ax-imm16-ret,CANDIDATE,constant-return method body
6418,DGIBEJIGJGJ,60164,AEGNNPENLNM,0xBAA7850,mov-ax-imm16-ret,CANDIDATE,constant-return method body
6419,AAEPOJPOMEP,61331,AEGNNPENLNM,0xF7543C0,mov-ax-imm16-ret,CANDIDATE,constant-return method body
6425,BIAEHJGPABI,14194,AEGNNPENLNM,0x75C81B0,mov-ax-imm16-ret,CANDIDATE,constant-return method body
6427,GBKMJCKDPLB,70206,AEGNNPENLNM,0x979A880,mov-ax-imm16-ret,CANDIDATE,constant-return method body
6428,LBEIMPOLDKF,30102,AEGNNPENLNM,0x11F9A490,mov-ax-imm16-ret,CANDIDATE,constant-return method body
6432,IKCMIFKIFNG,86156,AEGNNPENLNM,0xB2E6360,mov-ax-imm16-ret,CANDIDATE,constant-return method body
6435,EFAANAJIFNJ,29430,AEGNNPENLNM,0xEA0D480,mov-ax-imm16-ret,CANDIDATE,constant-return method body
6439,CDGEHONMBJD,40362,AEGNNPENLNM,0x11916ED0,mov-ax-imm16-ret,CANDIDATE,constant-return method body
6440,GHLIJOGLPCB,31571,AEGNNPENLNM,0xD60DB00,mov-ax-imm16-ret,CANDIDATE,constant-return method body
6441,EBLMJCLCKHB,74454,AEGNNPENLNM,0xE9EA510,mov-ax-imm16-ret,CANDIDATE,constant-return method body
6447,JLHGHMFMCOI,45323,AEGNNPENLNM,0x8F425E0,mov-ax-imm16-ret,CANDIDATE,constant-return method body
6448,HFBICBIFCGA,83940,AEGNNPENLNM,0x11119DD0,mov-ax-imm16-ret,CANDIDATE,constant-return method body
6450,CCOPIPMNFDM,46519,AEGNNPENLNM,0x9F1B950,mov-ax-imm16-ret,CANDIDATE,constant-return method body
6453,NIEFBCCDPJF,63735,AEGNNPENLNM,0xC575690,mov-ax-imm16-ret,CANDIDATE,constant-return method body
6454,GIJFEGHILNE,50898,AEGNNPENLNM,0xEC1F5F0,mov-ax-imm16-ret,CANDIDATE,constant-return method body
6455,JANHPLFAEAM,69638,AEGNNPENLNM,0xBFDBF90,mov-ax-imm16-ret,CANDIDATE,constant-return method body
6456,EACMAEBBKBH,67171,AEGNNPENLNM,0x95E2510,mov-ax-imm16-ret,CANDIDATE,constant-return method body
6463,EDDNIMKIBEN,54454,AEGNNPENLNM,0xA1A7760,mov-ax-imm16-ret,CANDIDATE,constant-return method body
6467,ADCMLHMDKFI,68523,AEGNNPENLNM,0x7EC72B0,mov-ax-imm16-ret,CANDIDATE,constant-return method body
6472,MCAGADGANOB,61596,AEGNNPENLNM,0xE512890,mov-ax-imm16-ret,CANDIDATE,constant-return method body
6473,GOEGODGPBFE,33761,AEGNNPENLNM,0x11C49FB0,mov-ax-imm16-ret,CANDIDATE,constant-return method body
6474,AFHEMPENDCD,40371,AEGNNPENLNM,0x11B655C0,mov-ax-imm16-ret,CANDIDATE,constant-return method body
6477,NCEPMPPLJCN,65650,AEGNNPENLNM,0x92BAD90,mov-ax-imm16-ret,CANDIDATE,constant-return method body
6481,OEMBNKKNJPA,14009,AEGNNPENLNM,0x11746680,mov-ax-imm16-ret,CANDIDATE,constant-return method body
6486,BMJEEJILAJE,17615,AEGNNPENLNM,0x133094F0,mov-ax-imm16-ret,CANDIDATE,constant-return method body
6494,OLEFGGCPGDF,43547,AEGNNPENLNM,0x10B7BE80,mov-ax-imm16-ret,CANDIDATE,constant-return method body
6500,KIEGOCNLCCB,86975,NHKADDKJLGL,0xC167CB0,mov-eax-imm32-ret,CANDIDATE,constant-return method body
6501,GNLCCOAHLCK,25888,LMAJIGMOOMD,0xD6425A0,mov-eax-imm32-ret,CANDIDATE,constant-return method body
6503,BAFMOJMLDNI,68601,LMAJIGMOOMD,0x104895A0,mov-eax-imm32-ret,CANDIDATE,constant-return method body
6503,KCOLHJBAHNL,58415,LMAJIGMOOMD,0x12BFB430,mov-eax-imm32-ret,CANDIDATE,constant-return method body
6503,LMLPFNCFBLF,18753,LMAJIGMOOMD,0xB502B60,mov-eax-imm32-ret,CANDIDATE,constant-return method body
6504,GHNLHIMEDGJ,83021,AEGNNPENLNM,0xF8CF380,mov-ax-imm16-ret,CANDIDATE,constant-return method body
6506,ANJJHHKHELD,43282,AEGNNPENLNM,0x7F02BF0,mov-ax-imm16-ret,CANDIDATE,constant-return method body
6508,CMFCLJDMPIJ,36504,AEGNNPENLNM,0x10D39710,mov-ax-imm16-ret,CANDIDATE,constant-return method body
6509,GBOKAAGEBKD,80900,AEGNNPENLNM,0xBDB46C0,mov-ax-imm16-ret,CANDIDATE,constant-return method body
6512,GEBLLIFJODE,30128,AEGNNPENLNM,0x11BE59D0,mov-ax-imm16-ret,CANDIDATE,constant-return method body
6515,BOKAPNDJBCM,49201,AEGNNPENLNM,0xE8076B0,mov-ax-imm16-ret,CANDIDATE,constant-return method body
6516,JGDNAAMONPO,82879,AEGNNPENLNM,0x137BB0F0,mov-ax-imm16-ret,CANDIDATE,constant-return method body
6522,PCGOJGGAOPD,71400,AEGNNPENLNM,0x873C010,mov-ax-imm16-ret,CANDIDATE,constant-return method body
6526,JBJHIEOFJBK,43459,AEGNNPENLNM,0xCC42E60,mov-ax-imm16-ret,CANDIDATE,constant-return method body
6527,JFIJFNNNOEO,87314,AEGNNPENLNM,0x137B55F0,mov-ax-imm16-ret,CANDIDATE,constant-return method body
6539,EEJDANGLIDK,50700,AEGNNPENLNM,0x10E17650,mov-ax-imm16-ret,CANDIDATE,constant-return method body
6547,OAAGLIGPBHA,28808,AEGNNPENLNM,0x1003C4D0,mov-ax-imm16-ret,CANDIDATE,constant-return method body
6548,DIAGKLAKIGN,16755,AEGNNPENLNM,0x958E770,mov-ax-imm16-ret,CANDIDATE,constant-return method body
6553,FCINACKJIMA,85885,AEGNNPENLNM,0xEB7A0E0,mov-ax-imm16-ret,CANDIDATE,constant-return method body
6555,MEPDGIDOMHP,80560,AEGNNPENLNM,0x10947390,mov-ax-imm16-ret,CANDIDATE,constant-return method body
6559,CGHDGNAHOOJ,71647,AEGNNPENLNM,0x11938590,mov-ax-imm16-ret,CANDIDATE,constant-return method body
6560,FEDHAHBJNLA,37029,AEGNNPENLNM,0x8B45990,mov-ax-imm16-ret,CANDIDATE,constant-return method body
6561,ACGEONJPBPL,19371,AEGNNPENLNM,0x7EBDA70,mov-ax-imm16-ret,CANDIDATE,constant-return method body
6562,EHFHIJCCBEJ,45405,AEGNNPENLNM,0xBB28620,mov-ax-imm16-ret,CANDIDATE,constant-return method body
6572,BMFBKEIBEBH,63534,AEGNNPENLNM,0x13C941B0,mov-ax-imm16-ret,CANDIDATE,constant-return method body
6579,JONAGHOAMLH,79541,AEGNNPENLNM,0x11F08EB0,mov-ax-imm16-ret,CANDIDATE,constant-return method body
6586,PFDLCJOCAFD,47097,AEGNNPENLNM,0x123FB9C0,mov-ax-imm16-ret,CANDIDATE,constant-return method body
6589,KOOCBDFENLN,32330,AEGNNPENLNM,0xE3F0940,mov-ax-imm16-ret,CANDIDATE,constant-return method body
6593,HGGLENEOPCH,72369,AEGNNPENLNM,0x1056E130,mov-ax-imm16-ret,CANDIDATE,constant-return method body
6598,GGBCMOAIPJM,61637,AEGNNPENLNM,0x8BF5570,mov-ax-imm16-ret,CANDIDATE,constant-return method body
6601,EJMOLEJJJDP,88408,AEGNNPENLNM,0x72A7C40,mov-ax-imm16-ret,CANDIDATE,constant-return method body
6602,HKMEDGFOLMO,18634,AEGNNPENLNM,0xF9B2840,mov-ax-imm16-ret,CANDIDATE,constant-return method body
6607,LBIICNMLEHI,88097,AEGNNPENLNM,0x107D7850,mov-ax-imm16-ret,CANDIDATE,constant-return method body
6608,MBAOMGPAGIO,23410,AEGNNPENLNM,0xB586550,mov-ax-imm16-ret,CANDIDATE,constant-return method body
6610,AKBLFBKEKBM,24391,AEGNNPENLNM,0x8A8E5F0,mov-ax-imm16-ret,CANDIDATE,constant-return method body
6622,ALPCFFANJPJ,52230,AEGNNPENLNM,0x8AA5D30,mov-ax-imm16-ret,CANDIDATE,constant-return method body
6623,POJKGKBLJBL,32068,AEGNNPENLNM,0x87B68C0,mov-ax-imm16-ret,CANDIDATE,constant-return method body
6628,OMNFPIOOHPL,80564,AEGNNPENLNM,0x1314EBE0,mov-ax-imm16-ret,CANDIDATE,constant-return method body
6634,DGNIHPJBOLA,27605,AEGNNPENLNM,0x1029A410,mov-ax-imm16-ret,CANDIDATE,constant-return method body
6644,AIOMDJCLJDE,81661,AEGNNPENLNM,0x8A749B0,mov-ax-imm16-ret,CANDIDATE,constant-return method body
6648,KDKFCBOBKKB,85375,AEGNNPENLNM,0x8292590,mov-ax-imm16-ret,CANDIDATE,constant-return method body
6649,CKBCMBHDLBK,22145,AEGNNPENLNM,0x10D305E0,mov-ax-imm16-ret,CANDIDATE,constant-return method body
6651,BLGCEGDHKPC,31655,AEGNNPENLNM,0xC494B90,mov-ax-imm16-ret,CANDIDATE,constant-return method body
6657,KNHKFEPHEDF,31027,AEGNNPENLNM,0x778B880,mov-ax-imm16-ret,CANDIDATE,constant-return method body
6659,CIHJBDHLFNB,52311,AEGNNPENLNM,0x124DAD10,mov-ax-imm16-ret,CANDIDATE,constant-return method body
6668,AEOCGDMLMNC,65245,AEGNNPENLNM,0x126F4C70,mov-ax-imm16-ret,CANDIDATE,constant-return method body
6671,KFBPHGOGIBC,13655,AEGNNPENLNM,0xC129D00,mov-ax-imm16-ret,CANDIDATE,constant-return method body
6674,GONMGADLNNI,45063,AEGNNPENLNM,0x8076890,mov-ax-imm16-ret,CANDIDATE,constant-return method body
6676,BKBCILCNLNN,53893,AEGNNPENLNM,0xAEEA250,mov-ax-imm16-ret,CANDIDATE,constant-return method body
6677,BJMOMCFJHOP,25802,AEGNNPENLNM,0x75D9BE0,mov-ax-imm16-ret,CANDIDATE,constant-return method body
6680,LCBMIPFBMNJ,72231,AEGNNPENLNM,0x77DA670,mov-ax-imm16-ret,CANDIDATE,constant-return method body
6682,KABBEJCDGOE,75650,AEGNNPENLNM,0x8280740,mov-ax-imm16-ret,CANDIDATE,constant-return method body
6686,AAOFPNFBFHH,79239,AEGNNPENLNM,0x8A032C0,mov-ax-imm16-ret,CANDIDATE,constant-return method body
6691,PGENMCEMNAK,13616,AEGNNPENLNM,0x7C359C0,mov-ax-imm16-ret,CANDIDATE,constant-return method body
6695,BKHEBBFBEKL,73896,AEGNNPENLNM,0x9B37F00,mov-ax-imm16-ret,CANDIDATE,constant-return method body
6698,PJGPPLEPPAP,49372,AEGNNPENLNM,0x7C6C720,mov-ax-imm16-ret,CANDIDATE,constant-return method body
6702,CEOFCFJKHCE,33717,AEGNNPENLNM,0x94D4950,mov-ax-imm16-ret,CANDIDATE,constant-return method body
6702,KFOACBBOENN,26962,LMAJIGMOOMD,0x12C17E80,mov-eax-imm32-ret,CANDIDATE,constant-return method body
6702,KHCEAFJILHG,42590,LMAJIGMOOMD,0xFC60720,mov-eax-imm32-ret,CANDIDATE,constant-return method body
6702,MKBBKGBINIJ,42208,LMAJIGMOOMD,0xE54F8E0,mov-eax-imm32-ret,CANDIDATE,constant-return method body
6713,JCEGEFAADBF,68115,AEGNNPENLNM,0xB37EC90,mov-ax-imm16-ret,CANDIDATE,constant-return method body
6714,HBPECLJEFKJ,63110,AEGNNPENLNM,0x11C6FC00,mov-ax-imm16-ret,CANDIDATE,constant-return method body
6717,ENLOCAHBFAH,79554,AEGNNPENLNM,0x10363D80,mov-ax-imm16-ret,CANDIDATE,constant-return method body
6719,PJGNPAGPDHI,23654,AEGNNPENLNM,0x124239E0,mov-ax-imm16-ret,CANDIDATE,constant-return method body
6733,NCGKIGEHLCH,57315,AEGNNPENLNM,0xB770200,mov-ax-imm16-ret,CANDIDATE,constant-return method body
6743,ABJOMOIIDHH,81959,AEGNNPENLNM,0x103DAB10,mov-ax-imm16-ret,CANDIDATE,constant-return method body
6747,EOBPAHPINJP,80189,AEGNNPENLNM,0xBD15AB0,mov-ax-imm16-ret,CANDIDATE,constant-return method body
6748,GKILAJGCAHE,87919,AEGNNPENLNM,0xD61F2C0,mov-ax-imm16-ret,CANDIDATE,constant-return method body
6750,LNJHKHEDBEF,66369,AEGNNPENLNM,0xAA60500,mov-ax-imm16-ret,CANDIDATE,constant-return method body
6752,KBKJHBLBLJO,65257,AEGNNPENLNM,0x9B1DF70,mov-ax-imm16-ret,CANDIDATE,constant-return method body
6768,EEDPCIBEGFA,32877,AEGNNPENLNM,0xBCC7590,mov-ax-imm16-ret,CANDIDATE,constant-return method body
6771,KAKOGKMNDAM,63799,AEGNNPENLNM,0xCCFF830,mov-ax-imm16-ret,CANDIDATE,constant-return method body
6774,ICMCPHPFIKJ,83231,AEGNNPENLNM,0x136E72D0,mov-ax-imm16-ret,CANDIDATE,constant-return method body
6776,MLNLMLKHFFG,85717,AEGNNPENLNM,0xC31A8A0,mov-ax-imm16-ret,CANDIDATE,constant-return method body
6780,DPIOMKPBEHJ,13210,AEGNNPENLNM,0x13FB8770,mov-ax-imm16-ret,CANDIDATE,constant-return method body
6791,CNMGKDHJOHD,85192,AEGNNPENLNM,0x1025C1D0,mov-ax-imm16-ret,CANDIDATE,constant-return method body
6792,NOLOJHAGFHJ,84575,AEGNNPENLNM,0xF3848A0,mov-ax-imm16-ret,CANDIDATE,constant-return method body
6793,NHDEPCPMIFI,33535,AEGNNPENLNM,0xFF7D750,mov-ax-imm16-ret,CANDIDATE,constant-return method body
6794,DHEGDOFDOBL,21096,AEGNNPENLNM,0xB013520,mov-ax-imm16-ret,CANDIDATE,constant-return method body
6798,MCKBBFDOIJJ,53416,AEGNNPENLNM,0x139FC310,mov-ax-imm16-ret,CANDIDATE,constant-return method body
6799,ODAMJNAHDHC,18248,AEGNNPENLNM,0x130F2880,mov-ax-imm16-ret,CANDIDATE,constant-return method body
6800,HDFFEFBJCFK,24074,AEGNNPENLNM,0xB20BA60,mov-ax-imm16-ret,CANDIDATE,constant-return method body
6801,ALIBNMJJCEC,16475,AEGNNPENLNM,0x12737D90,mov-ax-imm16-ret,CANDIDATE,constant-return method body
6803,HNMHOKJFDKK,86144,AEGNNPENLNM,0x1059FFA0,mov-ax-imm16-ret,CANDIDATE,constant-return method body
6804,DNMEHNOCEMM,84054,AEGNNPENLNM,0x102D2490,mov-ax-imm16-ret,CANDIDATE,constant-return method body
6809,LNGGKLGMNGA,45607,AEGNNPENLNM,0x1145E670,mov-ax-imm16-ret,CANDIDATE,constant-return method body
6812,DAHNIAGIPJO,80708,AEGNNPENLNM,0xF5D2260,mov-ax-imm16-ret,CANDIDATE,constant-return method body
6817,LEFCEINNLJI,16044,AEGNNPENLNM,0xAA0B810,mov-ax-imm16-ret,CANDIDATE,constant-return method body
6825,BLBKEPBEJPP,36656,AEGNNPENLNM,0xF295940,mov-ax-imm16-ret,CANDIDATE,constant-return method body
6831,PPEHKINDBIB,60667,AEGNNPENLNM,0xAE4D990,mov-ax-imm16-ret,CANDIDATE,constant-return method body
6839,LCMNMMBLHIM,22230,AEGNNPENLNM,0x9C29AE0,mov-ax-imm16-ret,CANDIDATE,constant-return method body
6840,AGOFKAIKFDA,45071,AEGNNPENLNM,0xC988F60,mov-ax-imm16-ret,CANDIDATE,constant-return method body
6852,FIDOAAFAAGF,57891,AEGNNPENLNM,0x1102F5C0,mov-ax-imm16-ret,CANDIDATE,constant-return method body
6862,JKDIPECIMDK,49637,AEGNNPENLNM,0x106D3130,mov-ax-imm16-ret,CANDIDATE,constant-return method body
6863,LANDKBBPGBA,47313,AEGNNPENLNM,0x8368340,mov-ax-imm16-ret,CANDIDATE,constant-return method body
6868,FNNGKBHFEOG,82479,AEGNNPENLNM,0xEBD9A00,mov-ax-imm16-ret,CANDIDATE,constant-return method body
6875,ABECMIJPFFB,31066,AEGNNPENLNM,0x9695880,mov-ax-imm16-ret,CANDIDATE,constant-return method body
6876,HOGNDKBGGIL,49738,AEGNNPENLNM,0x12A45A00,mov-ax-imm16-ret,CANDIDATE,constant-return method body
6880,EKBNELNINOI,64748,AEGNNPENLNM,0xD408390,mov-ax-imm16-ret,CANDIDATE,constant-return method body
6889,DFJPOGCDNDJ,72892,AEGNNPENLNM,0x1341C100,mov-ax-imm16-ret,CANDIDATE,constant-return method body
6893,KGOMOOEOFHB,59328,AEGNNPENLNM,0xA96C0C0,mov-ax-imm16-ret,CANDIDATE,constant-return method body
6896,PGFEJBPCBHO,80660,AEGNNPENLNM,0xF49E380,mov-ax-imm16-ret,CANDIDATE,constant-return method body
6899,IOIAGINPEJF,63462,AEGNNPENLNM,0xFADF8B0,mov-ax-imm16-ret,CANDIDATE,constant-return method body
6900,HFJPDNNGPDD,27838,AEGNNPENLNM,0xF9754D0,mov-ax-imm16-ret,CANDIDATE,constant-return method body
6900,NJAGCBLGLJO,74601,NIIICEHCLKF,0x10B02430,mov-eax-imm32-ret,CANDIDATE,constant-return method body
6900,NJDOPDLMKBK,81824,LAHBCIAHGNJ,0x130262D0,mov-eax-imm32-ret,CANDIDATE,constant-return method body
6901,ELGEJFGBCPH,37053,AEGNNPENLNM,0xBCF0BB0,mov-ax-imm16-ret,CANDIDATE,constant-return method body
6902,JAKKEODPEOO,12270,AEGNNPENLNM,0xE2FACE0,mov-ax-imm16-ret,CANDIDATE,constant-return method body
6912,POEAPMMAGGB,16800,AEGNNPENLNM,0x87B2100,mov-ax-imm16-ret,CANDIDATE,constant-return method body
6914,BHIDEAOCBCN,54230,AEGNNPENLNM,0x82B6D00,mov-ax-imm16-ret,CANDIDATE,constant-return method body
6915,DHGNCMNOAIL,33781,AEGNNPENLNM,0x10DBB130,mov-ax-imm16-ret,CANDIDATE,constant-return method body
6919,FEPEAOBFJHI,41344,AEGNNPENLNM,0x8B4A0C0,mov-ax-imm16-ret,CANDIDATE,constant-return method body
6920,HPEHNILPANH,69877,AEGNNPENLNM,0xF9E1450,mov-ax-imm16-ret,CANDIDATE,constant-return method body
6922,CFNDMBLGEOG,65849,AEGNNPENLNM,0x133962F0,mov-ax-imm16-ret,CANDIDATE,constant-return method body
6930,EFCDMHMAMJN,19348,AEGNNPENLNM,0xBB16B70,mov-ax-imm16-ret,CANDIDATE,constant-return method body
6935,GDPLCHKMDOP,40097,AEGNNPENLNM,0x104B5580,mov-ax-imm16-ret,CANDIDATE,constant-return method body
6936,NBMCHLIACNN,74236,AEGNNPENLNM,0x9E97170,mov-ax-imm16-ret,CANDIDATE,constant-return method body
6949,BALLGAHHJOE,78150,AEGNNPENLNM,0xF7F3F90,mov-ax-imm16-ret,CANDIDATE,constant-return method body
6954,LNIPKKOAGNH,51584,AEGNNPENLNM,0xAA5F890,mov-ax-imm16-ret,CANDIDATE,constant-return method body
6956,PKKDBGAFABA,52055,AEGNNPENLNM,0x11883510,mov-ax-imm16-ret,CANDIDATE,constant-return method body
6968,CPKAIPMCLED,17734,AEGNNPENLNM,0x10266930,mov-ax-imm16-ret,CANDIDATE,constant-return method body
6969,MLHHHHIAGOF,63682,AEGNNPENLNM,0x12129780,mov-ax-imm16-ret,CANDIDATE,constant-return method body
6973,AOHNIOCICJO,68863,AEGNNPENLNM,0xC9C9D30,mov-ax-imm16-ret,CANDIDATE,constant-return method body
6978,BILHKFJMCOM,59217,AEGNNPENLNM,0x82BB990,mov-ax-imm16-ret,CANDIDATE,constant-return method body
6982,PAOLDDHGJMN,46703,AEGNNPENLNM,0x13DAC180,mov-ax-imm16-ret,CANDIDATE,constant-return method body
6983,DFMMAFCBEHI,62857,AEGNNPENLNM,0x10DABDD0,mov-ax-imm16-ret,CANDIDATE,constant-return method body
6986,NPCOLABIDID,76205,AEGNNPENLNM,0x13D22580,mov-ax-imm16-ret,CANDIDATE,constant-return method body
6989,NJCICIJEFMA,48855,AEGNNPENLNM,0xD092130,mov-ax-imm16-ret,CANDIDATE,constant-return method body
6991,AFOIKPIKDNK,38192,AEGNNPENLNM,0xC986BF0,mov-ax-imm16-ret,CANDIDATE,constant-return method body
6993,LCJIKGHHFNO,29773,AEGNNPENLNM,0x113FD7C0,mov-ax-imm16-ret,CANDIDATE,constant-return method body
6994,NPGFNGEPLGO,23102,AEGNNPENLNM,0xF38A320,mov-ax-imm16-ret,CANDIDATE,constant-return method body
6997,PJNBFLAEDGP,74039,AEGNNPENLNM,0xF4D29F0,mov-ax-imm16-ret,CANDIDATE,constant-return method body
6999,MPFOIDOCKKI,32125,AEGNNPENLNM,0xCF116E0,mov-ax-imm16-ret,CANDIDATE,constant-return method body
7000,NDOFNDCEIOH,18657,NIIICEHCLKF,0xB7823F0,mov-eax-imm32-ret,CANDIDATE,constant-return method body
7002,BDKPHAJCODA,16526,LMAJIGMOOMD,0x7F4FF20,mov-eax-imm32-ret,CANDIDATE,constant-return method body
7002,DMOEPMMKJBK,79939,LMAJIGMOOMD,0x13F9B340,mov-eax-imm32-ret,CANDIDATE,constant-return method body
7002,HPJMNEBIFCI,85044,LMAJIGMOOMD,0x11DE9850,mov-eax-imm32-ret,CANDIDATE,constant-return method body
7002,OJLPDDPCCEI,48386,LMAJIGMOOMD,0xF3F9430,mov-eax-imm32-ret,CANDIDATE,constant-return method body
7003,GFPMFMJPNMA,30947,AEGNNPENLNM,0xA5374C0,mov-ax-imm16-ret,CANDIDATE,constant-return method body
7005,IPCCFMNDOJK,69518,AEGNNPENLNM,0x1122EFB0,mov-ax-imm16-ret,CANDIDATE,constant-return method body
7009,EADJGLBJBJH,16496,AEGNNPENLNM,0xB086D80,mov-ax-imm16-ret,CANDIDATE,constant-return method body
7013,MOMDNCPFABL,37577,AEGNNPENLNM,0xCF09830,mov-ax-imm16-ret,CANDIDATE,constant-return method body
7016,HJGKEIHKGKK,56530,AEGNNPENLNM,0x1113FBD0,mov-ax-imm16-ret,CANDIDATE,constant-return method body
7023,ALJGEIKANEH,60998,AEGNNPENLNM,0x1349B4B0,mov-ax-imm16-ret,CANDIDATE,constant-return method body
7025,BBDAOLNNNFP,86386,AEGNNPENLNM,0xB17AB30,mov-ax-imm16-ret,CANDIDATE,constant-return method body
7026,KNGFKGJAMMH,16208,AEGNNPENLNM,0xA9AF160,mov-ax-imm16-ret,CANDIDATE,constant-return method body
7027,CHAPIHBOGOB,63102,AEGNNPENLNM,0x1193BD90,mov-ax-imm16-ret,CANDIDATE,constant-return method body
7028,IOPCAHOHAKL,35033,AEGNNPENLNM,0x12ACBA90,mov-ax-imm16-ret,CANDIDATE,constant-return method body
7034,KIPLEMGLBOF,58344,AEGNNPENLNM,0x11F5E410,mov-ax-imm16-ret,CANDIDATE,constant-return method body
7038,AABPPLGIHHE,25777,AEGNNPENLNM,0x11B1F7D0,mov-ax-imm16-ret,CANDIDATE,constant-return method body
7039,BNMIGEEJMHA,74470,AEGNNPENLNM,0x82E5B40,mov-ax-imm16-ret,CANDIDATE,constant-return method body
7042,OGBJKLKAPAN,36826,AEGNNPENLNM,0x9FAC330,mov-ax-imm16-ret,CANDIDATE,constant-return method body
7051,FGIBKMNFMOK,29350,AEGNNPENLNM,0xBD58FE0,mov-ax-imm16-ret,CANDIDATE,constant-return method body
7052,HNNGPAJOOHM,38724,AEGNNPENLNM,0x8D01FB0,mov-ax-imm16-ret,CANDIDATE,constant-return method body
7054,IENFDFPHIHF,33272,AEGNNPENLNM,0x12A7B1C0,mov-ax-imm16-ret,CANDIDATE,constant-return method body
7055,FCPLNJIAOKD,24251,AEGNNPENLNM,0xBD3DC00,mov-ax-imm16-ret,CANDIDATE,constant-return method body
7062,EMDPNAEKIGG,37027,AEGNNPENLNM,0x127FF420,mov-ax-imm16-ret,CANDIDATE,constant-return method body
7063,FKMBMEHKLIO,30118,AEGNNPENLNM,0x7FD8480,mov-ax-imm16-ret,CANDIDATE,constant-return method body
7064,ALNDPFOPBLP,23108,AEGNNPENLNM,0x1273C930,mov-ax-imm16-ret,CANDIDATE,constant-return method body
7065,FNFNEKNCFCM,54808,AEGNNPENLNM,0xD5AA820,mov-ax-imm16-ret,CANDIDATE,constant-return method body
7080,EOIEEABMGNA,53581,AEGNNPENLNM,0xBB64F40,mov-ax-imm16-ret,CANDIDATE,constant-return method body
7082,FPMEJJAHANH,86974,AEGNNPENLNM,0x126B8F50,mov-ax-imm16-ret,CANDIDATE,constant-return method body
7083,BBAAKJMJECP,13392,AEGNNPENLNM,0xBCC0E60,mov-ax-imm16-ret,CANDIDATE,constant-return method body
7098,PBMMABAAJKN,44541,AEGNNPENLNM,0xB8D9260,mov-ax-imm16-ret,CANDIDATE,constant-return method body
7100,AEBPNJEGKOF,53901,LAHBCIAHGNJ,0x11B5C070,mov-eax-imm32-ret,CANDIDATE,constant-return method body
7100,KACGIONBODP,20400,NHKADDKJLGL,0x770A220,mov-eax-imm32-ret,CANDIDATE,constant-return method body
7101,AACJBJPGMHK,41522,LMAJIGMOOMD,0x71450F0,mov-eax-imm32-ret,CANDIDATE,constant-return method body
7103,HGLHKOECHLP,76276,LMAJIGMOOMD,0x129E2840,mov-eax-imm32-ret,CANDIDATE,constant-return method body
7104,CPLELCNGMNN,25836,AEGNNPENLNM,0xE91B5D0,mov-ax-imm16-ret,CANDIDATE,constant-return method body
7104,GKEPODDBJBK,62471,LMAJIGMOOMD,0x8C14F50,mov-eax-imm32-ret,CANDIDATE,constant-return method body
7104,JCFINAKFAOI,57309,LMAJIGMOOMD,0xEF14600,mov-eax-imm32-ret,CANDIDATE,constant-return method body
7104,JMEFOFOPOGI,57767,KBEKDIMGGFO,0x8242630,mov-eax-imm32-ret,CANDIDATE,constant-return method body
7104,MKCGAJLADOL,75006,LMAJIGMOOMD,0x9D18690,mov-eax-imm32-ret,CANDIDATE,constant-return method body
7105,DPIMPCNAMPH,47245,KBEKDIMGGFO,0x102DE760,mov-eax-imm32-ret,CANDIDATE,constant-return method body
7106,KDKELOKNLOJ,48619,KBEKDIMGGFO,0x8292010,mov-eax-imm32-ret,CANDIDATE,constant-return method body
7113,NGDAPMAMMKD,49511,AEGNNPENLNM,0xFF72C70,mov-ax-imm16-ret,CANDIDATE,constant-return method body
7115,ENOLNIJAFLF,30953,AEGNNPENLNM,0xBD157E0,mov-ax-imm16-ret,CANDIDATE,constant-return method body
7116,BGBIAOPDLIO,24874,AEGNNPENLNM,0x921DDC0,mov-ax-imm16-ret,CANDIDATE,constant-return method body
7123,IDFGMIIAECJ,16659,AEGNNPENLNM,0x7563990,mov-ax-imm16-ret,CANDIDATE,constant-return method body
7127,AELHCDKILHB,26657,AEGNNPENLNM,0x96AF3D0,mov-ax-imm16-ret,CANDIDATE,constant-return method body
7128,NANBPFKNHFK,63643,AEGNNPENLNM,0x92B0700,mov-ax-imm16-ret,CANDIDATE,constant-return method body
7131,KBMBAFOKHAE,40882,AEGNNPENLNM,0x8288010,mov-ax-imm16-ret,CANDIDATE,constant-return method body
7134,NHEBEODOKBP,15166,AEGNNPENLNM,0xB796A10,mov-ax-imm16-ret,CANDIDATE,constant-return method body
7136,MOHHJAEHOBA,72375,AEGNNPENLNM,0x90FFBF0,mov-ax-imm16-ret,CANDIDATE,constant-return method body
7138,AAGIMOIIOMI,71132,AEGNNPENLNM,0xA2F5B50,mov-ax-imm16-ret,CANDIDATE,constant-return method body
7141,CAIGBCLCPHP,54802,AEGNNPENLNM,0xAF4E990,mov-ax-imm16-ret,CANDIDATE,constant-return method body
7145,GOEOJKJAIGF,56473,AEGNNPENLNM,0x8074160,mov-ax-imm16-ret,CANDIDATE,constant-return method body
7153,COBCDHLPLCK,41670,AEGNNPENLNM,0xC7E6E40,mov-ax-imm16-ret,CANDIDATE,constant-return method body
7154,EJPGPOFKHPG,73677,AEGNNPENLNM,0xA3E4FA0,mov-ax-imm16-ret,CANDIDATE,constant-return method body
7161,JLDKFNFCMCK,15738,AEGNNPENLNM,0x112A7220,mov-ax-imm16-ret,CANDIDATE,constant-return method body
7164,MKEMFDIPNEK,20923,AEGNNPENLNM,0x12D4C4F0,mov-ax-imm16-ret,CANDIDATE,constant-return method body
7165,BNAECJEFBMC,40848,AEGNNPENLNM,0xE801020,mov-ax-imm16-ret,CANDIDATE,constant-return method body
7167,MINHGNPHEOF,36063,AEGNNPENLNM,0xCEBFEC0,mov-ax-imm16-ret,CANDIDATE,constant-return method body
7173,FAGOMOMNCBB,74753,AEGNNPENLNM,0x8B21F90,mov-ax-imm16-ret,CANDIDATE,constant-return method body
7175,EBADFDMFLFH,32805,AEGNNPENLNM,0xA189A10,mov-ax-imm16-ret,CANDIDATE,constant-return method body
7176,BMJMHOGFICK,41421,AEGNNPENLNM,0xB910A00,mov-ax-imm16-ret,CANDIDATE,constant-return method body
7179,APILGBOGPPK,85712,AEGNNPENLNM,0x9719520,mov-ax-imm16-ret,CANDIDATE,constant-return method body
7200,FBLCNFCJHAO,73936,NHKADDKJLGL,0x1039D400,mov-eax-imm32-ret,CANDIDATE,constant-return method body
7200,NEHBICHNCAL,42698,LAHBCIAHGNJ,0xFF63040,mov-eax-imm32-ret,CANDIDATE,constant-return method body
7201,JJLNHAIBCBC,48779,AEGNNPENLNM,0x9AD2480,mov-ax-imm16-ret,CANDIDATE,constant-return method body
7203,APDBMBCINAE,85639,AEGNNPENLNM,0x8E567A0,mov-ax-imm16-ret,CANDIDATE,constant-return method body
7204,IPPDHFKFHMG,82032,AEGNNPENLNM,0x8199400,mov-ax-imm16-ret,CANDIDATE,constant-return method body
7205,NOHIKPIBPFL,58055,AEGNNPENLNM,0x7B4B350,mov-ax-imm16-ret,CANDIDATE,constant-return method body
7210,KKFIJPKCMIH,16709,AEGNNPENLNM,0xB453C10,mov-ax-imm16-ret,CANDIDATE,constant-return method body
7212,DCKINJDDKEE,30984,AEGNNPENLNM,0xA117C10,mov-ax-imm16-ret,CANDIDATE,constant-return method body
7214,LDMIAFEJKKP,22276,AEGNNPENLNM,0xAA07450,mov-ax-imm16-ret,CANDIDATE,constant-return method body
7216,HBNFOFMMMHD,80445,AEGNNPENLNM,0xED7E450,mov-ax-imm16-ret,CANDIDATE,constant-return method body
7222,BGMAMABGCGI,73520,AEGNNPENLNM,0xAED1040,mov-ax-imm16-ret,CANDIDATE,constant-return method body
7226,LLLBPMOGANH,50474,AEGNNPENLNM,0x906B190,mov-ax-imm16-ret,CANDIDATE,constant-return method body
7234,BLHOEOICBJD,42061,AEGNNPENLNM,0xAEF2590,mov-ax-imm16-ret,CANDIDATE,constant-return method body
7235,DDIHMMNPOOA,25366,AEGNNPENLNM,0x10288BE0,mov-ax-imm16-ret,CANDIDATE,constant-return method body
7237,IDKEILNDGHK,80384,AEGNNPENLNM,0x812C700,mov-ax-imm16-ret,CANDIDATE,constant-return method body
7240,AMLFAJGEPCO,72422,AEGNNPENLNM,0x8AC1270,mov-ax-imm16-ret,CANDIDATE,constant-return method body
7242,KPJMNEGNMJH,70214,AEGNNPENLNM,0xF08C990,mov-ax-imm16-ret,CANDIDATE,constant-return method body
7243,FFBELAIOPHN,66352,AEGNNPENLNM,0x13515AB0,mov-ax-imm16-ret,CANDIDATE,constant-return method body
7244,BACIKJPHPOA,51898,AEGNNPENLNM,0x10488FB0,mov-ax-imm16-ret,CANDIDATE,constant-return method body
7253,OMDJFBLKFGI,27500,AEGNNPENLNM,0x93AC7A0,mov-ax-imm16-ret,CANDIDATE,constant-return method body
7254,PMEFEOIEEPB,67745,AEGNNPENLNM,0xAE1C750,mov-ax-imm16-ret,CANDIDATE,constant-return method body
7262,DOAOAEANHMN,15079,AEGNNPENLNM,0xD39B2B0,mov-ax-imm16-ret,CANDIDATE,constant-return method body
7263,KCAHNKFNNKI,59735,AEGNNPENLNM,0xEFBBCD0,mov-ax-imm16-ret,CANDIDATE,constant-return method body
7265,DBIBDHGGFAJ,47101,AEGNNPENLNM,0xAFE8790,mov-ax-imm16-ret,CANDIDATE,constant-return method body
7266,FAOBJOKIAMH,47591,AEGNNPENLNM,0x7F7A4A0,mov-ax-imm16-ret,CANDIDATE,constant-return method body
7272,PDHJMJJLFDP,77777,AEGNNPENLNM,0xF490360,mov-ax-imm16-ret,CANDIDATE,constant-return method body
7277,JIHKPMDBGEM,83032,AEGNNPENLNM,0x7693140,mov-ax-imm16-ret,CANDIDATE,constant-return method body
7280,EFGMLCCHNAN,33030,AEGNNPENLNM,0x125BCBB0,mov-ax-imm16-ret,CANDIDATE,constant-return method body
7282,KAEKKDBAMNO,20336,AEGNNPENLNM,0x11F0FAD0,mov-ax-imm16-ret,CANDIDATE,constant-return method body
7288,BHOEGLPBOND,45830,AEGNNPENLNM,0x1238D340,mov-ax-imm16-ret,CANDIDATE,constant-return method body
7292,KDFIPMOOINM,13845,AEGNNPENLNM,0x7728C90,mov-ax-imm16-ret,CANDIDATE,constant-return method body
7294,FDEDFDHHGID,54804,AEGNNPENLNM,0x103ABEE0,mov-ax-imm16-ret,CANDIDATE,constant-return method body
7300,DNHPJECHKBH,72852,NHKADDKJLGL,0xC8817E0,mov-eax-imm32-ret,CANDIDATE,constant-return method body
7302,HBMHJBKBDIP,52612,AEGNNPENLNM,0xBE69580,mov-ax-imm16-ret,CANDIDATE,constant-return method body
7308,MKBIDJFANCJ,35973,AEGNNPENLNM,0x845CEE0,mov-ax-imm16-ret,CANDIDATE,constant-return method body
7315,PNNFECAPCNM,30958,AEGNNPENLNM,0x10182990,mov-ax-imm16-ret,CANDIDATE,constant-return method body
7320,BMHFIPNMOEK,32693,AEGNNPENLNM,0xF29CA40,mov-ax-imm16-ret,CANDIDATE,constant-return method body
7321,OMHILMLENCC,32366,AEGNNPENLNM,0x93AEF70,mov-ax-imm16-ret,CANDIDATE,constant-return method body
7329,HILDGHLGIPD,56234,AEGNNPENLNM,0xA68A880,mov-ax-imm16-ret,CANDIDATE,constant-return method body
7332,JLDLJIMPEPH,53043,AEGNNPENLNM,0xA8FE1F0,mov-ax-imm16-ret,CANDIDATE,constant-return method body
7335,LDBGBKNNBLK,36573,AEGNNPENLNM,0x107E2490,mov-ax-imm16-ret,CANDIDATE,constant-return method body
7351,OOPEGLNHMMG,29645,AEGNNPENLNM,0xE7A6320,mov-ax-imm16-ret,CANDIDATE,constant-return method body
7364,DLPPGFIFFGE,69666,AEGNNPENLNM,0x12580D20,mov-ax-imm16-ret,CANDIDATE,constant-return method body
7378,BHIODBEOIIG,53465,AEGNNPENLNM,0x113BD8A0,mov-ax-imm16-ret,CANDIDATE,constant-return method body
7382,JGDMGEMEIAH,48515,AEGNNPENLNM,0x11ECC8B0,mov-ax-imm16-ret,CANDIDATE,constant-return method body
7385,OBONAMCMKFE,46580,AEGNNPENLNM,0x11732420,mov-ax-imm16-ret,CANDIDATE,constant-return method body
7392,BODMENFBDFC,13271,AEGNNPENLNM,0x1330C870,mov-ax-imm16-ret,CANDIDATE,constant-return method body
7393,EPJHNHIINIM,15586,AEGNNPENLNM,0xA241230,mov-ax-imm16-ret,CANDIDATE,constant-return method body
7399,IAJEDJAHMII,74426,AEGNNPENLNM,0x7549470,mov-ax-imm16-ret,CANDIDATE,constant-return method body
7401,EHDGHBNNKJB,74515,AEGNNPENLNM,0xEA2E720,mov-ax-imm16-ret,CANDIDATE,constant-return method body
7402,IHMDBCLBKFJ,86113,AEGNNPENLNM,0x137074B0,mov-ax-imm16-ret,CANDIDATE,constant-return method body
7404,MBMMIABBKMI,82213,AEGNNPENLNM,0xF15D2F0,mov-ax-imm16-ret,CANDIDATE,constant-return method body
7407,ECNHECOJPAF,23027,AEGNNPENLNM,0xA19BD00,mov-ax-imm16-ret,CANDIDATE,constant-return method body
7413,HKGMNPDLDMN,42374,AEGNNPENLNM,0x98DFE50,mov-ax-imm16-ret,CANDIDATE,constant-return method body
7414,AKGJNAHCPFP,88324,AEGNNPENLNM,0x10FBB080,mov-ax-imm16-ret,CANDIDATE,constant-return method body
7417,OLHIBEGOFBC,60079,AEGNNPENLNM,0x10B7C8A0,mov-ax-imm16-ret,CANDIDATE,constant-return method body
7428,IBDBOLMCNJI,63377,AEGNNPENLNM,0x12A531A0,mov-ax-imm16-ret,CANDIDATE,constant-return method body
7433,BKNDGNNGHKO,88414,AEGNNPENLNM,0x92430B0,mov-ax-imm16-ret,CANDIDATE,constant-return method body
7435,OAMNGDGPLEK,54657,AEGNNPENLNM,0x8645E10,mov-ax-imm16-ret,CANDIDATE,constant-return method body
7437,AHNHLAJFPFO,36061,AEGNNPENLNM,0xF7B6580,mov-ax-imm16-ret,CANDIDATE,constant-return method body
7445,HDMEPOOOFEE,61237,AEGNNPENLNM,0x11C86D60,mov-ax-imm16-ret,CANDIDATE,constant-return method body
7459,NADEKMKGAKF,19224,AEGNNPENLNM,0x85CA410,mov-ax-imm16-ret,CANDIDATE,constant-return method body
7462,MIBBBPCJEJC,24862,AEGNNPENLNM,0x12D3B8A0,mov-ax-imm16-ret,CANDIDATE,constant-return method body
7466,DOAICPJFFCL,21837,AEGNNPENLNM,0xC894EB0,mov-ax-imm16-ret,CANDIDATE,constant-return method body
7475,LNNLMJBFMLP,53025,AEGNNPENLNM,0x12CEF300,mov-ax-imm16-ret,CANDIDATE,constant-return method body
7476,GMMBNHGFOPA,57822,AEGNNPENLNM,0x11C27860,mov-ax-imm16-ret,CANDIDATE,constant-return method body
7487,ABEJFGAPANH,15575,AEGNNPENLNM,0xA307180,mov-ax-imm16-ret,CANDIDATE,constant-return method body
7494,PHLFHDCMOJE,43245,AEGNNPENLNM,0xB9778F0,mov-ax-imm16-ret,CANDIDATE,constant-return method body
7497,AIDMHLODAEN,85497,AEGNNPENLNM,0xB118EF0,mov-ax-imm16-ret,CANDIDATE,constant-return method body
7500,HCEIDJFJMEC,88019,NIIICEHCLKF,0x11C76050,mov-eax-imm32-ret,CANDIDATE,constant-return method body
7500,HPKHBIIHKFB,48001,LAHBCIAHGNJ,0xB2696A0,mov-eax-imm32-ret,CANDIDATE,constant-return method body
7500,NGIOGDNFOGM,69441,AEGNNPENLNM,0x92D4950,mov-ax-imm16-ret,CANDIDATE,constant-return method body
7502,PPMAKFAIFKH,21479,AEGNNPENLNM,0xB9C4010,mov-ax-imm16-ret,CANDIDATE,constant-return method body
7504,CNKAFPJFLAN,36817,AEGNNPENLNM,0x133CAA80,mov-ax-imm16-ret,CANDIDATE,constant-return method body
7509,FLBHPFMAIFF,61104,AEGNNPENLNM,0xBD81530,mov-ax-imm16-ret,CANDIDATE,constant-return method body
7515,JBCCBIJAMEC,40424,AEGNNPENLNM,0x9A518B0,mov-ax-imm16-ret,CANDIDATE,constant-return method body
7520,NKHGFCGANDM,60851,AEGNNPENLNM,0xFF9FFC0,mov-ax-imm16-ret,CANDIDATE,constant-return method body
7526,CHBDEPPIOOG,24243,AEGNNPENLNM,0xE845B00,mov-ax-imm16-ret,CANDIDATE,constant-return method body
7534,FCHMLIIONLK,72930,AEGNNPENLNM,0x1100A910,mov-ax-imm16-ret,CANDIDATE,constant-return method body
7536,IOGLMHCHCFM,63206,AEGNNPENLNM,0xFADF230,mov-ax-imm16-ret,CANDIDATE,constant-return method body
7538,MKPDJMDJAPJ,52524,AEGNNPENLNM,0xFDBB030,mov-ax-imm16-ret,CANDIDATE,constant-return method body
7541,IPDAKDMKEJF,77869,AEGNNPENLNM,0x1122F580,mov-ax-imm16-ret,CANDIDATE,constant-return method body
7542,FLHNCNKJLPI,82066,AEGNNPENLNM,0xD4A5D10,mov-ax-imm16-ret,CANDIDATE,constant-return method body
7547,LIFJELNKAGF,65367,AEGNNPENLNM,0xE4B8A20,mov-ax-imm16-ret,CANDIDATE,constant-return method body
7551,KDKIHMDONCG,52525,AEGNNPENLNM,0xB426650,mov-ax-imm16-ret,CANDIDATE,constant-return method body
7553,GJBINIKDOLI,80102,AEGNNPENLNM,0x110C3E20,mov-ax-imm16-ret,CANDIDATE,constant-return method body
7564,LBKHBDCMPBD,53827,AEGNNPENLNM,0xE403FF0,mov-ax-imm16-ret,CANDIDATE,constant-return method body
7573,ANJANPPOELM,17162,AEGNNPENLNM,0x7F029F0,mov-ax-imm16-ret,CANDIDATE,constant-return method body
7577,IKAGDOMIJPH,21183,AEGNNPENLNM,0xCC04BC0,mov-ax-imm16-ret,CANDIDATE,constant-return method body
7578,NGKKMGAEOAM,54794,AEGNNPENLNM,0x10AE5210,mov-ax-imm16-ret,CANDIDATE,constant-return method body
7584,LEGFENKCFNI,57831,AEGNNPENLNM,0x12C8AA20,mov-ax-imm16-ret,CANDIDATE,constant-return method body
7586,KFNNMKIAGPI,32497,AEGNNPENLNM,0x10743E20,mov-ax-imm16-ret,CANDIDATE,constant-return method body
7588,LKCKGKJKPGG,65015,AEGNNPENLNM,0x83CB0C0,mov-ax-imm16-ret,CANDIDATE,constant-return method body
7589,INLMDBGAEOL,56068,AEGNNPENLNM,0x99ED830,mov-ax-imm16-ret,CANDIDATE,constant-return method body
7590,AKKCMFBMNEC,54492,AEGNNPENLNM,0x8A992C0,mov-ax-imm16-ret,CANDIDATE,constant-return method body
7599,KDGBGPIMDGE,17409,AEGNNPENLNM,0x13849A40,mov-ax-imm16-ret,CANDIDATE,constant-return method body
7609,ADBHDELBAHI,88085,AEGNNPENLNM,0x96A61B0,mov-ax-imm16-ret,CANDIDATE,constant-return method body
7611,FBGEJPIAGHF,48356,AEGNNPENLNM,0xA2675D0,mov-ax-imm16-ret,CANDIDATE,constant-return method body
7613,HBAKNGDBHHP,61626,AEGNNPENLNM,0x13626990,mov-ax-imm16-ret,CANDIDATE,constant-return method body
7618,OOIEDGLPFPK,67223,AEGNNPENLNM,0x13D99570,mov-ax-imm16-ret,CANDIDATE,constant-return method body
7619,HDJCJNGKIJH,65827,AEGNNPENLNM,0xBE7B520,mov-ax-imm16-ret,CANDIDATE,constant-return method body
7620,BKBFIBOPNGB,81330,AEGNNPENLNM,0x12B58E00,mov-ax-imm16-ret,CANDIDATE,constant-return method body
7621,ABHEHFALLDO,20719,AEGNNPENLNM,0x1344B500,mov-ax-imm16-ret,CANDIDATE,constant-return method body
7622,EHKKAAPMFAM,51426,AEGNNPENLNM,0x9648E00,mov-ax-imm16-ret,CANDIDATE,constant-return method body
7623,IBCKFAJINMJ,43043,AEGNNPENLNM,0x8D4C9A0,mov-ax-imm16-ret,CANDIDATE,constant-return method body
7626,KGANBHICCNK,76349,AEGNNPENLNM,0xB43E8F0,mov-ax-imm16-ret,CANDIDATE,constant-return method body
7631,HNANMMICJLC,59195,AEGNNPENLNM,0x11182590,mov-ax-imm16-ret,CANDIDATE,constant-return method body
7634,JLFHDCAKFAG,85746,AEGNNPENLNM,0x8F41D90,mov-ax-imm16-ret,CANDIDATE,constant-return method body
7636,HGAFPHEAIOK,46021,AEGNNPENLNM,0xBE95BB0,mov-ax-imm16-ret,CANDIDATE,constant-return method body
7638,MBABEMAMDEM,33775,AEGNNPENLNM,0xB584BD0,mov-ax-imm16-ret,CANDIDATE,constant-return method body
7639,JBOCIHDOJLE,54489,AEGNNPENLNM,0x9A58790,mov-ax-imm16-ret,CANDIDATE,constant-return method body
7640,EONBIFEKNGF,60236,AEGNNPENLNM,0xD422B20,mov-ax-imm16-ret,CANDIDATE,constant-return method body
7643,PIAIEHDFJMN,82179,AEGNNPENLNM,0xAE050E0,mov-ax-imm16-ret,CANDIDATE,constant-return method body
7645,KLHLECBLJBC,30457,AEGNNPENLNM,0x11F721A0,mov-ax-imm16-ret,CANDIDATE,constant-return method body
7646,JNLMKKANIHB,63266,AEGNNPENLNM,0x10708F00,mov-ax-imm16-ret,CANDIDATE,constant-return method body
7648,JDJCOBGNFKJ,86323,AEGNNPENLNM,0xA8AA6F0,mov-ax-imm16-ret,CANDIDATE,constant-return method body
7649,HECGHHCMEJL,79861,AEGNNPENLNM,0xB213BB0,mov-ax-imm16-ret,CANDIDATE,constant-return method body
7654,CHNNCDCMMHJ,21494,AEGNNPENLNM,0x101FA330,mov-ax-imm16-ret,CANDIDATE,constant-return method body
7656,GPGGINPFCON,78400,AEGNNPENLNM,0x7462870,mov-ax-imm16-ret,CANDIDATE,constant-return method body
7661,CGLONNKLMCD,54589,AEGNNPENLNM,0x10C5FE10,mov-ax-imm16-ret,CANDIDATE,constant-return method body
7662,GNMOGMIGELJ,32891,AEGNNPENLNM,0x105071A0,mov-ax-imm16-ret,CANDIDATE,constant-return method body
7664,MACPHEMDOIA,11862,AEGNNPENLNM,0x120AE4E0,mov-ax-imm16-ret,CANDIDATE,constant-return method body
7666,CIHPNBFGCMH,64827,AEGNNPENLNM,0x133A1940,mov-ax-imm16-ret,CANDIDATE,constant-return method body
7669,GENAJPBFAPN,13898,AEGNNPENLNM,0xA530740,mov-ax-imm16-ret,CANDIDATE,constant-return method body
7670,NOPAKMFJHJD,44796,AEGNNPENLNM,0x10B2A330,mov-ax-imm16-ret,CANDIDATE,constant-return method body
7672,LNOHNMFIFJO,21851,AEGNNPENLNM,0xE4E6B10,mov-ax-imm16-ret,CANDIDATE,constant-return method body
7675,GBMLINIIJNH,58293,AEGNNPENLNM,0x8BD98A0,mov-ax-imm16-ret,CANDIDATE,constant-return method body
7676,NHNMLJHPMNC,19110,AEGNNPENLNM,0xFF83E80,mov-ax-imm16-ret,CANDIDATE,constant-return method body
7677,JDEKLCPKDID,13049,AEGNNPENLNM,0x9A62070,mov-ax-imm16-ret,CANDIDATE,constant-return method body
7679,LFAGJFDFKLJ,82210,AEGNNPENLNM,0x12C8C3A0,mov-ax-imm16-ret,CANDIDATE,constant-return method body
7680,ANGIHLNILDK,41733,AEGNNPENLNM,0x134C6390,mov-ax-imm16-ret,CANDIDATE,constant-return method body
7684,MPPNENILOGE,25542,AEGNNPENLNM,0x13A97B00,mov-ax-imm16-ret,CANDIDATE,constant-return method body
7688,NOBGCLMKKEN,48494,AEGNNPENLNM,0x9EDADA0,mov-ax-imm16-ret,CANDIDATE,constant-return method body
7692,AFHGLDANNLE,24341,AEGNNPENLNM,0x96B0B80,mov-ax-imm16-ret,CANDIDATE,constant-return method body
7694,HPCBDBLHJAP,75224,AEGNNPENLNM,0xEDE66D0,mov-ax-imm16-ret,CANDIDATE,constant-return method body
7697,NAMOFOLPHBE,83808,AEGNNPENLNM,0xFF48A40,mov-ax-imm16-ret,CANDIDATE,constant-return method body
7698,PLHCECNJAMC,87606,AEGNNPENLNM,0xF4E6840,mov-ax-imm16-ret,CANDIDATE,constant-return method body
7703,HNJFGJDJLKD,28079,AEGNNPENLNM,0x80DD5D0,mov-ax-imm16-ret,CANDIDATE,constant-return method body
7704,FPIENHJGEBO,34127,AEGNNPENLNM,0x800B3B0,mov-ax-imm16-ret,CANDIDATE,constant-return method body
7720,IADOCEOBOGI,59606,AEGNNPENLNM,0x105ADAD0,mov-ax-imm16-ret,CANDIDATE,constant-return method body
7723,OAPIFCDPFEP,45890,AEGNNPENLNM,0x9F03FB0,mov-ax-imm16-ret,CANDIDATE,constant-return method body
7726,EEKNCOLBOCJ,80848,AEGNNPENLNM,0xB0A9090,mov-ax-imm16-ret,CANDIDATE,constant-return method body
7730,CPPHOEGLLHD,49213,AEGNNPENLNM,0x10D75620,mov-ax-imm16-ret,CANDIDATE,constant-return method body
7732,FPLNPPJLKBK,28426,AEGNNPENLNM,0xD5BEE20,mov-ax-imm16-ret,CANDIDATE,constant-return method body
7734,LPIELGNHGGN,58264,AEGNNPENLNM,0xFD5F020,mov-ax-imm16-ret,CANDIDATE,constant-return method body
7739,HDMFLGEPJOK,35528,AEGNNPENLNM,0xB20DB80,mov-ax-imm16-ret,CANDIDATE,constant-return method body
7750,ECFLBJIONFG,84171,AEGNNPENLNM,0x125A5630,mov-ax-imm16-ret,CANDIDATE,constant-return method body
7754,KOBNCAMEOCK,40062,AEGNNPENLNM,0x1079EE00,mov-ax-imm16-ret,CANDIDATE,constant-return method body
7756,ACLGNLFJJJO,40789,AEGNNPENLNM,0x10F69DD0,mov-ax-imm16-ret,CANDIDATE,constant-return method body
7758,PNOOOFMADKF,26364,AEGNNPENLNM,0xD274C30,mov-ax-imm16-ret,CANDIDATE,constant-return method body
7777,ALJNCBCLPLL,77789,AEGNNPENLNM,0xC9B4330,mov-ax-imm16-ret,CANDIDATE,constant-return method body
7778,LHCLLLAMEME,84657,AEGNNPENLNM,0xFD1EC40,mov-ax-imm16-ret,CANDIDATE,constant-return method body
7780,LJENKNIDPOB,45916,AEGNNPENLNM,0xF0F19E0,mov-ax-imm16-ret,CANDIDATE,constant-return method body
7788,LCLAHIGLAME,52106,AEGNNPENLNM,0x107DD480,mov-ax-imm16-ret,CANDIDATE,constant-return method body
7789,PAEGLNCJKBJ,15817,AEGNNPENLNM,0x9FE8C70,mov-ax-imm16-ret,CANDIDATE,constant-return method body
7815,BCEONCLPEFB,18984,AEGNNPENLNM,0xC068CA0,mov-ax-imm16-ret,CANDIDATE,constant-return method body
7818,NBJKEPEECGH,59855,AEGNNPENLNM,0xD029B20,mov-ax-imm16-ret,CANDIDATE,constant-return method body
7819,BHABCLEFMOD,21868,AEGNNPENLNM,0xFBFDA20,mov-ax-imm16-ret,CANDIDATE,constant-return method body
7828,PFBNGADHOPO,20881,AEGNNPENLNM,0x8763320,mov-ax-imm16-ret,CANDIDATE,constant-return method body
7829,GBNMIEPPHIK,33410,AEGNNPENLNM,0x979D910,mov-ax-imm16-ret,CANDIDATE,constant-return method body
7830,PCHDJMDOHKG,72595,AEGNNPENLNM,0xB8E0230,mov-ax-imm16-ret,CANDIDATE,constant-return method body
7831,DAIKEAPCBDL,87605,AEGNNPENLNM,0x133F79A0,mov-ax-imm16-ret,CANDIDATE,constant-return method body
7838,GOGFNPPFHON,67194,AEGNNPENLNM,0x745E250,mov-ax-imm16-ret,CANDIDATE,constant-return method body
7845,BENIAPLEJKK,71724,AEGNNPENLNM,0xAEC7060,mov-ax-imm16-ret,CANDIDATE,constant-return method body
7851,PHHAPOBMANG,60208,AEGNNPENLNM,0xADFF840,mov-ax-imm16-ret,CANDIDATE,constant-return method body
7852,KGDFKFPKDLA,23252,AEGNNPENLNM,0x82A4670,mov-ax-imm16-ret,CANDIDATE,constant-return method body
7854,GLNGBICHKME,26463,AEGNNPENLNM,0xA5831E0,mov-ax-imm16-ret,CANDIDATE,constant-return method body
7858,LMFAMOHINLL,23477,AEGNNPENLNM,0xF105010,mov-ax-imm16-ret,CANDIDATE,constant-return method body
7862,BLGPCHNLNNH,46418,AEGNNPENLNM,0x12B613D0,mov-ax-imm16-ret,CANDIDATE,constant-return method body
7867,BCPFLFHJJJF,72569,AEGNNPENLNM,0xD5520E0,mov-ax-imm16-ret,CANDIDATE,constant-return method body
7869,FKMCMNKHJKI,29780,AEGNNPENLNM,0x8B9F7E0,mov-ax-imm16-ret,CANDIDATE,constant-return method body
7886,PGLLAAOCNDE,60393,AEGNNPENLNM,0x8770470,mov-ax-imm16-ret,CANDIDATE,constant-return method body
7902,KENKIODOMCH,18793,AEGNNPENLNM,0xEFE4410,mov-ax-imm16-ret,CANDIDATE,constant-return method body
7905,EEPPPGINPFI,75870,AEGNNPENLNM,0x125BA3C0,mov-ax-imm16-ret,CANDIDATE,constant-return method body
7910,ILPBIBNCBBD,85883,AEGNNPENLNM,0x8DBDBE0,mov-ax-imm16-ret,CANDIDATE,constant-return method body
7912,GADDAPABHPM,44367,AEGNNPENLNM,0xA4F96C0,mov-ax-imm16-ret,CANDIDATE,constant-return method body
7913,EPMKKDKPCHB,88853,AEGNNPENLNM,0xF747690,mov-ax-imm16-ret,CANDIDATE,constant-return method body
7915,BJFOLACFLPH,65649,AEGNNPENLNM,0x1085B3A0,mov-ax-imm16-ret,CANDIDATE,constant-return method body
7916,OKHABLGHMDH,20487,AEGNNPENLNM,0x13D6DFF0,mov-ax-imm16-ret,CANDIDATE,constant-return method body
7926,EMGJCNEPFLP,56042,AEGNNPENLNM,0xA408330,mov-ax-imm16-ret,CANDIDATE,constant-return method body
7933,PHBPCODGBJC,72513,AEGNNPENLNM,0xADF1030,mov-ax-imm16-ret,CANDIDATE,constant-return method body
7934,ICBGOALOGAC,83712,AEGNNPENLNM,0x111B53D0,mov-ax-imm16-ret,CANDIDATE,constant-return method body
7935,FDBCMBAEIOG,40071,AEGNNPENLNM,0x1100F910,mov-ax-imm16-ret,CANDIDATE,constant-return method body
7937,EGPLEOPCFPJ,83516,AEGNNPENLNM,0x96284E0,mov-ax-imm16-ret,CANDIDATE,constant-return method body
7940,OBAKMAEIPCF,33510,AEGNNPENLNM,0xC5D0B30,mov-ax-imm16-ret,CANDIDATE,constant-return method body
7942,FANKFMCMMCB,54123,AEGNNPENLNM,0x1037D770,mov-ax-imm16-ret,CANDIDATE,constant-return method body
7945,NLGAPHPIFNB,70464,AEGNNPENLNM,0xF36BE40,mov-ax-imm16-ret,CANDIDATE,constant-return method body
7949,IHHFCDPBPJP,25475,AEGNNPENLNM,0xA702730,mov-ax-imm16-ret,CANDIDATE,constant-return method body
7961,EFJKADLDMBL,43850,AEGNNPENLNM,0x14000D40,mov-ax-imm16-ret,CANDIDATE,constant-return method body
7962,NAHOGPHHHKP,26577,AEGNNPENLNM,0xB756F90,mov-ax-imm16-ret,CANDIDATE,constant-return method body
7965,KIEPFKPJFIH,30993,AEGNNPENLNM,0xFC73CF0,mov-ax-imm16-ret,CANDIDATE,constant-return method body
7969,OBFLHADCNIO,47509,AEGNNPENLNM,0x7B757C0,mov-ax-imm16-ret,CANDIDATE,constant-return method body
7971,AOPHNKOIJLE,12043,AEGNNPENLNM,0x970F770,mov-ax-imm16-ret,CANDIDATE,constant-return method body
7972,BAEPMAJIEHD,49207,AEGNNPENLNM,0xB176490,mov-ax-imm16-ret,CANDIDATE,constant-return method body
7976,BGHDPNBLAAG,33057,AEGNNPENLNM,0x9222C50,mov-ax-imm16-ret,CANDIDATE,constant-return method body
7981,EOJLDPONANP,78242,AEGNNPENLNM,0x125E7E50,mov-ax-imm16-ret,CANDIDATE,constant-return method body
7986,HIPHDOEEMBA,29711,AEGNNPENLNM,0xB243030,mov-ax-imm16-ret,CANDIDATE,constant-return method body
7988,KFOKOPNJGHK,28453,AEGNNPENLNM,0xB4398F0,mov-ax-imm16-ret,CANDIDATE,constant-return method body
8001,NIHLHJOKKCB,75039,AEGNNPENLNM,0x7B01DC0,mov-ax-imm16-ret,CANDIDATE,constant-return method body
8003,GFDLJECHCOO,61414,AEGNNPENLNM,0x110A2790,mov-ax-imm16-ret,CANDIDATE,constant-return method body
8009,EJIOAGEKOBJ,68129,AEGNNPENLNM,0x89B9720,mov-ax-imm16-ret,CANDIDATE,constant-return method body
8018,NNPPIBBDDFK,31290,AEGNNPENLNM,0x130AAFC0,mov-ax-imm16-ret,CANDIDATE,constant-return method body
8020,AOMKDMOJEHO,84198,AEGNNPENLNM,0x11BBF4F0,mov-ax-imm16-ret,CANDIDATE,constant-return method body
8033,JDGEKOLIKBP,38678,AEGNNPENLNM,0xB381850,mov-ax-imm16-ret,CANDIDATE,constant-return method body
8036,NAGHGJIDNLD,65627,AEGNNPENLNM,0xB756BE0,mov-ax-imm16-ret,CANDIDATE,constant-return method body
8039,EJOHDLGJDPJ,66968,AEGNNPENLNM,0x14018620,mov-ax-imm16-ret,CANDIDATE,constant-return method body
8042,KFFAHBNHACE,51404,AEGNNPENLNM,0x9BB0190,mov-ax-imm16-ret,CANDIDATE,constant-return method body
8051,IJFPLLPHCIG,88117,AEGNNPENLNM,0x13718740,mov-ax-imm16-ret,CANDIDATE,constant-return method body
8054,JIKHNMMLMMH,69071,AEGNNPENLNM,0x137E15A0,mov-ax-imm16-ret,CANDIDATE,constant-return method body
8056,CFEDMCCHIPB,22743,AEGNNPENLNM,0x9F36120,mov-ax-imm16-ret,CANDIDATE,constant-return method body
8058,NKFGGNENCJG,79844,AEGNNPENLNM,0xE6E84E0,mov-ax-imm16-ret,CANDIDATE,constant-return method body
8059,EHKMLNMLLOG,75927,AEGNNPENLNM,0x728BAC0,mov-ax-imm16-ret,CANDIDATE,constant-return method body
8061,PAOCLKDLECO,31791,AEGNNPENLNM,0x123E4E80,mov-ax-imm16-ret,CANDIDATE,constant-return method body
8063,JGIJBMBIOMN,65636,AEGNNPENLNM,0x8E05290,mov-ax-imm16-ret,CANDIDATE,constant-return method body
8067,MCHIOMAOABO,33978,AEGNNPENLNM,0x120C3170,mov-ax-imm16-ret,CANDIDATE,constant-return method body
8085,MAHFMBDHBAB,18627,AEGNNPENLNM,0xFD64EE0,mov-ax-imm16-ret,CANDIDATE,constant-return method body
8094,PMPJDKPELOD,83750,AEGNNPENLNM,0xC6E3270,mov-ax-imm16-ret,CANDIDATE,constant-return method body
8095,PBBJGBBFCBB,87235,AEGNNPENLNM,0xADCB6A0,mov-ax-imm16-ret,CANDIDATE,constant-return method body
8097,GKGPILPHKMJ,28719,AEGNNPENLNM,0x110CF110,mov-ax-imm16-ret,CANDIDATE,constant-return method body
8099,HEDCEHAAIFB,20177,AEGNNPENLNM,0x1054C070,mov-ax-imm16-ret,CANDIDATE,constant-return method body
8101,AKFEOHAMFIG,69897,AEGNNPENLNM,0xBC8D470,mov-ax-imm16-ret,CANDIDATE,constant-return method body
8105,EFPILLLHFJC,12632,AEGNNPENLNM,0x727B1B0,mov-ax-imm16-ret,CANDIDATE,constant-return method body
8113,IKJBFENNIKH,18455,AEGNNPENLNM,0xE2B6070,mov-ax-imm16-ret,CANDIDATE,constant-return method body
8117,ENICHDFAGJB,15922,AEGNNPENLNM,0xA230780,mov-ax-imm16-ret,CANDIDATE,constant-return method body
8119,DDALMNPOCCO,57345,AEGNNPENLNM,0x1027F8F0,mov-ax-imm16-ret,CANDIDATE,constant-return method body
8120,CJCMOOPLIBO,34370,AEGNNPENLNM,0x124DE660,mov-ax-imm16-ret,CANDIDATE,constant-return method body
8123,BDOCOIPHBOE,81859,AEGNNPENLNM,0x11FE3C90,mov-ax-imm16-ret,CANDIDATE,constant-return method body
8125,EKHINIFOCEO,36514,AEGNNPENLNM,0x125D60B0,mov-ax-imm16-ret,CANDIDATE,constant-return method body
8126,JJBECCFMFIN,54117,AEGNNPENLNM,0x821C920,mov-ax-imm16-ret,CANDIDATE,constant-return method body
8127,DAOKHKNKJIO,11997,AEGNNPENLNM,0x1026E6A0,mov-ax-imm16-ret,CANDIDATE,constant-return method body
8129,OPBCMBIKELP,85710,AEGNNPENLNM,0xADBEE60,mov-ax-imm16-ret,CANDIDATE,constant-return method body
8139,AEKKGHINNPI,78660,AEGNNPENLNM,0xC971D30,mov-ax-imm16-ret,CANDIDATE,constant-return method body
8146,BBCEJADBOMI,69657,AEGNNPENLNM,0xEE74F60,mov-ax-imm16-ret,CANDIDATE,constant-return method body
8151,KHOEGENMGCP,87495,AEGNNPENLNM,0xFC6F540,mov-ax-imm16-ret,CANDIDATE,constant-return method body
8155,DEIPCLAJCGE,82502,AEGNNPENLNM,0xF5F5340,mov-ax-imm16-ret,CANDIDATE,constant-return method body
8160,ICNMBCMJONP,40724,AEGNNPENLNM,0x105E55D0,mov-ax-imm16-ret,CANDIDATE,constant-return method body
8172,MAIBLMOFJBP,36428,AEGNNPENLNM,0x120B0C60,mov-ax-imm16-ret,CANDIDATE,constant-return method body
8175,AIKAOALKANH,68540,AEGNNPENLNM,0xAB8D290,mov-ax-imm16-ret,CANDIDATE,constant-return method body
8177,PKIBMAKKPEE,55997,AEGNNPENLNM,0xC6D0350,mov-ax-imm16-ret,CANDIDATE,constant-return method body
8181,NKLBOLHAFMB,68588,AEGNNPENLNM,0x86149A0,mov-ax-imm16-ret,CANDIDATE,constant-return method body
8184,KLNFAFNPDBC,41781,AEGNNPENLNM,0x8331C70,mov-ax-imm16-ret,CANDIDATE,constant-return method body
8186,GCABPICIIJB,56889,AEGNNPENLNM,0xD5E3120,mov-ax-imm16-ret,CANDIDATE,constant-return method body
8192,GFLKPCNKMMO,34662,get_metaTypeID,0x97BC2F0,mov-eax-imm32-ret,CANDIDATE,constant-return method body
8198,PHDMJNBLNNC,86367,AEGNNPENLNM,0x1240D6B0,mov-ax-imm16-ret,CANDIDATE,constant-return method body
8203,BMHLLILODNJ,29318,AEGNNPENLNM,0x9266460,mov-ax-imm16-ret,CANDIDATE,constant-return method body
8213,IBIKCMLJLMO,55348,AEGNNPENLNM,0xBF22C40,mov-ax-imm16-ret,CANDIDATE,constant-return method body
8223,LOGPEGIEACK,42197,AEGNNPENLNM,0x83E84C0,mov-ax-imm16-ret,CANDIDATE,constant-return method body
8226,ALIJAPOFLCF,40819,AEGNNPENLNM,0x8AA2AA0,mov-ax-imm16-ret,CANDIDATE,constant-return method body
8227,PGDALPGNGCA,57011,AEGNNPENLNM,0xF49E0A0,mov-ax-imm16-ret,CANDIDATE,constant-return method body
8229,PEHMKBAFKNB,84406,AEGNNPENLNM,0x13DB8AB0,mov-ax-imm16-ret,CANDIDATE,constant-return method body
8236,NENIGAOGGCB,80363,AEGNNPENLNM,0x1227D1F0,mov-ax-imm16-ret,CANDIDATE,constant-return method body
8239,BLBIJPDBACI,46987,AEGNNPENLNM,0x9244E30,mov-ax-imm16-ret,CANDIDATE,constant-return method body
8240,DKCLDLHPPHP,21219,AEGNNPENLNM,0x10DCB220,mov-ax-imm16-ret,CANDIDATE,constant-return method body
8241,KBNKLANIHMP,81320,AEGNNPENLNM,0x13843780,mov-ax-imm16-ret,CANDIDATE,constant-return method body
8243,GKBMPBJNLBF,33999,AEGNNPENLNM,0xB1C95D0,mov-ax-imm16-ret,CANDIDATE,constant-return method body
8255,BIPKBPMFFKJ,40196,AEGNNPENLNM,0xB5407D0,mov-ax-imm16-ret,CANDIDATE,constant-return method body
8256,KEGPAJLHAJB,81454,AEGNNPENLNM,0x8F9B800,mov-ax-imm16-ret,CANDIDATE,constant-return method body
8258,BNHNEGBJCDB,41052,AEGNNPENLNM,0x946D5F0,mov-ax-imm16-ret,CANDIDATE,constant-return method body
8259,IJKJNMDCJGI,73864,AEGNNPENLNM,0x99C2200,mov-ax-imm16-ret,CANDIDATE,constant-return method body
8267,IPGCFIEHNCK,41561,AEGNNPENLNM,0x76323B0,mov-ax-imm16-ret,CANDIDATE,constant-return method body
8281,IICGNHBPNKO,81841,AEGNNPENLNM,0x99AFAD0,mov-ax-imm16-ret,CANDIDATE,constant-return method body
8283,LAAECPGDCPC,19016,AEGNNPENLNM,0xB486220,mov-ax-imm16-ret,CANDIDATE,constant-return method body
8284,HOIKFJJIAFK,68559,AEGNNPENLNM,0x9952510,mov-ax-imm16-ret,CANDIDATE,constant-return method body
8286,AGPCPFFOGON,24109,AEGNNPENLNM,0x717F470,mov-ax-imm16-ret,CANDIDATE,constant-return method body
8291,GPNCMHOFODN,35893,AEGNNPENLNM,0xBE46600,mov-ax-imm16-ret,CANDIDATE,constant-return method body
8294,LGGIFPOOHKK,52921,AEGNNPENLNM,0xF0DA840,mov-ax-imm16-ret,CANDIDATE,constant-return method body
8298,BBIEKAKFPPI,62638,AEGNNPENLNM,0x8E83510,mov-ax-imm16-ret,CANDIDATE,constant-return method body
8301,FIKNAMGKBML,43692,AEGNNPENLNM,0x7FC1D80,mov-ax-imm16-ret,CANDIDATE,constant-return method body
8307,EPDOAJCGICO,49833,AEGNNPENLNM,0x89F5120,mov-ax-imm16-ret,CANDIDATE,constant-return method body
8312,MAIMKDHLDLF,85535,AEGNNPENLNM,0xF152E80,mov-ax-imm16-ret,CANDIDATE,constant-return method body
8313,OBMKLBMMBDD,87494,AEGNNPENLNM,0x1230B5B0,mov-ax-imm16-ret,CANDIDATE,constant-return method body
8314,DJOABBEEDHK,69227,AEGNNPENLNM,0xD379F10,mov-ax-imm16-ret,CANDIDATE,constant-return method body
8316,BCJLKAODLAO,65122,AEGNNPENLNM,0x1082EB80,mov-ax-imm16-ret,CANDIDATE,constant-return method body
8325,NNKLOHCEJFJ,74535,AEGNNPENLNM,0x122E2A00,mov-ax-imm16-ret,CANDIDATE,constant-return method body
8326,AAFHBJFEDEL,13972,AEGNNPENLNM,0xC94CCE0,mov-ax-imm16-ret,CANDIDATE,constant-return method body
8328,BGOBMGMBEFA,29863,AEGNNPENLNM,0x7F63C20,mov-ax-imm16-ret,CANDIDATE,constant-return method body
8329,CHNADNMBJPD,48502,AEGNNPENLNM,0x101F9D10,mov-ax-imm16-ret,CANDIDATE,constant-return method body
8331,FOGKCNJGFJJ,51883,AEGNNPENLNM,0xA4E4710,mov-ax-imm16-ret,CANDIDATE,constant-return method body
8332,FONDCHOMFEG,82798,AEGNNPENLNM,0x8004A40,mov-ax-imm16-ret,CANDIDATE,constant-return method body
8335,MBELPJJHLPC,37860,AEGNNPENLNM,0x841E2C0,mov-ax-imm16-ret,CANDIDATE,constant-return method body
8337,NLHNAMBAHBE,77516,AEGNNPENLNM,0xAD24B30,mov-ax-imm16-ret,CANDIDATE,constant-return method body
8341,MOKBIABMMHJ,42611,AEGNNPENLNM,0x12D7E570,mov-ax-imm16-ret,CANDIDATE,constant-return method body
8344,KIGHGCDIHCK,83140,AEGNNPENLNM,0x8FB2710,mov-ax-imm16-ret,CANDIDATE,constant-return method body
8352,OJHBLOKBKAG,62761,AEGNNPENLNM,0x938E390,mov-ax-imm16-ret,CANDIDATE,constant-return method body
8353,BHJGLKMLNPK,16895,AEGNNPENLNM,0x12B4C9F0,mov-ax-imm16-ret,CANDIDATE,constant-return method body
8355,PDLJOOPKJKP,17788,AEGNNPENLNM,0xB8EBC10,mov-ax-imm16-ret,CANDIDATE,constant-return method body
8359,OOLGPMJDIGP,35030,AEGNNPENLNM,0x93C1550,mov-ax-imm16-ret,CANDIDATE,constant-return method body
8360,EEFADLIKPIM,26759,AEGNNPENLNM,0x13FF11E0,mov-ax-imm16-ret,CANDIDATE,constant-return method body
8371,JICIPCIGEIM,29876,AEGNNPENLNM,0x768FC20,mov-ax-imm16-ret,CANDIDATE,constant-return method body
8375,JPAONOALOCO,30391,AEGNNPENLNM,0xE377F40,mov-ax-imm16-ret,CANDIDATE,constant-return method body
8378,JEPFGPCKOGK,39964,AEGNNPENLNM,0x7668440,mov-ax-imm16-ret,CANDIDATE,constant-return method body
8383,EACBCCEEKEF,51419,AEGNNPENLNM,0xF66B300,mov-ax-imm16-ret,CANDIDATE,constant-return method body
8389,NEEIGGNPCHD,87413,AEGNNPENLNM,0xB786970,mov-ax-imm16-ret,CANDIDATE,constant-return method body
8393,ICGNEPLAHMD,42505,AEGNNPENLNM,0x998AD80,mov-ax-imm16-ret,CANDIDATE,constant-return method body
8397,FOEHEMKIPFB,36848,AEGNNPENLNM,0x1357DDC0,mov-ax-imm16-ret,CANDIDATE,constant-return method body
8399,OEDMILAPGHK,83262,AEGNNPENLNM,0x9F9DB60,mov-ax-imm16-ret,CANDIDATE,constant-return method body
8402,EINNDADFLNC,38600,AEGNNPENLNM,0xEA3CCA0,mov-ax-imm16-ret,CANDIDATE,constant-return method body
8406,BOMFDNHLDEI,86381,AEGNNPENLNM,0xAF44720,mov-ax-imm16-ret,CANDIDATE,constant-return method body
8432,ACDHFEBHCIC,41713,AEGNNPENLNM,0x11B2F820,mov-ax-imm16-ret,CANDIDATE,constant-return method body
8436,DPHEMHHFABI,16362,AEGNNPENLNM,0x12592E40,mov-ax-imm16-ret,CANDIDATE,constant-return method body
8437,HMILBLBOEHF,78521,AEGNNPENLNM,0xF9CE270,mov-ax-imm16-ret,CANDIDATE,constant-return method body
8446,DGAJPPAOOMC,54279,AEGNNPENLNM,0x7D7A630,mov-ax-imm16-ret,CANDIDATE,constant-return method body
8447,GOIKIANBBKA,32421,AEGNNPENLNM,0x110E9FD0,mov-ax-imm16-ret,CANDIDATE,constant-return method body
8449,NCLAKGFKMJJ,43530,AEGNNPENLNM,0xFF521D0,mov-ax-imm16-ret,CANDIDATE,constant-return method body
8458,BCIGLJJBFCB,43515,AEGNNPENLNM,0xEE84310,mov-ax-imm16-ret,CANDIDATE,constant-return method body
8459,ODAELBMNEDF,56939,AEGNNPENLNM,0x9348320,mov-ax-imm16-ret,CANDIDATE,constant-return method body
8462,LGCJMOLOKCH,61100,AEGNNPENLNM,0x12024950,mov-ax-imm16-ret,CANDIDATE,constant-return method body
8463,LOICHFIOLPE,18472,AEGNNPENLNM,0x83E9100,mov-ax-imm16-ret,CANDIDATE,constant-return method body
8465,NPODHOKKBJC,18930,AEGNNPENLNM,0xD0F8D50,mov-ax-imm16-ret,CANDIDATE,constant-return method body
8466,LLOHPKHJOMP,71449,AEGNNPENLNM,0xAA53DB0,mov-ax-imm16-ret,CANDIDATE,constant-return method body
8469,OALEJKKLAGG,60259,AEGNNPENLNM,0x130C6C70,mov-ax-imm16-ret,CANDIDATE,constant-return method body
8475,MNLCNMANFAC,82269,AEGNNPENLNM,0x10991FF0,mov-ax-imm16-ret,CANDIDATE,constant-return method body
8482,LNBKGHMJMDC,35579,AEGNNPENLNM,0x1145C9C0,mov-ax-imm16-ret,CANDIDATE,constant-return method body
8484,GJJPMBOLCKP,56440,AEGNNPENLNM,0x110C7270,mov-ax-imm16-ret,CANDIDATE,constant-return method body
8486,PAKONJFGDND,27888,AEGNNPENLNM,0x9FEBAC0,mov-ax-imm16-ret,CANDIDATE,constant-return method body
8494,DDNAKNFMOJP,38036,AEGNNPENLNM,0x954E740,mov-ax-imm16-ret,CANDIDATE,constant-return method body
8500,OBJICDFHPNL,21319,AEGNNPENLNM,0xC5D3D40,mov-ax-imm16-ret,CANDIDATE,constant-return method body
8507,AFJGMNDKPMK,23676,AEGNNPENLNM,0xB0F2F20,mov-ax-imm16-ret,CANDIDATE,constant-return method body
8516,ALGOBJLDOFB,84030,AEGNNPENLNM,0xB132A30,mov-ax-imm16-ret,CANDIDATE,constant-return method body
8524,PCFGCBPGCMF,62022,AEGNNPENLNM,0x13173040,mov-ax-imm16-ret,CANDIDATE,constant-return method body
8529,CMJFAFEFKBI,16432,AEGNNPENLNM,0xA0CFF70,mov-ax-imm16-ret,CANDIDATE,constant-return method body
8531,CGBMHMPHJPO,62604,AEGNNPENLNM,0xE83E0E0,mov-ax-imm16-ret,CANDIDATE,constant-return method body
8532,HMGDBPDHKHK,69201,AEGNNPENLNM,0xB253950,mov-ax-imm16-ret,CANDIDATE,constant-return method body
8535,DBKNGHFIAGB,80379,AEGNNPENLNM,0x1252B050,mov-ax-imm16-ret,CANDIDATE,constant-return method body
8549,JOMJECDLLDA,82423,AEGNNPENLNM,0xCCF3370,mov-ax-imm16-ret,CANDIDATE,constant-return method body
8551,DBFBCDEAFII,45641,AEGNNPENLNM,0x10D7EBC0,mov-ax-imm16-ret,CANDIDATE,constant-return method body
8552,PFNIHLOPFJJ,60757,AEGNNPENLNM,0xF499A70,mov-ax-imm16-ret,CANDIDATE,constant-return method body
8557,MMMBAAKJIBK,51385,AEGNNPENLNM,0x793C430,mov-ax-imm16-ret,CANDIDATE,constant-return method body
8558,MICDLCIJGMH,17489,AEGNNPENLNM,0xFDA5F80,mov-ax-imm16-ret,CANDIDATE,constant-return method body
8564,PEPNECPPLKF,29221,AEGNNPENLNM,0x10BE22F0,mov-ax-imm16-ret,CANDIDATE,constant-return method body
8568,LHAJFMHAJDK,41703,AEGNNPENLNM,0x11420CD0,mov-ax-imm16-ret,CANDIDATE,constant-return method body
8571,MPJPAILCKNN,23117,AEGNNPENLNM,0x9D70BC0,mov-ax-imm16-ret,CANDIDATE,constant-return method body
8573,FPMFHJDJFDI,15555,AEGNNPENLNM,0x8BC4FC0,mov-ax-imm16-ret,CANDIDATE,constant-return method body
8578,MHILDIGIGJB,38367,AEGNNPENLNM,0xAAC3040,mov-ax-imm16-ret,CANDIDATE,constant-return method body
8583,MBAIFHCIPKH,13875,AEGNNPENLNM,0x120B3A50,mov-ax-imm16-ret,CANDIDATE,constant-return method body
8587,BIMDOCJKEML,72535,AEGNNPENLNM,0x10854490,mov-ax-imm16-ret,CANDIDATE,constant-return method body
8590,KMIODPIJKKM,40476,AEGNNPENLNM,0x11F760D0,mov-ax-imm16-ret,CANDIDATE,constant-return method body
8592,JJKFGDAOLGK,59127,AEGNNPENLNM,0x76D9EC0,mov-ax-imm16-ret,CANDIDATE,constant-return method body
8593,EEEGHDDJODD,42546,AEGNNPENLNM,0xD3DAFC0,mov-ax-imm16-ret,CANDIDATE,constant-return method body
8596,JHLHOHEGLOO,72750,AEGNNPENLNM,0xCC7E4B0,mov-ax-imm16-ret,CANDIDATE,constant-return method body
8597,IEAGMNGJFAO,57522,AEGNNPENLNM,0x136EC470,mov-ax-imm16-ret,CANDIDATE,constant-return method body
8602,MMPGKNJMCKA,54698,AEGNNPENLNM,0x12D77250,mov-ax-imm16-ret,CANDIDATE,constant-return method body
8603,ANIAGCIPFPP,36568,AEGNNPENLNM,0xBCB0A10,mov-ax-imm16-ret,CANDIDATE,constant-return method body
8604,DOABAJDLKME,57596,AEGNNPENLNM,0x11A56C70,mov-ax-imm16-ret,CANDIDATE,constant-return method body
8606,AGMNJFGFOJO,81017,AEGNNPENLNM,0x11B70A90,mov-ax-imm16-ret,CANDIDATE,constant-return method body
8609,LMPOLPMJMBO,76505,AEGNNPENLNM,0x108C67D0,mov-ax-imm16-ret,CANDIDATE,constant-return method body
8615,GCCJHNGELOA,36093,AEGNNPENLNM,0x8BDB7B0,mov-ax-imm16-ret,CANDIDATE,constant-return method body
8616,BKFEIEINDML,84558,AEGNNPENLNM,0xAEEBB20,mov-ax-imm16-ret,CANDIDATE,constant-return method body
8626,DJIFAFFMHBM,85666,AEGNNPENLNM,0x13F7CA90,mov-ax-imm16-ret,CANDIDATE,constant-return method body
8627,CGDLHHEGMJM,42369,AEGNNPENLNM,0x79ED850,mov-ax-imm16-ret,CANDIDATE,constant-return method body
8628,CBDKEADNEKP,32590,AEGNNPENLNM,0x13CCB030,mov-ax-imm16-ret,CANDIDATE,constant-return method body
8632,KDFBALFMBPG,51919,AEGNNPENLNM,0x10728110,mov-ax-imm16-ret,CANDIDATE,constant-return method body
8633,JCLJGJFDEBA,48416,AEGNNPENLNM,0x106A3F80,mov-ax-imm16-ret,CANDIDATE,constant-return method body
8644,KBJNMJCJGNI,48872,AEGNNPENLNM,0x11F25D80,mov-ax-imm16-ret,CANDIDATE,constant-return method body
8648,NBCEHKPAOPI,55721,AEGNNPENLNM,0x13BEA8F0,mov-ax-imm16-ret,CANDIDATE,constant-return method body
8651,IGBPBCIAPHD,30305,AEGNNPENLNM,0xE28E8B0,mov-ax-imm16-ret,CANDIDATE,constant-return method body
8652,HDKJCAOHMLI,54948,AEGNNPENLNM,0x984E0A0,mov-ax-imm16-ret,CANDIDATE,constant-return method body
8657,EKNBHNFIKIC,45898,AEGNNPENLNM,0xF6DEE80,mov-ax-imm16-ret,CANDIDATE,constant-return method body
8659,LPDFIFGDPPC,50927,AEGNNPENLNM,0x83EF1A0,mov-ax-imm16-ret,CANDIDATE,constant-return method body
8674,DNEKCCEEIIK,16891,AEGNNPENLNM,0x88A0C00,mov-ax-imm16-ret,CANDIDATE,constant-return method body
8676,HKAHOEBIHFH,37346,AEGNNPENLNM,0xA68FB00,mov-ax-imm16-ret,CANDIDATE,constant-return method body
8678,NCEOLMKDOJC,82409,AEGNNPENLNM,0xE6936E0,mov-ax-imm16-ret,CANDIDATE,constant-return method body
8687,FCJPPFDEBBD,52203,AEGNNPENLNM,0x1100AF80,mov-ax-imm16-ret,CANDIDATE,constant-return method body
8693,KCGKELLFOMB,58754,AEGNNPENLNM,0x112FFDC0,mov-ax-imm16-ret,CANDIDATE,constant-return method body
8701,EMBBCHPGGKJ,65616,AEGNNPENLNM,0x125DCF90,mov-ax-imm16-ret,CANDIDATE,constant-return method body
8705,BBJDNHALNMB,13447,AEGNNPENLNM,0xC9E35A0,mov-ax-imm16-ret,CANDIDATE,constant-return method body
8710,CGDNCPHPCPG,74890,AEGNNPENLNM,0x11937890,mov-ax-imm16-ret,CANDIDATE,constant-return method body
8719,AJKBPGDKJPK,17941,AEGNNPENLNM,0x1043B930,mov-ax-imm16-ret,CANDIDATE,constant-return method body
8721,APJPFFKIOOJ,28933,AEGNNPENLNM,0x97199A0,mov-ax-imm16-ret,CANDIDATE,constant-return method body
8727,GIJIPDNNFDN,48397,AEGNNPENLNM,0x104DA350,mov-ax-imm16-ret,CANDIDATE,constant-return method body
8728,OCMEMEGBMMN,19535,AEGNNPENLNM,0x9F792C0,mov-ax-imm16-ret,CANDIDATE,constant-return method body
8730,KAILJBKNPGF,83453,AEGNNPENLNM,0x11F13DE0,mov-ax-imm16-ret,CANDIDATE,constant-return method body
8733,DEMAGHMGPPL,60841,AEGNNPENLNM,0x13F410F0,mov-ax-imm16-ret,CANDIDATE,constant-return method body
8735,ALLOBAPPNLA,80845,AEGNNPENLNM,0xD520DB0,mov-ax-imm16-ret,CANDIDATE,constant-return method body
8748,HNEHHIPGHAA,33654,AEGNNPENLNM,0xBEDE210,mov-ax-imm16-ret,CANDIDATE,constant-return method body
8750,LBNLNMPDFHE,46850,AEGNNPENLNM,0x9C20DE0,mov-ax-imm16-ret,CANDIDATE,constant-return method body
8757,GCBAAAEOMDG,60963,AEGNNPENLNM,0x1359B370,mov-ax-imm16-ret,CANDIDATE,constant-return method body
8762,MCFFAIOIJHL,87131,AEGNNPENLNM,0xCE7C430,mov-ax-imm16-ret,CANDIDATE,constant-return method body
8763,FJCOPGGAKFC,55735,AEGNNPENLNM,0xBD769F0,mov-ax-imm16-ret,CANDIDATE,constant-return method body
8765,JFIHEOFFOJH,35736,AEGNNPENLNM,0x9AC19D0,mov-ax-imm16-ret,CANDIDATE,constant-return method body
8766,PMKOOBIFNNP,63594,AEGNNPENLNM,0x10CAED50,mov-ax-imm16-ret,CANDIDATE,constant-return method body
8777,BBNNEJJHLPG,44716,AEGNNPENLNM,0xAEBC960,mov-ax-imm16-ret,CANDIDATE,constant-return method body
8778,EHNCBLCMCKE,24564,AEGNNPENLNM,0xBCE0CB0,mov-ax-imm16-ret,CANDIDATE,constant-return method body
8781,HAFHAEMGCDL,38365,AEGNNPENLNM,0xB1F6920,mov-ax-imm16-ret,CANDIDATE,constant-return method body
8782,LIEIJIOCFMJ,43132,AEGNNPENLNM,0xFD229C0,mov-ax-imm16-ret,CANDIDATE,constant-return method body
8786,JHMGPPKIMKA,61935,AEGNNPENLNM,0xA8E3F90,mov-ax-imm16-ret,CANDIDATE,constant-return method body
8789,EMHLLNEJEJE,46163,AEGNNPENLNM,0x12802340,mov-ax-imm16-ret,CANDIDATE,constant-return method body
8790,FACLKAOMNHM,41031,AEGNNPENLNM,0x1037BEE0,mov-ax-imm16-ret,CANDIDATE,constant-return method body
8799,PGHCCLFPNKA,37135,AEGNNPENLNM,0x93F82A0,mov-ax-imm16-ret,CANDIDATE,constant-return method body
8800,BLIBKDDJEBC,68877,AEGNNPENLNM,0x1178B030,mov-ax-imm16-ret,CANDIDATE,constant-return method body
8801,NBPGLHGKMLL,51686,AEGNNPENLNM,0x7AD2410,mov-ax-imm16-ret,CANDIDATE,constant-return method body
8805,LOKCOEGGNOF,35158,AEGNNPENLNM,0x108EC3E0,mov-ax-imm16-ret,CANDIDATE,constant-return method body
8808,JLIHIMCDILG,72856,AEGNNPENLNM,0x106E5D80,mov-ax-imm16-ret,CANDIDATE,constant-return method body
8811,HJDPGFEOLBE,69920,AEGNNPENLNM,0xCB25180,mov-ax-imm16-ret,CANDIDATE,constant-return method body
8814,LNLBPIENAAL,43594,AEGNNPENLNM,0xAA60C90,mov-ax-imm16-ret,CANDIDATE,constant-return method body
8817,HHDPCDCGCOL,20082,AEGNNPENLNM,0x105781A0,mov-ax-imm16-ret,CANDIDATE,constant-return method body
8829,DEHEMPBKEOM,71331,AEGNNPENLNM,0x13F3E3B0,mov-ax-imm16-ret,CANDIDATE,constant-return method body
8831,MHPOOKGABPB,71416,AEGNNPENLNM,0x8441470,mov-ax-imm16-ret,CANDIDATE,constant-return method body
8833,EHAAIHJLFOL,22020,AEGNNPENLNM,0x897C930,mov-ax-imm16-ret,CANDIDATE,constant-return method body
8840,KCKLCEMJMHM,18589,AEGNNPENLNM,0x8F91FC0,mov-ax-imm16-ret,CANDIDATE,constant-return method body
8841,PECLOBLIJCM,53276,AEGNNPENLNM,0xD23B150,mov-ax-imm16-ret,CANDIDATE,constant-return method body
8842,AEGHNGFJEPK,60918,AEGNNPENLNM,0x126EEEE0,mov-ax-imm16-ret,CANDIDATE,constant-return method body
8843,LJKLFAPBIBJ,19319,AEGNNPENLNM,0x12CB7290,mov-ax-imm16-ret,CANDIDATE,constant-return method body
8847,CAOALLBBBBO,51840,AEGNNPENLNM,0x13CC7DD0,mov-ax-imm16-ret,CANDIDATE,constant-return method body
8849,GCPPJLJGPFB,40610,AEGNNPENLNM,0x11BDF720,mov-ax-imm16-ret,CANDIDATE,constant-return method body
8869,AGGKGGOBFIH,45870,AEGNNPENLNM,0xF7AC5A0,mov-ax-imm16-ret,CANDIDATE,constant-return method body
8878,INBALCMIJFH,58939,AEGNNPENLNM,0xE2CCA60,mov-ax-imm16-ret,CANDIDATE,constant-return method body
8880,JBCMLDGKPDD,55427,AEGNNPENLNM,0xE302D90,mov-ax-imm16-ret,CANDIDATE,constant-return method body
8885,HCHEGPIOGPL,51331,AEGNNPENLNM,0xB2096A0,mov-ax-imm16-ret,CANDIDATE,constant-return method body
8887,FJKPMHHIINF,78833,AEGNNPENLNM,0xD49CA20,mov-ax-imm16-ret,CANDIDATE,constant-return method body
8890,LPOPDIIOPIJ,15346,AEGNNPENLNM,0x12CFA460,mov-ax-imm16-ret,CANDIDATE,constant-return method body
8896,KKFAHCDFFGO,36635,AEGNNPENLNM,0xA984D10,mov-ax-imm16-ret,CANDIDATE,constant-return method body
8900,IEOMEOIENOK,32929,AEGNNPENLNM,0xCBDBE50,mov-ax-imm16-ret,CANDIDATE,constant-return method body
8908,AALHDMKIEKI,80488,AEGNNPENLNM,0xD4BC1B0,mov-ax-imm16-ret,CANDIDATE,constant-return method body
8911,LBPOMGMADGF,52588,AEGNNPENLNM,0xC1C1FD0,mov-ax-imm16-ret,CANDIDATE,constant-return method body
8913,BGBHBEEOIIP,24845,AEGNNPENLNM,0xFBF73C0,mov-ax-imm16-ret,CANDIDATE,constant-return method body
8915,DOMBGHNDAJM,28659,AEGNNPENLNM,0x95D2DB0,mov-ax-imm16-ret,CANDIDATE,constant-return method body
8918,OMDENGBFIBI,69142,AEGNNPENLNM,0xD1842F0,mov-ax-imm16-ret,CANDIDATE,constant-return method body
8922,DODFDLFAACC,16817,AEGNNPENLNM,0x7210560,mov-ax-imm16-ret,CANDIDATE,constant-return method body
8923,DEHNJLMPDFJ,12734,AEGNNPENLNM,0x884D9B0,mov-ax-imm16-ret,CANDIDATE,constant-return method body
8927,JBBAJHIOJCN,30779,AEGNNPENLNM,0x9A51220,mov-ax-imm16-ret,CANDIDATE,constant-return method body
8928,LECHCBGKHIO,74972,AEGNNPENLNM,0x1140DB30,mov-ax-imm16-ret,CANDIDATE,constant-return method body
8930,IFBKFLLGGLD,69863,AEGNNPENLNM,0x111D1200,mov-ax-imm16-ret,CANDIDATE,constant-return method body
8934,LMCJGOKJGNM,76420,AEGNNPENLNM,0x1207A7E0,mov-ax-imm16-ret,CANDIDATE,constant-return method body
8938,CBPIGEJHCIK,38105,AEGNNPENLNM,0x13368D50,mov-ax-imm16-ret,CANDIDATE,constant-return method body
8946,FFNPCIOFKAG,12806,AEGNNPENLNM,0xBD4EDB0,mov-ax-imm16-ret,CANDIDATE,constant-return method body
8947,GDNAOPHMBBP,56916,AEGNNPENLNM,0x129110D0,mov-ax-imm16-ret,CANDIDATE,constant-return method body
8948,LIMHNCBAGGP,85962,AEGNNPENLNM,0xFD31310,mov-ax-imm16-ret,CANDIDATE,constant-return method body
8951,CJDKGCMEHEE,74577,AEGNNPENLNM,0xC78BE50,mov-ax-imm16-ret,CANDIDATE,constant-return method body
8955,CMGGMCEBGCL,59721,AEGNNPENLNM,0xA0C7780,mov-ax-imm16-ret,CANDIDATE,constant-return method body
8956,LIBACEMHOOF,54805,AEGNNPENLNM,0xF0E8890,mov-ax-imm16-ret,CANDIDATE,constant-return method body
8969,CLFDBGMNKCM,14031,AEGNNPENLNM,0xC7B2690,mov-ax-imm16-ret,CANDIDATE,constant-return method body
8988,AHOGGAOFHDH,43942,AEGNNPENLNM,0xAB88990,mov-ax-imm16-ret,CANDIDATE,constant-return method body
8990,IDOCAIKBMOI,27672,AEGNNPENLNM,0x7565B20,mov-ax-imm16-ret,CANDIDATE,constant-return method body
8991,GGJMEJHDMHF,36994,AEGNNPENLNM,0xCA58B50,mov-ax-imm16-ret,CANDIDATE,constant-return method body
8992,AFNHKEPJNOG,18902,AEGNNPENLNM,0x11B69EB0,mov-ax-imm16-ret,CANDIDATE,constant-return method body
8996,HEJDDLDJHOI,88487,AEGNNPENLNM,0x9863070,mov-ax-imm16-ret,CANDIDATE,constant-return method body
8999,DJJCLDHJHPC,81509,AEGNNPENLNM,0x125643F0,mov-ax-imm16-ret,CANDIDATE,constant-return method body
9006,CDOMFJFCJIP,24958,AEGNNPENLNM,0x1338CB40,mov-ax-imm16-ret,CANDIDATE,constant-return method body
9013,NOBILGLGEFA,81118,AEGNNPENLNM,0xE70A2C0,mov-ax-imm16-ret,CANDIDATE,constant-return method body
9016,OEFMEEEDCGP,21343,AEGNNPENLNM,0x10066070,mov-ax-imm16-ret,CANDIDATE,constant-return method body
9018,OJCOHDADFII,83216,AEGNNPENLNM,0x938B410,mov-ax-imm16-ret,CANDIDATE,constant-return method body
9020,BKLNJANCNMM,64554,AEGNNPENLNM,0x82C86F0,mov-ax-imm16-ret,CANDIDATE,constant-return method body
9021,CGDMCDEBJLH,37508,AEGNNPENLNM,0xD2BB2D0,mov-ax-imm16-ret,CANDIDATE,constant-return method body
9023,OPHGFGILNAB,38291,AEGNNPENLNM,0x7C0C8E0,mov-ax-imm16-ret,CANDIDATE,constant-return method body
9024,AFFAAPEPAFI,44080,AEGNNPENLNM,0xC97BE40,mov-ax-imm16-ret,CANDIDATE,constant-return method body
9033,DOMPCDGFLDN,34238,AEGNNPENLNM,0x10DFA630,mov-ax-imm16-ret,CANDIDATE,constant-return method body
9036,DMBHPHKJCPH,34262,AEGNNPENLNM,0x95AFE80,mov-ax-imm16-ret,CANDIDATE,constant-return method body
9037,FPEDEDBJKFA,68173,AEGNNPENLNM,0xD5BD7E0,mov-ax-imm16-ret,CANDIDATE,constant-return method body
9044,ALKOIKBODFM,16486,AEGNNPENLNM,0xBC9A750,mov-ax-imm16-ret,CANDIDATE,constant-return method body
9057,GBNENNOLDIN,57144,AEGNNPENLNM,0x8BD9CE0,mov-ax-imm16-ret,CANDIDATE,constant-return method body
9064,PGLKLPBINJK,40322,AEGNNPENLNM,0xA01ADA0,mov-ax-imm16-ret,CANDIDATE,constant-return method body
9069,DKEEGOLICKB,23681,AEGNNPENLNM,0x13F7EAE0,mov-ax-imm16-ret,CANDIDATE,constant-return method body
9071,OFIPPCNHCJG,17450,AEGNNPENLNM,0x10070F80,mov-ax-imm16-ret,CANDIDATE,constant-return method body
9075,CFIBCJDEGMJ,30282,AEGNNPENLNM,0xAF6B5E0,mov-ax-imm16-ret,CANDIDATE,constant-return method body
9077,JNCOMIKLCJC,30402,AEGNNPENLNM,0x10701D30,mov-ax-imm16-ret,CANDIDATE,constant-return method body
9081,OFMAAENAJNA,60848,AEGNNPENLNM,0xE76C6F0,mov-ax-imm16-ret,CANDIDATE,constant-return method body
9084,HFMDKLMAJFK,62033,AEGNNPENLNM,0xBE94B00,mov-ax-imm16-ret,CANDIDATE,constant-return method body
9092,GNKHPOPIDFI,64522,AEGNNPENLNM,0x11C2DAD0,mov-ax-imm16-ret,CANDIDATE,constant-return method body
9113,BNKEKGLBGEB,67304,AEGNNPENLNM,0x13CAC610,mov-ax-imm16-ret,CANDIDATE,constant-return method body
9119,LCNLDPPHANN,69132,AEGNNPENLNM,0x83746A0,mov-ax-imm16-ret,CANDIDATE,constant-return method body
9122,PAHPCONDNFE,75355,AEGNNPENLNM,0x1315DEA0,mov-ax-imm16-ret,CANDIDATE,constant-return method body
9129,INDKHBFONJA,26307,AEGNNPENLNM,0x761E4E0,mov-ax-imm16-ret,CANDIDATE,constant-return method body
9135,NNDIPIDMMGL,64348,AEGNNPENLNM,0x9ED90D0,mov-ax-imm16-ret,CANDIDATE,constant-return method body
9140,JFLGJBGNHGB,24573,AEGNNPENLNM,0x11EC7F60,mov-ax-imm16-ret,CANDIDATE,constant-return method body
9141,LHENKLHGMCH,28612,AEGNNPENLNM,0x9C598E0,mov-ax-imm16-ret,CANDIDATE,constant-return method body
9144,FPDJDMFONNN,58955,AEGNNPENLNM,0x128C4290,mov-ax-imm16-ret,CANDIDATE,constant-return method body
9146,BPOIDDIEBME,18764,AEGNNPENLNM,0x13CB9430,mov-ax-imm16-ret,CANDIDATE,constant-return method body
9147,DGOOFJACOIL,39956,AEGNNPENLNM,0xD363130,mov-ax-imm16-ret,CANDIDATE,constant-return method body
9150,HOJGNLABDKB,23514,AEGNNPENLNM,0xCB65D30,mov-ax-imm16-ret,CANDIDATE,constant-return method body
9153,JGMLGOIJGOL,51678,AEGNNPENLNM,0x11286FA0,mov-ax-imm16-ret,CANDIDATE,constant-return method body
9158,ODGDLGCBDOB,31907,AEGNNPENLNM,0xF3C4550,mov-ax-imm16-ret,CANDIDATE,constant-return method body
9160,HDONFCDHBPF,22147,AEGNNPENLNM,0xED91D70,mov-ax-imm16-ret,CANDIDATE,constant-return method body
9162,GHMLHJBOFNN,33216,AEGNNPENLNM,0x740BDA0,mov-ax-imm16-ret,CANDIDATE,constant-return method body
9168,JJALMCNEDCH,45452,AEGNNPENLNM,0x76937C0,mov-ax-imm16-ret,CANDIDATE,constant-return method body
9179,AJAEONMGGAN,59474,AEGNNPENLNM,0x10434FE0,mov-ax-imm16-ret,CANDIDATE,constant-return method body
9185,GMGMANMAKNK,82737,AEGNNPENLNM,0xD633440,mov-ax-imm16-ret,CANDIDATE,constant-return method body
9195,BLIOFILOOEE,55974,AEGNNPENLNM,0x9B3CEA0,mov-ax-imm16-ret,CANDIDATE,constant-return method body
9200,JHFKFGNEJNJ,41740,AEGNNPENLNM,0xFB3A5E0,mov-ax-imm16-ret,CANDIDATE,constant-return method body
9202,IMJDMNKBFFH,63701,AEGNNPENLNM,0xCC24700,mov-ax-imm16-ret,CANDIDATE,constant-return method body
9208,CKMJGKEJFPD,73209,AEGNNPENLNM,0x7D10200,mov-ax-imm16-ret,CANDIDATE,constant-return method body
9209,KINLLOHHOHL,32793,AEGNNPENLNM,0x7762190,mov-ax-imm16-ret,CANDIDATE,constant-return method body
9216,BKAELBDIFGH,19911,AEGNNPENLNM,0xF271D20,mov-ax-imm16-ret,CANDIDATE,constant-return method body
9219,OOPEOLEBADL,32218,AEGNNPENLNM,0x7C0A940,mov-ax-imm16-ret,CANDIDATE,constant-return method body
9221,EDMGHAFILEJ,74166,AEGNNPENLNM,0xE9FD220,mov-ax-imm16-ret,CANDIDATE,constant-return method body
9232,HJFMPHIFKDB,23930,AEGNNPENLNM,0x129FC590,mov-ax-imm16-ret,CANDIDATE,constant-return method body
9237,HLKBIFLIBIF,16591,AEGNNPENLNM,0xF9BD450,mov-ax-imm16-ret,CANDIDATE,constant-return method body
9239,IDBOEABEFDL,79015,AEGNNPENLNM,0x75637E0,mov-ax-imm16-ret,CANDIDATE,constant-return method body
9252,LCDDFFGKAAI,65938,AEGNNPENLNM,0x11FF8FA0,mov-ax-imm16-ret,CANDIDATE,constant-return method body
9255,LCMBIDAGMBP,41184,AEGNNPENLNM,0xC1C77D0,mov-ax-imm16-ret,CANDIDATE,constant-return method body
9256,ANHLEBCJBOH,33742,AEGNNPENLNM,0x7F022C0,mov-ax-imm16-ret,CANDIDATE,constant-return method body
9262,KCKIMPLAMEK,20642,AEGNNPENLNM,0x9B957B0,mov-ax-imm16-ret,CANDIDATE,constant-return method body
9267,KDIDOCIGGNN,56159,AEGNNPENLNM,0xB426400,mov-ax-imm16-ret,CANDIDATE,constant-return method body
9268,NBALOJEGINA,26163,AEGNNPENLNM,0xB75E470,mov-ax-imm16-ret,CANDIDATE,constant-return method body
9270,PIMOFMFHJPC,28681,AEGNNPENLNM,0xC6BA1C0,mov-ax-imm16-ret,CANDIDATE,constant-return method body
9271,ENIFJOFLNHM,71230,AEGNNPENLNM,0x14054E00,mov-ax-imm16-ret,CANDIDATE,constant-return method body
9278,CIECMOIGFOH,53766,AEGNNPENLNM,0xC77F4A0,mov-ax-imm16-ret,CANDIDATE,constant-return method body
9279,CFJNOAJNPMG,37311,AEGNNPENLNM,0x9F3C650,mov-ax-imm16-ret,CANDIDATE,constant-return method body
9281,JFDEGOEJGBN,73755,AEGNNPENLNM,0xEF2AC40,mov-ax-imm16-ret,CANDIDATE,constant-return method body
9282,PPKFCJJDEGK,36882,AEGNNPENLNM,0x1018BAF0,mov-ax-imm16-ret,CANDIDATE,constant-return method body
9288,LCPNMGGCHCA,16244,AEGNNPENLNM,0x13932050,mov-ax-imm16-ret,CANDIDATE,constant-return method body
9292,BBBJJFELMLD,17296,AEGNNPENLNM,0xF7F7BC0,mov-ax-imm16-ret,CANDIDATE,constant-return method body
9296,MENFGOLOCKB,87033,AEGNNPENLNM,0xB5AC5F0,mov-ax-imm16-ret,CANDIDATE,constant-return method body
9297,BHFINIIKEIC,37401,AEGNNPENLNM,0x7F6B2C0,mov-ax-imm16-ret,CANDIDATE,constant-return method body
9301,BNJHLEMDDFE,51899,AEGNNPENLNM,0x1330C210,mov-ax-imm16-ret,CANDIDATE,constant-return method body
9304,AFKFEOGOOCJ,19457,AEGNNPENLNM,0xB0F33C0,mov-ax-imm16-ret,CANDIDATE,constant-return method body
9314,BGLAIJBKLAJ,12827,AEGNNPENLNM,0x9742140,mov-ax-imm16-ret,CANDIDATE,constant-return method body
9315,IGCEBDBADMB,49660,AEGNNPENLNM,0xA6FF2D0,mov-ax-imm16-ret,CANDIDATE,constant-return method body
9321,GBNLACHCMPB,51402,AEGNNPENLNM,0x104A5230,mov-ax-imm16-ret,CANDIDATE,constant-return method body
9327,NPAJBAJBIJI,16477,AEGNNPENLNM,0x9EEADF0,mov-ax-imm16-ret,CANDIDATE,constant-return method body
9334,LKIBGEJBDLP,40179,AEGNNPENLNM,0x11449920,mov-ax-imm16-ret,CANDIDATE,constant-return method body
9336,JJLKKINIEAC,83376,AEGNNPENLNM,0xEF4FD70,mov-ax-imm16-ret,CANDIDATE,constant-return method body
9338,MDOEONFHJEP,58034,AEGNNPENLNM,0xB5A3E50,mov-ax-imm16-ret,CANDIDATE,constant-return method body
9344,LMDPLPMBLPK,23299,AEGNNPENLNM,0xAA54AB0,mov-ax-imm16-ret,CANDIDATE,constant-return method body
9346,JNNAMLDDLMD,13715,AEGNNPENLNM,0x8267ED0,mov-ax-imm16-ret,CANDIDATE,constant-return method body
9347,OPOIBHPNMJP,76353,AEGNNPENLNM,0x9FE5E00,mov-ax-imm16-ret,CANDIDATE,constant-return method body
9353,FDGAJCIHDOB,84634,AEGNNPENLNM,0x103ACA30,mov-ax-imm16-ret,CANDIDATE,constant-return method body
9354,EICAAMGJOIP,16754,AEGNNPENLNM,0x1400EA20,mov-ax-imm16-ret,CANDIDATE,constant-return method body
9362,MHGDEBLNHML,82097,AEGNNPENLNM,0x13A29710,mov-ax-imm16-ret,CANDIDATE,constant-return method body
9365,ODDFIMHPKIF,62763,AEGNNPENLNM,0x10B46DD0,mov-ax-imm16-ret,CANDIDATE,constant-return method body
9369,DMMJNICDOHM,84249,AEGNNPENLNM,0xC87EA60,mov-ax-imm16-ret,CANDIDATE,constant-return method body
9370,NCFJCKADMKB,21513,AEGNNPENLNM,0xB76F9C0,mov-ax-imm16-ret,CANDIDATE,constant-return method body
9371,GENAPALKOON,79469,AEGNNPENLNM,0xBDC8380,mov-ax-imm16-ret,CANDIDATE,constant-return method body
9375,JCBPLPBDGKP,22372,AEGNNPENLNM,0x11EB38E0,mov-ax-imm16-ret,CANDIDATE,constant-return method body
9376,DJCFDLIHAFB,11814,AEGNNPENLNM,0xF61BA60,mov-ax-imm16-ret,CANDIDATE,constant-return method body
9380,FPEFEOAEPKD,84464,AEGNNPENLNM,0x135836F0,mov-ax-imm16-ret,CANDIDATE,constant-return method body
9381,BBDBBGFGGIN,70286,AEGNNPENLNM,0x134DBFE0,mov-ax-imm16-ret,CANDIDATE,constant-return method body
9389,KNAMFADJGEL,19148,AEGNNPENLNM,0xCD57900,mov-ax-imm16-ret,CANDIDATE,constant-return method body
9392,OAPCLDEEHEE,43847,AEGNNPENLNM,0xD10FBC0,mov-ax-imm16-ret,CANDIDATE,constant-return method body
9394,JIHEBNIJGGL,64101,AEGNNPENLNM,0xC033A70,mov-ax-imm16-ret,CANDIDATE,constant-return method body
9399,IJLEOHFLEFE,66178,AEGNNPENLNM,0x111F0540,mov-ax-imm16-ret,CANDIDATE,constant-return method body
9402,OHGCBPIMKKD,26933,AEGNNPENLNM,0x13118460,mov-ax-imm16-ret,CANDIDATE,constant-return method body
9413,HDJCGNNDIDP,66124,AEGNNPENLNM,0x7492C20,mov-ax-imm16-ret,CANDIDATE,constant-return method body
9419,FPGEBLLBOOJ,47099,AEGNNPENLNM,0xBD9F360,mov-ax-imm16-ret,CANDIDATE,constant-return method body
9421,KOPLKHODOEB,57311,AEGNNPENLNM,0x9021470,mov-ax-imm16-ret,CANDIDATE,constant-return method body
9425,OMEHNNDMDKB,86954,AEGNNPENLNM,0x93AC9B0,mov-ax-imm16-ret,CANDIDATE,constant-return method body
9426,JOEFJDKNIMM,23250,AEGNNPENLNM,0xFB84310,mov-ax-imm16-ret,CANDIDATE,constant-return method body
9427,LACDHJNMLDP,36753,AEGNNPENLNM,0xB486A90,mov-ax-imm16-ret,CANDIDATE,constant-return method body
9431,HIECOENDJFK,39307,AEGNNPENLNM,0x11D93620,mov-ax-imm16-ret,CANDIDATE,constant-return method body
9435,CEPIFDHDMKA,44104,AEGNNPENLNM,0x86EF100,mov-ax-imm16-ret,CANDIDATE,constant-return method body
9444,BBHIMKINOLF,81787,AEGNNPENLNM,0xC9E2100,mov-ax-imm16-ret,CANDIDATE,constant-return method body
9450,KNDCKMIAPBH,69115,AEGNNPENLNM,0xB46F210,mov-ax-imm16-ret,CANDIDATE,constant-return method body
9457,PGCLAFLNPFP,59716,AEGNNPENLNM,0x131983F0,mov-ax-imm16-ret,CANDIDATE,constant-return method body
9459,MHDKOBAFDDP,85025,AEGNNPENLNM,0xCE9FDC0,mov-ax-imm16-ret,CANDIDATE,constant-return method body
9475,BJJHIHIMFGA,85251,AEGNNPENLNM,0x9B331A0,mov-ax-imm16-ret,CANDIDATE,constant-return method body
9477,KJPAPMLMGGF,22502,AEGNNPENLNM,0xA9845A0,mov-ax-imm16-ret,CANDIDATE,constant-return method body
9479,DLGDIKGMBJB,85943,AEGNNPENLNM,0x125740A0,mov-ax-imm16-ret,CANDIDATE,constant-return method body
9480,DJGFINOKFHJ,14467,AEGNNPENLNM,0xF61CB60,mov-ax-imm16-ret,CANDIDATE,constant-return method body
9487,FIAAAGMIEIJ,13284,AEGNNPENLNM,0x103C8600,mov-ax-imm16-ret,CANDIDATE,constant-return method body
9488,DCHNOJIAFKK,21424,AEGNNPENLNM,0xD348720,mov-ax-imm16-ret,CANDIDATE,constant-return method body
9498,KLDJGEAGIFO,27229,AEGNNPENLNM,0xCD3D530,mov-ax-imm16-ret,CANDIDATE,constant-return method body
9504,GNCHILKIEGD,43702,AEGNNPENLNM,0x13602180,mov-ax-imm16-ret,CANDIDATE,constant-return method body
9509,PGBEFHAGKNI,58423,AEGNNPENLNM,0xD248610,mov-ax-imm16-ret,CANDIDATE,constant-return method body
9510,PBCKHENNAJL,82740,AEGNNPENLNM,0xE7B52D0,mov-ax-imm16-ret,CANDIDATE,constant-return method body
9513,CHIMKAEMNLM,38528,AEGNNPENLNM,0x10C638B0,mov-ax-imm16-ret,CANDIDATE,constant-return method body
9517,AILLMPFMPNB,34185,AEGNNPENLNM,0x8A74420,mov-ax-imm16-ret,CANDIDATE,constant-return method body
9520,LLCAGGPGAAK,14066,AEGNNPENLNM,0xAA4E480,mov-ax-imm16-ret,CANDIDATE,constant-return method body
9539,CEOGMKOJDBL,51277,AEGNNPENLNM,0x79DE450,mov-ax-imm16-ret,CANDIDATE,constant-return method body
9540,HDJMJCEABPD,57157,AEGNNPENLNM,0x1363E080,mov-ax-imm16-ret,CANDIDATE,constant-return method body
9541,MKEKGFPBCOG,76430,AEGNNPENLNM,0x10973830,mov-ax-imm16-ret,CANDIDATE,constant-return method body
9542,OFONLHCGMBI,87437,AEGNNPENLNM,0xD1391D0,mov-ax-imm16-ret,CANDIDATE,constant-return method body
9546,DLEAHOAMCFK,27659,AEGNNPENLNM,0xE9A47E0,mov-ax-imm16-ret,CANDIDATE,constant-return method body
9550,BHPJCLMHBIE,72896,AEGNNPENLNM,0x1084BB10,mov-ax-imm16-ret,CANDIDATE,constant-return method body
9553,IIMFKHKHDPG,76397,AEGNNPENLNM,0x137108E0,mov-ax-imm16-ret,CANDIDATE,constant-return method body
9556,MIPJHOMKAGF,61313,AEGNNPENLNM,0x13A41020,mov-ax-imm16-ret,CANDIDATE,constant-return method body
9563,ENJCAMGNKMF,31962,AEGNNPENLNM,0x72BC820,mov-ax-imm16-ret,CANDIDATE,constant-return method body
9564,DCINELMNIFB,26107,AEGNNPENLNM,0x119D19F0,mov-ax-imm16-ret,CANDIDATE,constant-return method body
9565,OGIJMPNPJFE,56170,AEGNNPENLNM,0x11765E00,mov-ax-imm16-ret,CANDIDATE,constant-return method body
9568,NNGPIHJGEDA,13496,AEGNNPENLNM,0xE7021F0,mov-ax-imm16-ret,CANDIDATE,constant-return method body
9574,IEAPBONNMFK,52459,AEGNNPENLNM,0x7567590,mov-ax-imm16-ret,CANDIDATE,constant-return method body
9575,ALIILJGIIAF,51196,AEGNNPENLNM,0xF7CC680,mov-ax-imm16-ret,CANDIDATE,constant-return method body
9579,MACNOLIHLCC,61856,AEGNNPENLNM,0x1090FF70,mov-ax-imm16-ret,CANDIDATE,constant-return method body
9581,JBGFMLPGCMA,27319,AEGNNPENLNM,0xE303400,mov-ax-imm16-ret,CANDIDATE,constant-return method body
9582,DGGODBOJHNI,86281,AEGNNPENLNM,0xF60A170,mov-ax-imm16-ret,CANDIDATE,constant-return method body
9585,GFGCLAIOIAF,64648,AEGNNPENLNM,0xD5F5510,mov-ax-imm16-ret,CANDIDATE,constant-return method body
9592,CNBNAHKDALN,34168,AEGNNPENLNM,0xE908580,mov-ax-imm16-ret,CANDIDATE,constant-return method body
9597,ANKHNGFCNOC,33075,AEGNNPENLNM,0x9704FD0,mov-ax-imm16-ret,CANDIDATE,constant-return method body
9598,OELCIAAENIP,72239,AEGNNPENLNM,0x86612D0,mov-ax-imm16-ret,CANDIDATE,constant-return method body
9601,LEJFMGJBHOA,62382,AEGNNPENLNM,0x7817550,mov-ax-imm16-ret,CANDIDATE,constant-return method body
9608,FLNEACBAIMD,26485,AEGNNPENLNM,0xD5A0730,mov-ax-imm16-ret,CANDIDATE,constant-return method body
9609,OGECKOKGOBE,34595,AEGNNPENLNM,0x7B99FD0,mov-ax-imm16-ret,CANDIDATE,constant-return method body
9613,GMKGAHNKOLA,76907,AEGNNPENLNM,0x8069D00,mov-ax-imm16-ret,CANDIDATE,constant-return method body
9618,MMHLFBLDNHC,82143,AEGNNPENLNM,0x12D74600,mov-ax-imm16-ret,CANDIDATE,constant-return method body
9633,JMGHBDINLGF,80526,AEGNNPENLNM,0xFB74740,mov-ax-imm16-ret,CANDIDATE,constant-return method body
9639,EEEEIIOHAGF,87130,AEGNNPENLNM,0x125B2750,mov-ax-imm16-ret,CANDIDATE,constant-return method body
9640,PFINFBHOJAP,13649,AEGNNPENLNM,0xB8FE380,mov-ax-imm16-ret,CANDIDATE,constant-return method body
9644,CIHPIMKENDD,35080,AEGNNPENLNM,0xD2DEDD0,mov-ax-imm16-ret,CANDIDATE,constant-return method body
9648,DLLOIKCINFE,64434,AEGNNPENLNM,0xF641A50,mov-ax-imm16-ret,CANDIDATE,constant-return method body
9652,GDLBGAEIFKF,19109,AEGNNPENLNM,0x11BE42F0,mov-ax-imm16-ret,CANDIDATE,constant-return method body
9655,PIIEFPIJBNK,86909,AEGNNPENLNM,0x10C8D360,mov-ax-imm16-ret,CANDIDATE,constant-return method body
9656,OAPNNAAEFEL,23798,AEGNNPENLNM,0xC5D06E0,mov-ax-imm16-ret,CANDIDATE,constant-return method body
9657,APHEGGPHNNE,35959,AEGNNPENLNM,0xB16F5E0,mov-ax-imm16-ret,CANDIDATE,constant-return method body
9659,OEPKLLNNMPO,41454,AEGNNPENLNM,0x9FA1610,mov-ax-imm16-ret,CANDIDATE,constant-return method body
9661,KAINBMJKEOL,45801,AEGNNPENLNM,0x1071D220,mov-ax-imm16-ret,CANDIDATE,constant-return method body
9664,OOIFNJCCFMD,33049,AEGNNPENLNM,0x1237C4F0,mov-ax-imm16-ret,CANDIDATE,constant-return method body
9667,JDDMEKNCALC,47198,AEGNNPENLNM,0x9A61820,mov-ax-imm16-ret,CANDIDATE,constant-return method body
9674,BJHIAPBFFBH,61197,AEGNNPENLNM,0x138C89A0,mov-ax-imm16-ret,CANDIDATE,constant-return method body
9677,JLBDBAPDMOJ,87815,AEGNNPENLNM,0x822D8E0,mov-ax-imm16-ret,CANDIDATE,constant-return method body
9680,KHEEELPIJLO,68145,AEGNNPENLNM,0x11334DA0,mov-ax-imm16-ret,CANDIDATE,constant-return method body
9681,CIFGDHJILOO,21925,AEGNNPENLNM,0xAF79F00,mov-ax-imm16-ret,CANDIDATE,constant-return method body
9682,IPCKFLEFODA,35081,AEGNNPENLNM,0x106713A0,mov-ax-imm16-ret,CANDIDATE,constant-return method body
9683,PMNPLBHIOGB,54423,AEGNNPENLNM,0xA055ED0,mov-ax-imm16-ret,CANDIDATE,constant-return method body
9686,ICNJKGECDHE,56272,AEGNNPENLNM,0xFA02190,mov-ax-imm16-ret,CANDIDATE,constant-return method body
9687,DKBBEAEPEOD,26441,AEGNNPENLNM,0xD37C010,mov-ax-imm16-ret,CANDIDATE,constant-return method body
9688,HDNFIBNMFBC,82894,AEGNNPENLNM,0xD678CA0,mov-ax-imm16-ret,CANDIDATE,constant-return method body
9689,HHENIGIJDIH,30197,AEGNNPENLNM,0x80B96B0,mov-ax-imm16-ret,CANDIDATE,constant-return method body
9693,CNBALIFEMNC,42021,AEGNNPENLNM,0x87F9290,mov-ax-imm16-ret,CANDIDATE,constant-return method body
9695,LAJNHIBCDBP,22639,AEGNNPENLNM,0x12C6F1E0,mov-ax-imm16-ret,CANDIDATE,constant-return method body
9703,HOECELLLAEG,52236,AEGNNPENLNM,0xD6D84A0,mov-ax-imm16-ret,CANDIDATE,constant-return method body
9706,FMGGFBHABHA,16185,AEGNNPENLNM,0x128B8C30,mov-ax-imm16-ret,CANDIDATE,constant-return method body
9710,AFBBJLDHABH,50656,AEGNNPENLNM,0x126F7590,mov-ax-imm16-ret,CANDIDATE,constant-return method body
9715,CDBPNKHBECH,73631,AEGNNPENLNM,0xAF5FD60,mov-ax-imm16-ret,CANDIDATE,constant-return method body
9726,NGHKNKKKPNA,85859,AEGNNPENLNM,0x7AF8E50,mov-ax-imm16-ret,CANDIDATE,constant-return method body
9727,CDKFAFAFECJ,50508,AEGNNPENLNM,0x9F252C0,mov-ax-imm16-ret,CANDIDATE,constant-return method body
9728,HIJAPIMFBOL,63425,AEGNNPENLNM,0x80BED00,mov-ax-imm16-ret,CANDIDATE,constant-return method body
9731,DCAGJLJCDGF,35202,AEGNNPENLNM,0x13F26120,mov-ax-imm16-ret,CANDIDATE,constant-return method body
9735,FGIMCABHADP,80319,AEGNNPENLNM,0xD489180,mov-ax-imm16-ret,CANDIDATE,constant-return method body
9736,KGKAEBNMKEJ,16523,AEGNNPENLNM,0x12C238F0,mov-ax-imm16-ret,CANDIDATE,constant-return method body
9741,GCJGNEOGMJF,50145,AEGNNPENLNM,0xCA29A10,mov-ax-imm16-ret,CANDIDATE,constant-return method body
9743,CHPHPJOFLAF,43107,AEGNNPENLNM,0x94E4AA0,mov-ax-imm16-ret,CANDIDATE,constant-return method body
9746,NKINNMKLPIK,77006,AEGNNPENLNM,0x122A9960,mov-ax-imm16-ret,CANDIDATE,constant-return method body
9749,MPHLCMIICJG,68539,AEGNNPENLNM,0x9D6A8A0,mov-ax-imm16-ret,CANDIDATE,constant-return method body
9752,MKGLAAPJDCG,31007,AEGNNPENLNM,0xFDB95D0,mov-ax-imm16-ret,CANDIDATE,constant-return method body
9762,HGMEBAGCOLD,52139,AEGNNPENLNM,0x136592F0,mov-ax-imm16-ret,CANDIDATE,constant-return method body
9770,PKBCPECMEKP,83120,AEGNNPENLNM,0x1187EB20,mov-ax-imm16-ret,CANDIDATE,constant-return method body
9777,HMOCBHAGMID,59899,AEGNNPENLNM,0xB256DA0,mov-ax-imm16-ret,CANDIDATE,constant-return method body
9779,IOGBLFLPKIA,61855,AEGNNPENLNM,0xFADEDE0,mov-ax-imm16-ret,CANDIDATE,constant-return method body
9782,IEBBLLEGJKP,40074,AEGNNPENLNM,0xD711940,mov-ax-imm16-ret,CANDIDATE,constant-return method body
9786,PDDFAKCPDLK,66260,AEGNNPENLNM,0x123EFDD0,mov-ax-imm16-ret,CANDIDATE,constant-return method body
9787,OIMMMBDMOJP,73425,AEGNNPENLNM,0xE77EF80,mov-ax-imm16-ret,CANDIDATE,constant-return method body
9791,PKEOJBGDOHG,64515,AEGNNPENLNM,0x11881190,mov-ax-imm16-ret,CANDIDATE,constant-return method body
9795,FMJJCFOOLMA,80986,AEGNNPENLNM,0xBBE6B30,mov-ax-imm16-ret,CANDIDATE,constant-return method body
9802,IBKLJJFPGOG,22964,AEGNNPENLNM,0xA6DBE50,mov-ax-imm16-ret,CANDIDATE,constant-return method body
9803,BAILPDHDPIO,37927,AEGNNPENLNM,0x8E59B00,mov-ax-imm16-ret,CANDIDATE,constant-return method body
9807,PIMHPPIIDIN,41260,AEGNNPENLNM,0x11870E30,mov-ax-imm16-ret,CANDIDATE,constant-return method body
9809,GKCFOBIOHIA,76034,AEGNNPENLNM,0x135EA0D0,mov-ax-imm16-ret,CANDIDATE,constant-return method body
9813,KGIGAJHOGCK,73835,AEGNNPENLNM,0x10749F70,mov-ax-imm16-ret,CANDIDATE,constant-return method body
9815,JONOPKLPCFO,33246,AEGNNPENLNM,0xE374F80,mov-ax-imm16-ret,CANDIDATE,constant-return method body
9825,LANIFBBOKFM,55243,AEGNNPENLNM,0x113F3A30,mov-ax-imm16-ret,CANDIDATE,constant-return method body
9828,MILFAAEEEBI,53539,AEGNNPENLNM,0x844A7E0,mov-ax-imm16-ret,CANDIDATE,constant-return method body
9829,JHEPOIAGPPE,63498,AEGNNPENLNM,0xA8E2C00,mov-ax-imm16-ret,CANDIDATE,constant-return method body
9830,DIFGIIBNFEE,16975,AEGNNPENLNM,0xC84BF40,mov-ax-imm16-ret,CANDIDATE,constant-return method body
9832,MMGNOJOPJEB,54289,AEGNNPENLNM,0x793A3E0,mov-ax-imm16-ret,CANDIDATE,constant-return method body
9833,CEFILPJIEPD,47780,AEGNNPENLNM,0x119236C0,mov-ax-imm16-ret,CANDIDATE,constant-return method body
9835,NEHDMCPNEKG,19698,AEGNNPENLNM,0xF33E2B0,mov-ax-imm16-ret,CANDIDATE,constant-return method body
9836,OLMOIIIDDKN,86833,AEGNNPENLNM,0x13142A50,mov-ax-imm16-ret,CANDIDATE,constant-return method body
9837,JICAJNHIEJD,54038,AEGNNPENLNM,0xC032630,mov-ax-imm16-ret,CANDIDATE,constant-return method body
9839,FNLFBHECJGB,24531,AEGNNPENLNM,0xEBD7000,mov-ax-imm16-ret,CANDIDATE,constant-return method body
9847,HKOFKGLEKEE,54044,AEGNNPENLNM,0x74DDFE0,mov-ax-imm16-ret,CANDIDATE,constant-return method body
9850,OKJPFKCHMLK,84509,AEGNNPENLNM,0xADA0710,mov-ax-imm16-ret,CANDIDATE,constant-return method body
9853,FDGEIJBMGKC,39719,AEGNNPENLNM,0x72F0160,mov-ax-imm16-ret,CANDIDATE,constant-return method body
9857,HLCLOEGFKBJ,26174,AEGNNPENLNM,0xD6B1F10,mov-ax-imm16-ret,CANDIDATE,constant-return method body
9865,GHMJMJFGCAF,30291,AEGNNPENLNM,0xA5600D0,mov-ax-imm16-ret,CANDIDATE,constant-return method body
9866,EEPACJMNPCK,45883,AEGNNPENLNM,0x960EDC0,mov-ax-imm16-ret,CANDIDATE,constant-return method body
9873,JBKJMOHBOLB,40879,AEGNNPENLNM,0xB37D4F0,mov-ax-imm16-ret,CANDIDATE,constant-return method body
9877,DDGPJODEHFC,24376,AEGNNPENLNM,0xE93B830,mov-ax-imm16-ret,CANDIDATE,constant-return method body
9879,HGKMANFJHAD,11928,AEGNNPENLNM,0xD68C160,mov-ax-imm16-ret,CANDIDATE,constant-return method body
9882,HOJEMIKGACD,62050,AEGNNPENLNM,0x80E1AE0,mov-ax-imm16-ret,CANDIDATE,constant-return method body
9884,DJGNMNKCIMB,47841,AEGNNPENLNM,0xE994190,mov-ax-imm16-ret,CANDIDATE,constant-return method body
9892,DOEMECGOCPI,68378,AEGNNPENLNM,0x1258B230,mov-ax-imm16-ret,CANDIDATE,constant-return method body
9900,OLIKKCNMFNI,83310,AEGNNPENLNM,0x100E2AE0,mov-ax-imm16-ret,CANDIDATE,constant-return method body
9903,GKBNMOKPLBD,27842,AEGNNPENLNM,0xCA778D0,mov-ax-imm16-ret,CANDIDATE,constant-return method body
9907,GNPBFKHKHEF,35101,AEGNNPENLNM,0x13611090,mov-ax-imm16-ret,CANDIDATE,constant-return method body
9913,KBMFPCOFGLO,17712,AEGNNPENLNM,0x8288330,mov-ax-imm16-ret,CANDIDATE,constant-return method body
9923,LOLIJLMKJEN,36911,AEGNNPENLNM,0xCE615F0,mov-ax-imm16-ret,CANDIDATE,constant-return method body
9926,GFDAMNJDEIP,42046,AEGNNPENLNM,0x80337F0,mov-ax-imm16-ret,CANDIDATE,constant-return method body
9932,BBBOJEJFJKH,39098,AEGNNPENLNM,0xD543450,mov-ax-imm16-ret,CANDIDATE,constant-return method body
9935,LDDADMGGGNK,69611,AEGNNPENLNM,0xCD90EF0,mov-ax-imm16-ret,CANDIDATE,constant-return method body
9942,HBLEEPBCIIA,23981,AEGNNPENLNM,0xCAD2350,mov-ax-imm16-ret,CANDIDATE,constant-return method body
9945,PDOGADJJOLM,59871,AEGNNPENLNM,0x7C26C70,mov-ax-imm16-ret,CANDIDATE,constant-return method body
9946,LDNHAMNMKOD,69944,AEGNNPENLNM,0x11408BF0,mov-ax-imm16-ret,CANDIDATE,constant-return method body
9952,AAMDNLDGDBG,47475,AEGNNPENLNM,0x11B202C0,mov-ax-imm16-ret,CANDIDATE,constant-return method body
9959,HANNEBKOCJI,22950,AEGNNPENLNM,0xA5BFC80,mov-ax-imm16-ret,CANDIDATE,constant-return method body
9965,ICOHIAPDOAP,24305,AEGNNPENLNM,0x755C290,mov-ax-imm16-ret,CANDIDATE,constant-return method body
9968,GLGFKGPOOKK,63472,AEGNNPENLNM,0x135F9110,mov-ax-imm16-ret,CANDIDATE,constant-return method body
9969,DEHCFNEKPJD,71021,AEGNNPENLNM,0x13F3DE00,mov-ax-imm16-ret,CANDIDATE,constant-return method body
9971,LHJCIDEIAME,82739,AEGNNPENLNM,0x1142B240,mov-ax-imm16-ret,CANDIDATE,constant-return method body
9972,HCGMJKOLOJB,30733,AEGNNPENLNM,0x1053EF90,mov-ax-imm16-ret,CANDIDATE,constant-return method body
9975,MNCPGFGNHNH,62403,AEGNNPENLNM,0x115476B0,mov-ax-imm16-ret,CANDIDATE,constant-return method body
9980,NHJDAKCDDED,80617,AEGNNPENLNM,0xFF82230,mov-ax-imm16-ret,CANDIDATE,constant-return method body
9981,OMGKDBGLAJH,86753,AEGNNPENLNM,0x1180F160,mov-ax-imm16-ret,CANDIDATE,constant-return method body
9988,GBFNPGKFELK,64504,AEGNNPENLNM,0xBDB1A80,mov-ax-imm16-ret,CANDIDATE,constant-return method body
9991,OKDCPAPGKBD,36795,AEGNNPENLNM,0xC63CBA0,mov-ax-imm16-ret,CANDIDATE,constant-return method body
9993,PHAJHIBOPIB,83001,AEGNNPENLNM,0xF4A3CE0,mov-ax-imm16-ret,CANDIDATE,constant-return method body
9995,BMLBIJGDCKF,35774,AEGNNPENLNM,0x123B48C0,mov-ax-imm16-ret,CANDIDATE,constant-return method body
9997,LBFAPNIFGAG,70351,AEGNNPENLNM,0x13927020,mov-ax-imm16-ret,CANDIDATE,constant-return method body
10000,GOAGHBLCEFO,20541,AEGNNPENLNM,0x1299DB60,mov-ax-imm16-ret,CANDIDATE,constant-return method body
12288,KCOPNHPEHCP,14881,get_metaTypeID,0x12BFED40,mov-eax-imm32-ret,CANDIDATE,constant-return method body
16384,MPHDMCJPGJP,83622,get_metaTypeID,0x121451D0,mov-eax-imm32-ret,CANDIDATE,constant-return method body
20002,DHDENKEFNNE,76577,AEGNNPENLNM,0xC8472C0,mov-ax-imm16-ret,CANDIDATE,constant-return method body
20005,EAIPCHPJDIM,70096,AEGNNPENLNM,0xE9DF7B0,mov-ax-imm16-ret,CANDIDATE,constant-return method body
20017,IDBLJGEDHCI,63434,AEGNNPENLNM,0x11E091A0,mov-ax-imm16-ret,CANDIDATE,constant-return method body
20020,EAJPBHMLIFF,34634,AEGNNPENLNM,0xA187C60,mov-ax-imm16-ret,CANDIDATE,constant-return method body
20026,KKFJNFDCFMO,59698,AEGNNPENLNM,0x8FD0380,mov-ax-imm16-ret,CANDIDATE,constant-return method body
20029,MNFPMJIGBPH,56219,AEGNNPENLNM,0x1212FB00,mov-ax-imm16-ret,CANDIDATE,constant-return method body
20031,FAFBCLFFAPM,21673,AEGNNPENLNM,0x125F5DD0,mov-ax-imm16-ret,CANDIDATE,constant-return method body
20032,EIKODBNGDKH,23591,AEGNNPENLNM,0xEA3C4C0,mov-ax-imm16-ret,CANDIDATE,constant-return method body
20044,PJFFCCCAIKK,16740,AEGNNPENLNM,0x9413C10,mov-ax-imm16-ret,CANDIDATE,constant-return method body
20049,AGCCNKGDEAF,88829,AEGNNPENLNM,0xBC5DFE0,mov-ax-imm16-ret,CANDIDATE,constant-return method body
20051,JOLALPPKNBA,88885,AEGNNPENLNM,0xEF939C0,mov-ax-imm16-ret,CANDIDATE,constant-return method body
20052,NKOMJOEJGEK,86885,AEGNNPENLNM,0x13079440,mov-ax-imm16-ret,CANDIDATE,constant-return method body
20054,LKALIDCHBHH,16410,AEGNNPENLNM,0x1206C9A0,mov-ax-imm16-ret,CANDIDATE,constant-return method body
20056,KFODMKGMEMF,15184,AEGNNPENLNM,0x11F49040,mov-ax-imm16-ret,CANDIDATE,constant-return method body
20060,PGCFHFHIHKE,15708,AEGNNPENLNM,0xADEB910,mov-ax-imm16-ret,CANDIDATE,constant-return method body
20063,EKAKHIKFBDJ,40025,AEGNNPENLNM,0xD407F50,mov-ax-imm16-ret,CANDIDATE,constant-return method body
20066,HCBLEALNNPE,69563,AEGNNPENLNM,0x747C590,mov-ax-imm16-ret,CANDIDATE,constant-return method body
20067,HNJKEJAOBEA,16760,AEGNNPENLNM,0x80DD7F0,mov-ax-imm16-ret,CANDIDATE,constant-return method body
20069,OEEJJMNFOBK,86275,AEGNNPENLNM,0xE7653C0,mov-ax-imm16-ret,CANDIDATE,constant-return method body
20071,ODHLIBEIKFM,37360,AEGNNPENLNM,0x1231F010,mov-ax-imm16-ret,CANDIDATE,constant-return method body
20080,KBHOGINOMCJ,82651,AEGNNPENLNM,0x11F21D40,mov-ax-imm16-ret,CANDIDATE,constant-return method body
20083,JDAFIHNCPGN,54142,AEGNNPENLNM,0x12AEA590,mov-ax-imm16-ret,CANDIDATE,constant-return method body
20085,IACDPPODJNK,18461,AEGNNPENLNM,0x7547960,mov-ax-imm16-ret,CANDIDATE,constant-return method body
20086,HJMKCDDGFDF,18272,AEGNNPENLNM,0xBEB9690,mov-ax-imm16-ret,CANDIDATE,constant-return method body
20091,DJHDIMMMCPP,49883,AEGNNPENLNM,0x10DC6760,mov-ax-imm16-ret,CANDIDATE,constant-return method body
20094,GHDPDAHBOOA,15186,AEGNNPENLNM,0xB1BF820,mov-ax-imm16-ret,CANDIDATE,constant-return method body
20098,NKONHIALOPB,80823,AEGNNPENLNM,0xB7F8740,mov-ax-imm16-ret,CANDIDATE,constant-return method body
20109,NIIENCGMAAA,17595,AEGNNPENLNM,0x1301BD20,mov-ax-imm16-ret,CANDIDATE,constant-return method body
20113,NHHIOCJPICK,60907,AEGNNPENLNM,0xB796F90,mov-ax-imm16-ret,CANDIDATE,constant-return method body
20114,KNHBIEFHDFO,61547,AEGNNPENLNM,0x9BF93B0,mov-ax-imm16-ret,CANDIDATE,constant-return method body
20116,OHGHFELKLDH,77313,AEGNNPENLNM,0x1009A440,mov-ax-imm16-ret,CANDIDATE,constant-return method body
20117,CKAHPCKMJPL,87812,AEGNNPENLNM,0x13EC6A10,mov-ax-imm16-ret,CANDIDATE,constant-return method body
20122,MLAHPBPEGAG,66218,AEGNNPENLNM,0xFDBDF90,mov-ax-imm16-ret,CANDIDATE,constant-return method body
20129,KPOHCKKFHBD,28935,AEGNNPENLNM,0xFCBB470,mov-ax-imm16-ret,CANDIDATE,constant-return method body
20134,IOJLBMJIMFC,46605,AEGNNPENLNM,0x11E974E0,mov-ax-imm16-ret,CANDIDATE,constant-return method body
20138,KPDMAILBEGH,47541,AEGNNPENLNM,0x107C7000,mov-ax-imm16-ret,CANDIDATE,constant-return method body
20145,KNPCPEPNKMO,19604,AEGNNPENLNM,0x1390E7B0,mov-ax-imm16-ret,CANDIDATE,constant-return method body
20151,MBBHLLNNMGG,65717,AEGNNPENLNM,0x109245F0,mov-ax-imm16-ret,CANDIDATE,constant-return method body
20152,HDKJEJFHIGF,75726,AEGNNPENLNM,0x105479C0,mov-ax-imm16-ret,CANDIDATE,constant-return method body
20153,HBMIGDCODHI,60131,AEGNNPENLNM,0x11100820,mov-ax-imm16-ret,CANDIDATE,constant-return method body
20161,GANJEBFMFGF,36929,AEGNNPENLNM,0x110741A0,mov-ax-imm16-ret,CANDIDATE,constant-return method body
20166,HNNBNGDGPKN,22461,AEGNNPENLNM,0x111957C0,mov-ax-imm16-ret,CANDIDATE,constant-return method body
20169,JIPILCHCJNA,38599,AEGNNPENLNM,0x821C390,mov-ax-imm16-ret,CANDIDATE,constant-return method body
20179,BLHGKDPABDE,46234,AEGNNPENLNM,0xFC23080,mov-ax-imm16-ret,CANDIDATE,constant-return method body
20184,ABFHJMOILDO,23594,AEGNNPENLNM,0xB0D8B20,mov-ax-imm16-ret,CANDIDATE,constant-return method body
20188,DHCDIOAFDPO,32790,AEGNNPENLNM,0xE982220,mov-ax-imm16-ret,CANDIDATE,constant-return method body
20191,KGAEGLIKLJN,26716,AEGNNPENLNM,0x7735490,mov-ax-imm16-ret,CANDIDATE,constant-return method body
20194,FFJHNLBJEKO,86591,AEGNNPENLNM,0x8B6E9B0,mov-ax-imm16-ret,CANDIDATE,constant-return method body
20207,EIBGNNHAIJI,85656,AEGNNPENLNM,0xBB29B10,mov-ax-imm16-ret,CANDIDATE,constant-return method body
20210,JDEMGHOJFCD,20762,AEGNNPENLNM,0xEF1A030,mov-ax-imm16-ret,CANDIDATE,constant-return method body
20215,GJOLNLCFNCF,83270,AEGNNPENLNM,0xEC30AF0,mov-ax-imm16-ret,CANDIDATE,constant-return method body
20217,JIPJCJKNIOO,59682,AEGNNPENLNM,0x12B87990,mov-ax-imm16-ret,CANDIDATE,constant-return method body
20218,LDNLKJNGHBA,18111,AEGNNPENLNM,0xC1D3780,mov-ax-imm16-ret,CANDIDATE,constant-return method body
20224,HNMMIOAKLOG,23803,AEGNNPENLNM,0x12A40510,mov-ax-imm16-ret,CANDIDATE,constant-return method body
20229,AMLEOKHNGCB,16561,AEGNNPENLNM,0x134C08F0,mov-ax-imm16-ret,CANDIDATE,constant-return method body
20230,LDFFLCLPAFC,20021,AEGNNPENLNM,0x11401290,mov-ax-imm16-ret,CANDIDATE,constant-return method body
20231,HNNMOGPOEPK,23260,AEGNNPENLNM,0x105A03A0,mov-ax-imm16-ret,CANDIDATE,constant-return method body
20234,KPHNLCMOCLD,87246,AEGNNPENLNM,0xF08C0A0,mov-ax-imm16-ret,CANDIDATE,constant-return method body
20235,EMBFMNLMEMP,33856,AEGNNPENLNM,0x1404C2D0,mov-ax-imm16-ret,CANDIDATE,constant-return method body
20241,IHPPEPDBGKF,61311,AEGNNPENLNM,0x11E59C60,mov-ax-imm16-ret,CANDIDATE,constant-return method body
20244,HILEFEAPCLA,34198,AEGNNPENLNM,0x11D95560,mov-ax-imm16-ret,CANDIDATE,constant-return method body
20248,MFLLEPEJCHB,12844,AEGNNPENLNM,0x78D0F50,mov-ax-imm16-ret,CANDIDATE,constant-return method body
20249,KBJDHBLEMNF,57536,AEGNNPENLNM,0x112F9510,mov-ax-imm16-ret,CANDIDATE,constant-return method body
20269,INCFMKNEKEC,35196,AEGNNPENLNM,0x8184B60,mov-ax-imm16-ret,CANDIDATE,constant-return method body
20272,PGIBNGLFOFG,20015,AEGNNPENLNM,0xA0173E0,mov-ax-imm16-ret,CANDIDATE,constant-return method body
20276,KINNKHFPJPG,29737,AEGNNPENLNM,0x11F5E030,mov-ax-imm16-ret,CANDIDATE,constant-return method body
20282,MHNGOFLNFPD,83678,AEGNNPENLNM,0xAAC3C60,mov-ax-imm16-ret,CANDIDATE,constant-return method body
20290,MAFFAFNMEBM,76295,AEGNNPENLNM,0x114767D0,mov-ax-imm16-ret,CANDIDATE,constant-return method body
20292,BNDKJMAJGHK,38113,AEGNNPENLNM,0xF29EED0,mov-ax-imm16-ret,CANDIDATE,constant-return method body
20299,CMMFIFKNNFM,75153,AEGNNPENLNM,0xA0D12D0,mov-ax-imm16-ret,CANDIDATE,constant-return method body
20300,IPJOFKGNMHE,50122,AEGNNPENLNM,0x76337B0,mov-ax-imm16-ret,CANDIDATE,constant-return method body
20302,CIPILGAMHBC,83150,AEGNNPENLNM,0xF5879F0,mov-ax-imm16-ret,CANDIDATE,constant-return method body
20308,DDNHLGPKIMD,74574,AEGNNPENLNM,0xD351C10,mov-ax-imm16-ret,CANDIDATE,constant-return method body
20315,LCJICLKAJPE,17076,AEGNNPENLNM,0xF0A6CF0,mov-ax-imm16-ret,CANDIDATE,constant-return method body
20318,NKCNPOAKMIE,16385,AEGNNPENLNM,0x11702A00,mov-ax-imm16-ret,CANDIDATE,constant-return method body
20321,KFKKEHKFLCO,49635,AEGNNPENLNM,0x829B580,mov-ax-imm16-ret,CANDIDATE,constant-return method body
20324,IICNMHHGDHL,48631,AEGNNPENLNM,0x1370D370,mov-ax-imm16-ret,CANDIDATE,constant-return method body
20333,IHCIOLJBCDJ,26630,AEGNNPENLNM,0x12A8A2A0,mov-ax-imm16-ret,CANDIDATE,constant-return method body
20335,APPPJKHCMGE,54626,AEGNNPENLNM,0xC9DDAB0,mov-ax-imm16-ret,CANDIDATE,constant-return method body
20336,KFBGNOCODHO,42495,AEGNNPENLNM,0x10736F70,mov-ax-imm16-ret,CANDIDATE,constant-return method body
20338,HJOMHGEAIBI,55888,AEGNNPENLNM,0x8CE6B10,mov-ax-imm16-ret,CANDIDATE,constant-return method body
20343,HAMKEFMHKLG,87353,AEGNNPENLNM,0x8090360,mov-ax-imm16-ret,CANDIDATE,constant-return method body
20349,DMPCMLHEOAF,63318,AEGNNPENLNM,0xC87ED30,mov-ax-imm16-ret,CANDIDATE,constant-return method body
20357,HCFLIHMNIDO,18780,AEGNNPENLNM,0xBE6A6C0,mov-ax-imm16-ret,CANDIDATE,constant-return method body
20374,OBPDLKFFNOD,56375,AEGNNPENLNM,0x13D39070,mov-ax-imm16-ret,CANDIDATE,constant-return method body
20382,LIIBANNFCDB,48627,AEGNNPENLNM,0x139612B0,mov-ax-imm16-ret,CANDIDATE,constant-return method body
20388,JHCLDLNDNHC,16576,AEGNNPENLNM,0x7684100,mov-ax-imm16-ret,CANDIDATE,constant-return method body
20390,PABLEPEOBAP,59691,AEGNNPENLNM,0x7C119D0,mov-ax-imm16-ret,CANDIDATE,constant-return method body
20393,BOLJOGMIIHA,53075,AEGNNPENLNM,0x9473610,mov-ax-imm16-ret,CANDIDATE,constant-return method body
20396,BMMBCFHFGCH,81566,AEGNNPENLNM,0xCDF9140,mov-ax-imm16-ret,CANDIDATE,constant-return method body
20398,JGBLJHBFAKB,80953,AEGNNPENLNM,0x137B9120,mov-ax-imm16-ret,CANDIDATE,constant-return method body
20402,HOGHHEIDHBK,69637,AEGNNPENLNM,0x80E0FF0,mov-ax-imm16-ret,CANDIDATE,constant-return method body
20414,MGDJCEJEEFO,38087,AEGNNPENLNM,0xFD93990,mov-ax-imm16-ret,CANDIDATE,constant-return method body
20415,IGHGDAJCNIB,55261,AEGNNPENLNM,0x10604970,mov-ax-imm16-ret,CANDIDATE,constant-return method body
20420,DHBHEBCKCOJ,63116,AEGNNPENLNM,0xBAAABC0,mov-ax-imm16-ret,CANDIDATE,constant-return method body
20424,ONCKBFOJHKP,23371,AEGNNPENLNM,0x86AEEB0,mov-ax-imm16-ret,CANDIDATE,constant-return method body
20427,KJFCLFBOJEB,66677,AEGNNPENLNM,0x1076BA20,mov-ax-imm16-ret,CANDIDATE,constant-return method body
20429,FPLBECBFJNO,79293,AEGNNPENLNM,0x7376C40,mov-ax-imm16-ret,CANDIDATE,constant-return method body
20433,NLIAMCIMLEN,82001,AEGNNPENLNM,0xB806F30,mov-ax-imm16-ret,CANDIDATE,constant-return method body
20435,KIAMOJEHBIA,49798,AEGNNPENLNM,0xCD2CEB0,mov-ax-imm16-ret,CANDIDATE,constant-return method body
20441,KAMGGPLGJPG,72967,AEGNNPENLNM,0xFBAEC80,mov-ax-imm16-ret,CANDIDATE,constant-return method body
20442,HAHDABHOCKH,63423,AEGNNPENLNM,0x746A1B0,mov-ax-imm16-ret,CANDIDATE,constant-return method body
20444,GOJECBKIOKK,79791,AEGNNPENLNM,0x11C4A610,mov-ax-imm16-ret,CANDIDATE,constant-return method body
20445,BDOBKCBPPIP,67140,AEGNNPENLNM,0x71F04E0,mov-ax-imm16-ret,CANDIDATE,constant-return method body
20447,OHMBPKGODAG,35205,AEGNNPENLNM,0x9386780,mov-ax-imm16-ret,CANDIDATE,constant-return method body
20448,KOMPPINPDEI,12949,AEGNNPENLNM,0x11F829A0,mov-ax-imm16-ret,CANDIDATE,constant-return method body
20449,MNNMLJFAMIL,60867,AEGNNPENLNM,0x12D787C0,mov-ax-imm16-ret,CANDIDATE,constant-return method body
20451,EAHKKCCNHHE,13624,AEGNNPENLNM,0x127989C0,mov-ax-imm16-ret,CANDIDATE,constant-return method body
20454,KDNEJCDOEKN,44051,AEGNNPENLNM,0xC123A20,mov-ax-imm16-ret,CANDIDATE,constant-return method body
20459,BFJAJPOHIII,24522,AEGNNPENLNM,0xB52CA90,mov-ax-imm16-ret,CANDIDATE,constant-return method body
20460,CLEJEKGPJIA,72133,AEGNNPENLNM,0xA0C0070,mov-ax-imm16-ret,CANDIDATE,constant-return method body
20461,JPEBLFNNENK,59584,AEGNNPENLNM,0x9AFF620,mov-ax-imm16-ret,CANDIDATE,constant-return method body
20462,JFFCBGGLKJN,58920,AEGNNPENLNM,0xA8B3AF0,mov-ax-imm16-ret,CANDIDATE,constant-return method body
20463,FMKCDBNGDNF,56579,AEGNNPENLNM,0x7FF4870,mov-ax-imm16-ret,CANDIDATE,constant-return method body
20465,OCOMENAKIAH,49035,AEGNNPENLNM,0xF3BF770,mov-ax-imm16-ret,CANDIDATE,constant-return method body
20471,FFKDECDIAFF,57165,AEGNNPENLNM,0x10EC2520,mov-ax-imm16-ret,CANDIDATE,constant-return method body
20475,IOECNENLPCK,18414,AEGNNPENLNM,0x99F19B0,mov-ax-imm16-ret,CANDIDATE,constant-return method body
20476,BOMOPAMHDEM,35466,AEGNNPENLNM,0x10C264A0,mov-ax-imm16-ret,CANDIDATE,constant-return method body
20478,ILJDINPJCGE,44231,AEGNNPENLNM,0x11201900,mov-ax-imm16-ret,CANDIDATE,constant-return method body
20480,AMGHBJKENDD,26724,get_metaTypeID,0x11BA63A0,mov-eax-imm32-ret,CANDIDATE,constant-return method body
20480,GAHPNHFFKOD,20490,AEGNNPENLNM,0xBDA9D10,mov-ax-imm16-ret,CANDIDATE,constant-return method body
20484,GIIGDONJFPJ,20805,AEGNNPENLNM,0x740F250,mov-ax-imm16-ret,CANDIDATE,constant-return method body
20488,FBKBEFHNBAF,57069,AEGNNPENLNM,0xEA9B690,mov-ax-imm16-ret,CANDIDATE,constant-return method body
20490,DHAONOBKEEK,86274,AEGNNPENLNM,0xA13F2E0,mov-ax-imm16-ret,CANDIDATE,constant-return method body
20497,ILANKJCJCGA,30192,AEGNNPENLNM,0xFAC78C0,mov-ax-imm16-ret,CANDIDATE,constant-return method body
20499,KJACIFKEDLC,35149,AEGNNPENLNM,0x1076B4F0,mov-ax-imm16-ret,CANDIDATE,constant-return method body
20510,LMDLMKNAEBD,88720,AEGNNPENLNM,0xAA54460,mov-ax-imm16-ret,CANDIDATE,constant-return method body
20513,GCNJLOBOIPD,63738,AEGNNPENLNM,0x1108DCC0,mov-ax-imm16-ret,CANDIDATE,constant-return method body
20514,BJLOAFGGIFJ,42605,AEGNNPENLNM,0xCDD6CB0,mov-ax-imm16-ret,CANDIDATE,constant-return method body
20517,KFDEONKJIFJ,80386,AEGNNPENLNM,0xA9571A0,mov-ax-imm16-ret,CANDIDATE,constant-return method body
20520,NIDKDHOGDFO,50146,AEGNNPENLNM,0xACFCD50,mov-ax-imm16-ret,CANDIDATE,constant-return method body
20522,HGBJBKNJDGB,48016,AEGNNPENLNM,0xBE962A0,mov-ax-imm16-ret,CANDIDATE,constant-return method body
20526,HGHGGHAFMPD,66689,AEGNNPENLNM,0x1056FFF0,mov-ax-imm16-ret,CANDIDATE,constant-return method body
20530,BPJHGEKJJDP,25016,AEGNNPENLNM,0x13315110,mov-ax-imm16-ret,CANDIDATE,constant-return method body
20533,DBHJIOIJLBB,14436,AEGNNPENLNM,0x102749D0,mov-ax-imm16-ret,CANDIDATE,constant-return method body
20538,MOJCOGFFOEA,27202,AEGNNPENLNM,0x11550A80,mov-ax-imm16-ret,CANDIDATE,constant-return method body
20546,CAGGNHPBJLC,25119,AEGNNPENLNM,0x10C306D0,mov-ax-imm16-ret,CANDIDATE,constant-return method body
20550,NIOAJIJCPFN,55407,AEGNNPENLNM,0x13C6D4E0,mov-ax-imm16-ret,CANDIDATE,constant-return method body
20551,HDFNKFCFEGE,13941,AEGNNPENLNM,0x1110CC80,mov-ax-imm16-ret,CANDIDATE,constant-return method body
20558,AOMOHMONLOJ,39128,AEGNNPENLNM,0x7F11DC0,mov-ax-imm16-ret,CANDIDATE,constant-return method body
20560,JMAHGHEMAAJ,59717,AEGNNPENLNM,0xA90B4F0,mov-ax-imm16-ret,CANDIDATE,constant-return method body
20566,DNFKEPGNPBL,16056,AEGNNPENLNM,0xB061660,mov-ax-imm16-ret,CANDIDATE,constant-return method body
20572,EHJJAIMEHMK,48353,AEGNNPENLNM,0x96476B0,mov-ax-imm16-ret,CANDIDATE,constant-return method body
20582,FOAFIKOOPGK,75128,AEGNNPENLNM,0x128C0C30,mov-ax-imm16-ret,CANDIDATE,constant-return method body
20593,OJFOOCBNPKA,38387,AEGNNPENLNM,0xF3F6710,mov-ax-imm16-ret,CANDIDATE,constant-return method body
20595,PCHGHGOIHDF,40945,AEGNNPENLNM,0x873C2C0,mov-ax-imm16-ret,CANDIDATE,constant-return method body
20596,NKOJIEMPAIM,74628,AEGNNPENLNM,0x8615CA0,mov-ax-imm16-ret,CANDIDATE,constant-return method body
20600,NPAMOBNJDOI,81049,AEGNNPENLNM,0xD0F7410,mov-ax-imm16-ret,CANDIDATE,constant-return method body
20608,MKMFPJAHOOJ,81119,AEGNNPENLNM,0xFDBA1C0,mov-ax-imm16-ret,CANDIDATE,constant-return method body
20616,MLJPILAGKAE,11982,AEGNNPENLNM,0xB5F0F60,mov-ax-imm16-ret,CANDIDATE,constant-return method body
20618,HIDPCHEGNKP,48683,AEGNNPENLNM,0x1113AB30,mov-ax-imm16-ret,CANDIDATE,constant-return method body
20621,KIBFGMOOICE,70762,AEGNNPENLNM,0x11F5B0C0,mov-ax-imm16-ret,CANDIDATE,constant-return method body
20622,EBGJHHADPAI,35137,AEGNNPENLNM,0x102FAF70,mov-ax-imm16-ret,CANDIDATE,constant-return method body
20629,AABHBHPPDDH,55247,AEGNNPENLNM,0x11B1F1F0,mov-ax-imm16-ret,CANDIDATE,constant-return method body
20630,CPAKBJGMOAC,87827,AEGNNPENLNM,0x10D704D0,mov-ax-imm16-ret,CANDIDATE,constant-return method body
20635,GIFDEGAAIGO,54875,AEGNNPENLNM,0x135E2770,mov-ax-imm16-ret,CANDIDATE,constant-return method body
20636,AEEDOAEJJAA,47458,AEGNNPENLNM,0x11B5F580,mov-ax-imm16-ret,CANDIDATE,constant-return method body
20644,GJFGKBBHGKJ,34873,AEGNNPENLNM,0xEC2EF70,mov-ax-imm16-ret,CANDIDATE,constant-return method body
20667,DNKEICJKFHB,45206,AEGNNPENLNM,0x11A551B0,mov-ax-imm16-ret,CANDIDATE,constant-return method body
20671,PLJKFEPAAKF,87250,AEGNNPENLNM,0x10CA8700,mov-ax-imm16-ret,CANDIDATE,constant-return method body
20674,CBIBOFIHHDE,70913,AEGNNPENLNM,0x830CA50,mov-ax-imm16-ret,CANDIDATE,constant-return method body
20675,AGNFPPGHNDB,51298,AEGNNPENLNM,0xD4F55C0,mov-ax-imm16-ret,CANDIDATE,constant-return method body
20676,ABPMMCFHHPG,27834,AEGNNPENLNM,0x11B27DD0,mov-ax-imm16-ret,CANDIDATE,constant-return method body
20684,DHDKLGMDPBN,83569,AEGNNPENLNM,0x13F634B0,mov-ax-imm16-ret,CANDIDATE,constant-return method body
20685,ADLGIMPDPHF,36064,AEGNNPENLNM,0x715B340,mov-ax-imm16-ret,CANDIDATE,constant-return method body
20688,DKLFECOLBII,41037,AEGNNPENLNM,0x8885640,mov-ax-imm16-ret,CANDIDATE,constant-return method body
20694,FFFEMPILCEO,30853,AEGNNPENLNM,0x103BA0D0,mov-ax-imm16-ret,CANDIDATE,constant-return method body
20699,IAHJMEIABDL,16371,AEGNNPENLNM,0x995B6A0,mov-ax-imm16-ret,CANDIDATE,constant-return method body
20702,JPJKEFOLPMJ,87261,AEGNNPENLNM,0xA921CD0,mov-ax-imm16-ret,CANDIDATE,constant-return method body
20703,HDJIMNAABEN,46090,AEGNNPENLNM,0xF969600,mov-ax-imm16-ret,CANDIDATE,constant-return method body
20707,CDNCMNCOCJF,88671,AEGNNPENLNM,0x94BE760,mov-ax-imm16-ret,CANDIDATE,constant-return method body
20717,BANKKGONABC,22963,AEGNNPENLNM,0x71D8A30,mov-ax-imm16-ret,CANDIDATE,constant-return method body
20730,OHDADODFNEH,80541,AEGNNPENLNM,0xB85FCD0,mov-ax-imm16-ret,CANDIDATE,constant-return method body
20735,IEIKGHOEIEM,36307,AEGNNPENLNM,0x111C9450,mov-ax-imm16-ret,CANDIDATE,constant-return method body
20737,AAGMPCLDLEN,81682,AEGNNPENLNM,0xA2F62F0,mov-ax-imm16-ret,CANDIDATE,constant-return method body
20740,PANDNAECJDN,73594,AEGNNPENLNM,0xF45A2B0,mov-ax-imm16-ret,CANDIDATE,constant-return method body
20742,JDCCCLFNOIH,68567,AEGNNPENLNM,0x106A4E10,mov-ax-imm16-ret,CANDIDATE,constant-return method body
20744,BCKFOKOONEA,81532,AEGNNPENLNM,0x12775A40,mov-ax-imm16-ret,CANDIDATE,constant-return method body
20746,MOGLJHEELOF,26862,AEGNNPENLNM,0xCF02AE0,mov-ax-imm16-ret,CANDIDATE,constant-return method body
20749,LJPODKEMKBO,74154,AEGNNPENLNM,0xB4C9250,mov-ax-imm16-ret,CANDIDATE,constant-return method body
20751,HEKEJDCDIFN,12879,AEGNNPENLNM,0xED9A910,mov-ax-imm16-ret,CANDIDATE,constant-return method body
20753,AAFFLCNBEHF,88465,AEGNNPENLNM,0x714A270,mov-ax-imm16-ret,CANDIDATE,constant-return method body
20756,BLBLCMEFDEK,54115,AEGNNPENLNM,0xB567550,mov-ax-imm16-ret,CANDIDATE,constant-return method body
20757,EDHOIMGOPKB,53205,AEGNNPENLNM,0xF682D20,mov-ax-imm16-ret,CANDIDATE,constant-return method body
20758,ENEHNFGKECO,75330,AEGNNPENLNM,0x10E8ABC0,mov-ax-imm16-ret,CANDIDATE,constant-return method body
20762,GODECCPBOMM,84334,AEGNNPENLNM,0x129A2750,mov-ax-imm16-ret,CANDIDATE,constant-return method body
20769,IHNOGOEFBLH,56442,AEGNNPENLNM,0x99AEAD0,mov-ax-imm16-ret,CANDIDATE,constant-return method body
20783,IBHAFBKGAGL,43382,AEGNNPENLNM,0x811DCA0,mov-ax-imm16-ret,CANDIDATE,constant-return method body
20786,GEBGKFAJNNL,69195,AEGNNPENLNM,0xEC07B90,mov-ax-imm16-ret,CANDIDATE,constant-return method body
20790,IDCPPCIJKHM,39991,AEGNNPENLNM,0xB28D790,mov-ax-imm16-ret,CANDIDATE,constant-return method body
20791,EFHMGKLBEMO,48726,AEGNNPENLNM,0x7272B60,mov-ax-imm16-ret,CANDIDATE,constant-return method body
20794,FKECFLFIEDO,71476,AEGNNPENLNM,0xEBC2470,mov-ax-imm16-ret,CANDIDATE,constant-return method body
20795,MCPCIJHDFOP,87313,AEGNNPENLNM,0x78BFE30,mov-ax-imm16-ret,CANDIDATE,constant-return method body
20802,EDMOCMPHHAK,42773,AEGNNPENLNM,0x10307B00,mov-ax-imm16-ret,CANDIDATE,constant-return method body
20804,NIJCACAIPDO,59373,AEGNNPENLNM,0xD07ECD0,mov-ax-imm16-ret,CANDIDATE,constant-return method body
20805,OIPKAHPIEMC,74908,AEGNNPENLNM,0x7BC6150,mov-ax-imm16-ret,CANDIDATE,constant-return method body
20807,BMAHPEHONGF,24111,AEGNNPENLNM,0x10877E00,mov-ax-imm16-ret,CANDIDATE,constant-return method body
20812,DFEOCDHBEEN,65445,AEGNNPENLNM,0x1254BC50,mov-ax-imm16-ret,CANDIDATE,constant-return method body
20813,MMLHGDJNAEN,84293,AEGNNPENLNM,0xCEECDA0,mov-ax-imm16-ret,CANDIDATE,constant-return method body
20814,CMNGOICPEOK,44272,AEGNNPENLNM,0x10D4C770,mov-ax-imm16-ret,CANDIDATE,constant-return method body
20815,GPMLILFALOC,44891,AEGNNPENLNM,0xA5B50F0,mov-ax-imm16-ret,CANDIDATE,constant-return method body
20817,HGJNHKONFNB,65232,AEGNNPENLNM,0xB22F840,mov-ax-imm16-ret,CANDIDATE,constant-return method body
20818,FBAOIHGNBPI,84726,AEGNNPENLNM,0x128254E0,mov-ax-imm16-ret,CANDIDATE,constant-return method body
20820,MOBPGNHPBOK,54681,AEGNNPENLNM,0xF1AF450,mov-ax-imm16-ret,CANDIDATE,constant-return method body
20822,GNCAGCGLBPJ,84301,AEGNNPENLNM,0x8C2D230,mov-ax-imm16-ret,CANDIDATE,constant-return method body
20823,BEANGMECPAK,30279,AEGNNPENLNM,0xC0ACC70,mov-ax-imm16-ret,CANDIDATE,constant-return method body
20824,OBOADLPIEPL,62625,AEGNNPENLNM,0x1230B870,mov-ax-imm16-ret,CANDIDATE,constant-return method body
20827,HPGEHAPECOJ,38896,AEGNNPENLNM,0x12A48150,mov-ax-imm16-ret,CANDIDATE,constant-return method body
20837,FHCJBHCDCJN,61567,AEGNNPENLNM,0x1262AC30,mov-ax-imm16-ret,CANDIDATE,constant-return method body
20838,AADKPNDFPOG,58605,AEGNNPENLNM,0xBC0DC10,mov-ax-imm16-ret,CANDIDATE,constant-return method body
20839,HOPMNACDMGK,46224,AEGNNPENLNM,0xCB85BA0,mov-ax-imm16-ret,CANDIDATE,constant-return method body
20841,GHJDEHJNNNJ,56699,AEGNNPENLNM,0x740B3C0,mov-ax-imm16-ret,CANDIDATE,constant-return method body
20842,GKIFJIMCPBL,26886,AEGNNPENLNM,0x804DEC0,mov-ax-imm16-ret,CANDIDATE,constant-return method body
20847,JPFFAFLAJAC,42225,AEGNNPENLNM,0x112C9470,mov-ax-imm16-ret,CANDIDATE,constant-return method body
20855,JPCPMMNCCKE,61485,AEGNNPENLNM,0x8F63D60,mov-ax-imm16-ret,CANDIDATE,constant-return method body
20861,GMIOOLEBBAO,75958,AEGNNPENLNM,0xB1DF4D0,mov-ax-imm16-ret,CANDIDATE,constant-return method body
20864,DHEGAKPEHCG,22536,AEGNNPENLNM,0xA13FA90,mov-ax-imm16-ret,CANDIDATE,constant-return method body
20869,OPOMHODNKJE,42241,AEGNNPENLNM,0x7C0F8F0,mov-ax-imm16-ret,CANDIDATE,constant-return method body
20870,AKIPGHFJADN,54291,AEGNNPENLNM,0x1272F1B0,mov-ax-imm16-ret,CANDIDATE,constant-return method body
20871,IBJPIHNDJNI,50910,AEGNNPENLNM,0x105DCE60,mov-ax-imm16-ret,CANDIDATE,constant-return method body
20872,LBAOHJDLMHA,42024,AEGNNPENLNM,0x11F993B0,mov-ax-imm16-ret,CANDIDATE,constant-return method body
20874,EGOFLECCCCD,20755,AEGNNPENLNM,0x11ABF720,mov-ax-imm16-ret,CANDIDATE,constant-return method body
20875,JBIGPHPJANN,70839,AEGNNPENLNM,0x11240D40,mov-ax-imm16-ret,CANDIDATE,constant-return method body
20877,EINKDHJIBDK,86729,AEGNNPENLNM,0x72A0C90,mov-ax-imm16-ret,CANDIDATE,constant-return method body
20878,BPBFDHNBDEO,43340,AEGNNPENLNM,0xB91CB50,mov-ax-imm16-ret,CANDIDATE,constant-return method body
20882,OCPJGODBDKF,35963,AEGNNPENLNM,0xE755300,mov-ax-imm16-ret,CANDIDATE,constant-return method body
20885,IGHOLGCOIPD,79101,AEGNNPENLNM,0x136FFEF0,mov-ax-imm16-ret,CANDIDATE,constant-return method body
20889,HGHEEDHMBKD,55931,AEGNNPENLNM,0xCB00B30,mov-ax-imm16-ret,CANDIDATE,constant-return method body
20896,HDHEBGDMIDB,62736,AEGNNPENLNM,0x11C851D0,mov-ax-imm16-ret,CANDIDATE,constant-return method body
20901,JFPEDFGHKAC,49285,AEGNNPENLNM,0xB39DA20,mov-ax-imm16-ret,CANDIDATE,constant-return method body
20903,LHIDHLMNNON,66382,AEGNNPENLNM,0xC210370,mov-ax-imm16-ret,CANDIDATE,constant-return method body
20906,CCFLMJLKDGF,15726,AEGNNPENLNM,0x119057E0,mov-ax-imm16-ret,CANDIDATE,constant-return method body
20910,ALGMFLOMBIA,86149,AEGNNPENLNM,0xD517C90,mov-ax-imm16-ret,CANDIDATE,constant-return method body
20917,MIJONMHNENI,78129,AEGNNPENLNM,0xF195140,mov-ax-imm16-ret,CANDIDATE,constant-return method body
20925,PLFELMILDAB,41495,AEGNNPENLNM,0x879B100,mov-ax-imm16-ret,CANDIDATE,constant-return method body
20931,LNCHLEMPHNJ,15485,AEGNNPENLNM,0x12CEB2C0,mov-ax-imm16-ret,CANDIDATE,constant-return method body
20937,KGIODIAJJOM,63320,AEGNNPENLNM,0xA9686D0,mov-ax-imm16-ret,CANDIDATE,constant-return method body
20938,PNKPOKHLAOC,42751,AEGNNPENLNM,0xE881F30,mov-ax-imm16-ret,CANDIDATE,constant-return method body
20939,FKAPEHHIKGE,73726,AEGNNPENLNM,0x128B0980,mov-ax-imm16-ret,CANDIDATE,constant-return method body
20941,EIHFDEDILGP,43960,AEGNNPENLNM,0x89A87B0,mov-ax-imm16-ret,CANDIDATE,constant-return method body
20944,GEPAIDAFEHH,82954,AEGNNPENLNM,0x8BF0760,mov-ax-imm16-ret,CANDIDATE,constant-return method body
20946,BJHCAPHOJAB,88516,AEGNNPENLNM,0x138C8750,mov-ax-imm16-ret,CANDIDATE,constant-return method body
20953,ICGOHGIGCGO,44596,AEGNNPENLNM,0x998B0C0,mov-ax-imm16-ret,CANDIDATE,constant-return method body
20954,NIKAFHJBBBE,56675,AEGNNPENLNM,0xAD034F0,mov-ax-imm16-ret,CANDIDATE,constant-return method body
20961,LLLNCCMJCCN,56258,AEGNNPENLNM,0xCE49C20,mov-ax-imm16-ret,CANDIDATE,constant-return method body
20966,FEHGNLIJJEL,58125,AEGNNPENLNM,0x10EB6910,mov-ax-imm16-ret,CANDIDATE,constant-return method body
20967,EIHPEKGKADM,63776,AEGNNPENLNM,0x10E52F80,mov-ax-imm16-ret,CANDIDATE,constant-return method body
20974,BAKKHLDHMKC,29936,AEGNNPENLNM,0x134D8570,mov-ax-imm16-ret,CANDIDATE,constant-return method body
20978,HOBLDGILHBI,71891,AEGNNPENLNM,0xA6AFBB0,mov-ax-imm16-ret,CANDIDATE,constant-return method body
20982,OJIFEFAHGDC,44681,AEGNNPENLNM,0x1312FAE0,mov-ax-imm16-ret,CANDIDATE,constant-return method body
20983,NEOKCJHMLIH,24858,AEGNNPENLNM,0x92CEF30,mov-ax-imm16-ret,CANDIDATE,constant-return method body
20985,PNHCEKDEFNJ,51234,AEGNNPENLNM,0xF4EBE50,mov-ax-imm16-ret,CANDIDATE,constant-return method body
20989,BIAPAMDAAGA,82275,AEGNNPENLNM,0x113C0030,mov-ax-imm16-ret,CANDIDATE,constant-return method body
20993,OCEEFJIIKJI,47405,AEGNNPENLNM,0x10B401B0,mov-ax-imm16-ret,CANDIDATE,constant-return method body
20995,IMFEDAHGLKE,60982,AEGNNPENLNM,0xFACD560,mov-ax-imm16-ret,CANDIDATE,constant-return method body
20999,DOLBPBOLOME,65874,AEGNNPENLNM,0xBADAC40,mov-ax-imm16-ret,CANDIDATE,constant-return method body
21003,NGGEFEDOMIE,46303,AEGNNPENLNM,0x9EB2C50,mov-ax-imm16-ret,CANDIDATE,constant-return method body
21004,MLDGGGLIBLJ,14593,AEGNNPENLNM,0xAAF0790,mov-ax-imm16-ret,CANDIDATE,constant-return method body
21007,BPMBFBMCGKL,59756,AEGNNPENLNM,0x13CB8440,mov-ax-imm16-ret,CANDIDATE,constant-return method body
21009,NPLNKBICHBL,88558,AEGNNPENLNM,0x1171FA70,mov-ax-imm16-ret,CANDIDATE,constant-return method body
21010,NKEBKFEHHLL,39858,AEGNNPENLNM,0x122A3960,mov-ax-imm16-ret,CANDIDATE,constant-return method body
21013,CFDBLPEKCKJ,68239,AEGNNPENLNM,0xD2B7440,mov-ax-imm16-ret,CANDIDATE,constant-return method body
21016,AKKJILCEJKI,17175,AEGNNPENLNM,0xC9B2300,mov-ax-imm16-ret,CANDIDATE,constant-return method body
21020,GNGAFCFDDDJ,66380,AEGNNPENLNM,0x12999050,mov-ax-imm16-ret,CANDIDATE,constant-return method body
21025,JLDIJENMJBP,28039,AEGNNPENLNM,0xC0574B0,mov-ax-imm16-ret,CANDIDATE,constant-return method body
21030,EJPEFIFPDHF,63204,AEGNNPENLNM,0xA1F3030,mov-ax-imm16-ret,CANDIDATE,constant-return method body
21032,FGIHGFGLDEN,39538,AEGNNPENLNM,0xBBB20C0,mov-ax-imm16-ret,CANDIDATE,constant-return method body
21033,NMFPKOBGAHE,70061,AEGNNPENLNM,0x861F620,mov-ax-imm16-ret,CANDIDATE,constant-return method body
21040,FDDGGGNGMKP,71870,AEGNNPENLNM,0x11014670,mov-ax-imm16-ret,CANDIDATE,constant-return method body
21044,CNBBGAEDHGO,74787,AEGNNPENLNM,0x951A880,mov-ax-imm16-ret,CANDIDATE,constant-return method body
21048,JOLEEFNOFAN,47485,AEGNNPENLNM,0x82753B0,mov-ax-imm16-ret,CANDIDATE,constant-return method body
21052,IOIGBHOMMBF,75350,AEGNNPENLNM,0xA85CA70,mov-ax-imm16-ret,CANDIDATE,constant-return method body
21054,CJAJHAOEAFO,71890,AEGNNPENLNM,0xD2E5A50,mov-ax-imm16-ret,CANDIDATE,constant-return method body
21056,PPIEACICJPN,78984,AEGNNPENLNM,0xF4FD4F0,mov-ax-imm16-ret,CANDIDATE,constant-return method body
21059,JMFIJDDBPGH,37631,AEGNNPENLNM,0xA90BE60,mov-ax-imm16-ret,CANDIDATE,constant-return method body
21068,IMIDPLLOILG,21491,AEGNNPENLNM,0x75B4C10,mov-ax-imm16-ret,CANDIDATE,constant-return method body
21073,MACDANDECOA,56932,AEGNNPENLNM,0x120ADBB0,mov-ax-imm16-ret,CANDIDATE,constant-return method body
21078,BEANHNIBGED,73747,AEGNNPENLNM,0xEE8C980,mov-ax-imm16-ret,CANDIDATE,constant-return method body
21079,CMJHPJEGBHH,37395,AEGNNPENLNM,0xC7C7F10,mov-ax-imm16-ret,CANDIDATE,constant-return method body
21080,ECJBPFPOCPK,86987,AEGNNPENLNM,0xD3BE940,mov-ax-imm16-ret,CANDIDATE,constant-return method body
21081,NKAKKJEGOKE,78378,AEGNNPENLNM,0xD096F90,mov-ax-imm16-ret,CANDIDATE,constant-return method body
21086,INKOEAENILA,87015,AEGNNPENLNM,0xFAD9C70,mov-ax-imm16-ret,CANDIDATE,constant-return method body
21093,EOLHCNEAOCG,66820,AEGNNPENLNM,0x14069E20,mov-ax-imm16-ret,CANDIDATE,constant-return method body
21098,FFKLMGJJFLF,32540,AEGNNPENLNM,0x1284BBC0,mov-ax-imm16-ret,CANDIDATE,constant-return method body
21099,HMHMHMHBOFN,70717,AEGNNPENLNM,0x11DB9E60,mov-ax-imm16-ret,CANDIDATE,constant-return method body
21109,NKGLPPBAPMD,45774,AEGNNPENLNM,0x10B15950,mov-ax-imm16-ret,CANDIDATE,constant-return method body
21111,LPLIBCPOKBJ,83337,AEGNNPENLNM,0x9CA9FE0,mov-ax-imm16-ret,CANDIDATE,constant-return method body
21112,MDCNBPPAELF,25943,AEGNNPENLNM,0x10935830,mov-ax-imm16-ret,CANDIDATE,constant-return method body
21114,AOABKENFGMP,86736,AEGNNPENLNM,0x8E4BAC0,mov-ax-imm16-ret,CANDIDATE,constant-return method body
21115,JLKEMCCJJPL,60615,AEGNNPENLNM,0xB3D0A50,mov-ax-imm16-ret,CANDIDATE,constant-return method body
21118,AMJFAABBHIG,66608,AEGNNPENLNM,0x104746F0,mov-ax-imm16-ret,CANDIDATE,constant-return method body
21120,LPOPJOEFLAC,52368,AEGNNPENLNM,0xCE68CE0,mov-ax-imm16-ret,CANDIDATE,constant-return method body
21121,LPEHMEODOFP,30676,AEGNNPENLNM,0x12CF5890,mov-ax-imm16-ret,CANDIDATE,constant-return method body
21122,GIPJMJJFEKM,64610,AEGNNPENLNM,0xA566900,mov-ax-imm16-ret,CANDIDATE,constant-return method body
21124,DCDPIGKEOON,79480,AEGNNPENLNM,0xD3481A0,mov-ax-imm16-ret,CANDIDATE,constant-return method body
21130,KPINGNNGEKP,14588,AEGNNPENLNM,0x12C6A2D0,mov-ax-imm16-ret,CANDIDATE,constant-return method body
21131,MFKIGAIGFJM,55150,AEGNNPENLNM,0xCE965B0,mov-ax-imm16-ret,CANDIDATE,constant-return method body
21133,MIHGGHMIPKF,43466,AEGNNPENLNM,0xB5D05D0,mov-ax-imm16-ret,CANDIDATE,constant-return method body
21136,HPHDHDJHCGO,28680,AEGNNPENLNM,0x8D19860,mov-ax-imm16-ret,CANDIDATE,constant-return method body
21137,LJPMBJHCPNN,32558,AEGNNPENLNM,0x9068930,mov-ax-imm16-ret,CANDIDATE,constant-return method body
21139,OHDBMFDAFFD,65061,AEGNNPENLNM,0x9383F70,mov-ax-imm16-ret,CANDIDATE,constant-return method body
21140,NEBPLMDKLEO,49603,AEGNNPENLNM,0xD042DB0,mov-ax-imm16-ret,CANDIDATE,constant-return method body
21155,ANNFEEKEOKP,59996,AEGNNPENLNM,0x8E4BAB0,mov-ax-imm16-ret,CANDIDATE,constant-return method body
21161,INAGHJJHGOG,69275,AEGNNPENLNM,0x11217F70,mov-ax-imm16-ret,CANDIDATE,constant-return method body
21166,HEPPALPEINC,17776,AEGNNPENLNM,0x9874C00,mov-ax-imm16-ret,CANDIDATE,constant-return method body
21167,GJFPBKBAEJE,23340,AEGNNPENLNM,0xB1C88B0,mov-ax-imm16-ret,CANDIDATE,constant-return method body
21171,ALIPLGCFJOG,50821,AEGNNPENLNM,0x12737F30,mov-ax-imm16-ret,CANDIDATE,constant-return method body
21179,BJCDHOPIDAD,69473,AEGNNPENLNM,0x82BF5F0,mov-ax-imm16-ret,CANDIDATE,constant-return method body
21180,JCMNHBBDONM,42267,AEGNNPENLNM,0xCC49330,mov-ax-imm16-ret,CANDIDATE,constant-return method body
21182,IGOPDLHBMLG,25974,AEGNNPENLNM,0x8D7F790,mov-ax-imm16-ret,CANDIDATE,constant-return method body
21183,IHLCEMJHJMD,55707,AEGNNPENLNM,0xBF76DB0,mov-ax-imm16-ret,CANDIDATE,constant-return method body
21189,EKMMAMKBLGO,41717,AEGNNPENLNM,0xF6DD5F0,mov-ax-imm16-ret,CANDIDATE,constant-return method body
21193,EMOEAALLBKB,25558,AEGNNPENLNM,0x140514E0,mov-ax-imm16-ret,CANDIDATE,constant-return method body
21200,EADEMACANPF,23351,AEGNNPENLNM,0xA181CE0,mov-ax-imm16-ret,CANDIDATE,constant-return method body
21202,FBACKGODOPP,63648,AEGNNPENLNM,0x10381EE0,mov-ax-imm16-ret,CANDIDATE,constant-return method body
21205,IELEDJKGDCJ,85112,AEGNNPENLNM,0xA6FB060,mov-ax-imm16-ret,CANDIDATE,constant-return method body
21206,FBAEKJEGAAJ,25266,AEGNNPENLNM,0x11007750,mov-ax-imm16-ret,CANDIDATE,constant-return method body
21210,KECINGCAOIO,79569,AEGNNPENLNM,0x11F3CAE0,mov-ax-imm16-ret,CANDIDATE,constant-return method body
21218,JIDJDCLOAEO,32168,AEGNNPENLNM,0x7690E10,mov-ax-imm16-ret,CANDIDATE,constant-return method body
21223,LEIHLAHCMPP,11788,AEGNNPENLNM,0xE48EE70,mov-ax-imm16-ret,CANDIDATE,constant-return method body
21226,BLJFDDNBFNN,67055,AEGNNPENLNM,0xAEF3790,mov-ax-imm16-ret,CANDIDATE,constant-return method body
21240,ONGHIKFJHPL,49391,AEGNNPENLNM,0xD19ADC0,mov-ax-imm16-ret,CANDIDATE,constant-return method body
21241,DMDHAEFKEGC,25348,AEGNNPENLNM,0xF64D570,mov-ax-imm16-ret,CANDIDATE,constant-return method body
21244,LKAJHFFNLIF,82398,AEGNNPENLNM,0x83CADA0,mov-ax-imm16-ret,CANDIDATE,constant-return method body
21245,HDLLDCALHND,70430,AEGNNPENLNM,0xED8E760,mov-ax-imm16-ret,CANDIDATE,constant-return method body
21248,EDLOEKHJEEP,38010,AEGNNPENLNM,0x89548C0,mov-ax-imm16-ret,CANDIDATE,constant-return method body
21250,CKEGHCIEBAC,60100,AEGNNPENLNM,0x133AE170,mov-ax-imm16-ret,CANDIDATE,constant-return method body
21257,CLLCIPDKKOJ,64336,AEGNNPENLNM,0xD2FB960,mov-ax-imm16-ret,CANDIDATE,constant-return method body
21258,NEMHLHNCFJA,71464,AEGNNPENLNM,0xE6AC6D0,mov-ax-imm16-ret,CANDIDATE,constant-return method body
21261,EGAMFPNIJKP,72326,AEGNNPENLNM,0xBCD2C30,mov-ax-imm16-ret,CANDIDATE,constant-return method body
21267,GPCPAPEAPNM,69890,AEGNNPENLNM,0xB1EEED0,mov-ax-imm16-ret,CANDIDATE,constant-return method body
21268,BODGALDDLJE,69881,AEGNNPENLNM,0xFFD1F60,mov-ax-imm16-ret,CANDIDATE,constant-return method body
21274,NDIPLGFCMLL,27829,AEGNNPENLNM,0xE69B700,mov-ax-imm16-ret,CANDIDATE,constant-return method body
21279,NLKDKAGCAHC,86590,AEGNNPENLNM,0x9ED1940,mov-ax-imm16-ret,CANDIDATE,constant-return method body
21285,PPMAEPDOJDC,45790,AEGNNPENLNM,0x87BFF70,mov-ax-imm16-ret,CANDIDATE,constant-return method body
21296,MOBDPPALCNH,46633,AEGNNPENLNM,0x1213A150,mov-ax-imm16-ret,CANDIDATE,constant-return method body
21302,AGFDHNAFLBL,70883,AEGNNPENLNM,0xBC62730,mov-ax-imm16-ret,CANDIDATE,constant-return method body
21303,NKLODJHFPEH,72004,AEGNNPENLNM,0xAD1D830,mov-ax-imm16-ret,CANDIDATE,constant-return method body
21309,BNFNINOGHLB,70716,AEGNNPENLNM,0x117B1060,mov-ax-imm16-ret,CANDIDATE,constant-return method body
21312,FGIDLEPIPAG,78394,AEGNNPENLNM,0x8B74CE0,mov-ax-imm16-ret,CANDIDATE,constant-return method body
21324,NODBCAOFGDA,58279,AEGNNPENLNM,0xC5BB4A0,mov-ax-imm16-ret,CANDIDATE,constant-return method body
21330,MNPMMOOIFBP,42952,AEGNNPENLNM,0x121390F0,mov-ax-imm16-ret,CANDIDATE,constant-return method body
21331,OKFBJJLECMJ,27533,AEGNNPENLNM,0x7BCF590,mov-ax-imm16-ret,CANDIDATE,constant-return method body
21333,PJEOGBAEIFF,43893,AEGNNPENLNM,0xC6BFA50,mov-ax-imm16-ret,CANDIDATE,constant-return method body
21336,AELCNBKNBKG,42621,AEGNNPENLNM,0x11B61FE0,mov-ax-imm16-ret,CANDIDATE,constant-return method body
21345,FJPDNEBMKGE,33791,AEGNNPENLNM,0xA498E50,mov-ax-imm16-ret,CANDIDATE,constant-return method body
21355,IDCFHIFENIH,11883,AEGNNPENLNM,0x12A5DAC0,mov-ax-imm16-ret,CANDIDATE,constant-return method body
21358,DHNGAONNLPG,13671,AEGNNPENLNM,0x958D960,mov-ax-imm16-ret,CANDIDATE,constant-return method body
21361,ICBBABCKGLO,18544,AEGNNPENLNM,0x8127D50,mov-ax-imm16-ret,CANDIDATE,constant-return method body
21365,LNFJIPFJJEH,87439,AEGNNPENLNM,0x1399F480,mov-ax-imm16-ret,CANDIDATE,constant-return method body
21367,IKFGAMJADKH,29677,AEGNNPENLNM,0xBF96F90,mov-ax-imm16-ret,CANDIDATE,constant-return method body
21369,EIEPPGNCNEI,33842,AEGNNPENLNM,0xF6CAB50,mov-ax-imm16-ret,CANDIDATE,constant-return method body
21370,OMOHFHCMJIB,82934,AEGNNPENLNM,0xF416670,mov-ax-imm16-ret,CANDIDATE,constant-return method body
21373,NADIKODCFFI,55152,AEGNNPENLNM,0x12FAD700,mov-ax-imm16-ret,CANDIDATE,constant-return method body
21375,PLFHBLMHLOG,47792,AEGNNPENLNM,0x11887E50,mov-ax-imm16-ret,CANDIDATE,constant-return method body
21381,KCKEAOLHLJD,79177,AEGNNPENLNM,0xB4227F0,mov-ax-imm16-ret,CANDIDATE,constant-return method body
21388,KGDGJNEOMON,82804,AEGNNPENLNM,0x13851B10,mov-ax-imm16-ret,CANDIDATE,constant-return method body
21392,EFEOCHDALJP,71046,AEGNNPENLNM,0xD3E1E80,mov-ax-imm16-ret,CANDIDATE,constant-return method body
21395,IGJNGHIBPGI,15017,AEGNNPENLNM,0xBF71920,mov-ax-imm16-ret,CANDIDATE,constant-return method body
21397,JLNMIJCDEHO,81425,AEGNNPENLNM,0xC0C9C90,mov-ax-imm16-ret,CANDIDATE,constant-return method body
21401,NIOBBHLDJCP,20059,AEGNNPENLNM,0x86095E0,mov-ax-imm16-ret,CANDIDATE,constant-return method body
21403,HJKIEOEBEKC,30047,AEGNNPENLNM,0xEDB2DF0,mov-ax-imm16-ret,CANDIDATE,constant-return method body
21407,IOGJIEHDDCI,47929,AEGNNPENLNM,0xE2DBC80,mov-ax-imm16-ret,CANDIDATE,constant-return method body
21412,CNPIKEEPMNL,69902,AEGNNPENLNM,0xAFB0D80,mov-ax-imm16-ret,CANDIDATE,constant-return method body
21414,AGPKPEPBMDF,37651,AEGNNPENLNM,0xD4F6740,mov-ax-imm16-ret,CANDIDATE,constant-return method body
21415,COAGJIBFOPO,75011,AEGNNPENLNM,0x7D36C20,mov-ax-imm16-ret,CANDIDATE,constant-return method body
21423,GJAKKOEIPOK,57773,AEGNNPENLNM,0xCA6A430,mov-ax-imm16-ret,CANDIDATE,constant-return method body
21428,FAFBDPJAPHF,78070,AEGNNPENLNM,0x8B21C00,mov-ax-imm16-ret,CANDIDATE,constant-return method body
21430,EFANDNFDKLK,15119,AEGNNPENLNM,0x726EF90,mov-ax-imm16-ret,CANDIDATE,constant-return method body
21432,NDKBINMKIKM,61476,AEGNNPENLNM,0x12268D90,mov-ax-imm16-ret,CANDIDATE,constant-return method body
21436,FOGJAJADOGP,15237,AEGNNPENLNM,0xA4E42F0,mov-ax-imm16-ret,CANDIDATE,constant-return method body
21441,GLAANIJFFCE,38133,AEGNNPENLNM,0xB1CD890,mov-ax-imm16-ret,CANDIDATE,constant-return method body
21447,KEEKLHAJNMO,29496,AEGNNPENLNM,0xFC477E0,mov-ax-imm16-ret,CANDIDATE,constant-return method body
21449,DDKMLLLIGMI,76322,AEGNNPENLNM,0x12541C80,mov-ax-imm16-ret,CANDIDATE,constant-return method body
21451,KOFGOHJNJCA,32439,AEGNNPENLNM,0x9C04A70,mov-ax-imm16-ret,CANDIDATE,constant-return method body
21457,MLFCBLOGOLH,19950,AEGNNPENLNM,0xB5EE3A0,mov-ax-imm16-ret,CANDIDATE,constant-return method body
21462,IGBHOIHGJOL,17164,AEGNNPENLNM,0xA6FEB60,mov-ax-imm16-ret,CANDIDATE,constant-return method body
21464,MMDFAHLDGLO,30983,AEGNNPENLNM,0xAAF3FA0,mov-ax-imm16-ret,CANDIDATE,constant-return method body
21465,EFOIEAELKHD,73160,AEGNNPENLNM,0x896AEE0,mov-ax-imm16-ret,CANDIDATE,constant-return method body
21467,NBEHPPBAKCA,75961,AEGNNPENLNM,0x9E96000,mov-ax-imm16-ret,CANDIDATE,constant-return method body
21493,PNAKJICPCCG,84272,AEGNNPENLNM,0xE87D640,mov-ax-imm16-ret,CANDIDATE,constant-return method body
21498,CCOEHBEIDNC,84491,AEGNNPENLNM,0xC74AFF0,mov-ax-imm16-ret,CANDIDATE,constant-return method body
21511,ECOOEBOGEGA,56246,AEGNNPENLNM,0xB0A02C0,mov-ax-imm16-ret,CANDIDATE,constant-return method body
21513,PBDNBHCMOCP,25647,AEGNNPENLNM,0x101033E0,mov-ax-imm16-ret,CANDIDATE,constant-return method body
21516,HJAKNEHFCHL,30145,AEGNNPENLNM,0x74C15B0,mov-ax-imm16-ret,CANDIDATE,constant-return method body
21517,IEAEDEPOEHM,23640,AEGNNPENLNM,0x12A77A10,mov-ax-imm16-ret,CANDIDATE,constant-return method body
21519,GDIFGDDMFEC,29740,AEGNNPENLNM,0xF8A9430,mov-ax-imm16-ret,CANDIDATE,constant-return method body
21523,GAIOKHKJOAM,79857,AEGNNPENLNM,0xA4FA8A0,mov-ax-imm16-ret,CANDIDATE,constant-return method body
21531,JBEHLFEAEBD,71611,AEGNNPENLNM,0x9A52950,mov-ax-imm16-ret,CANDIDATE,constant-return method body
21535,GGMNLFMAGLL,81193,AEGNNPENLNM,0x8BF75D0,mov-ax-imm16-ret,CANDIDATE,constant-return method body
21538,KIDLCGKCIBP,56897,AEGNNPENLNM,0xC167C10,mov-ax-imm16-ret,CANDIDATE,constant-return method body
21541,CFDHAKHFEBC,43079,AEGNNPENLNM,0xE839AC0,mov-ax-imm16-ret,CANDIDATE,constant-return method body
21542,AABOIDNNJCE,76650,AEGNNPENLNM,0xC94C700,mov-ax-imm16-ret,CANDIDATE,constant-return method body
21544,PPLBHNBAEKF,85323,AEGNNPENLNM,0xF4FE350,mov-ax-imm16-ret,CANDIDATE,constant-return method body
21545,GCHBCGPDCLC,56351,AEGNNPENLNM,0x73D0610,mov-ax-imm16-ret,CANDIDATE,constant-return method body
21546,LNPOPFIMKCF,59700,AEGNNPENLNM,0xE4E7BF0,mov-ax-imm16-ret,CANDIDATE,constant-return method body
21549,BFIBMLMFGJF,63443,AEGNNPENLNM,0xD55E4E0,mov-ax-imm16-ret,CANDIDATE,constant-return method body
21552,ACLIOLNDKPN,52890,AEGNNPENLNM,0xEAD04B0,mov-ax-imm16-ret,CANDIDATE,constant-return method body
21555,EIDPEEFJOMC,73363,AEGNNPENLNM,0x103235F0,mov-ax-imm16-ret,CANDIDATE,constant-return method body
21577,CJPPHFKCJCH,35792,AEGNNPENLNM,0xC7A34F0,mov-ax-imm16-ret,CANDIDATE,constant-return method body
21580,NKDEGJHELAP,86667,AEGNNPENLNM,0xB7F1C00,mov-ax-imm16-ret,CANDIDATE,constant-return method body
21584,BNINLEKCDII,68055,AEGNNPENLNM,0xB9152F0,mov-ax-imm16-ret,CANDIDATE,constant-return method body
21585,MPCACDGMOKI,68465,AEGNNPENLNM,0xE5846C0,mov-ax-imm16-ret,CANDIDATE,constant-return method body
21587,CDHKKFINGFG,24843,AEGNNPENLNM,0xF55CB60,mov-ax-imm16-ret,CANDIDATE,constant-return method body
21589,ExtendedUnixData,8315,get_TagID,0x1906D310,mov-ax-imm16-ret,CANDIDATE,constant-return method body
21601,AAJPNFFHJFB,41242,AEGNNPENLNM,0x134468A0,mov-ax-imm16-ret,CANDIDATE,constant-return method body
21605,OFFGAKLPKPF,64374,AEGNNPENLNM,0x8669F50,mov-ax-imm16-ret,CANDIDATE,constant-return method body
21608,KJEHLBBDGAK,52563,AEGNNPENLNM,0xFC866E0,mov-ax-imm16-ret,CANDIDATE,constant-return method body
21621,LDPAGNBHAPI,41664,AEGNNPENLNM,0xF0B1120,mov-ax-imm16-ret,CANDIDATE,constant-return method body
21623,BFNBHLFPMMC,23819,AEGNNPENLNM,0x71FC720,mov-ax-imm16-ret,CANDIDATE,constant-return method body
21627,OOODIGOMIPK,80941,AEGNNPENLNM,0x7C0A120,mov-ax-imm16-ret,CANDIDATE,constant-return method body
21629,KHONCMLPEBO,45076,AEGNNPENLNM,0xB447890,mov-ax-imm16-ret,CANDIDATE,constant-return method body
21634,HNPNHOGJJNK,56942,AEGNNPENLNM,0x75307E0,mov-ax-imm16-ret,CANDIDATE,constant-return method body
21638,JFMKBFIBFGG,83217,AEGNNPENLNM,0xEF32AB0,mov-ax-imm16-ret,CANDIDATE,constant-return method body
21644,JOAJJPHFJFH,82558,AEGNNPENLNM,0x138268D0,mov-ax-imm16-ret,CANDIDATE,constant-return method body
21646,PIKBFOBOFOA,86033,AEGNNPENLNM,0x10142820,mov-ax-imm16-ret,CANDIDATE,constant-return method body
21650,CIIAJEIJOLL,55909,AEGNNPENLNM,0xAF7BA60,mov-ax-imm16-ret,CANDIDATE,constant-return method body
21651,LKIHMNNKLCC,75160,AEGNNPENLNM,0x1206F630,mov-ax-imm16-ret,CANDIDATE,constant-return method body
21653,PBOLJJPDGCB,85372,AEGNNPENLNM,0xE7BE890,mov-ax-imm16-ret,CANDIDATE,constant-return method body
21654,NEGFJDDPEPF,48891,AEGNNPENLNM,0xACCA970,mov-ax-imm16-ret,CANDIDATE,constant-return method body
21655,BHMGBOBKLIO,64867,AEGNNPENLNM,0xC459DF0,mov-ax-imm16-ret,CANDIDATE,constant-return method body
21657,KKLPLIKNMCI,80194,AEGNNPENLNM,0xC174240,mov-ax-imm16-ret,CANDIDATE,constant-return method body
21662,MKBLMJEIJOP,82866,AEGNNPENLNM,0x12115DA0,mov-ax-imm16-ret,CANDIDATE,constant-return method body
21670,BNJIJOEDDPI,66956,AEGNNPENLNM,0x117C84B0,mov-ax-imm16-ret,CANDIDATE,constant-return method body
21671,NJNCIOOHCPN,85784,AEGNNPENLNM,0xD0968F0,mov-ax-imm16-ret,CANDIDATE,constant-return method body
21673,EGJIMDLCKNL,48066,AEGNNPENLNM,0x125C5C70,mov-ax-imm16-ret,CANDIDATE,constant-return method body
21678,INDFOFJKIGI,13698,AEGNNPENLNM,0xE2CCE60,mov-ax-imm16-ret,CANDIDATE,constant-return method body
21679,IHHJIKLOBNP,40508,AEGNNPENLNM,0x111E5C10,mov-ax-imm16-ret,CANDIDATE,constant-return method body
21680,JDGELDIJMKP,88703,AEGNNPENLNM,0x81D2EC0,mov-ax-imm16-ret,CANDIDATE,constant-return method body
21681,EOBEIPDMEFH,13488,AEGNNPENLNM,0xA233BA0,mov-ax-imm16-ret,CANDIDATE,constant-return method body
21685,ICECKGEMKJG,60582,AEGNNPENLNM,0x8D58E50,mov-ax-imm16-ret,CANDIDATE,constant-return method body
21687,CHMEIFJKHCO,54887,AEGNNPENLNM,0x1194D150,mov-ax-imm16-ret,CANDIDATE,constant-return method body
21688,EDCOHLKGBLK,38218,AEGNNPENLNM,0x723D140,mov-ax-imm16-ret,CANDIDATE,constant-return method body
21693,DIAHDHOEMJB,71526,AEGNNPENLNM,0xBABA000,mov-ax-imm16-ret,CANDIDATE,constant-return method body
21702,PAOBBKNAOPM,21547,AEGNNPENLNM,0x8730B30,mov-ax-imm16-ret,CANDIDATE,constant-return method body
21703,OHGCFFIEPBP,47506,AEGNNPENLNM,0xD13F3A0,mov-ax-imm16-ret,CANDIDATE,constant-return method body
21704,JOBPEDJNGGA,18759,AEGNNPENLNM,0xEF922D0,mov-ax-imm16-ret,CANDIDATE,constant-return method body
21705,CABAMJPHMOL,87653,AEGNNPENLNM,0x82FDE20,mov-ax-imm16-ret,CANDIDATE,constant-return method body
21715,LOCLICBDPOI,73450,AEGNNPENLNM,0x83E7B20,mov-ax-imm16-ret,CANDIDATE,constant-return method body
21724,COLIJGONMOL,68152,AEGNNPENLNM,0xA0DD540,mov-ax-imm16-ret,CANDIDATE,constant-return method body
21725,KGGPMOBMAMO,15801,AEGNNPENLNM,0x11F51640,mov-ax-imm16-ret,CANDIDATE,constant-return method body
21738,JJNGGAJBGLK,40482,AEGNNPENLNM,0x11EE90A0,mov-ax-imm16-ret,CANDIDATE,constant-return method body
21748,IFMFDMDFFHN,87072,AEGNNPENLNM,0xA6FCF20,mov-ax-imm16-ret,CANDIDATE,constant-return method body
21755,KMIGOGNMBMP,88065,AEGNNPENLNM,0x83365D0,mov-ax-imm16-ret,CANDIDATE,constant-return method body
21756,GMOKLGMBCMI,43467,AEGNNPENLNM,0x981BDB0,mov-ax-imm16-ret,CANDIDATE,constant-return method body
21768,GMAFEBGKKPF,35904,AEGNNPENLNM,0xB1D5BB0,mov-ax-imm16-ret,CANDIDATE,constant-return method body
21769,EPMMHNKDCPI,73803,AEGNNPENLNM,0x125EC5D0,mov-ax-imm16-ret,CANDIDATE,constant-return method body
21770,CAJGMNDKHJI,37624,AEGNNPENLNM,0xF53BEA0,mov-ax-imm16-ret,CANDIDATE,constant-return method body
21776,OMEECGOCGKH,76315,AEGNNPENLNM,0x123585C0,mov-ax-imm16-ret,CANDIDATE,constant-return method body
21778,ACPBPCFFFCP,88569,AEGNNPENLNM,0xEAD3EA0,mov-ax-imm16-ret,CANDIDATE,constant-return method body
21783,LJCKFMCHPBB,13755,AEGNNPENLNM,0x12CB4F40,mov-ax-imm16-ret,CANDIDATE,constant-return method body
21786,BKADNMPHLHI,82201,AEGNNPENLNM,0x12B587B0,mov-ax-imm16-ret,CANDIDATE,constant-return method body
21790,FGNAPEPHABG,40250,AEGNNPENLNM,0xBD5B5A0,mov-ax-imm16-ret,CANDIDATE,constant-return method body
21794,DGMOMKJBGJI,71822,AEGNNPENLNM,0x10298530,mov-ax-imm16-ret,CANDIDATE,constant-return method body
21801,BAMJGGCALOL,63103,AEGNNPENLNM,0xC9E0FB0,mov-ax-imm16-ret,CANDIDATE,constant-return method body
21803,ODJKGFGHFAI,13025,AEGNNPENLNM,0xE759E60,mov-ax-imm16-ret,CANDIDATE,constant-return method body
21804,JDDCCLKMABF,18099,AEGNNPENLNM,0x11EB7ED0,mov-ax-imm16-ret,CANDIDATE,constant-return method body
21810,CCBKEHBDFCH,65654,AEGNNPENLNM,0xC73F060,mov-ax-imm16-ret,CANDIDATE,constant-return method body
21814,PKBICPNLFAA,31557,AEGNNPENLNM,0xAE128A0,mov-ax-imm16-ret,CANDIDATE,constant-return method body
21818,OMPOFJHDDKG,28677,AEGNNPENLNM,0xC656080,mov-ax-imm16-ret,CANDIDATE,constant-return method body
21829,PHHNKDHFLOI,25312,AEGNNPENLNM,0x94024B0,mov-ax-imm16-ret,CANDIDATE,constant-return method body
21830,JFLCAOPMCBP,21166,AEGNNPENLNM,0x12B0FCC0,mov-ax-imm16-ret,CANDIDATE,constant-return method body
21835,PGHLGNMMPME,46997,AEGNNPENLNM,0xD24A700,mov-ax-imm16-ret,CANDIDATE,constant-return method body
21838,GKMGMDMMEMK,48807,AEGNNPENLNM,0x110D0360,mov-ax-imm16-ret,CANDIDATE,constant-return method body
21840,CCPBDJBGEGM,14545,AEGNNPENLNM,0xF54EA00,mov-ax-imm16-ret,CANDIDATE,constant-return method body
21856,HEHPGJHFNBP,14357,AEGNNPENLNM,0xB214440,mov-ax-imm16-ret,CANDIDATE,constant-return method body
21863,HHJIAJAALAL,21075,AEGNNPENLNM,0xF98F880,mov-ax-imm16-ret,CANDIDATE,constant-return method body
21864,CFNADPDHIGG,66083,AEGNNPENLNM,0x10C50A70,mov-ax-imm16-ret,CANDIDATE,constant-return method body
21866,AFLFNKFKHEE,57469,AEGNNPENLNM,0xD4EDBA0,mov-ax-imm16-ret,CANDIDATE,constant-return method body
21869,KKENPKKLJJO,15621,AEGNNPENLNM,0x776CDF0,mov-ax-imm16-ret,CANDIDATE,constant-return method body
21870,IFOBLALHHEO,32146,AEGNNPENLNM,0xEE4BCF0,mov-ax-imm16-ret,CANDIDATE,constant-return method body
21887,MLOKMFCJKFF,25556,AEGNNPENLNM,0x8467B20,mov-ax-imm16-ret,CANDIDATE,constant-return method body
21891,IKAFEOALPCO,22574,AEGNNPENLNM,0x99C28B0,mov-ax-imm16-ret,CANDIDATE,constant-return method body
21894,DANNPMAMKFM,25679,AEGNNPENLNM,0x8827DA0,mov-ax-imm16-ret,CANDIDATE,constant-return method body
21895,EMCKLOHGCCP,41888,AEGNNPENLNM,0x89D1650,mov-ax-imm16-ret,CANDIDATE,constant-return method body
21898,CBPBKEHIEDN,36255,AEGNNPENLNM,0x10C38C60,mov-ax-imm16-ret,CANDIDATE,constant-return method body
21905,AHFPBFIDPJA,86256,AEGNNPENLNM,0x11B7B150,mov-ax-imm16-ret,CANDIDATE,constant-return method body
21909,EFAMHFDJACA,83497,AEGNNPENLNM,0x960F190,mov-ax-imm16-ret,CANDIDATE,constant-return method body
21914,FDLICCGDHCB,75822,AEGNNPENLNM,0xEAA7DD0,mov-ax-imm16-ret,CANDIDATE,constant-return method body
21918,EMEFADHOILO,83598,AEGNNPENLNM,0xA2193F0,mov-ax-imm16-ret,CANDIDATE,constant-return method body
21920,LJCPIEDKDMM,26324,AEGNNPENLNM,0xCE374B0,mov-ax-imm16-ret,CANDIDATE,constant-return method body
21937,PHAOBBMLBEA,29497,AEGNNPENLNM,0xB9029A0,mov-ax-imm16-ret,CANDIDATE,constant-return method body
21951,OBKCLLKIBEK,22725,AEGNNPENLNM,0x130E2350,mov-ax-imm16-ret,CANDIDATE,constant-return method body
21953,CBHIFFIEFDN,29258,AEGNNPENLNM,0x7611330,mov-ax-imm16-ret,CANDIDATE,constant-return method body
21954,GJGCECFMOAN,55440,AEGNNPENLNM,0x12947BE0,mov-ax-imm16-ret,CANDIDATE,constant-return method body
21958,DCMGBKFDGEA,60919,AEGNNPENLNM,0xD34A5D0,mov-ax-imm16-ret,CANDIDATE,constant-return method body
21960,EGGFDBBLECB,36517,AEGNNPENLNM,0x14006EF0,mov-ax-imm16-ret,CANDIDATE,constant-return method body
21963,CAECNHLAMHG,76964,AEGNNPENLNM,0xE8138F0,mov-ax-imm16-ret,CANDIDATE,constant-return method body
21967,KHAHPPDEGMM,83965,AEGNNPENLNM,0x12C23D90,mov-ax-imm16-ret,CANDIDATE,constant-return method body
21968,OPAGFODMJGG,21840,AEGNNPENLNM,0x86C3C00,mov-ax-imm16-ret,CANDIDATE,constant-return method body
21974,DACGMNLHBCJ,74113,AEGNNPENLNM,0xC7FD730,mov-ax-imm16-ret,CANDIDATE,constant-return method body
21976,AMJHEIDLENK,75206,AEGNNPENLNM,0xD525590,mov-ax-imm16-ret,CANDIDATE,constant-return method body
21977,PENENBFCCOG,46908,AEGNNPENLNM,0x93EFBB0,mov-ax-imm16-ret,CANDIDATE,constant-return method body
21988,FMPJHMIFBJD,25490,AEGNNPENLNM,0x1269B940,mov-ax-imm16-ret,CANDIDATE,constant-return method body
21994,LJHKCFHOINL,56930,AEGNNPENLNM,0x1143AB30,mov-ax-imm16-ret,CANDIDATE,constant-return method body
21997,BGPPGHGFOJP,36542,AEGNNPENLNM,0x12382360,mov-ax-imm16-ret,CANDIDATE,constant-return method body
22008,BBMLEODDCMG,50415,AEGNNPENLNM,0xD545730,mov-ax-imm16-ret,CANDIDATE,constant-return method body
22009,LEAKHHCDNKA,30995,AEGNNPENLNM,0xB49ED40,mov-ax-imm16-ret,CANDIDATE,constant-return method body
22013,EEFEEBLOIIC,52492,AEGNNPENLNM,0xB0A6E70,mov-ax-imm16-ret,CANDIDATE,constant-return method body
22017,LEKHLAGPHAD,65504,AEGNNPENLNM,0xC1D6D30,mov-ax-imm16-ret,CANDIDATE,constant-return method body
22026,EMADNEIGBGE,61710,AEGNNPENLNM,0xA3F7F60,mov-ax-imm16-ret,CANDIDATE,constant-return method body
22031,PINGFGHNEHF,15172,AEGNNPENLNM,0x10C8D920,mov-ax-imm16-ret,CANDIDATE,constant-return method body
22034,DODKKDNEINC,42860,AEGNNPENLNM,0xD39B530,mov-ax-imm16-ret,CANDIDATE,constant-return method body
22042,PJAENBIOFPA,78221,AEGNNPENLNM,0x8783490,mov-ax-imm16-ret,CANDIDATE,constant-return method body
22045,GAKHOOPBPCH,21834,AEGNNPENLNM,0x1358F200,mov-ax-imm16-ret,CANDIDATE,constant-return method body
22046,CMDJFGBKFIM,56376,AEGNNPENLNM,0x7D1ABA0,mov-ax-imm16-ret,CANDIDATE,constant-return method body
22054,EEJAFALADJN,27628,AEGNNPENLNM,0xD3DB550,mov-ax-imm16-ret,CANDIDATE,constant-return method body
22055,GEGJADNLINO,56559,AEGNNPENLNM,0xEC10960,mov-ax-imm16-ret,CANDIDATE,constant-return method body
22056,ICBABANFGPP,35753,AEGNNPENLNM,0x8D55A90,mov-ax-imm16-ret,CANDIDATE,constant-return method body
22058,KFKMMMCOJDM,59981,AEGNNPENLNM,0x829BAF0,mov-ax-imm16-ret,CANDIDATE,constant-return method body
22060,DAKFNDLCAHC,78860,AEGNNPENLNM,0x13F17FA0,mov-ax-imm16-ret,CANDIDATE,constant-return method body
22065,JKPCLAKKDKB,35613,AEGNNPENLNM,0xCCD00D0,mov-ax-imm16-ret,CANDIDATE,constant-return method body
22066,NKOOEBDPDAG,20212,AEGNNPENLNM,0xD09E720,mov-ax-imm16-ret,CANDIDATE,constant-return method body
22067,PFMLCDLBJAE,48021,AEGNNPENLNM,0x87678A0,mov-ax-imm16-ret,CANDIDATE,constant-return method body
22068,KIKJPKDFDLH,76532,AEGNNPENLNM,0x77612C0,mov-ax-imm16-ret,CANDIDATE,constant-return method body
22069,BCLGEDHCOAD,76458,AEGNNPENLNM,0x8E8FD10,mov-ax-imm16-ret,CANDIDATE,constant-return method body
22074,MDPBOEHDCOB,40373,AEGNNPENLNM,0x9CED560,mov-ax-imm16-ret,CANDIDATE,constant-return method body
22078,CGGOPDMJLNC,84854,AEGNNPENLNM,0xC77AB00,mov-ax-imm16-ret,CANDIDATE,constant-return method body
22081,KNNPBDDFFLN,23394,AEGNNPENLNM,0x1079E600,mov-ax-imm16-ret,CANDIDATE,constant-return method body
22085,GGBMBIHNINO,33248,AEGNNPENLNM,0x803B520,mov-ax-imm16-ret,CANDIDATE,constant-return method body
22086,HGGENKDLBAA,42969,AEGNNPENLNM,0x74A0CF0,mov-ax-imm16-ret,CANDIDATE,constant-return method body
22087,JEAOJGFODJH,43509,AEGNNPENLNM,0x9ABACF0,mov-ax-imm16-ret,CANDIDATE,constant-return method body
22089,HOGFFFMEFFG,69912,AEGNNPENLNM,0x11DD90E0,mov-ax-imm16-ret,CANDIDATE,constant-return method body
22095,OFAOELOHEHA,19694,AEGNNPENLNM,0x117484C0,mov-ax-imm16-ret,CANDIDATE,constant-return method body
22096,MCNOCPIDJGF,75928,AEGNNPENLNM,0xB59EDB0,mov-ax-imm16-ret,CANDIDATE,constant-return method body
22099,APNGCLBFGGJ,54127,AEGNNPENLNM,0x134D1D80,mov-ax-imm16-ret,CANDIDATE,constant-return method body
22102,GJOCNICIAPO,32936,AEGNNPENLNM,0x104E5460,mov-ax-imm16-ret,CANDIDATE,constant-return method body
22103,JKNCJMNEBFK,78602,AEGNNPENLNM,0xEF66B60,mov-ax-imm16-ret,CANDIDATE,constant-return method body
22104,PPHNACLCPNF,19681,AEGNNPENLNM,0x13E45620,mov-ax-imm16-ret,CANDIDATE,constant-return method body
22109,FFOBHJICGMF,12953,AEGNNPENLNM,0xEB946C0,mov-ax-imm16-ret,CANDIDATE,constant-return method body
22111,ONJHHOPOIFA,13312,AEGNNPENLNM,0x12361660,mov-ax-imm16-ret,CANDIDATE,constant-return method body
22120,IGNKDDIOJEO,74247,AEGNNPENLNM,0x10605D10,mov-ax-imm16-ret,CANDIDATE,constant-return method body
22135,ABHPJHPOOIF,72846,AEGNNPENLNM,0xA310DE0,mov-ax-imm16-ret,CANDIDATE,constant-return method body
22136,BJNGFAEENGC,22580,AEGNNPENLNM,0x1177ED40,mov-ax-imm16-ret,CANDIDATE,constant-return method body
22137,AOHEOHNHJID,55738,AEGNNPENLNM,0x10FDCAB0,mov-ax-imm16-ret,CANDIDATE,constant-return method body
22141,GIMJCBGMMDB,39761,AEGNNPENLNM,0x8046640,mov-ax-imm16-ret,CANDIDATE,constant-return method body
22142,EOBFDACKNMI,70896,AEGNNPENLNM,0x1405C520,mov-ax-imm16-ret,CANDIDATE,constant-return method body
22143,IEIDBAPHPKC,40014,AEGNNPENLNM,0xEE3CD50,mov-ax-imm16-ret,CANDIDATE,constant-return method body
22147,ACIACALKFPC,50846,AEGNNPENLNM,0xA31DBA0,mov-ax-imm16-ret,CANDIDATE,constant-return method body
22153,KCLNMPDBAHH,63271,AEGNNPENLNM,0x9B9ABE0,mov-ax-imm16-ret,CANDIDATE,constant-return method body
22157,EBABDILAJEO,35491,AEGNNPENLNM,0xBAE9AF0,mov-ax-imm16-ret,CANDIDATE,constant-return method body
22160,EDFKOABLPOE,43512,AEGNNPENLNM,0xA1A82B0,mov-ax-imm16-ret,CANDIDATE,constant-return method body
22162,BNNPMHJEMON,39498,AEGNNPENLNM,0xFFC9C30,mov-ax-imm16-ret,CANDIDATE,constant-return method body
22166,OKLIBJJKCCP,63736,AEGNNPENLNM,0xC648C60,mov-ax-imm16-ret,CANDIDATE,constant-return method body
22176,MOCCKNPJHBG,44799,AEGNNPENLNM,0x115490D0,mov-ax-imm16-ret,CANDIDATE,constant-return method body
22177,APDENIPMNGE,25973,AEGNNPENLNM,0xD539250,mov-ax-imm16-ret,CANDIDATE,constant-return method body
22180,AHGIGABHEAC,14673,AEGNNPENLNM,0x7EE05E0,mov-ax-imm16-ret,CANDIDATE,constant-return method body
22183,IBBJBFBBLAH,53078,AEGNNPENLNM,0x99710A0,mov-ax-imm16-ret,CANDIDATE,constant-return method body
22195,OFCPJLDJNIA,56758,AEGNNPENLNM,0x12326450,mov-ax-imm16-ret,CANDIDATE,constant-return method body
22198,CNEJOIIIDHM,86383,AEGNNPENLNM,0x87FD310,mov-ax-imm16-ret,CANDIDATE,constant-return method body
22201,NJHLLPACJFF,35027,AEGNNPENLNM,0x13C772F0,mov-ax-imm16-ret,CANDIDATE,constant-return method body
22203,HJGIBNHEEDG,33746,AEGNNPENLNM,0xCB25CF0,mov-ax-imm16-ret,CANDIDATE,constant-return method body
22206,MJNKEGHMMEH,79624,AEGNNPENLNM,0x13A4D410,mov-ax-imm16-ret,CANDIDATE,constant-return method body
22207,NBDAEAEDOFD,84857,AEGNNPENLNM,0x12259650,mov-ax-imm16-ret,CANDIDATE,constant-return method body
22208,GGINOEPPILA,45891,AEGNNPENLNM,0x11BF6660,mov-ax-imm16-ret,CANDIDATE,constant-return method body
22209,JDPGOAKCLOK,33681,AEGNNPENLNM,0x81E3FE0,mov-ax-imm16-ret,CANDIDATE,constant-return method body
22210,HAEMBFFJDNN,48936,AEGNNPENLNM,0x105285E0,mov-ax-imm16-ret,CANDIDATE,constant-return method body
22215,GBJCIABLDBD,82654,AEGNNPENLNM,0x73C8E10,mov-ax-imm16-ret,CANDIDATE,constant-return method body
22216,LBJBOBNIHLA,58807,AEGNNPENLNM,0xC1BE490,mov-ax-imm16-ret,CANDIDATE,constant-return method body
22217,HLANNDOGNIH,32053,AEGNNPENLNM,0xA693ED0,mov-ax-imm16-ret,CANDIDATE,constant-return method body
22220,AILKMAAEEGO,44030,AEGNNPENLNM,0x13479C40,mov-ax-imm16-ret,CANDIDATE,constant-return method body
22221,EPFGGNHINBN,82883,AEGNNPENLNM,0x8B029B0,mov-ax-imm16-ret,CANDIDATE,constant-return method body
22232,BCGFIDDBMBD,64849,AEGNNPENLNM,0x7F483F0,mov-ax-imm16-ret,CANDIDATE,constant-return method body
22239,LKGECJHPOIJ,39938,AEGNNPENLNM,0x1206F540,mov-ax-imm16-ret,CANDIDATE,constant-return method body
22241,BNBDNNCBNAM,82494,AEGNNPENLNM,0xAF00030,mov-ax-imm16-ret,CANDIDATE,constant-return method body
22244,MEDPJMMDOMH,43284,AEGNNPENLNM,0xF16A730,mov-ax-imm16-ret,CANDIDATE,constant-return method body
22247,GFLJHLOHKJJ,39836,AEGNNPENLNM,0xB1B2540,mov-ax-imm16-ret,CANDIDATE,constant-return method body
22263,ADCNNGMFIJC,33553,AEGNNPENLNM,0xC9655E0,mov-ax-imm16-ret,CANDIDATE,constant-return method body
22267,KDPKGGEAHGI,84232,AEGNNPENLNM,0xC1255B0,mov-ax-imm16-ret,CANDIDATE,constant-return method body
22272,JNGFDPBDPAB,85295,AEGNNPENLNM,0xB3EE180,mov-ax-imm16-ret,CANDIDATE,constant-return method body
22279,KPNBIMCCBBF,30404,AEGNNPENLNM,0xCD79580,mov-ax-imm16-ret,CANDIDATE,constant-return method body
22282,DMAHILNNGFO,30016,AEGNNPENLNM,0xB04A770,mov-ax-imm16-ret,CANDIDATE,constant-return method body
22285,ACGGJCEPFEO,16286,AEGNNPENLNM,0xD4C2680,mov-ax-imm16-ret,CANDIDATE,constant-return method body
22288,KCACHPMBAJD,62060,AEGNNPENLNM,0x7722050,mov-ax-imm16-ret,CANDIDATE,constant-return method body
22290,DFGHINKEFEC,59122,AEGNNPENLNM,0x7D74E90,mov-ax-imm16-ret,CANDIDATE,constant-return method body
22291,HKIIIHLFGED,68884,AEGNNPENLNM,0xCB2C5C0,mov-ax-imm16-ret,CANDIDATE,constant-return method body
22292,HHBECIIMGJF,88736,AEGNNPENLNM,0x80B78E0,mov-ax-imm16-ret,CANDIDATE,constant-return method body
22294,GAAEJJLKIGI,60371,AEGNNPENLNM,0xBDA3AC0,mov-ax-imm16-ret,CANDIDATE,constant-return method body
22295,DIAADMIGMJG,67466,AEGNNPENLNM,0x102B5B10,mov-ax-imm16-ret,CANDIDATE,constant-return method body
22299,LBOIFAJIMDN,39105,AEGNNPENLNM,0xA9ED800,mov-ax-imm16-ret,CANDIDATE,constant-return method body
22302,BEPPLAJNFFJ,53193,AEGNNPENLNM,0x12B2A9C0,mov-ax-imm16-ret,CANDIDATE,constant-return method body
22303,BKNKMKOMONG,75541,AEGNNPENLNM,0xE468AD0,mov-ax-imm16-ret,CANDIDATE,constant-return method body
22306,ACGOEINAIOI,83196,AEGNNPENLNM,0xEACFCF0,mov-ax-imm16-ret,CANDIDATE,constant-return method body
22309,DNPCCBGBPFA,39472,AEGNNPENLNM,0xBAD9430,mov-ax-imm16-ret,CANDIDATE,constant-return method body
22317,HBGAHEIKJCH,12959,AEGNNPENLNM,0xF955280,mov-ax-imm16-ret,CANDIDATE,constant-return method body
22319,HHOMGHHPLKI,69483,AEGNNPENLNM,0x11D89620,mov-ax-imm16-ret,CANDIDATE,constant-return method body
22321,DNPDAPDNCKN,59153,AEGNNPENLNM,0x95C6630,mov-ax-imm16-ret,CANDIDATE,constant-return method body
22322,CIIFJOBCOIJ,30209,AEGNNPENLNM,0xD2DF950,mov-ax-imm16-ret,CANDIDATE,constant-return method body
22326,GIPMIFFEKKE,62855,AEGNNPENLNM,0x8C04600,mov-ax-imm16-ret,CANDIDATE,constant-return method body
22331,JPNNDKGFDJB,38078,AEGNNPENLNM,0xB40AB10,mov-ax-imm16-ret,CANDIDATE,constant-return method body
22336,BCLEBPBKDCK,63393,AEGNNPENLNM,0xB51C900,mov-ax-imm16-ret,CANDIDATE,constant-return method body
22345,BNOFDGMHEHH,84164,AEGNNPENLNM,0xB9195D0,mov-ax-imm16-ret,CANDIDATE,constant-return method body
22348,OPEIAHIBMAI,64425,AEGNNPENLNM,0x131582B0,mov-ax-imm16-ret,CANDIDATE,constant-return method body
22352,HAPIAGGNMCI,72248,AEGNNPENLNM,0xA5C0820,mov-ax-imm16-ret,CANDIDATE,constant-return method body
22355,EPNKNKALEHM,44601,AEGNNPENLNM,0xBD1B780,mov-ax-imm16-ret,CANDIDATE,constant-return method body
22359,CEOCEICAGLB,20049,AEGNNPENLNM,0xD2B5390,mov-ax-imm16-ret,CANDIDATE,constant-return method body
22369,IJBGCJIBGON,44641,AEGNNPENLNM,0xE2ABFD0,mov-ax-imm16-ret,CANDIDATE,constant-return method body
22382,MGOAFCOMOLD,60256,AEGNNPENLNM,0x90C4C00,mov-ax-imm16-ret,CANDIDATE,constant-return method body
22391,KLGKCDJDGIE,42766,AEGNNPENLNM,0x9BEC790,mov-ax-imm16-ret,CANDIDATE,constant-return method body
22395,IBCJKEJJLNL,66504,AEGNNPENLNM,0x105BB720,mov-ax-imm16-ret,CANDIDATE,constant-return method body
22397,CBBKFBCOOMA,23061,AEGNNPENLNM,0xE815DB0,mov-ax-imm16-ret,CANDIDATE,constant-return method body
22399,GCGFPKIDION,28444,AEGNNPENLNM,0x11081020,mov-ax-imm16-ret,CANDIDATE,constant-return method body
22400,FPLPBIOAFEJ,82649,AEGNNPENLNM,0x9791A40,mov-ax-imm16-ret,CANDIDATE,constant-return method body
22407,AKBOELEONGJ,31102,AEGNNPENLNM,0xC9ACFD0,mov-ax-imm16-ret,CANDIDATE,constant-return method body
22411,ABAKBNEHOLO,77310,AEGNNPENLNM,0x103D8B50,mov-ax-imm16-ret,CANDIDATE,constant-return method body
22415,DBJJGEEAELJ,49228,AEGNNPENLNM,0x13F1FDA0,mov-ax-imm16-ret,CANDIDATE,constant-return method body
22425,LOHEFFAGIEO,63608,AEGNNPENLNM,0x12096670,mov-ax-imm16-ret,CANDIDATE,constant-return method body
22426,KDNANPMGNDI,75811,AEGNNPENLNM,0x8293270,mov-ax-imm16-ret,CANDIDATE,constant-return method body
22443,NPJAPHHALIL,41135,AEGNNPENLNM,0x10035C30,mov-ax-imm16-ret,CANDIDATE,constant-return method body
22444,GKPPACHOKID,62651,AEGNNPENLNM,0x8056C20,mov-ax-imm16-ret,CANDIDATE,constant-return method body
22451,LMIIGOOPDNK,42317,AEGNNPENLNM,0xFD4D390,mov-ax-imm16-ret,CANDIDATE,constant-return method body
22453,OKBBJKHINKM,24417,AEGNNPENLNM,0xE788B00,mov-ax-imm16-ret,CANDIDATE,constant-return method body
22454,JBKHPECFKLP,66509,AEGNNPENLNM,0xB37CB40,mov-ax-imm16-ret,CANDIDATE,constant-return method body
22461,GGBJIDNBLAL,85494,AEGNNPENLNM,0x110A5A00,mov-ax-imm16-ret,CANDIDATE,constant-return method body
22462,GCMIGJKDPEM,38953,AEGNNPENLNM,0x97A6070,mov-ax-imm16-ret,CANDIDATE,constant-return method body
22473,FKOHJBJDKOH,84027,AEGNNPENLNM,0x8BA0FB0,mov-ax-imm16-ret,CANDIDATE,constant-return method body
22474,HEHEBJEHGMF,74040,AEGNNPENLNM,0xF970160,mov-ax-imm16-ret,CANDIDATE,constant-return method body
22477,MFLHNBCGNJP,13452,AEGNNPENLNM,0x90BE4C0,mov-ax-imm16-ret,CANDIDATE,constant-return method body
22487,HADNAJNBEDC,28059,AEGNNPENLNM,0xB1F5E30,mov-ax-imm16-ret,CANDIDATE,constant-return method body
22496,NICILMBIOOI,44655,AEGNNPENLNM,0xF354ED0,mov-ax-imm16-ret,CANDIDATE,constant-return method body
22498,OLPGCDCOAKC,16710,AEGNNPENLNM,0xB892050,mov-ax-imm16-ret,CANDIDATE,constant-return method body
22501,CABFBGNNGGE,48550,AEGNNPENLNM,0x13CBC4C0,mov-ax-imm16-ret,CANDIDATE,constant-return method body
22507,IAMICHENGGG,30766,AEGNNPENLNM,0xBF193A0,mov-ax-imm16-ret,CANDIDATE,constant-return method body
22512,NNPOMLIFBAM,69612,AEGNNPENLNM,0x122E4ED0,mov-ax-imm16-ret,CANDIDATE,constant-return method body
22513,GHDGFCGGFDJ,15058,AEGNNPENLNM,0xBDF0270,mov-ax-imm16-ret,CANDIDATE,constant-return method body
22517,MOEMHKLBCCM,59718,AEGNNPENLNM,0x7955D70,mov-ax-imm16-ret,CANDIDATE,constant-return method body
22518,OIADPFMGHMF,53452,AEGNNPENLNM,0x867E030,mov-ax-imm16-ret,CANDIDATE,constant-return method body
22522,LIJOENJMAOA,26271,AEGNNPENLNM,0x83C5530,mov-ax-imm16-ret,CANDIDATE,constant-return method body
22523,JIFDMDPKNEH,25565,AEGNNPENLNM,0x9ACF5C0,mov-ax-imm16-ret,CANDIDATE,constant-return method body
22526,CJNPEEOKEAD,27712,AEGNNPENLNM,0x10212C10,mov-ax-imm16-ret,CANDIDATE,constant-return method body
22527,OPNEFDJOMLK,71215,AEGNNPENLNM,0x9FE57C0,mov-ax-imm16-ret,CANDIDATE,constant-return method body
22528,MPEODPCOPNG,84116,AEGNNPENLNM,0xE585680,mov-ax-imm16-ret,CANDIDATE,constant-return method body
22533,AHJHLHPGJJI,74573,AEGNNPENLNM,0x10F93FC0,mov-ax-imm16-ret,CANDIDATE,constant-return method body
22537,CBKMKGLLOPK,57751,AEGNNPENLNM,0x9F12DB0,mov-ax-imm16-ret,CANDIDATE,constant-return method body
22539,OIOIGHJLOAP,20988,AEGNNPENLNM,0x938A390,mov-ax-imm16-ret,CANDIDATE,constant-return method body
22540,PLGEOOEKGMG,26224,AEGNNPENLNM,0xB99B400,mov-ax-imm16-ret,CANDIDATE,constant-return method body
22542,AJCOKMKLKFA,23048,AEGNNPENLNM,0xAB900F0,mov-ax-imm16-ret,CANDIDATE,constant-return method body
22546,EHJFOEOKBFC,80679,AEGNNPENLNM,0xB0C66A0,mov-ax-imm16-ret,CANDIDATE,constant-return method body
22547,CMGKIJJBIJC,60201,AEGNNPENLNM,0xBA34DE0,mov-ax-imm16-ret,CANDIDATE,constant-return method body
22557,GIEGEAJNPMD,13169,AEGNNPENLNM,0xB1C3340,mov-ax-imm16-ret,CANDIDATE,constant-return method body
22563,BPGHDKCOGAD,28101,AEGNNPENLNM,0x123C43C0,mov-ax-imm16-ret,CANDIDATE,constant-return method body
22569,DKBPPPCNBBE,27183,AEGNNPENLNM,0xB03D370,mov-ax-imm16-ret,CANDIDATE,constant-return method body
22570,DHKOAKJACCI,19331,AEGNNPENLNM,0x7D846A0,mov-ax-imm16-ret,CANDIDATE,constant-return method body
22577,OGPOJKLKACP,84577,AEGNNPENLNM,0x13115540,mov-ax-imm16-ret,CANDIDATE,constant-return method body
22579,PBDGOLFMCBM,77437,AEGNNPENLNM,0x9FEE1B0,mov-ax-imm16-ret,CANDIDATE,constant-return method body
22584,GKENJBKEGCA,70223,AEGNNPENLNM,0x11C11B70,mov-ax-imm16-ret,CANDIDATE,constant-return method body
22594,MDCLBAAFIGC,73806,AEGNNPENLNM,0x10935140,mov-ax-imm16-ret,CANDIDATE,constant-return method body
22595,DLGADBDFEIE,22624,AEGNNPENLNM,0xD38B6E0,mov-ax-imm16-ret,CANDIDATE,constant-return method body
22599,AGBJIFBHKDJ,45356,AEGNNPENLNM,0xEB17B10,mov-ax-imm16-ret,CANDIDATE,constant-return method body
22606,NAFJEIEKFCD,44133,AEGNNPENLNM,0x92AEE60,mov-ax-imm16-ret,CANDIDATE,constant-return method body
22612,OEKNFAHEDFH,76968,AEGNNPENLNM,0x935FDE0,mov-ax-imm16-ret,CANDIDATE,constant-return method body
22615,IEFJPEJFCIO,25939,AEGNNPENLNM,0xB295270,mov-ax-imm16-ret,CANDIDATE,constant-return method body
22623,CGNEFMDABHF,69496,AEGNNPENLNM,0x9F45990,mov-ax-imm16-ret,CANDIDATE,constant-return method body
22628,CJFHIMNHKDJ,16176,AEGNNPENLNM,0x10D2BEE0,mov-ax-imm16-ret,CANDIDATE,constant-return method body
22629,IAANNAKGOJA,74936,AEGNNPENLNM,0x105AD700,mov-ax-imm16-ret,CANDIDATE,constant-return method body
22631,MOKEKFNJMCM,63225,AEGNNPENLNM,0xCF089B0,mov-ax-imm16-ret,CANDIDATE,constant-return method body
22641,EOFJNJLFPHK,85313,AEGNNPENLNM,0x12815050,mov-ax-imm16-ret,CANDIDATE,constant-return method body
22645,IHPBGOFDIEP,41756,AEGNNPENLNM,0xB2C9CD0,mov-ax-imm16-ret,CANDIDATE,constant-return method body
22647,IBEPPIDJMAC,58407,AEGNNPENLNM,0x111AD2F0,mov-ax-imm16-ret,CANDIDATE,constant-return method body
22650,CAEJLCPMGEO,54910,AEGNNPENLNM,0x7608570,mov-ax-imm16-ret,CANDIDATE,constant-return method body
22656,ACPGBNALAGF,41437,AEGNNPENLNM,0xEAD40F0,mov-ax-imm16-ret,CANDIDATE,constant-return method body
22658,KFMMEJMLJDG,16201,AEGNNPENLNM,0x1073C3E0,mov-ax-imm16-ret,CANDIDATE,constant-return method body
22659,KFHIKBAODJO,43401,AEGNNPENLNM,0xA957A90,mov-ax-imm16-ret,CANDIDATE,constant-return method body
22663,PIFDAJCMNAA,52039,AEGNNPENLNM,0xA0387C0,mov-ax-imm16-ret,CANDIDATE,constant-return method body
22665,AJNFGILDJPK,83820,AEGNNPENLNM,0xB122860,mov-ax-imm16-ret,CANDIDATE,constant-return method body
22667,JKOAPCDGGPO,47311,AEGNNPENLNM,0xEF66F80,mov-ax-imm16-ret,CANDIDATE,constant-return method body
22668,COJDHJDNPCL,23805,AEGNNPENLNM,0x1251C640,mov-ax-imm16-ret,CANDIDATE,constant-return method body
22669,BCFOOHPCDHH,62442,AEGNNPENLNM,0xCDA1FF0,mov-ax-imm16-ret,CANDIDATE,constant-return method body
22673,IEKILOMJHHC,40655,AEGNNPENLNM,0xA6FA8A0,mov-ax-imm16-ret,CANDIDATE,constant-return method body
22676,MLOIHDDEMNC,60657,AEGNNPENLNM,0x90EECE0,mov-ax-imm16-ret,CANDIDATE,constant-return method body
22677,MMOMFHMBFPL,61531,AEGNNPENLNM,0x9D3FA10,mov-ax-imm16-ret,CANDIDATE,constant-return method body
22678,KGENGCNBGBO,68997,AEGNNPENLNM,0x10747240,mov-ax-imm16-ret,CANDIDATE,constant-return method body
22683,BMDNOBBOAMI,37856,AEGNNPENLNM,0x9B47EA0,mov-ax-imm16-ret,CANDIDATE,constant-return method body
22688,KKEEIBMJNLK,11962,AEGNNPENLNM,0x13888660,mov-ax-imm16-ret,CANDIDATE,constant-return method body
22691,DNFJMDOKCML,63612,AEGNNPENLNM,0xA16BFE0,mov-ax-imm16-ret,CANDIDATE,constant-return method body
22692,DLNHGAMKOAH,83263,AEGNNPENLNM,0x10DD9C50,mov-ax-imm16-ret,CANDIDATE,constant-return method body
22696,BEOILONMBPI,50033,AEGNNPENLNM,0xFBEAA70,mov-ax-imm16-ret,CANDIDATE,constant-return method body
22697,JOCMIBJCEKP,17874,AEGNNPENLNM,0x9AF4BA0,mov-ax-imm16-ret,CANDIDATE,constant-return method body
22699,MFFGNKHMPHA,36049,AEGNNPENLNM,0xE52EA40,mov-ax-imm16-ret,CANDIDATE,constant-return method body
22702,NOHIEHBLGOL,86053,AEGNNPENLNM,0x1171CF50,mov-ax-imm16-ret,CANDIDATE,constant-return method body
22704,LONKAKAHOPC,79859,AEGNNPENLNM,0x1146DC50,mov-ax-imm16-ret,CANDIDATE,constant-return method body
22705,DEDJHLNPDIF,20467,AEGNNPENLNM,0x1028D8A0,mov-ax-imm16-ret,CANDIDATE,constant-return method body
22712,FCCIFAJJCCK,39786,AEGNNPENLNM,0xBB858D0,mov-ax-imm16-ret,CANDIDATE,constant-return method body
22720,BKFOMIMIOCO,22116,AEGNNPENLNM,0x12B59E20,mov-ax-imm16-ret,CANDIDATE,constant-return method body
22723,CHMCEAKGPIH,34548,AEGNNPENLNM,0x94E3CE0,mov-ax-imm16-ret,CANDIDATE,constant-return method body
22728,KPIGMLGJAKN,47029,AEGNNPENLNM,0xCD78860,mov-ax-imm16-ret,CANDIDATE,constant-return method body
22730,PIFECHJKELN,15000,AEGNNPENLNM,0x9410FF0,mov-ax-imm16-ret,CANDIDATE,constant-return method body
22731,OPMKKICLFNH,85816,AEGNNPENLNM,0x93C5580,mov-ax-imm16-ret,CANDIDATE,constant-return method body
22732,KNKOIJBNGCE,72435,AEGNNPENLNM,0xB475E20,mov-ax-imm16-ret,CANDIDATE,constant-return method body
22752,KAAFGKMIJIA,87857,AEGNNPENLNM,0x1382F2C0,mov-ax-imm16-ret,CANDIDATE,constant-return method body
22753,DIAEFCCDMGP,73720,AEGNNPENLNM,0x8865370,mov-ax-imm16-ret,CANDIDATE,constant-return method body
22756,DAMMPCFDPCE,21065,AEGNNPENLNM,0x119CB510,mov-ax-imm16-ret,CANDIDATE,constant-return method body
22759,LNLLJOABJBB,24405,AEGNNPENLNM,0x139AB7B0,mov-ax-imm16-ret,CANDIDATE,constant-return method body
22766,DDNPBMLIEAM,53382,AEGNNPENLNM,0xE93CD30,mov-ax-imm16-ret,CANDIDATE,constant-return method body
22768,FPJCJAIKCHF,62135,AEGNNPENLNM,0x128C8000,mov-ax-imm16-ret,CANDIDATE,constant-return method body
22769,GNECGMDNNAA,44632,AEGNNPENLNM,0xD640F30,mov-ax-imm16-ret,CANDIDATE,constant-return method body
22774,FKGBKEPDKMA,81068,AEGNNPENLNM,0xF849410,mov-ax-imm16-ret,CANDIDATE,constant-return method body
22778,IOFNGMBIPDB,37415,AEGNNPENLNM,0xBFB8A70,mov-ax-imm16-ret,CANDIDATE,constant-return method body
22781,LADBECGGKBC,22265,AEGNNPENLNM,0xA9CAF90,mov-ax-imm16-ret,CANDIDATE,constant-return method body
22782,JLBDGKGDOAG,56704,AEGNNPENLNM,0x12BA1B80,mov-ax-imm16-ret,CANDIDATE,constant-return method body
22788,EENGANPENCB,67400,AEGNNPENLNM,0xB0B9B60,mov-ax-imm16-ret,CANDIDATE,constant-return method body
22794,GDPEDKNONPA,40306,AEGNNPENLNM,0x129118A0,mov-ax-imm16-ret,CANDIDATE,constant-return method body
22803,BBLMDCCJJNI,52984,AEGNNPENLNM,0xAEBC7C0,mov-ax-imm16-ret,CANDIDATE,constant-return method body
22805,NAGKBGPDNAO,80856,AEGNNPENLNM,0x116895E0,mov-ax-imm16-ret,CANDIDATE,constant-return method body
22818,CPMHPHIGECG,77147,AEGNNPENLNM,0x12522F10,mov-ax-imm16-ret,CANDIDATE,constant-return method body
22822,AIHEAGKJFJJ,76401,AEGNNPENLNM,0x10424DB0,mov-ax-imm16-ret,CANDIDATE,constant-return method body
22825,IFGAGKBBLOL,88452,AEGNNPENLNM,0x99A3650,mov-ax-imm16-ret,CANDIDATE,constant-return method body
22833,HAIDJLBHDFO,38488,AEGNNPENLNM,0x746A890,mov-ax-imm16-ret,CANDIDATE,constant-return method body
22837,PANFFNJEDID,35316,AEGNNPENLNM,0x7C14610,mov-ax-imm16-ret,CANDIDATE,constant-return method body
22840,LCOCMOJAKDO,59198,AEGNNPENLNM,0x9036370,mov-ax-imm16-ret,CANDIDATE,constant-return method body
22846,MCPPDHMEAFO,60675,AEGNNPENLNM,0xE51DC10,mov-ax-imm16-ret,CANDIDATE,constant-return method body
22849,EFJMMLOCELE,21977,AEGNNPENLNM,0x8967F50,mov-ax-imm16-ret,CANDIDATE,constant-return method body
22852,GKEFKCPMAOM,54545,AEGNNPENLNM,0x804D230,mov-ax-imm16-ret,CANDIDATE,constant-return method body
22855,DMEDFOHCKNN,86649,AEGNNPENLNM,0xC875220,mov-ax-imm16-ret,CANDIDATE,constant-return method body
22871,ENJJIFKKHEG,48938,AEGNNPENLNM,0x11AFFE00,mov-ax-imm16-ret,CANDIDATE,constant-return method body
22878,DAMMNJEBGHH,68088,AEGNNPENLNM,0xF5D34F0,mov-ax-imm16-ret,CANDIDATE,constant-return method body
22879,LBCPDKOKEBP,75081,AEGNNPENLNM,0xB48F520,mov-ax-imm16-ret,CANDIDATE,constant-return method body
22882,LFHOFKPOAON,82535,AEGNNPENLNM,0xB4A6A40,mov-ax-imm16-ret,CANDIDATE,constant-return method body
22890,HBJAHGNONCG,38429,AEGNNPENLNM,0x80950B0,mov-ax-imm16-ret,CANDIDATE,constant-return method body
22894,FPFILOEAILI,87737,AEGNNPENLNM,0x126AB870,mov-ax-imm16-ret,CANDIDATE,constant-return method body
22895,NOFHNBCBGKP,75092,AEGNNPENLNM,0x931C3D0,mov-ax-imm16-ret,CANDIDATE,constant-return method body
22899,ONKOPMILDMF,87483,AEGNNPENLNM,0x9FDADC0,mov-ax-imm16-ret,CANDIDATE,constant-return method body
22901,NHNKPLAILJG,65950,AEGNNPENLNM,0xE6CCE20,mov-ax-imm16-ret,CANDIDATE,constant-return method body
22904,MOKBJEHGENJ,64786,AEGNNPENLNM,0xCF08270,mov-ax-imm16-ret,CANDIDATE,constant-return method body
22906,HDBKGGNJNAP,32931,AEGNNPENLNM,0x11C831C0,mov-ax-imm16-ret,CANDIDATE,constant-return method body
22914,OIDILLKEFFI,80126,AEGNNPENLNM,0x9FB5100,mov-ax-imm16-ret,CANDIDATE,constant-return method body
22916,DOEPIKNKOOB,64401,AEGNNPENLNM,0x13FA2FB0,mov-ax-imm16-ret,CANDIDATE,constant-return method body
22920,KICKDNBMDCA,71551,AEGNNPENLNM,0x9BBB010,mov-ax-imm16-ret,CANDIDATE,constant-return method body
22922,GALGKAMAEGM,38143,AEGNNPENLNM,0x8015540,mov-ax-imm16-ret,CANDIDATE,constant-return method body
22925,LPBOMLNABOM,85218,AEGNNPENLNM,0x12CF5350,mov-ax-imm16-ret,CANDIDATE,constant-return method body
22932,LPPJMLBJEEH,24630,AEGNNPENLNM,0xE4F7920,mov-ax-imm16-ret,CANDIDATE,constant-return method body
22943,DPPJKODHHNF,33895,AEGNNPENLNM,0x12593CA0,mov-ax-imm16-ret,CANDIDATE,constant-return method body
22946,KGDHLIPOHCF,43175,AEGNNPENLNM,0xEFFDA10,mov-ax-imm16-ret,CANDIDATE,constant-return method body
22949,CHBNMIGCOLA,76208,AEGNNPENLNM,0x86FFA60,mov-ax-imm16-ret,CANDIDATE,constant-return method body
22958,MLPFKFKLCNK,63364,AEGNNPENLNM,0xB5F8420,mov-ax-imm16-ret,CANDIDATE,constant-return method body
22965,EMKPDMAMLEI,81978,AEGNNPENLNM,0x12806AD0,mov-ax-imm16-ret,CANDIDATE,constant-return method body
22966,APPIIJIPAHO,32565,AEGNNPENLNM,0x971C160,mov-ax-imm16-ret,CANDIDATE,constant-return method body
22974,KCEMBONAACG,66324,AEGNNPENLNM,0x12BF7B00,mov-ax-imm16-ret,CANDIDATE,constant-return method body
22980,AHKADJLNAKL,75671,AEGNNPENLNM,0xC98C5F0,mov-ax-imm16-ret,CANDIDATE,constant-return method body
22982,DKAJIPJBIBI,65377,AEGNNPENLNM,0xE99E6C0,mov-ax-imm16-ret,CANDIDATE,constant-return method body
22983,DMDCKHJCFGB,23540,AEGNNPENLNM,0xBACF580,mov-ax-imm16-ret,CANDIDATE,constant-return method body
22994,CNPJJNDMGNN,59525,AEGNNPENLNM,0xC7E6020,mov-ax-imm16-ret,CANDIDATE,constant-return method body
22996,JPPOCGBIALL,80666,AEGNNPENLNM,0xA927D60,mov-ax-imm16-ret,CANDIDATE,constant-return method body
23001,CJCCIOANIBJ,55856,AEGNNPENLNM,0xD2E7190,mov-ax-imm16-ret,CANDIDATE,constant-return method body
23006,HOJCHGLHILE,85720,AEGNNPENLNM,0xF9D75E0,mov-ax-imm16-ret,CANDIDATE,constant-return method body
23007,ABFFFFDHKPB,42107,AEGNNPENLNM,0x8A08200,mov-ax-imm16-ret,CANDIDATE,constant-return method body
23010,MPNEMFIEEPB,18401,AEGNNPENLNM,0x115582A0,mov-ax-imm16-ret,CANDIDATE,constant-return method body
23012,FLHANMLONAJ,40906,AEGNNPENLNM,0xF8738B0,mov-ax-imm16-ret,CANDIDATE,constant-return method body
23014,CJBCCOJAMAE,46862,AEGNNPENLNM,0x1195D830,mov-ax-imm16-ret,CANDIDATE,constant-return method body
23015,FBGGIPCDOHK,74362,AEGNNPENLNM,0x10E9CD40,mov-ax-imm16-ret,CANDIDATE,constant-return method body
23018,FPDDAEPBJFC,72880,AEGNNPENLNM,0x8BC2780,mov-ax-imm16-ret,CANDIDATE,constant-return method body
23024,EILMCHENOOK,52996,AEGNNPENLNM,0xA1E4B80,mov-ax-imm16-ret,CANDIDATE,constant-return method body
23026,MMMKNGCFIOL,42022,AEGNNPENLNM,0xC325390,mov-ax-imm16-ret,CANDIDATE,constant-return method body
23035,OHFPNICKMMM,43690,AEGNNPENLNM,0x13117D50,mov-ax-imm16-ret,CANDIDATE,constant-return method body
23037,POLFDHCKOCI,19901,AEGNNPENLNM,0xB9B36C0,mov-ax-imm16-ret,CANDIDATE,constant-return method body
23038,JKDNBCFNMCG,34420,AEGNNPENLNM,0xA8F8160,mov-ax-imm16-ret,CANDIDATE,constant-return method body
23044,PNOPBEMGKLJ,79051,AEGNNPENLNM,0x124496D0,mov-ax-imm16-ret,CANDIDATE,constant-return method body
23057,KOAHOOJHGEC,77080,AEGNNPENLNM,0x139120E0,mov-ax-imm16-ret,CANDIDATE,constant-return method body
23064,IPBGCKIKLMJ,66601,AEGNNPENLNM,0x1066CAE0,mov-ax-imm16-ret,CANDIDATE,constant-return method body
23065,PHHINDLDDLH,21692,AEGNNPENLNM,0x7C5B4A0,mov-ax-imm16-ret,CANDIDATE,constant-return method body
23069,LADKEBIOIEH,75647,AEGNNPENLNM,0xF093270,mov-ax-imm16-ret,CANDIDATE,constant-return method body
23070,ADICKHOKIAG,74620,AEGNNPENLNM,0x8A14CC0,mov-ax-imm16-ret,CANDIDATE,constant-return method body
23073,IJFPHJGEMEL,18251,AEGNNPENLNM,0x8158420,mov-ax-imm16-ret,CANDIDATE,constant-return method body
23074,AIIPCEMDFAA,67478,AEGNNPENLNM,0xEB30750,mov-ax-imm16-ret,CANDIDATE,constant-return method body
23075,NOIHNIAHMCC,82998,AEGNNPENLNM,0x932C3E0,mov-ax-imm16-ret,CANDIDATE,constant-return method body
23085,PAAANGOPMPG,86761,AEGNNPENLNM,0x100FFB10,mov-ax-imm16-ret,CANDIDATE,constant-return method body
23086,KPMNKKMBLOO,73028,AEGNNPENLNM,0x13920030,mov-ax-imm16-ret,CANDIDATE,constant-return method body
23090,NLDPKMFBJMI,70921,AEGNNPENLNM,0x1170C0E0,mov-ax-imm16-ret,CANDIDATE,constant-return method body
23095,GHLNKJFKFNL,49169,AEGNNPENLNM,0xF8CC170,mov-ax-imm16-ret,CANDIDATE,constant-return method body
23099,PCGMPKDFNBB,41416,AEGNNPENLNM,0x13DB0A60,mov-ax-imm16-ret,CANDIDATE,constant-return method body
23101,OHIKHLJJGKH,28416,AEGNNPENLNM,0xD140970,mov-ax-imm16-ret,CANDIDATE,constant-return method body
23105,AKCODCHLICI,45288,AEGNNPENLNM,0x10FB9DE0,mov-ax-imm16-ret,CANDIDATE,constant-return method body
23125,GKEBBOJGNPI,28934,AEGNNPENLNM,0xEC35990,mov-ax-imm16-ret,CANDIDATE,constant-return method body
23127,MNHEMFAHFNF,70744,AEGNNPENLNM,0x846ED40,mov-ax-imm16-ret,CANDIDATE,constant-return method body
23132,ELJIMMILNBK,82926,AEGNNPENLNM,0x11AEEAC0,mov-ax-imm16-ret,CANDIDATE,constant-return method body
23133,KJKKGLLLJPA,44160,AEGNNPENLNM,0xFC88F90,mov-ax-imm16-ret,CANDIDATE,constant-return method body
23135,OLIPIODKGCB,74458,AEGNNPENLNM,0x13140DD0,mov-ax-imm16-ret,CANDIDATE,constant-return method body
23138,KCPKMHLKNPJ,36718,AEGNNPENLNM,0x113167D0,mov-ax-imm16-ret,CANDIDATE,constant-return method body
23140,BJODPLJGOKP,30471,AEGNNPENLNM,0x75D9D90,mov-ax-imm16-ret,CANDIDATE,constant-return method body
23149,EGDKGCGCFDP,21402,AEGNNPENLNM,0xD3F1860,mov-ax-imm16-ret,CANDIDATE,constant-return method body
23154,NOJFBBFMHKH,63162,AEGNNPENLNM,0x10027250,mov-ax-imm16-ret,CANDIDATE,constant-return method body
23157,CGLBKOJIGGO,44145,AEGNNPENLNM,0xC77D3D0,mov-ax-imm16-ret,CANDIDATE,constant-return method body
23158,IAFLOPPHCLK,18495,AEGNNPENLNM,0x7548FB0,mov-ax-imm16-ret,CANDIDATE,constant-return method body
23159,EECMKJOAMMP,15080,AEGNNPENLNM,0x10E162F0,mov-ax-imm16-ret,CANDIDATE,constant-return method body
23162,HJJIJDNOCNM,22458,AEGNNPENLNM,0x11140020,mov-ax-imm16-ret,CANDIDATE,constant-return method body
23167,JDLDECDLIDB,75745,AEGNNPENLNM,0x8DF26C0,mov-ax-imm16-ret,CANDIDATE,constant-return method body
23169,JLOFIAMFJJP,57839,AEGNNPENLNM,0xCCE0F30,mov-ax-imm16-ret,CANDIDATE,constant-return method body
23171,CPNFBBEMIPD,70887,AEGNNPENLNM,0x10D73C50,mov-ax-imm16-ret,CANDIDATE,constant-return method body
23174,EHDPENHMDPM,47512,AEGNNPENLNM,0xF6C1AF0,mov-ax-imm16-ret,CANDIDATE,constant-return method body
23175,ENFEHHEMIOD,58396,AEGNNPENLNM,0x10E8B0A0,mov-ax-imm16-ret,CANDIDATE,constant-return method body
23182,AJIPEELLNID,65217,AEGNNPENLNM,0x96D0BD0,mov-ax-imm16-ret,CANDIDATE,constant-return method body
23183,LNNMPPHPFBJ,36379,AEGNNPENLNM,0xAA60DA0,mov-ax-imm16-ret,CANDIDATE,constant-return method body
23186,ADJABNHOAIE,40904,AEGNNPENLNM,0xEADB4D0,mov-ax-imm16-ret,CANDIDATE,constant-return method body
23191,BLGEHPAECOK,61892,AEGNNPENLNM,0xE46BFC0,mov-ax-imm16-ret,CANDIDATE,constant-return method body
23193,ONEAMJPMBBK,38481,AEGNNPENLNM,0xADAB420,mov-ax-imm16-ret,CANDIDATE,constant-return method body
23198,FJGFBAJBNEJ,36638,AEGNNPENLNM,0x1263BE20,mov-ax-imm16-ret,CANDIDATE,constant-return method body
23202,PNMEECJKKLI,68499,AEGNNPENLNM,0x942BFC0,mov-ax-imm16-ret,CANDIDATE,constant-return method body
23208,JOGCOIMIOFI,82325,AEGNNPENLNM,0xB3FFF40,mov-ax-imm16-ret,CANDIDATE,constant-return method body
23212,JJNABJPGHCD,48777,AEGNNPENLNM,0xA8F37E0,mov-ax-imm16-ret,CANDIDATE,constant-return method body
23214,AOOCCONKOOO,26844,AEGNNPENLNM,0xC9CD020,mov-ax-imm16-ret,CANDIDATE,constant-return method body
23218,IKFMAOFACOA,68279,AEGNNPENLNM,0xBF974D0,mov-ax-imm16-ret,CANDIDATE,constant-return method body
23219,MICGAEIBHII,84402,AEGNNPENLNM,0x13A3BE70,mov-ax-imm16-ret,CANDIDATE,constant-return method body
23222,KGNEOJBDMLP,29890,AEGNNPENLNM,0x11F53D80,mov-ax-imm16-ret,CANDIDATE,constant-return method body
23225,PKANNPCJOFJ,78068,AEGNNPENLNM,0x87911D0,mov-ax-imm16-ret,CANDIDATE,constant-return method body
23226,LNFEMPGKHMJ,83297,AEGNNPENLNM,0xC282D50,mov-ax-imm16-ret,CANDIDATE,constant-return method body
23231,IKCCBFHBBGA,42170,AEGNNPENLNM,0x10632CD0,mov-ax-imm16-ret,CANDIDATE,constant-return method body
23234,MAJEFOKBOEB,47933,AEGNNPENLNM,0x139DEF50,mov-ax-imm16-ret,CANDIDATE,constant-return method body
23235,KLIDOPJBBHE,37243,AEGNNPENLNM,0xC176480,mov-ax-imm16-ret,CANDIDATE,constant-return method body
23239,PMHNELHJPHM,56110,AEGNNPENLNM,0xAE1E700,mov-ax-imm16-ret,CANDIDATE,constant-return method body
23246,COOCBPHKHNJ,36809,AEGNNPENLNM,0xAFB53E0,mov-ax-imm16-ret,CANDIDATE,constant-return method body
23249,PGNOIAODIEM,14834,AEGNNPENLNM,0x1012AC40,mov-ax-imm16-ret,CANDIDATE,constant-return method body
23250,BJECHPENMFC,35430,AEGNNPENLNM,0xAEE7DD0,mov-ax-imm16-ret,CANDIDATE,constant-return method body
23252,PKDINKHACJL,59737,AEGNNPENLNM,0x87938D0,mov-ax-imm16-ret,CANDIDATE,constant-return method body
23279,MKKODMBLMDE,88078,AEGNNPENLNM,0xC308CD0,mov-ax-imm16-ret,CANDIDATE,constant-return method body
23280,MJNEAEKKAOC,49237,AEGNNPENLNM,0x9D13750,mov-ax-imm16-ret,CANDIDATE,constant-return method body
23292,NJNJMGICMCD,11993,AEGNNPENLNM,0x122A1290,mov-ax-imm16-ret,CANDIDATE,constant-return method body
23293,JLGGBHFGBDK,21200,AEGNNPENLNM,0xC0C66D0,mov-ax-imm16-ret,CANDIDATE,constant-return method body
23294,POBJMODDCJJ,45470,AEGNNPENLNM,0x7C971A0,mov-ax-imm16-ret,CANDIDATE,constant-return method body
23295,DBMIOBHBCKN,43040,AEGNNPENLNM,0x13F21A20,mov-ax-imm16-ret,CANDIDATE,constant-return method body
23299,IENPPPECPHK,76604,AEGNNPENLNM,0x81350E0,mov-ax-imm16-ret,CANDIDATE,constant-return method body
23300,LDINAJADDJC,63234,AEGNNPENLNM,0xFCFA0B0,mov-ax-imm16-ret,CANDIDATE,constant-return method body
23301,KCDCJJFHKPA,79596,AEGNNPENLNM,0xEFC3860,mov-ax-imm16-ret,CANDIDATE,constant-return method body
23302,CINBLDFIMNE,67036,AEGNNPENLNM,0x9F62F70,mov-ax-imm16-ret,CANDIDATE,constant-return method body
23303,PKAFDMEHMHE,70540,AEGNNPENLNM,0xAE11E40,mov-ax-imm16-ret,CANDIDATE,constant-return method body
23307,OMGPCCNFDDN,58380,AEGNNPENLNM,0xD1858E0,mov-ax-imm16-ret,CANDIDATE,constant-return method body
23311,NJNNDBDAFOH,24931,AEGNNPENLNM,0xAD1C0C0,mov-ax-imm16-ret,CANDIDATE,constant-return method body
23312,BLLLCJJNFOE,62811,AEGNNPENLNM,0x1178C280,mov-ax-imm16-ret,CANDIDATE,constant-return method body
23315,OCIIGIEAOLB,88727,AEGNNPENLNM,0xF3BF530,mov-ax-imm16-ret,CANDIDATE,constant-return method body
23316,MOHPEGIKBMC,21878,AEGNNPENLNM,0x12D7D1E0,mov-ax-imm16-ret,CANDIDATE,constant-return method body
23317,OPGCGCJAHOE,14887,AEGNNPENLNM,0x100FC650,mov-ax-imm16-ret,CANDIDATE,constant-return method body
23329,BMDJJAFLNBE,58834,AEGNNPENLNM,0xF299E60,mov-ax-imm16-ret,CANDIDATE,constant-return method body
23341,CJABNPAJDDO,37359,AEGNNPENLNM,0x10210D10,mov-ax-imm16-ret,CANDIDATE,constant-return method body
23357,PKBKKGECFCL,23650,AEGNNPENLNM,0x9418B90,mov-ax-imm16-ret,CANDIDATE,constant-return method body
23362,OLMIKOOEPBP,84039,AEGNNPENLNM,0xADA5DC0,mov-ax-imm16-ret,CANDIDATE,constant-return method body
23365,OHPLEFEMNBJ,52263,AEGNNPENLNM,0x9FB49E0,mov-ax-imm16-ret,CANDIDATE,constant-return method body
23366,DKJCMHENKAI,30111,AEGNNPENLNM,0x102C1D90,mov-ax-imm16-ret,CANDIDATE,constant-return method body
23368,FLJDCFDHNAA,85766,AEGNNPENLNM,0x73535D0,mov-ax-imm16-ret,CANDIDATE,constant-return method body
23375,GOFAALHHCFM,62954,AEGNNPENLNM,0xBE24800,mov-ax-imm16-ret,CANDIDATE,constant-return method body
23378,JJDMKINODIE,42983,AEGNNPENLNM,0x8E12430,mov-ax-imm16-ret,CANDIDATE,constant-return method body
23380,OEHODNNFCAI,35448,AEGNNPENLNM,0x10B4DF10,mov-ax-imm16-ret,CANDIDATE,constant-return method body
23394,JAGJLKBLFAD,86225,AEGNNPENLNM,0xEEF8C10,mov-ax-imm16-ret,CANDIDATE,constant-return method body
23402,PBMHBLLPDFI,14012,AEGNNPENLNM,0xE7BD2B0,mov-ax-imm16-ret,CANDIDATE,constant-return method body
23411,DNKAGONHGGC,67807,AEGNNPENLNM,0xE9B9EF0,mov-ax-imm16-ret,CANDIDATE,constant-return method body
23412,DICDIFDMIBK,53944,AEGNNPENLNM,0x102B5E50,mov-ax-imm16-ret,CANDIDATE,constant-return method body
23416,PEOIIFMKGOE,19162,AEGNNPENLNM,0xF4988C0,mov-ax-imm16-ret,CANDIDATE,constant-return method body
23417,JGBGGLOAAHK,15734,AEGNNPENLNM,0x76720C0,mov-ax-imm16-ret,CANDIDATE,constant-return method body
23419,EGCEEOMBKGJ,73914,AEGNNPENLNM,0x10E2D730,mov-ax-imm16-ret,CANDIDATE,constant-return method body
23421,EPGADAJDHIJ,79406,AEGNNPENLNM,0x8B03330,mov-ax-imm16-ret,CANDIDATE,constant-return method body
23426,CABPOBJGHFD,55445,AEGNNPENLNM,0x9495110,mov-ax-imm16-ret,CANDIDATE,constant-return method body
23431,BILKKNDJOEE,28401,AEGNNPENLNM,0x138C5600,mov-ax-imm16-ret,CANDIDATE,constant-return method body
23432,DGFIBDNMDNP,88893,AEGNNPENLNM,0x7D7AE50,mov-ax-imm16-ret,CANDIDATE,constant-return method body
23440,CKMMLIAJPFL,79396,AEGNNPENLNM,0x9F68FE0,mov-ax-imm16-ret,CANDIDATE,constant-return method body
23456,LHDJFFMIKMG,67424,AEGNNPENLNM,0xCE2CCD0,mov-ax-imm16-ret,CANDIDATE,constant-return method body
23466,GLFAOBPHHOF,23481,AEGNNPENLNM,0x12961A40,mov-ax-imm16-ret,CANDIDATE,constant-return method body
23469,JAFMNCENCMM,17223,AEGNNPENLNM,0xEEF8A00,mov-ax-imm16-ret,CANDIDATE,constant-return method body
23474,NILHKGAKEFN,66050,AEGNNPENLNM,0xD084160,mov-ax-imm16-ret,CANDIDATE,constant-return method body
23475,NMEJGJMEJKL,49605,AEGNNPENLNM,0xD0A7470,mov-ax-imm16-ret,CANDIDATE,constant-return method body
23476,JIKBDGLAABH,53010,AEGNNPENLNM,0xE332B00,mov-ax-imm16-ret,CANDIDATE,constant-return method body
23477,MLDAGOPACAD,78399,AEGNNPENLNM,0xB5ECDF0,mov-ax-imm16-ret,CANDIDATE,constant-return method body
23481,CHHODNFDIIP,28771,AEGNNPENLNM,0x101F6650,mov-ax-imm16-ret,CANDIDATE,constant-return method body
23484,GDPPNDHEPHN,44822,AEGNNPENLNM,0xCA4D260,mov-ax-imm16-ret,CANDIDATE,constant-return method body
23488,HBEKIIHJDDG,82559,AEGNNPENLNM,0x105352B0,mov-ax-imm16-ret,CANDIDATE,constant-return method body
23489,HLIOANKKELL,73379,AEGNNPENLNM,0x1114E6D0,mov-ax-imm16-ret,CANDIDATE,constant-return method body
23495,CIMOMFGNKEC,64529,AEGNNPENLNM,0x1195C830,mov-ax-imm16-ret,CANDIDATE,constant-return method body
23499,CDHDNJPCKCC,53443,AEGNNPENLNM,0xF55B9E0,mov-ax-imm16-ret,CANDIDATE,constant-return method body
23502,KPAPOHFNAHD,51961,AEGNNPENLNM,0xC19E6A0,mov-ax-imm16-ret,CANDIDATE,constant-return method body
23507,GLFGIICGEAE,37150,AEGNNPENLNM,0x104F22D0,mov-ax-imm16-ret,CANDIDATE,constant-return method body
23509,HPBONLHCDGB,75248,AEGNNPENLNM,0x1119BE20,mov-ax-imm16-ret,CANDIDATE,constant-return method body
23515,PBHHCCAOAOI,66687,AEGNNPENLNM,0xADCD150,mov-ax-imm16-ret,CANDIDATE,constant-return method body
23526,IOKOKBJKNFA,43613,AEGNNPENLNM,0xBFB96B0,mov-ax-imm16-ret,CANDIDATE,constant-return method body
23532,KACKINPFIFD,59050,AEGNNPENLNM,0x112DAA50,mov-ax-imm16-ret,CANDIDATE,constant-return method body
23538,NHBAGHIFLPI,15061,AEGNNPENLNM,0xD061BE0,mov-ax-imm16-ret,CANDIDATE,constant-return method body
23543,FHLNGLPANAK,86593,AEGNNPENLNM,0xA46F1C0,mov-ax-imm16-ret,CANDIDATE,constant-return method body
23545,ICNGJPBCCAE,63777,AEGNNPENLNM,0xB287A00,mov-ax-imm16-ret,CANDIDATE,constant-return method body
23547,LBFGMKAOGCJ,67278,AEGNNPENLNM,0x9C1C920,mov-ax-imm16-ret,CANDIDATE,constant-return method body
23553,KAKJEKEDEHP,56166,AEGNNPENLNM,0xEFA7C30,mov-ax-imm16-ret,CANDIDATE,constant-return method body
23568,LHMKCAOBIOA,68209,AEGNNPENLNM,0xB4B4A40,mov-ax-imm16-ret,CANDIDATE,constant-return method body
23571,FICACBCDHNG,20579,AEGNNPENLNM,0x103C92F0,mov-ax-imm16-ret,CANDIDATE,constant-return method body
23579,PAIAPLFCEHM,29070,AEGNNPENLNM,0x13DA9DC0,mov-ax-imm16-ret,CANDIDATE,constant-return method body
23586,OKKOIHOECMK,87048,AEGNNPENLNM,0xC645820,mov-ax-imm16-ret,CANDIDATE,constant-return method body
23587,AMMDFCBNJJA,34305,AEGNNPENLNM,0xC9BDA40,mov-ax-imm16-ret,CANDIDATE,constant-return method body
23592,DGCBONNJNCC,82862,AEGNNPENLNM,0x13F4D700,mov-ax-imm16-ret,CANDIDATE,constant-return method body
23603,LHBNADOMLKP,77595,AEGNNPENLNM,0x11421A30,mov-ax-imm16-ret,CANDIDATE,constant-return method body
23606,PHJBGJDNOBO,64980,AEGNNPENLNM,0xF4B0E20,mov-ax-imm16-ret,CANDIDATE,constant-return method body
23608,FHJFHLBJGJG,23214,AEGNNPENLNM,0x8B77590,mov-ax-imm16-ret,CANDIDATE,constant-return method body
23612,CFPGGCKOPJE,66091,AEGNNPENLNM,0x79ED280,mov-ax-imm16-ret,CANDIDATE,constant-return method body
23614,ILMJJLJAGEJ,15198,AEGNNPENLNM,0xB2FA500,mov-ax-imm16-ret,CANDIDATE,constant-return method body
23630,BKIIIEDFBME,70855,AEGNNPENLNM,0xF279DA0,mov-ax-imm16-ret,CANDIDATE,constant-return method body
23631,FOJNCJINLBK,80224,AEGNNPENLNM,0x126A37E0,mov-ax-imm16-ret,CANDIDATE,constant-return method body
23634,KIMKAJLPCKG,51636,AEGNNPENLNM,0x9BBF540,mov-ax-imm16-ret,CANDIDATE,constant-return method body
23635,HGOGHJAIIJF,86958,AEGNNPENLNM,0xEDA2AC0,mov-ax-imm16-ret,CANDIDATE,constant-return method body
23637,NOJMIJNNKCD,24114,AEGNNPENLNM,0x100279C0,mov-ax-imm16-ret,CANDIDATE,constant-return method body
23638,OGKAKLHIMAA,61686,AEGNNPENLNM,0x10B5EE60,mov-ax-imm16-ret,CANDIDATE,constant-return method body
23648,OMOEGDONLEB,60795,AEGNNPENLNM,0x118120C0,mov-ax-imm16-ret,CANDIDATE,constant-return method body
23650,FNDCMEILNFO,14863,AEGNNPENLNM,0x10F3B960,mov-ax-imm16-ret,CANDIDATE,constant-return method body
23654,KEOPOHCOELH,68826,AEGNNPENLNM,0x11F408B0,mov-ax-imm16-ret,CANDIDATE,constant-return method body
23662,NGBADJCBPAE,64364,AEGNNPENLNM,0xE6B5380,mov-ax-imm16-ret,CANDIDATE,constant-return method body
23663,FOHOOPFCGKH,68538,AEGNNPENLNM,0x128C2B40,mov-ax-imm16-ret,CANDIDATE,constant-return method body
23671,GKOAFINEEEG,29746,AEGNNPENLNM,0xD624780,mov-ax-imm16-ret,CANDIDATE,constant-return method body
23673,IIPNONCAPPF,27562,AEGNNPENLNM,0x106209D0,mov-ax-imm16-ret,CANDIDATE,constant-return method body
23674,KPOFGBDMBFC,22498,AEGNNPENLNM,0xE3FC510,mov-ax-imm16-ret,CANDIDATE,constant-return method body
23675,EGJFDGMOOHP,53049,AEGNNPENLNM,0x8978B50,mov-ax-imm16-ret,CANDIDATE,constant-return method body
23679,PJMMDOKKHBD,32842,AEGNNPENLNM,0x7C6EDB0,mov-ax-imm16-ret,CANDIDATE,constant-return method body
23682,NPFKDNFEEPA,31827,AEGNNPENLNM,0x932DEF0,mov-ax-imm16-ret,CANDIDATE,constant-return method body
23684,JMMBKLEPMMC,35308,AEGNNPENLNM,0x106FA420,mov-ax-imm16-ret,CANDIDATE,constant-return method body
23693,CCLGHEJDCAP,67328,AEGNNPENLNM,0x7616560,mov-ax-imm16-ret,CANDIDATE,constant-return method body
23697,HGLJOKMJEPD,58190,AEGNNPENLNM,0x989E5E0,mov-ax-imm16-ret,CANDIDATE,constant-return method body
23698,FDFHNKAIDJO,39466,AEGNNPENLNM,0x103AC870,mov-ax-imm16-ret,CANDIDATE,constant-return method body
23703,CHJOJMELDMA,86959,AEGNNPENLNM,0x9F4D1F0,mov-ax-imm16-ret,CANDIDATE,constant-return method body
23722,HBKNHLANKAG,57405,AEGNNPENLNM,0x129BD5E0,mov-ax-imm16-ret,CANDIDATE,constant-return method body
23723,EFOIDCLGIFP,50164,AEGNNPENLNM,0xA1D19A0,mov-ax-imm16-ret,CANDIDATE,constant-return method body
23724,BBLAILDFMLH,83770,AEGNNPENLNM,0xAEBC2B0,mov-ax-imm16-ret,CANDIDATE,constant-return method body
23726,GCNBCCNBOHC,88320,AEGNNPENLNM,0xD5EA2E0,mov-ax-imm16-ret,CANDIDATE,constant-return method body
23734,DOHKCFKPKKK,13176,AEGNNPENLNM,0xC895DD0,mov-ax-imm16-ret,CANDIDATE,constant-return method body
23737,PCGADBEAJJB,84069,AEGNNPENLNM,0x11844560,mov-ax-imm16-ret,CANDIDATE,constant-return method body
23742,ADAIAHCPIPE,21117,AEGNNPENLNM,0xF77EB40,mov-ax-imm16-ret,CANDIDATE,constant-return method body
23745,GBFPHDPEALH,82770,AEGNNPENLNM,0x128D3C90,mov-ax-imm16-ret,CANDIDATE,constant-return method body
23751,LCKBNCFJCPJ,81223,AEGNNPENLNM,0xC1C5340,mov-ax-imm16-ret,CANDIDATE,constant-return method body
23757,KFDMPIDGJPO,40619,AEGNNPENLNM,0x12C13590,mov-ax-imm16-ret,CANDIDATE,constant-return method body
23760,FCBJGEOGAFB,37614,AEGNNPENLNM,0x14086AF0,mov-ax-imm16-ret,CANDIDATE,constant-return method body
23761,HCKONIOCFLJ,18887,AEGNNPENLNM,0xA623EA0,mov-ax-imm16-ret,CANDIDATE,constant-return method body
23762,OBLKJNFMAKF,17917,AEGNNPENLNM,0x933FF90,mov-ax-imm16-ret,CANDIDATE,constant-return method body
23770,EOOOJPFDHCH,13849,AEGNNPENLNM,0x12816FF0,mov-ax-imm16-ret,CANDIDATE,constant-return method body
23771,ALOLEBHBPHK,46484,AEGNNPENLNM,0x8AA5530,mov-ax-imm16-ret,CANDIDATE,constant-return method body
23773,FMEFOAPCLMH,75212,AEGNNPENLNM,0x73558F0,mov-ax-imm16-ret,CANDIDATE,constant-return method body
23775,HLOADMMKKMK,35674,AEGNNPENLNM,0xBECBBE0,mov-ax-imm16-ret,CANDIDATE,constant-return method body
23779,APDCDEFNNNP,29673,AEGNNPENLNM,0xEB603F0,mov-ax-imm16-ret,CANDIDATE,constant-return method body
23782,LFDBFGBEOBB,40323,AEGNNPENLNM,0x838ACB0,mov-ax-imm16-ret,CANDIDATE,constant-return method body
23786,FADIONGJPGD,30577,AEGNNPENLNM,0x128205C0,mov-ax-imm16-ret,CANDIDATE,constant-return method body
23804,ACGEALLAHOO,29980,AEGNNPENLNM,0xBC22B20,mov-ax-imm16-ret,CANDIDATE,constant-return method body
23812,GLEHDHHCEMN,32175,AEGNNPENLNM,0xB1D2530,mov-ax-imm16-ret,CANDIDATE,constant-return method body
23815,GCEPHEKDDKP,45727,AEGNNPENLNM,0x126C12E0,mov-ax-imm16-ret,CANDIDATE,constant-return method body
23829,ACEFNDAOCKH,78626,AEGNNPENLNM,0x126DAC10,mov-ax-imm16-ret,CANDIDATE,constant-return method body
23833,BDGNHJBCFKJ,44360,AEGNNPENLNM,0x134F4390,mov-ax-imm16-ret,CANDIDATE,constant-return method body
23839,HKNGJFLGKMB,44098,AEGNNPENLNM,0xB24DA80,mov-ax-imm16-ret,CANDIDATE,constant-return method body
23852,PFPPDCFHDJG,18405,AEGNNPENLNM,0xF49AC10,mov-ax-imm16-ret,CANDIDATE,constant-return method body
23863,CFOIGEDAKDO,19803,AEGNNPENLNM,0x9F40D20,mov-ax-imm16-ret,CANDIDATE,constant-return method body
23866,PBBPCPNINDA,22518,AEGNNPENLNM,0x1183BE70,mov-ax-imm16-ret,CANDIDATE,constant-return method body
23871,NHEILPBELBK,43802,AEGNNPENLNM,0x116DE890,mov-ax-imm16-ret,CANDIDATE,constant-return method body
23879,PFHOACMDCAC,33378,AEGNNPENLNM,0x93F38D0,mov-ax-imm16-ret,CANDIDATE,constant-return method body
23887,PFANIGCEICP,74108,AEGNNPENLNM,0x11850AD0,mov-ax-imm16-ret,CANDIDATE,constant-return method body
23892,DBDPCEAAAIN,37920,AEGNNPENLNM,0x882BFF0,mov-ax-imm16-ret,CANDIDATE,constant-return method body
23893,LHNKAOKPLLA,57308,AEGNNPENLNM,0x83BE520,mov-ax-imm16-ret,CANDIDATE,constant-return method body
23900,MGNMEJKNCDF,86108,AEGNNPENLNM,0xAABCDF0,mov-ax-imm16-ret,CANDIDATE,constant-return method body
23905,NHCPBLIKBGH,83767,AEGNNPENLNM,0xC56F580,mov-ax-imm16-ret,CANDIDATE,constant-return method body
23912,JOINKCBHJIL,43933,AEGNNPENLNM,0xA91E580,mov-ax-imm16-ret,CANDIDATE,constant-return method body
23915,ENLPOBHHEMB,36393,AEGNNPENLNM,0xF6FA250,mov-ax-imm16-ret,CANDIDATE,constant-return method body
23920,EEKJECFDDKG,48268,AEGNNPENLNM,0xEA012A0,mov-ax-imm16-ret,CANDIDATE,constant-return method body
23924,GFIBPLOFMAO,34098,AEGNNPENLNM,0xCA547A0,mov-ax-imm16-ret,CANDIDATE,constant-return method body
23925,BLKNLDKMHJK,83301,AEGNNPENLNM,0xF297D10,mov-ax-imm16-ret,CANDIDATE,constant-return method body
23926,CLDMBJOMLII,79431,AEGNNPENLNM,0x10D35C20,mov-ax-imm16-ret,CANDIDATE,constant-return method body
23928,JLKHFCICJGF,88285,AEGNNPENLNM,0xA906980,mov-ax-imm16-ret,CANDIDATE,constant-return method body
23936,MFCHKCGCLBJ,24646,AEGNNPENLNM,0xFD85B40,mov-ax-imm16-ret,CANDIDATE,constant-return method body
23939,CCIGHNAOOKN,47848,AEGNNPENLNM,0x7613620,mov-ax-imm16-ret,CANDIDATE,constant-return method body
23946,ALHGELABAKH,75834,AEGNNPENLNM,0xD5188E0,mov-ax-imm16-ret,CANDIDATE,constant-return method body
23948,DLGCKFAGBFG,75933,AEGNNPENLNM,0x11A37220,mov-ax-imm16-ret,CANDIDATE,constant-return method body
23960,JIEJGNDAFAJ,55245,AEGNNPENLNM,0xA8E71E0,mov-ax-imm16-ret,CANDIDATE,constant-return method body
23963,DGEJGDNBHFA,45360,AEGNNPENLNM,0x125535D0,mov-ax-imm16-ret,CANDIDATE,constant-return method body
23965,NEIEDHKJLCB,43231,AEGNNPENLNM,0x7ADDAB0,mov-ax-imm16-ret,CANDIDATE,constant-return method body
23966,BKJEALIIGNM,46601,AEGNNPENLNM,0xE4687D0,mov-ax-imm16-ret,CANDIDATE,constant-return method body
23979,BPDCLELFMHB,17811,AEGNNPENLNM,0x123C1C90,mov-ax-imm16-ret,CANDIDATE,constant-return method body
23982,HHCEOMBHPPK,56117,AEGNNPENLNM,0xEDA9920,mov-ax-imm16-ret,CANDIDATE,constant-return method body
23986,JGKOJLAIFNM,41814,AEGNNPENLNM,0x11ED0010,mov-ax-imm16-ret,CANDIDATE,constant-return method body
23990,BAOIFJIDGOI,72364,AEGNNPENLNM,0xD541930,mov-ax-imm16-ret,CANDIDATE,constant-return method body
23992,KMHFMHHDDPP,14182,AEGNNPENLNM,0x77840D0,mov-ax-imm16-ret,CANDIDATE,constant-return method body
23997,ICDNLLPEIBI,46343,AEGNNPENLNM,0xB284F50,mov-ax-imm16-ret,CANDIDATE,constant-return method body
23999,DGPAIELFGLP,60525,AEGNNPENLNM,0xB0125E0,mov-ax-imm16-ret,CANDIDATE,constant-return method body
24000,JGGDDJJBJDL,19031,AEGNNPENLNM,0x11ECD680,mov-ax-imm16-ret,CANDIDATE,constant-return method body
24003,JLGIOFMBNAA,46038,AEGNNPENLNM,0x112A9460,mov-ax-imm16-ret,CANDIDATE,constant-return method body
24010,FKHLJKNBHPF,51099,AEGNNPENLNM,0x128B12B0,mov-ax-imm16-ret,CANDIDATE,constant-return method body
24011,AAILGDFEBPI,50349,AEGNNPENLNM,0xD4BA500,mov-ax-imm16-ret,CANDIDATE,constant-return method body
24014,GMGBPNIBMPC,66080,AEGNNPENLNM,0x135FD1B0,mov-ax-imm16-ret,CANDIDATE,constant-return method body
24018,ECJOAIAGDKB,69348,AEGNNPENLNM,0x125ADDF0,mov-ax-imm16-ret,CANDIDATE,constant-return method body
24021,DMBDELDIJGK,80352,AEGNNPENLNM,0x1343AF40,mov-ax-imm16-ret,CANDIDATE,constant-return method body
24029,LEHKAJNFEBI,44784,AEGNNPENLNM,0x108017D0,mov-ax-imm16-ret,CANDIDATE,constant-return method body
24032,JGOJCIFPLFD,40418,AEGNNPENLNM,0x11287390,mov-ax-imm16-ret,CANDIDATE,constant-return method body
24035,EKEJCNIAEBG,76813,AEGNNPENLNM,0xA3E70E0,mov-ax-imm16-ret,CANDIDATE,constant-return method body
24037,AFKKBHBMIOJ,15522,AEGNNPENLNM,0xEB14CF0,mov-ax-imm16-ret,CANDIDATE,constant-return method body
24040,BHKHCMKOAID,78690,AEGNNPENLNM,0xC457330,mov-ax-imm16-ret,CANDIDATE,constant-return method body
24050,ECPGEINIIMI,14024,AEGNNPENLNM,0x10302970,mov-ax-imm16-ret,CANDIDATE,constant-return method body
24051,FCLMGMGBPGN,43164,AEGNNPENLNM,0x72ED6A0,mov-ax-imm16-ret,CANDIDATE,constant-return method body
24056,MLBIPFFCBGP,70447,AEGNNPENLNM,0x9D1FBE0,mov-ax-imm16-ret,CANDIDATE,constant-return method body
24060,MLFAPODAPOL,21292,AEGNNPENLNM,0x13A59B80,mov-ax-imm16-ret,CANDIDATE,constant-return method body
24062,LBAIHCFEBBE,12116,AEGNNPENLNM,0xC1B51D0,mov-ax-imm16-ret,CANDIDATE,constant-return method body
24067,EGOPAFBFECO,42992,AEGNNPENLNM,0x10E32270,mov-ax-imm16-ret,CANDIDATE,constant-return method body
24069,LFKEOFFCNND,59410,AEGNNPENLNM,0x7844170,mov-ax-imm16-ret,CANDIDATE,constant-return method body
24075,NIEBNFODHNH,62335,AEGNNPENLNM,0xE6CE520,mov-ax-imm16-ret,CANDIDATE,constant-return method body
24084,ONFEIKELNGO,26140,AEGNNPENLNM,0xC6576C0,mov-ax-imm16-ret,CANDIDATE,constant-return method body
24087,BDJLIGLEGFA,53569,AEGNNPENLNM,0x972F960,mov-ax-imm16-ret,CANDIDATE,constant-return method body
24091,HDLACAHANCF,48685,AEGNNPENLNM,0x1363EEE0,mov-ax-imm16-ret,CANDIDATE,constant-return method body
24097,BOHIOHJKONI,60588,AEGNNPENLNM,0x82F0FF0,mov-ax-imm16-ret,CANDIDATE,constant-return method body
24100,KJDEKIECEEG,21640,AEGNNPENLNM,0x9BC0680,mov-ax-imm16-ret,CANDIDATE,constant-return method body
24106,OAJKIOPODGN,21671,AEGNNPENLNM,0x1172A570,mov-ax-imm16-ret,CANDIDATE,constant-return method body
24111,CEGEFHMEFAD,81998,AEGNNPENLNM,0x124AE720,mov-ax-imm16-ret,CANDIDATE,constant-return method body
24114,OAPKBGOEJMC,71817,AEGNNPENLNM,0x13D328F0,mov-ax-imm16-ret,CANDIDATE,constant-return method body
24121,AMCDEPKIMEO,50768,AEGNNPENLNM,0xF7D3F70,mov-ax-imm16-ret,CANDIDATE,constant-return method body
24123,FPBPJJNKPFH,58265,AEGNNPENLNM,0x8BC20D0,mov-ax-imm16-ret,CANDIDATE,constant-return method body
24128,PFLLJHMALDE,79212,AEGNNPENLNM,0xADEA770,mov-ax-imm16-ret,CANDIDATE,constant-return method body
24130,IAKBNJGHHEI,53012,AEGNNPENLNM,0x8D49EF0,mov-ax-imm16-ret,CANDIDATE,constant-return method body
24132,KCKDFLDHLCC,75333,AEGNNPENLNM,0x828AC30,mov-ax-imm16-ret,CANDIDATE,constant-return method body
24133,BPFOHLNEHII,24568,AEGNNPENLNM,0x13CB7290,mov-ax-imm16-ret,CANDIDATE,constant-return method body
24141,AEBCBEFAHBN,42589,AEGNNPENLNM,0x11B5B770,mov-ax-imm16-ret,CANDIDATE,constant-return method body
24143,OBIEJHAKHOH,72630,AEGNNPENLNM,0x864F9B0,mov-ax-imm16-ret,CANDIDATE,constant-return method body
24150,PABBCJGGGLP,69231,AEGNNPENLNM,0x123DAF40,mov-ax-imm16-ret,CANDIDATE,constant-return method body
24152,CKJFMDKEMKK,43764,AEGNNPENLNM,0xF592AA0,mov-ax-imm16-ret,CANDIDATE,constant-return method body
24153,JDMBIEFEEMP,67634,AEGNNPENLNM,0x81D8BD0,mov-ax-imm16-ret,CANDIDATE,constant-return method body
24154,CHLAGLFEHGP,60394,AEGNNPENLNM,0x1194CE80,mov-ax-imm16-ret,CANDIDATE,constant-return method body
24155,KKLINPIENJK,43906,AEGNNPENLNM,0xB458850,mov-ax-imm16-ret,CANDIDATE,constant-return method body
24161,EFJEGDGBLCM,50392,AEGNNPENLNM,0x11ABA4B0,mov-ax-imm16-ret,CANDIDATE,constant-return method body
24174,PEPIFBKHAJF,40975,AEGNNPENLNM,0x93F02D0,mov-ax-imm16-ret,CANDIDATE,constant-return method body
24181,AGLNCCPJDPL,15610,AEGNNPENLNM,0xD4F51A0,mov-ax-imm16-ret,CANDIDATE,constant-return method body
24182,FNNOBLPHEJO,26331,AEGNNPENLNM,0x7366370,mov-ax-imm16-ret,CANDIDATE,constant-return method body
24183,NGGEOKEMIPO,63611,AEGNNPENLNM,0x12288F10,mov-ax-imm16-ret,CANDIDATE,constant-return method body
24186,GJPBELPOIEG,37470,AEGNNPENLNM,0xA573580,mov-ax-imm16-ret,CANDIDATE,constant-return method body
24190,ALEPNDKOLDI,13002,AEGNNPENLNM,0xAB99C60,mov-ax-imm16-ret,CANDIDATE,constant-return method body
24192,IPNENFPHMMO,68032,AEGNNPENLNM,0x1375F790,mov-ax-imm16-ret,CANDIDATE,constant-return method body
24197,IMKBMAGLCIH,41122,AEGNNPENLNM,0x1064D260,mov-ax-imm16-ret,CANDIDATE,constant-return method body
24220,IOIBDIMBKGE,17375,AEGNNPENLNM,0x1374C530,mov-ax-imm16-ret,CANDIDATE,constant-return method body
24223,OHJFIAOAHPC,27409,AEGNNPENLNM,0x1009B2D0,mov-ax-imm16-ret,CANDIDATE,constant-return method body
24224,AHFCHBBCAPO,40155,AEGNNPENLNM,0x13471800,mov-ax-imm16-ret,CANDIDATE,constant-return method body
24232,DFINKIOMOIP,23447,AEGNNPENLNM,0x119E79D0,mov-ax-imm16-ret,CANDIDATE,constant-return method body
24233,IBDKHMOIOHC,87117,AEGNNPENLNM,0xD6F6FC0,mov-ax-imm16-ret,CANDIDATE,constant-return method body
24247,OGBEFGAFAAB,66214,AEGNNPENLNM,0xF3D87A0,mov-ax-imm16-ret,CANDIDATE,constant-return method body
24256,BMACHDMDCDF,39139,AEGNNPENLNM,0x13C907D0,mov-ax-imm16-ret,CANDIDATE,constant-return method body
24260,FBGOIMPFCCD,38648,AEGNNPENLNM,0x14076290,mov-ax-imm16-ret,CANDIDATE,constant-return method body
24261,CFGMLJGDPJF,15350,AEGNNPENLNM,0x86F3E30,mov-ax-imm16-ret,CANDIDATE,constant-return method body
24265,EMIFEPLHIGO,40076,AEGNNPENLNM,0x1404EE20,mov-ax-imm16-ret,CANDIDATE,constant-return method body
24269,GNNDHDGBMNP,21512,AEGNNPENLNM,0x1360DE30,mov-ax-imm16-ret,CANDIDATE,constant-return method body
24271,DJHEDBEGJCL,14043,AEGNNPENLNM,0x10DC6800,mov-ax-imm16-ret,CANDIDATE,constant-return method body
24272,IBCNAICDAKG,67259,AEGNNPENLNM,0x8D4CBB0,mov-ax-imm16-ret,CANDIDATE,constant-return method body
24279,HJGAKMPFAPF,55119,AEGNNPENLNM,0xCB25620,mov-ax-imm16-ret,CANDIDATE,constant-return method body
24285,DEFGCDNKIBA,49626,AEGNNPENLNM,0x13F3D8B0,mov-ax-imm16-ret,CANDIDATE,constant-return method body
24288,NMKNAFAJIGN,65930,AEGNNPENLNM,0x7B40AB0,mov-ax-imm16-ret,CANDIDATE,constant-return method body
24289,MFDGCBJHPCC,72716,AEGNNPENLNM,0x10948970,mov-ax-imm16-ret,CANDIDATE,constant-return method body
24291,JEEEGIJOBCI,74485,AEGNNPENLNM,0x11EC2E80,mov-ax-imm16-ret,CANDIDATE,constant-return method body
24299,KGIEBPJLJOC,63797,AEGNNPENLNM,0x13855160,mov-ax-imm16-ret,CANDIDATE,constant-return method body
24305,HLOBBOHAODC,20907,AEGNNPENLNM,0x11DB1F00,mov-ax-imm16-ret,CANDIDATE,constant-return method body
24313,EGAGDIFBEHD,11919,AEGNNPENLNM,0x10E2C7D0,mov-ax-imm16-ret,CANDIDATE,constant-return method body
24317,MMNAFFLPMPJ,22724,AEGNNPENLNM,0x793CC80,mov-ax-imm16-ret,CANDIDATE,constant-return method body
24321,FJEOMGDDHGO,69531,AEGNNPENLNM,0xEBB69A0,mov-ax-imm16-ret,CANDIDATE,constant-return method body
24323,MABNFCDKJOE,78444,AEGNNPENLNM,0xC29D1D0,mov-ax-imm16-ret,CANDIDATE,constant-return method body
24324,FJFGKCCOIJL,88106,AEGNNPENLNM,0xEBB7A40,mov-ax-imm16-ret,CANDIDATE,constant-return method body
24326,KLIFMMELJPM,68552,AEGNNPENLNM,0x8325DF0,mov-ax-imm16-ret,CANDIDATE,constant-return method body
24332,IFHHGGFKCGF,27985,AEGNNPENLNM,0xB2A94F0,mov-ax-imm16-ret,CANDIDATE,constant-return method body
24334,BIHAOCNKDHA,40186,AEGNNPENLNM,0x12B4FA90,mov-ax-imm16-ret,CANDIDATE,constant-return method body
24340,EBNGPNFPKPA,44923,AEGNNPENLNM,0x10E0BF90,mov-ax-imm16-ret,CANDIDATE,constant-return method body
24341,JCNAHKMILJG,30093,AEGNNPENLNM,0xE30F150,mov-ax-imm16-ret,CANDIDATE,constant-return method body
24342,DIPOCEEJKPH,83591,AEGNNPENLNM,0xF618DF0,mov-ax-imm16-ret,CANDIDATE,constant-return method body
24343,BFCOPHFFGMP,75659,AEGNNPENLNM,0x71FB860,mov-ax-imm16-ret,CANDIDATE,constant-return method body
24350,JMLGJNIOCBK,83470,AEGNNPENLNM,0xB3DD560,mov-ax-imm16-ret,CANDIDATE,constant-return method body
24352,FNKOGMGONKM,49024,AEGNNPENLNM,0xBD99210,mov-ax-imm16-ret,CANDIDATE,constant-return method body
24356,ILEGLJNBFOA,80546,AEGNNPENLNM,0xEED0FE0,mov-ax-imm16-ret,CANDIDATE,constant-return method body
24358,CNLMBCOCLCG,28036,AEGNNPENLNM,0x87FEC30,mov-ax-imm16-ret,CANDIDATE,constant-return method body
24359,DIAIADAHDGM,68443,AEGNNPENLNM,0x7D84D50,mov-ax-imm16-ret,CANDIDATE,constant-return method body
24363,MPPPMKAHJBB,76871,AEGNNPENLNM,0xF1BA280,mov-ax-imm16-ret,CANDIDATE,constant-return method body
24365,OJCNADCCKJP,18442,AEGNNPENLNM,0xF3F5C90,mov-ax-imm16-ret,CANDIDATE,constant-return method body
24366,NGOFAIFHPAN,24375,AEGNNPENLNM,0xACEB640,mov-ax-imm16-ret,CANDIDATE,constant-return method body
24369,AENIKKAAECI,35757,AEGNNPENLNM,0xEB0FBB0,mov-ax-imm16-ret,CANDIDATE,constant-return method body
24370,HAOANLCOBAI,56080,AEGNNPENLNM,0xB1F7BC0,mov-ax-imm16-ret,CANDIDATE,constant-return method body
24371,ONMCNLDIGJK,47536,AEGNNPENLNM,0xC65BDC0,mov-ax-imm16-ret,CANDIDATE,constant-return method body
24376,LCGBCIKCOIG,24539,AEGNNPENLNM,0x107DD060,mov-ax-imm16-ret,CANDIDATE,constant-return method body
24379,KEMILHNMDCH,84578,AEGNNPENLNM,0x11321440,mov-ax-imm16-ret,CANDIDATE,constant-return method body
24380,HIADLALFEFD,47909,AEGNNPENLNM,0xA684630,mov-ax-imm16-ret,CANDIDATE,constant-return method body
24390,MHGEJMFODGJ,35951,AEGNNPENLNM,0x7917660,mov-ax-imm16-ret,CANDIDATE,constant-return method body
24396,APGLFEENIDE,41806,AEGNNPENLNM,0xB16C050,mov-ax-imm16-ret,CANDIDATE,constant-return method body
24399,NFDNOEEDMMD,31315,AEGNNPENLNM,0xF3493E0,mov-ax-imm16-ret,CANDIDATE,constant-return method body
24405,PHHELADGKCH,45706,AEGNNPENLNM,0xD2518F0,mov-ax-imm16-ret,CANDIDATE,constant-return method body
24411,CENOMOOLIJH,31477,AEGNNPENLNM,0x101C3660,mov-ax-imm16-ret,CANDIDATE,constant-return method body
24412,EGGPFDOPGJH,83809,AEGNNPENLNM,0xBCD5B20,mov-ax-imm16-ret,CANDIDATE,constant-return method body
24413,BCFMMFNCFPI,68466,AEGNNPENLNM,0xD54DE20,mov-ax-imm16-ret,CANDIDATE,constant-return method body
24417,EKJFCBLEMDF,64512,AEGNNPENLNM,0x10E6BD90,mov-ax-imm16-ret,CANDIDATE,constant-return method body
24418,GCADIGCLFKF,64424,AEGNNPENLNM,0x8BDAEE0,mov-ax-imm16-ret,CANDIDATE,constant-return method body
24419,GLMIHINCIBD,75940,AEGNNPENLNM,0x11C23720,mov-ax-imm16-ret,CANDIDATE,constant-return method body
24420,FMBENPLCCBM,51697,AEGNNPENLNM,0x11054510,mov-ax-imm16-ret,CANDIDATE,constant-return method body
24429,JEMJNJMOMNA,18914,AEGNNPENLNM,0xE31D410,mov-ax-imm16-ret,CANDIDATE,constant-return method body
24432,MHDEHCNDBMB,26342,AEGNNPENLNM,0xCE9FB10,mov-ax-imm16-ret,CANDIDATE,constant-return method body
24434,FFGAEMJPHEL,61838,AEGNNPENLNM,0xBD4DED0,mov-ax-imm16-ret,CANDIDATE,constant-return method body
24438,EACOOPIOCAK,36395,AEGNNPENLNM,0xE9D8710,mov-ax-imm16-ret,CANDIDATE,constant-return method body
24442,NDIMCAHJPKO,53464,AEGNNPENLNM,0x9E9CD50,mov-ax-imm16-ret,CANDIDATE,constant-return method body
24450,POILMNKDHMC,77135,AEGNNPENLNM,0x118AE690,mov-ax-imm16-ret,CANDIDATE,constant-return method body
24452,LJMLAJLJHOG,32135,AEGNNPENLNM,0xCE3F4B0,mov-ax-imm16-ret,CANDIDATE,constant-return method body
24453,IGNPMMLBNMD,56259,AEGNNPENLNM,0x8D7F750,mov-ax-imm16-ret,CANDIDATE,constant-return method body
24454,CFIMEEFCDDK,30398,AEGNNPENLNM,0x79EB240,mov-ax-imm16-ret,CANDIDATE,constant-return method body
24455,PPPOFPPLJHN,85065,AEGNNPENLNM,0x118BC5C0,mov-ax-imm16-ret,CANDIDATE,constant-return method body
24456,HHELDMBDBHN,19536,AEGNNPENLNM,0x10578E30,mov-ax-imm16-ret,CANDIDATE,constant-return method body
24459,CENHPLPLEKE,74683,AEGNNPENLNM,0xB9FC130,mov-ax-imm16-ret,CANDIDATE,constant-return method body
24463,GCPINDJIFPJ,73664,AEGNNPENLNM,0x104A8470,mov-ax-imm16-ret,CANDIDATE,constant-return method body
24467,CFBBBKLDMBP,16514,AEGNNPENLNM,0xAF65CC0,mov-ax-imm16-ret,CANDIDATE,constant-return method body
24474,IGBNNLCOFGP,67226,AEGNNPENLNM,0x111D8100,mov-ax-imm16-ret,CANDIDATE,constant-return method body
24475,BCCHLGJFIMJ,60320,AEGNNPENLNM,0x71E1570,mov-ax-imm16-ret,CANDIDATE,constant-return method body
24480,CODGPMIBFNL,33068,AEGNNPENLNM,0xE90D970,mov-ax-imm16-ret,CANDIDATE,constant-return method body
24481,HEKEPKAENJK,21472,AEGNNPENLNM,0x13647700,mov-ax-imm16-ret,CANDIDATE,constant-return method body
24486,NDBLICNPFKG,14346,AEGNNPENLNM,0xC54B890,mov-ax-imm16-ret,CANDIDATE,constant-return method body
24487,FBNFFDFLCKB,47378,AEGNNPENLNM,0xBB80490,mov-ax-imm16-ret,CANDIDATE,constant-return method body
24493,OBNECIKPIEI,61454,AEGNNPENLNM,0xF3B4920,mov-ax-imm16-ret,CANDIDATE,constant-return method body
24503,KCFBMADGFEA,40496,AEGNNPENLNM,0x10722F70,mov-ax-imm16-ret,CANDIDATE,constant-return method body
24506,AJEJFHAAKCK,85173,AEGNNPENLNM,0x1347E510,mov-ax-imm16-ret,CANDIDATE,constant-return method body
24510,KJBGBAMMNGG,83382,AEGNNPENLNM,0x1386FCD0,mov-ax-imm16-ret,CANDIDATE,constant-return method body
24515,OMIPJEEGJKH,52505,AEGNNPENLNM,0x10B8D8D0,mov-ax-imm16-ret,CANDIDATE,constant-return method body
24516,GMEPIMJBDKI,71785,AEGNNPENLNM,0xBE18780,mov-ax-imm16-ret,CANDIDATE,constant-return method body
24522,COPKCNLLHHL,80184,AEGNNPENLNM,0x133DB2E0,mov-ax-imm16-ret,CANDIDATE,constant-return method body
24524,AKCBECKDHDH,16654,AEGNNPENLNM,0x8A8EEA0,mov-ax-imm16-ret,CANDIDATE,constant-return method body
24526,AFLLIKADNLG,34464,AEGNNPENLNM,0xF7AAFF0,mov-ax-imm16-ret,CANDIDATE,constant-return method body
24527,CFMKANIFADD,43685,AEGNNPENLNM,0xD2B8790,mov-ax-imm16-ret,CANDIDATE,constant-return method body
24530,LKBFPBFLPCK,21539,AEGNNPENLNM,0x1396B1A0,mov-ax-imm16-ret,CANDIDATE,constant-return method body
24539,OCOABDGLIHJ,15983,AEGNNPENLNM,0xAD70540,mov-ax-imm16-ret,CANDIDATE,constant-return method body
24540,IJPEHCGNGFK,54097,AEGNNPENLNM,0x111F4A40,mov-ax-imm16-ret,CANDIDATE,constant-return method body
24542,EPJFGOLKALM,75826,AEGNNPENLNM,0x11B0B530,mov-ax-imm16-ret,CANDIDATE,constant-return method body
24547,GKFHBMPAGDL,69508,AEGNNPENLNM,0x8C178E0,mov-ax-imm16-ret,CANDIDATE,constant-return method body
24552,IPDPGKKBHJK,34696,AEGNNPENLNM,0x7630420,mov-ax-imm16-ret,CANDIDATE,constant-return method body
24558,LELPAMDIDOP,51273,AEGNNPENLNM,0xF0C1290,mov-ax-imm16-ret,CANDIDATE,constant-return method body
24561,AIIBBADKLOG,33167,AEGNNPENLNM,0x11B80CE0,mov-ax-imm16-ret,CANDIDATE,constant-return method body
24562,MLOLMCPKPAN,40012,AEGNNPENLNM,0xB5F7AC0,mov-ax-imm16-ret,CANDIDATE,constant-return method body
24563,CJIFGHBHKNF,20947,AEGNNPENLNM,0x10212760,mov-ax-imm16-ret,CANDIDATE,constant-return method body
24565,DFMGFLABCCI,72937,AEGNNPENLNM,0x119EB500,mov-ax-imm16-ret,CANDIDATE,constant-return method body
24576,JJGBFAOIEBJ,47087,get_metaTypeID,0xCC97530,mov-eax-imm32-ret,CANDIDATE,constant-return method body
24578,NAAAJNCLOCM,26173,AEGNNPENLNM,0x11687190,mov-ax-imm16-ret,CANDIDATE,constant-return method body
24581,IPCPGDOFMKE,38877,AEGNNPENLNM,0xFAE0410,mov-ax-imm16-ret,CANDIDATE,constant-return method body
24582,OKNOFMBNPIC,72075,AEGNNPENLNM,0x13136F40,mov-ax-imm16-ret,CANDIDATE,constant-return method body
24586,FDGNCECLGIB,41913,AEGNNPENLNM,0x103ACFA0,mov-ax-imm16-ret,CANDIDATE,constant-return method body
24598,AHNMDJBNMLN,23890,AEGNNPENLNM,0xAB87F70,mov-ax-imm16-ret,CANDIDATE,constant-return method body
24604,BHPPEGMFMKG,13318,AEGNNPENLNM,0x12B4D330,mov-ax-imm16-ret,CANDIDATE,constant-return method body
24608,JJBMPCOBENH,75891,AEGNNPENLNM,0xC041DD0,mov-ax-imm16-ret,CANDIDATE,constant-return method body
24619,KNPFEANHEMA,18539,AEGNNPENLNM,0x778E500,mov-ax-imm16-ret,CANDIDATE,constant-return method body
24622,IPEHJBPDJEC,84109,AEGNNPENLNM,0x137575D0,mov-ax-imm16-ret,CANDIDATE,constant-return method body
24624,OJPHCMONIKG,69717,AEGNNPENLNM,0xB874E10,mov-ax-imm16-ret,CANDIDATE,constant-return method body
24627,LLJAHLPABMD,63157,AEGNNPENLNM,0x12CCC760,mov-ax-imm16-ret,CANDIDATE,constant-return method body
24635,EANGMOICNJP,33076,AEGNNPENLNM,0x89026E0,mov-ax-imm16-ret,CANDIDATE,constant-return method body
24637,OJMBGIFELGF,26918,AEGNNPENLNM,0xB874440,mov-ax-imm16-ret,CANDIDATE,constant-return method body
24640,FCGNDDLCHHB,20571,AEGNNPENLNM,0x10EA5970,mov-ax-imm16-ret,CANDIDATE,constant-return method body
24647,JGJHJPHLEMM,73722,AEGNNPENLNM,0xC0260C0,mov-ax-imm16-ret,CANDIDATE,constant-return method body
24656,APLMDFJPDED,58395,AEGNNPENLNM,0x971B840,mov-ax-imm16-ret,CANDIDATE,constant-return method body
24664,HCGNOHCANGH,34538,AEGNNPENLNM,0x11C784E0,mov-ax-imm16-ret,CANDIDATE,constant-return method body
24666,DPGFOLLJGGM,17207,AEGNNPENLNM,0x11A66120,mov-ax-imm16-ret,CANDIDATE,constant-return method body
24676,EKILHADDKCA,66323,AEGNNPENLNM,0x72AB780,mov-ax-imm16-ret,CANDIDATE,constant-return method body
24678,LKNIOAGLOJL,37060,AEGNNPENLNM,0xB4E1D20,mov-ax-imm16-ret,CANDIDATE,constant-return method body
24681,IEFHMJDBEKF,75649,AEGNNPENLNM,0xB295130,mov-ax-imm16-ret,CANDIDATE,constant-return method body
24686,EDCKLBCONNH,63458,AEGNNPENLNM,0xD3C5F30,mov-ax-imm16-ret,CANDIDATE,constant-return method body
24693,OOFJKFBIAGP,88732,AEGNNPENLNM,0x86B77E0,mov-ax-imm16-ret,CANDIDATE,constant-return method body
24696,HFMLPEOPCGP,79421,AEGNNPENLNM,0x80AF050,mov-ax-imm16-ret,CANDIDATE,constant-return method body
24698,MPCLIAJOEJB,78613,AEGNNPENLNM,0x12D809F0,mov-ax-imm16-ret,CANDIDATE,constant-return method body
24699,HAGFDCCKONO,79719,AEGNNPENLNM,0x110EFB40,mov-ax-imm16-ret,CANDIDATE,constant-return method body
24700,ADANJBKMLAC,44046,AEGNNPENLNM,0xBC28E20,mov-ax-imm16-ret,CANDIDATE,constant-return method body
24702,OKMBNFFPBBD,70857,AEGNNPENLNM,0x117F9670,mov-ax-imm16-ret,CANDIDATE,constant-return method body
24704,EFCLGAKOCJD,85464,AEGNNPENLNM,0xBB17240,mov-ax-imm16-ret,CANDIDATE,constant-return method body
24709,GJJBOPJBIOG,37973,AEGNNPENLNM,0x1294F230,mov-ax-imm16-ret,CANDIDATE,constant-return method body
24710,LFJAEEPDHLO,36001,AEGNNPENLNM,0x783F720,mov-ax-imm16-ret,CANDIDATE,constant-return method body
24713,AIPIEIFKIFK,88742,AEGNNPENLNM,0xD502F60,mov-ax-imm16-ret,CANDIDATE,constant-return method body
24714,CJIGPCMAMGD,69715,AEGNNPENLNM,0xAF82D20,mov-ax-imm16-ret,CANDIDATE,constant-return method body
24716,MJGDPMFNEGK,51996,AEGNNPENLNM,0xAACF1D0,mov-ax-imm16-ret,CANDIDATE,constant-return method body
24717,DBJAIMCHNOF,41556,AEGNNPENLNM,0xE92A3C0,mov-ax-imm16-ret,CANDIDATE,constant-return method body
24720,KJEADFNFBIM,35498,AEGNNPENLNM,0x9BC6540,mov-ax-imm16-ret,CANDIDATE,constant-return method body
24721,BEHFIAJEIJN,46632,AEGNNPENLNM,0xD55AB10,mov-ax-imm16-ret,CANDIDATE,constant-return method body
24725,FJPOIEEHFAC,56510,AEGNNPENLNM,0xA2D0540,mov-ax-imm16-ret,CANDIDATE,constant-return method body
24726,CGCOJKLCHIH,76943,AEGNNPENLNM,0x94DF5F0,mov-ax-imm16-ret,CANDIDATE,constant-return method body
24730,JKLCFHNECGJ,57454,AEGNNPENLNM,0x9AD7CB0,mov-ax-imm16-ret,CANDIDATE,constant-return method body
24733,JOJFGCIBIJM,59471,AEGNNPENLNM,0xA91EDC0,mov-ax-imm16-ret,CANDIDATE,constant-return method body
24739,CAEEKIIJBNM,73676,AEGNNPENLNM,0xD1CA5A0,mov-ax-imm16-ret,CANDIDATE,constant-return method body
24743,MGGDJKGJEMI,32963,AEGNNPENLNM,0x10951FF0,mov-ax-imm16-ret,CANDIDATE,constant-return method body
24748,KCOENNOHIOJ,78250,AEGNNPENLNM,0x113073A0,mov-ax-imm16-ret,CANDIDATE,constant-return method body
24752,IBHCFDBNDMK,40481,AEGNNPENLNM,0xF9F74B0,mov-ax-imm16-ret,CANDIDATE,constant-return method body
24758,JKBCBEFDGAN,73851,AEGNNPENLNM,0x82245B0,mov-ax-imm16-ret,CANDIDATE,constant-return method body
24760,HCJMEJOGAIK,57898,AEGNNPENLNM,0xA623250,mov-ax-imm16-ret,CANDIDATE,constant-return method body
24761,OGEFPBPFNOH,27464,AEGNNPENLNM,0xE76EB90,mov-ax-imm16-ret,CANDIDATE,constant-return method body
24763,EEFANJCDKEA,83538,AEGNNPENLNM,0x127BAE70,mov-ax-imm16-ret,CANDIDATE,constant-return method body
24771,DHADIJCBFJF,82390,AEGNNPENLNM,0x13F628D0,mov-ax-imm16-ret,CANDIDATE,constant-return method body
24776,MFEPABNPBDF,77528,AEGNNPENLNM,0xCE95AA0,mov-ax-imm16-ret,CANDIDATE,constant-return method body
24780,IGBHOIPDHOO,28020,AEGNNPENLNM,0x136FF690,mov-ax-imm16-ret,CANDIDATE,constant-return method body
24790,HMBJDAGPHJC,61925,AEGNNPENLNM,0xA6976E0,mov-ax-imm16-ret,CANDIDATE,constant-return method body
24800,DOJFGCHGCFP,75304,AEGNNPENLNM,0x11A58BF0,mov-ax-imm16-ret,CANDIDATE,constant-return method body
24803,PGMMDMEOPMM,83311,AEGNNPENLNM,0x12409930,mov-ax-imm16-ret,CANDIDATE,constant-return method body
24807,FEBFPNNLGLK,49489,AEGNNPENLNM,0x103AF750,mov-ax-imm16-ret,CANDIDATE,constant-return method body
24809,NJNLMFOOEDC,66996,AEGNNPENLNM,0xC588A60,mov-ax-imm16-ret,CANDIDATE,constant-return method body
24811,GEIKGDNOEEI,83296,AEGNNPENLNM,0x135C7F30,mov-ax-imm16-ret,CANDIDATE,constant-return method body
24819,NOOHCOBIPCD,78971,AEGNNPENLNM,0x7B56D00,mov-ax-imm16-ret,CANDIDATE,constant-return method body
24820,KEHJFHNDFAM,29958,AEGNNPENLNM,0xE39B370,mov-ax-imm16-ret,CANDIDATE,constant-return method body
24822,PIHPAALMNJN,87196,AEGNNPENLNM,0x877DE70,mov-ax-imm16-ret,CANDIDATE,constant-return method body
24828,GFBDOCLHEJC,13041,AEGNNPENLNM,0x73F43F0,mov-ax-imm16-ret,CANDIDATE,constant-return method body
24829,EDOKCAJDBBI,45539,AEGNNPENLNM,0x9607470,mov-ax-imm16-ret,CANDIDATE,constant-return method body
24831,HLJAGMBKGEL,25721,AEGNNPENLNM,0xBECA430,mov-ax-imm16-ret,CANDIDATE,constant-return method body
24832,HLLGNGHMOHL,77017,AEGNNPENLNM,0x11DB1300,mov-ax-imm16-ret,CANDIDATE,constant-return method body
24843,MKMPIGOJGAE,51821,AEGNNPENLNM,0xE556CB0,mov-ax-imm16-ret,CANDIDATE,constant-return method body
24845,ADFMAGNKIDL,31498,AEGNNPENLNM,0xEADACF0,mov-ax-imm16-ret,CANDIDATE,constant-return method body
24846,CHNAMDCMBKA,63349,AEGNNPENLNM,0x1339C760,mov-ax-imm16-ret,CANDIDATE,constant-return method body
24849,CECEDHIHOJO,18295,AEGNNPENLNM,0xF5612E0,mov-ax-imm16-ret,CANDIDATE,constant-return method body
24856,EMDKLCCFGPC,50214,AEGNNPENLNM,0x11AF76A0,mov-ax-imm16-ret,CANDIDATE,constant-return method body
24878,DEFAMMEJKOA,72692,AEGNNPENLNM,0x13412C50,mov-ax-imm16-ret,CANDIDATE,constant-return method body
24880,KKOHAJJLEMC,59277,AEGNNPENLNM,0xF041680,mov-ax-imm16-ret,CANDIDATE,constant-return method body
24887,MNFDKEABODA,58601,AEGNNPENLNM,0x13A77430,mov-ax-imm16-ret,CANDIDATE,constant-return method body
24888,JMIHHCHLGIC,62838,AEGNNPENLNM,0x106F7E90,mov-ax-imm16-ret,CANDIDATE,constant-return method body
24894,AJOKPFILFEO,81344,AEGNNPENLNM,0x12721FA0,mov-ax-imm16-ret,CANDIDATE,constant-return method body
24897,MEIMPLDGNHG,38441,AEGNNPENLNM,0x120CB5C0,mov-ax-imm16-ret,CANDIDATE,constant-return method body
24907,FAPDNKFDMOD,27261,AEGNNPENLNM,0x10E9A260,mov-ax-imm16-ret,CANDIDATE,constant-return method body
24909,ABNCOABNDOJ,70545,AEGNNPENLNM,0xF75BC80,mov-ax-imm16-ret,CANDIDATE,constant-return method body
24913,AEAOHNJNPGP,81724,AEGNNPENLNM,0xBC387B0,mov-ax-imm16-ret,CANDIDATE,constant-return method body
24919,HNHKMOCJJOI,38570,AEGNNPENLNM,0x11DC4A50,mov-ax-imm16-ret,CANDIDATE,constant-return method body
24928,FCFFLBNEGEE,81080,AEGNNPENLNM,0xEAA29E0,mov-ax-imm16-ret,CANDIDATE,constant-return method body
24932,APMJLGNKBMO,16590,AEGNNPENLNM,0x10483100,mov-ax-imm16-ret,CANDIDATE,constant-return method body
24935,NIDCHDLCKJJ,27686,AEGNNPENLNM,0x10AF5580,mov-ax-imm16-ret,CANDIDATE,constant-return method body
24936,IJONNNGHPHF,59302,AEGNNPENLNM,0x11E6C900,mov-ax-imm16-ret,CANDIDATE,constant-return method body
24939,JPHIMGAPMCH,39147,AEGNNPENLNM,0x9B0C800,mov-ax-imm16-ret,CANDIDATE,constant-return method body
24949,CNCJDDIOONG,66502,AEGNNPENLNM,0x87FAAE0,mov-ax-imm16-ret,CANDIDATE,constant-return method body
24959,FMKHDPPLBFG,84151,AEGNNPENLNM,0xBD89660,mov-ax-imm16-ret,CANDIDATE,constant-return method body
24964,IGGAHGNJCBM,13668,AEGNNPENLNM,0x7575410,mov-ax-imm16-ret,CANDIDATE,constant-return method body
24967,CLFBHJCHLPB,40389,AEGNNPENLNM,0x119A68A0,mov-ax-imm16-ret,CANDIDATE,constant-return method body
24973,JLNFKBPAINH,76201,AEGNNPENLNM,0xE357600,mov-ax-imm16-ret,CANDIDATE,constant-return method body
24977,DJOHNGIGAIF,36473,AEGNNPENLNM,0xA158650,mov-ax-imm16-ret,CANDIDATE,constant-return method body
24987,FJKHGBKLNNC,37425,AEGNNPENLNM,0xA48B320,mov-ax-imm16-ret,CANDIDATE,constant-return method body
24988,MFIFEIBBNFP,41916,AEGNNPENLNM,0x842FB50,mov-ax-imm16-ret,CANDIDATE,constant-return method body
25001,GOONLKPEFFL,57119,AEGNNPENLNM,0x129A69B0,mov-ax-imm16-ret,CANDIDATE,constant-return method body
25005,CBBONGJNDLG,12678,AEGNNPENLNM,0x133236E0,mov-ax-imm16-ret,CANDIDATE,constant-return method body
25006,BNDJONBDNID,76971,AEGNNPENLNM,0x123B5CC0,mov-ax-imm16-ret,CANDIDATE,constant-return method body
25018,NABMFGJKAAN,69170,AEGNNPENLNM,0x10A9EDF0,mov-ax-imm16-ret,CANDIDATE,constant-return method body
25024,ENPPKONLFOK,81828,AEGNNPENLNM,0xF73A200,mov-ax-imm16-ret,CANDIDATE,constant-return method body
25025,AICJFGJLIKF,46616,AEGNNPENLNM,0xEB25650,mov-ax-imm16-ret,CANDIDATE,constant-return method body
25028,IOHAIHPMPEM,55183,AEGNNPENLNM,0x8188070,mov-ax-imm16-ret,CANDIDATE,constant-return method body
25036,LENGECLFIGF,76493,AEGNNPENLNM,0x12C8BFD0,mov-ax-imm16-ret,CANDIDATE,constant-return method body
25040,AJGJNHMPGIG,45188,AEGNNPENLNM,0x11B83640,mov-ax-imm16-ret,CANDIDATE,constant-return method body
25042,MBCCGKCMCMC,86512,AEGNNPENLNM,0xFD704C0,mov-ax-imm16-ret,CANDIDATE,constant-return method body
25044,EAJHNGHAPNB,65492,AEGNNPENLNM,0x10DFEB80,mov-ax-imm16-ret,CANDIDATE,constant-return method body
25046,NABDEIHBOKL,72785,AEGNNPENLNM,0xE6853E0,mov-ax-imm16-ret,CANDIDATE,constant-return method body
25050,OIJGBMMCOEC,85823,AEGNNPENLNM,0x7BC09B0,mov-ax-imm16-ret,CANDIDATE,constant-return method body
25051,KPFPIAMAAML,54191,AEGNNPENLNM,0x113E5850,mov-ax-imm16-ret,CANDIDATE,constant-return method body
25053,IFBIEPEPMMN,49981,AEGNNPENLNM,0x111D0EC0,mov-ax-imm16-ret,CANDIDATE,constant-return method body
25059,GGPIECHKIPE,56393,AEGNNPENLNM,0xBDEDA40,mov-ax-imm16-ret,CANDIDATE,constant-return method body
25067,KIFDKHCPCMN,73330,AEGNNPENLNM,0x7760D80,mov-ax-imm16-ret,CANDIDATE,constant-return method body
25068,DIKKAOBGCBD,24250,AEGNNPENLNM,0xD371070,mov-ax-imm16-ret,CANDIDATE,constant-return method body
25074,AONODNHPDOD,87684,AEGNNPENLNM,0xC9CC870,mov-ax-imm16-ret,CANDIDATE,constant-return method body
25076,LALBCBFOMGA,84459,AEGNNPENLNM,0x8366AE0,mov-ax-imm16-ret,CANDIDATE,constant-return method body
25078,PHCEMALKMAM,36870,AEGNNPENLNM,0x7C3C040,mov-ax-imm16-ret,CANDIDATE,constant-return method body
25080,BNFFNLJNAKG,64727,AEGNNPENLNM,0x13309C70,mov-ax-imm16-ret,CANDIDATE,constant-return method body
25095,LEEHOJOIGAB,72292,AEGNNPENLNM,0x12C89E60,mov-ax-imm16-ret,CANDIDATE,constant-return method body
25099,JMDIFFMHLKK,43669,AEGNNPENLNM,0x112AC4A0,mov-ax-imm16-ret,CANDIDATE,constant-return method body
25102,DBLJDPLCEMO,18085,AEGNNPENLNM,0x9544DB0,mov-ax-imm16-ret,CANDIDATE,constant-return method body
25106,ACFBLCKLFJJ,73204,AEGNNPENLNM,0xD4C2220,mov-ax-imm16-ret,CANDIDATE,constant-return method body
25107,MIJOJMAPLMB,46701,AEGNNPENLNM,0x12D40AA0,mov-ax-imm16-ret,CANDIDATE,constant-return method body
25111,MMNBFINNOPK,17709,AEGNNPENLNM,0x13A737E0,mov-ax-imm16-ret,CANDIDATE,constant-return method body
25117,GAEFFPABMNP,66928,AEGNNPENLNM,0xBDA9560,mov-ax-imm16-ret,CANDIDATE,constant-return method body
25120,DPFLPKFFLFH,36487,AEGNNPENLNM,0x127932E0,mov-ax-imm16-ret,CANDIDATE,constant-return method body
25121,OGPIGHDHIIL,49071,AEGNNPENLNM,0xB85D1F0,mov-ax-imm16-ret,CANDIDATE,constant-return method body
25123,BBICNDABPIE,45690,AEGNNPENLNM,0x7F3FEF0,mov-ax-imm16-ret,CANDIDATE,constant-return method body
25124,GGJKCBOAKBA,86139,AEGNNPENLNM,0x135D8190,mov-ax-imm16-ret,CANDIDATE,constant-return method body
25127,NDCBGDGHOCJ,44726,AEGNNPENLNM,0x12FED0C0,mov-ax-imm16-ret,CANDIDATE,constant-return method body
25131,PCFPPCCCDLB,64350,AEGNNPENLNM,0x13DAFF70,mov-ax-imm16-ret,CANDIDATE,constant-return method body
25136,BCOFOJOGLHH,82478,AEGNNPENLNM,0x7F4AAB0,mov-ax-imm16-ret,CANDIDATE,constant-return method body
25141,BOPLHFMGEDE,87121,AEGNNPENLNM,0x10C27430,mov-ax-imm16-ret,CANDIDATE,constant-return method body
25142,OIPMABLNPFK,12342,AEGNNPENLNM,0x868B7F0,mov-ax-imm16-ret,CANDIDATE,constant-return method body
25147,EIDMMAPGNDC,65624,AEGNNPENLNM,0x89A2410,mov-ax-imm16-ret,CANDIDATE,constant-return method body
25149,GNIFCACBPBI,17538,AEGNNPENLNM,0x13605EB0,mov-ax-imm16-ret,CANDIDATE,constant-return method body
25154,KANFIJNJOGP,34485,AEGNNPENLNM,0x8284270,mov-ax-imm16-ret,CANDIDATE,constant-return method body
25159,HMECHLEIKMJ,43564,AEGNNPENLNM,0xB251FA0,mov-ax-imm16-ret,CANDIDATE,constant-return method body
25164,LCAAAHOEPNC,74121,AEGNNPENLNM,0xE408750,mov-ax-imm16-ret,CANDIDATE,constant-return method body
25165,CKGOBCLMPAC,45512,AEGNNPENLNM,0x124E33D0,mov-ax-imm16-ret,CANDIDATE,constant-return method body
25173,IOBDFIGDMJJ,82037,AEGNNPENLNM,0x11E91220,mov-ax-imm16-ret,CANDIDATE,constant-return method body
25175,AKHFLIEGLDE,71824,AEGNNPENLNM,0xEB48130,mov-ax-imm16-ret,CANDIDATE,constant-return method body
25177,FHDBNCMJCHM,30588,AEGNNPENLNM,0x13541390,mov-ax-imm16-ret,CANDIDATE,constant-return method body
25209,DHAFBKKFCLB,87721,AEGNNPENLNM,0x125582A0,mov-ax-imm16-ret,CANDIDATE,constant-return method body
25211,KICHEIAAMEB,84273,AEGNNPENLNM,0x1386B140,mov-ax-imm16-ret,CANDIDATE,constant-return method body
25214,CAGEHFLCHEP,84886,AEGNNPENLNM,0x7608A40,mov-ax-imm16-ret,CANDIDATE,constant-return method body
25217,LHFCHBFDBJH,26248,AEGNNPENLNM,0xE4B6700,mov-ax-imm16-ret,CANDIDATE,constant-return method body
25221,DPDPABAAHIF,15083,AEGNNPENLNM,0x12791EF0,mov-ax-imm16-ret,CANDIDATE,constant-return method body
25224,FNOFNPCBJAO,43209,AEGNNPENLNM,0x7FFA770,mov-ax-imm16-ret,CANDIDATE,constant-return method body
25227,AOKKMDOKCFA,68315,AEGNNPENLNM,0x12748940,mov-ax-imm16-ret,CANDIDATE,constant-return method body
25231,DHHPPAHBPIB,76624,AEGNNPENLNM,0xB013E10,mov-ax-imm16-ret,CANDIDATE,constant-return method body
25233,LMNMBGBILMF,85886,AEGNNPENLNM,0x12CE8460,mov-ax-imm16-ret,CANDIDATE,constant-return method body
25238,MMBHGNMNKON,45169,AEGNNPENLNM,0x7938A40,mov-ax-imm16-ret,CANDIDATE,constant-return method body
25241,NEJOFGFLHAN,85387,AEGNNPENLNM,0x7ADE850,mov-ax-imm16-ret,CANDIDATE,constant-return method body
25244,NAGBFMLKPLO,15099,AEGNNPENLNM,0xFF47880,mov-ax-imm16-ret,CANDIDATE,constant-return method body
25255,JIHBJOPNFHJ,49425,AEGNNPENLNM,0x12B86260,mov-ax-imm16-ret,CANDIDATE,constant-return method body
25266,JLNDLNNHNHP,27923,AEGNNPENLNM,0x12BAF5D0,mov-ax-imm16-ret,CANDIDATE,constant-return method body
25275,PEDOHPLOINN,48061,AEGNNPENLNM,0x10BDB080,mov-ax-imm16-ret,CANDIDATE,constant-return method body
25277,IOALOCDOLNC,86732,AEGNNPENLNM,0x12AC6E20,mov-ax-imm16-ret,CANDIDATE,constant-return method body
25289,NLPKGCEBNJG,30613,AEGNNPENLNM,0x122AC490,mov-ax-imm16-ret,CANDIDATE,constant-return method body
25293,CECOFLAGDIO,88761,AEGNNPENLNM,0x11922DB0,mov-ax-imm16-ret,CANDIDATE,constant-return method body
25297,LPJMCGLHODJ,25195,AEGNNPENLNM,0x908D600,mov-ax-imm16-ret,CANDIDATE,constant-return method body
25298,DJOOKDOCCOF,64844,AEGNNPENLNM,0x7EA3860,mov-ax-imm16-ret,CANDIDATE,constant-return method body
25300,GONKGCDMCNA,58347,AEGNNPENLNM,0xA5AE9B0,mov-ax-imm16-ret,CANDIDATE,constant-return method body
25308,LEINCNJFPGM,51173,AEGNNPENLNM,0xB4A1A70,mov-ax-imm16-ret,CANDIDATE,constant-return method body
25309,HPOIIOLEHLK,15324,AEGNNPENLNM,0xEDEEEA0,mov-ax-imm16-ret,CANDIDATE,constant-return method body
25312,LIIGONALLBB,79056,AEGNNPENLNM,0xB4C1320,mov-ax-imm16-ret,CANDIDATE,constant-return method body
25313,HGNKFJOBGKK,17963,AEGNNPENLNM,0x136610E0,mov-ax-imm16-ret,CANDIDATE,constant-return method body
25316,LGOGBCLBOGD,47247,AEGNNPENLNM,0x904E790,mov-ax-imm16-ret,CANDIDATE,constant-return method body
25323,HLKKDHCJEAD,25674,AEGNNPENLNM,0x80D5E70,mov-ax-imm16-ret,CANDIDATE,constant-return method body
25324,NOEFGCANIKL,75136,AEGNNPENLNM,0xC5BBF20,mov-ax-imm16-ret,CANDIDATE,constant-return method body
25326,IBEPABJDIKG,72566,AEGNNPENLNM,0x11DFE040,mov-ax-imm16-ret,CANDIDATE,constant-return method body
25331,FKANNJFGLMN,77959,AEGNNPENLNM,0xEBBEEA0,mov-ax-imm16-ret,CANDIDATE,constant-return method body
25334,KLBEEGLHJMJ,79484,AEGNNPENLNM,0xFC8EFE0,mov-ax-imm16-ret,CANDIDATE,constant-return method body
25342,ENPFKFABOCA,77511,AEGNNPENLNM,0xBB62D60,mov-ax-imm16-ret,CANDIDATE,constant-return method body
25345,PLLMOIODCFD,36278,AEGNNPENLNM,0x10CAA500,mov-ax-imm16-ret,CANDIDATE,constant-return method body
25348,JJJGHNOLJHI,36160,AEGNNPENLNM,0x8E13820,mov-ax-imm16-ret,CANDIDATE,constant-return method body
25350,ICNOKLOGEJP,19673,AEGNNPENLNM,0x12A5CCE0,mov-ax-imm16-ret,CANDIDATE,constant-return method body
25353,AGNJKAHNKHM,26100,AEGNNPENLNM,0xBC6EE60,mov-ax-imm16-ret,CANDIDATE,constant-return method body
25354,CELNDEGCJOF,62630,AEGNNPENLNM,0x79DBFC0,mov-ax-imm16-ret,CANDIDATE,constant-return method body
25357,COAGGDLCAJA,47288,AEGNNPENLNM,0xBA4AC40,mov-ax-imm16-ret,CANDIDATE,constant-return method body
25358,JLCFDFCJOHO,45829,AEGNNPENLNM,0x8F3FDE0,mov-ax-imm16-ret,CANDIDATE,constant-return method body
25361,IAEKAPDBJOI,39731,AEGNNPENLNM,0xD6F2820,mov-ax-imm16-ret,CANDIDATE,constant-return method body
25362,MAGHADLLMGA,57650,AEGNNPENLNM,0x139DDF70,mov-ax-imm16-ret,CANDIDATE,constant-return method body
25367,NKGBKNIPNFO,25676,AEGNNPENLNM,0xC589170,mov-ax-imm16-ret,CANDIDATE,constant-return method body
25371,FPALOLCDKIJ,82107,AEGNNPENLNM,0x736C0D0,mov-ax-imm16-ret,CANDIDATE,constant-return method body
25375,ECDCDBIEIJN,24051,AEGNNPENLNM,0xA197020,mov-ax-imm16-ret,CANDIDATE,constant-return method body
25380,BDMGKPGEJFL,67835,AEGNNPENLNM,0x7F53AA0,mov-ax-imm16-ret,CANDIDATE,constant-return method body
25387,JDINOBNOBFI,16134,AEGNNPENLNM,0x11EBFC30,mov-ax-imm16-ret,CANDIDATE,constant-return method body
25392,KNKMNADEFOJ,22423,AEGNNPENLNM,0x900D330,mov-ax-imm16-ret,CANDIDATE,constant-return method body
25396,MIKCLBPBNJK,82830,AEGNNPENLNM,0x10967420,mov-ax-imm16-ret,CANDIDATE,constant-return method body
25397,CJMMJCNPICE,19755,AEGNNPENLNM,0xAF82E50,mov-ax-imm16-ret,CANDIDATE,constant-return method body
25398,BAFILNMHDOL,26613,AEGNNPENLNM,0xB1766F0,mov-ax-imm16-ret,CANDIDATE,constant-return method body
25406,GKIGLBGHPHG,46325,AEGNNPENLNM,0xBE10000,mov-ax-imm16-ret,CANDIDATE,constant-return method body
25407,GEAMLDNCCEP,82921,AEGNNPENLNM,0x104B5AB0,mov-ax-imm16-ret,CANDIDATE,constant-return method body
25408,KOOAFAAKAGI,71847,AEGNNPENLNM,0xCD63C20,mov-ax-imm16-ret,CANDIDATE,constant-return method body
25414,ALNCLBHHNOE,78038,AEGNNPENLNM,0x71BBA40,mov-ax-imm16-ret,CANDIDATE,constant-return method body
25416,NHJPPKLMPAK,66812,AEGNNPENLNM,0x10AEA210,mov-ax-imm16-ret,CANDIDATE,constant-return method body
25423,IOMHDBAEDNL,22537,AEGNNPENLNM,0xEEE1AF0,mov-ax-imm16-ret,CANDIDATE,constant-return method body
25426,OCNCLNJHNPM,62919,AEGNNPENLNM,0xAD6FDA0,mov-ax-imm16-ret,CANDIDATE,constant-return method body
25427,GEOLLGJHGIK,74653,AEGNNPENLNM,0x110A1A00,mov-ax-imm16-ret,CANDIDATE,constant-return method body
25439,KCJBHJHAFLH,11833,AEGNNPENLNM,0x9B92D10,mov-ax-imm16-ret,CANDIDATE,constant-return method body
25446,MHKEJPLJIGJ,27607,AEGNNPENLNM,0x13A2AAE0,mov-ax-imm16-ret,CANDIDATE,constant-return method body
25448,KILMHCMGEKJ,26893,AEGNNPENLNM,0x11F5D9E0,mov-ax-imm16-ret,CANDIDATE,constant-return method body
25449,FODGCBDCAPM,79292,AEGNNPENLNM,0x7FFC5F0,mov-ax-imm16-ret,CANDIDATE,constant-return method body
25450,BDGLIJNGOCN,44563,AEGNNPENLNM,0xCDAC8D0,mov-ax-imm16-ret,CANDIDATE,constant-return method body
25455,LMNNDKLIGIC,79521,AEGNNPENLNM,0x12CE8B50,mov-ax-imm16-ret,CANDIDATE,constant-return method body
25459,MPAGAPIGDPC,35283,AEGNNPENLNM,0x1099E6F0,mov-ax-imm16-ret,CANDIDATE,constant-return method body
25465,NOEGCPHCKOO,24657,AEGNNPENLNM,0xC5BC2C0,mov-ax-imm16-ret,CANDIDATE,constant-return method body
25466,JNJLCNNIMGA,43308,AEGNNPENLNM,0xB3EF050,mov-ax-imm16-ret,CANDIDATE,constant-return method body
25481,NIPOHCIDJDA,73163,AEGNNPENLNM,0x1301C390,mov-ax-imm16-ret,CANDIDATE,constant-return method body
25488,PDFOJMKBJBO,76408,AEGNNPENLNM,0xE7C7620,mov-ax-imm16-ret,CANDIDATE,constant-return method body
25495,HMPBOGHGLBK,71625,AEGNNPENLNM,0x11181950,mov-ax-imm16-ret,CANDIDATE,constant-return method body
25503,BJOHDBNLKMB,26726,AEGNNPENLNM,0x923BE20,mov-ax-imm16-ret,CANDIDATE,constant-return method body
25504,FKGFMJBDKEH,49368,AEGNNPENLNM,0xBBDC310,mov-ax-imm16-ret,CANDIDATE,constant-return method body
25508,AEOIPMHOAPB,56826,AEGNNPENLNM,0xEB104A0,mov-ax-imm16-ret,CANDIDATE,constant-return method body
25511,FADFBAOJAOL,66698,AEGNNPENLNM,0x1037CB20,mov-ax-imm16-ret,CANDIDATE,constant-return method body
25519,NDEFOBCDIDI,13229,AEGNNPENLNM,0xD036930,mov-ax-imm16-ret,CANDIDATE,constant-return method body
25522,NCGKFAKIFDI,12299,AEGNNPENLNM,0x10AAB1C0,mov-ax-imm16-ret,CANDIDATE,constant-return method body
25523,PCALECCGOBA,46657,AEGNNPENLNM,0xB8D9960,mov-ax-imm16-ret,CANDIDATE,constant-return method body
25524,GGFNKLDBBAP,34645,AEGNNPENLNM,0x12930420,mov-ax-imm16-ret,CANDIDATE,constant-return method body
25528,HDALMBEENLP,71290,AEGNNPENLNM,0x10542850,mov-ax-imm16-ret,CANDIDATE,constant-return method body
25531,KPEAILCCMPH,40042,AEGNNPENLNM,0xF088930,mov-ax-imm16-ret,CANDIDATE,constant-return method body
25532,KKFPANFDEOK,59366,AEGNNPENLNM,0xE3C5310,mov-ax-imm16-ret,CANDIDATE,constant-return method body
25535,GOBDANNDIEI,16873,AEGNNPENLNM,0x129A13B0,mov-ax-imm16-ret,CANDIDATE,constant-return method body
25536,EHDODDHKPAO,19864,AEGNNPENLNM,0x10320420,mov-ax-imm16-ret,CANDIDATE,constant-return method body
25537,MJADBKEPOFO,55544,AEGNNPENLNM,0xCEC67B0,mov-ax-imm16-ret,CANDIDATE,constant-return method body
25538,PPFBGNHJIPE,74313,AEGNNPENLNM,0xF4FB000,mov-ax-imm16-ret,CANDIDATE,constant-return method body
25541,FBLPHHHDELO,37769,AEGNNPENLNM,0x72E7070,mov-ax-imm16-ret,CANDIDATE,constant-return method body
25548,PBLCJCEFBJO,12103,AEGNNPENLNM,0xE7BCED0,mov-ax-imm16-ret,CANDIDATE,constant-return method body
25549,HKPEMJIHNJM,57067,AEGNNPENLNM,0x98E72D0,mov-ax-imm16-ret,CANDIDATE,constant-return method body
25550,FMKPADBEICL,38190,AEGNNPENLNM,0xD4A98F0,mov-ax-imm16-ret,CANDIDATE,constant-return method body
25551,CNIPPMIONOG,86708,AEGNNPENLNM,0x9521000,mov-ax-imm16-ret,CANDIDATE,constant-return method body
25555,JCLLEMOHPEL,28500,AEGNNPENLNM,0xA8A9360,mov-ax-imm16-ret,CANDIDATE,constant-return method body
25556,LCPEDCBJNJD,50483,AEGNNPENLNM,0xFCF4780,mov-ax-imm16-ret,CANDIDATE,constant-return method body
25560,PHHNPKEHPCM,48201,AEGNNPENLNM,0x1013B580,mov-ax-imm16-ret,CANDIDATE,constant-return method body
25561,OMOJPHCHPCE,86721,AEGNNPENLNM,0x93B16C0,mov-ax-imm16-ret,CANDIDATE,constant-return method body
25567,DBNMIKBJIPE,66061,AEGNNPENLNM,0x1252BA60,mov-ax-imm16-ret,CANDIDATE,constant-return method body
25569,EJJMICBHGID,43984,AEGNNPENLNM,0x14016960,mov-ax-imm16-ret,CANDIDATE,constant-return method body
25572,COBCGADEHAA,83842,AEGNNPENLNM,0x13EED100,mov-ax-imm16-ret,CANDIDATE,constant-return method body
25574,KHIOGELKKNO,70948,AEGNNPENLNM,0xB444A70,mov-ax-imm16-ret,CANDIDATE,constant-return method body
25575,PFBBGOKPACP,19392,AEGNNPENLNM,0x13DBD590,mov-ax-imm16-ret,CANDIDATE,constant-return method body
25577,KOJIKGCKNME,37763,AEGNNPENLNM,0x7799210,mov-ax-imm16-ret,CANDIDATE,constant-return method body
25579,NDPFEPEBKEM,37365,AEGNNPENLNM,0xFF5C3E0,mov-ax-imm16-ret,CANDIDATE,constant-return method body
25603,DMBOOAOHBPK,84655,AEGNNPENLNM,0xA164690,mov-ax-imm16-ret,CANDIDATE,constant-return method body
25604,NOHEFEDEBAG,40630,AEGNNPENLNM,0x122E6720,mov-ax-imm16-ret,CANDIDATE,constant-return method body
25607,GOLKNOALGNK,38383,AEGNNPENLNM,0xF93A350,mov-ax-imm16-ret,CANDIDATE,constant-return method body
25609,JFLJCDKFODP,63740,AEGNNPENLNM,0xEF329F0,mov-ax-imm16-ret,CANDIDATE,constant-return method body
25611,FMDCIALMNDH,53445,AEGNNPENLNM,0xEBCD210,mov-ax-imm16-ret,CANDIDATE,constant-return method body
25613,OIHKGBIMAKH,84324,AEGNNPENLNM,0x7BBFAF0,mov-ax-imm16-ret,CANDIDATE,constant-return method body
25616,MECBFMKLPMP,76959,AEGNNPENLNM,0x13A08FF0,mov-ax-imm16-ret,CANDIDATE,constant-return method body
25618,IOODKDGICJG,15864,AEGNNPENLNM,0x12ACB0E0,mov-ax-imm16-ret,CANDIDATE,constant-return method body
25621,HHEHFFELHLK,26244,AEGNNPENLNM,0xEDAAE90,mov-ax-imm16-ret,CANDIDATE,constant-return method body
25624,NLAFAAOALIO,15196,AEGNNPENLNM,0xC58BA40,mov-ax-imm16-ret,CANDIDATE,constant-return method body
25628,KHDANEIKOMC,37808,AEGNNPENLNM,0xC13D3F0,mov-ax-imm16-ret,CANDIDATE,constant-return method body
25629,DKBLDIDPFCJ,88575,AEGNNPENLNM,0x7EA4A60,mov-ax-imm16-ret,CANDIDATE,constant-return method body
25630,DDCMLFPOAAC,58162,AEGNNPENLNM,0xF5E4560,mov-ax-imm16-ret,CANDIDATE,constant-return method body
25632,ONHJGKPFAOI,28510,AEGNNPENLNM,0xE79BFC0,mov-ax-imm16-ret,CANDIDATE,constant-return method body
25633,OADPKDDKBLN,14368,AEGNNPENLNM,0x10045290,mov-ax-imm16-ret,CANDIDATE,constant-return method body
25638,BEJAOOMOBAK,18547,AEGNNPENLNM,0x97359D0,mov-ax-imm16-ret,CANDIDATE,constant-return method body
25639,JEMANKADGAO,32921,AEGNNPENLNM,0x1125B700,mov-ax-imm16-ret,CANDIDATE,constant-return method body
25648,NJGONIJBIHH,28791,AEGNNPENLNM,0x7B34790,mov-ax-imm16-ret,CANDIDATE,constant-return method body
25649,GDGCBNBAOOG,20276,AEGNNPENLNM,0xBDC5780,mov-ax-imm16-ret,CANDIDATE,constant-return method body
25650,LKACNOCAHKC,48626,AEGNNPENLNM,0x108A28D0,mov-ax-imm16-ret,CANDIDATE,constant-return method body
25652,MKCNPEKKHNK,38205,AEGNNPENLNM,0xFDB8250,mov-ax-imm16-ret,CANDIDATE,constant-return method body
25653,JADIBAHECDK,56690,AEGNNPENLNM,0x7639340,mov-ax-imm16-ret,CANDIDATE,constant-return method body
25654,FNOJJLIIMLA,38995,AEGNNPENLNM,0xF87BD00,mov-ax-imm16-ret,CANDIDATE,constant-return method body
25657,AAFONGCBNHM,62833,AEGNNPENLNM,0xEAB2DA0,mov-ax-imm16-ret,CANDIDATE,constant-return method body
25660,LLOBNIDOCFC,79502,AEGNNPENLNM,0xB4F5830,mov-ax-imm16-ret,CANDIDATE,constant-return method body
25669,GBHJOGKEENE,57729,AEGNNPENLNM,0x135961D0,mov-ax-imm16-ret,CANDIDATE,constant-return method body
25673,KPFMPBNMLAN,40151,AEGNNPENLNM,0xF0892E0,mov-ax-imm16-ret,CANDIDATE,constant-return method body
25674,KJIKGJGIEKK,20599,AEGNNPENLNM,0xE3C14F0,mov-ax-imm16-ret,CANDIDATE,constant-return method body
25675,BBLLNBKAPMM,79108,AEGNNPENLNM,0x11382840,mov-ax-imm16-ret,CANDIDATE,constant-return method body
25676,LDMJHNBHNNG,12018,AEGNNPENLNM,0x11408760,mov-ax-imm16-ret,CANDIDATE,constant-return method body
25680,CAANKMJHOOL,31621,AEGNNPENLNM,0xE8127D0,mov-ax-imm16-ret,CANDIDATE,constant-return method body
25681,MJJGPOBKOID,41566,AEGNNPENLNM,0xE540750,mov-ax-imm16-ret,CANDIDATE,constant-return method body
25683,KLDJPDKAMPN,69731,AEGNNPENLNM,0x9BE8660,mov-ax-imm16-ret,CANDIDATE,constant-return method body
25688,ELGJKJDEBEB,32874,AEGNNPENLNM,0x125DB560,mov-ax-imm16-ret,CANDIDATE,constant-return method body
25691,EAPBKNJFODF,54325,AEGNNPENLNM,0x1259CF00,mov-ax-imm16-ret,CANDIDATE,constant-return method body
25697,LEJKAIPANKA,70615,AEGNNPENLNM,0x7817770,mov-ax-imm16-ret,CANDIDATE,constant-return method body
25699,KMPLLGCPIIF,44421,AEGNNPENLNM,0xCD55A30,mov-ax-imm16-ret,CANDIDATE,constant-return method body
25700,OPHBIBPHOJE,87141,AEGNNPENLNM,0xE7AF9A0,mov-ax-imm16-ret,CANDIDATE,constant-return method body
25701,NCKJDALEHKI,13689,AEGNNPENLNM,0xFF51E60,mov-ax-imm16-ret,CANDIDATE,constant-return method body
25707,PHBHCEAPHIH,31542,AEGNNPENLNM,0xADF0760,mov-ax-imm16-ret,CANDIDATE,constant-return method body
25708,GDOJHFEKDPP,17062,AEGNNPENLNM,0xB1A6560,mov-ax-imm16-ret,CANDIDATE,constant-return method body
25714,PCJBCPNNFEE,18618,AEGNNPENLNM,0x7C1FB20,mov-ax-imm16-ret,CANDIDATE,constant-return method body
25716,BFFDODJEDCH,77961,AEGNNPENLNM,0xB52AC20,mov-ax-imm16-ret,CANDIDATE,constant-return method body
25724,JCMPFGJBLIB,58013,AEGNNPENLNM,0x81AEFF0,mov-ax-imm16-ret,CANDIDATE,constant-return method body
25725,HMKCOFBFCJE,87162,AEGNNPENLNM,0x8CF78A0,mov-ax-imm16-ret,CANDIDATE,constant-return method body
25726,IFCLKGBILOP,80458,AEGNNPENLNM,0x136F6F40,mov-ax-imm16-ret,CANDIDATE,constant-return method body
25730,IIDHGIGAADN,38833,AEGNNPENLNM,0xFA72680,mov-ax-imm16-ret,CANDIDATE,constant-return method body
25732,FEGOLKPBPOM,72215,AEGNNPENLNM,0xBD48A10,mov-ax-imm16-ret,CANDIDATE,constant-return method body
25734,EOFLFAHPIFB,39494,AEGNNPENLNM,0x72C9830,mov-ax-imm16-ret,CANDIDATE,constant-return method body
25737,AMMNICIAJNG,12829,AEGNNPENLNM,0xEB54360,mov-ax-imm16-ret,CANDIDATE,constant-return method body
25742,JIGKILPGGKG,20933,AEGNNPENLNM,0x12B85E40,mov-ax-imm16-ret,CANDIDATE,constant-return method body
25745,LEAEMCJNMIH,26370,AEGNNPENLNM,0x9C3A8E0,mov-ax-imm16-ret,CANDIDATE,constant-return method body
25747,JDLACDJPNFK,61878,AEGNNPENLNM,0xFB1DFF0,mov-ax-imm16-ret,CANDIDATE,constant-return method body
25748,DPJCPDNPNOP,64319,AEGNNPENLNM,0x7213250,mov-ax-imm16-ret,CANDIDATE,constant-return method body
25755,LCFLHFHDCEM,88323,AEGNNPENLNM,0xA9F08C0,mov-ax-imm16-ret,CANDIDATE,constant-return method body
25763,LHKEKLLOJAO,58739,AEGNNPENLNM,0x83BD710,mov-ax-imm16-ret,CANDIDATE,constant-return method body
25765,BKBEELEENOA,85505,AEGNNPENLNM,0x9B355C0,mov-ax-imm16-ret,CANDIDATE,constant-return method body
25766,EOBLHBJJDDJ,60672,AEGNNPENLNM,0xA235AF0,mov-ax-imm16-ret,CANDIDATE,constant-return method body
25770,PMFOAIIAJLK,56513,AEGNNPENLNM,0xA051DB0,mov-ax-imm16-ret,CANDIDATE,constant-return method body
25771,BLHDBDOPNPD,52407,AEGNNPENLNM,0xB5680C0,mov-ax-imm16-ret,CANDIDATE,constant-return method body
25774,JHGNJBFODHB,11782,AEGNNPENLNM,0x137CA810,mov-ax-imm16-ret,CANDIDATE,constant-return method body
25775,KJDADJEAGEA,36007,AEGNNPENLNM,0xFC85B70,mov-ax-imm16-ret,CANDIDATE,constant-return method body
25784,LIABJHHHOOL,47290,AEGNNPENLNM,0x1142D380,mov-ax-imm16-ret,CANDIDATE,constant-return method body
25788,IHKIOEMMBAM,35393,AEGNNPENLNM,0x1060A3C0,mov-ax-imm16-ret,CANDIDATE,constant-return method body
25794,AKJDKALFHFF,25665,AEGNNPENLNM,0xAB96320,mov-ax-imm16-ret,CANDIDATE,constant-return method body
25799,KDMGDNADAHA,30335,AEGNNPENLNM,0x1072D850,mov-ax-imm16-ret,CANDIDATE,constant-return method body
25800,HIEGLCNPLNN,49554,AEGNNPENLNM,0x11D93840,mov-ax-imm16-ret,CANDIDATE,constant-return method body
25811,DNKEMOAOEAG,29094,AEGNNPENLNM,0xBAD4860,mov-ax-imm16-ret,CANDIDATE,constant-return method body
25812,NNCEGAHMNEC,62516,AEGNNPENLNM,0xD0E9260,mov-ax-imm16-ret,CANDIDATE,constant-return method body
25819,AFLDPJDBDPK,59372,AEGNNPENLNM,0xBC4DF90,mov-ax-imm16-ret,CANDIDATE,constant-return method body
25823,DBLJHALEHFB,84091,AEGNNPENLNM,0xAFEAE50,mov-ax-imm16-ret,CANDIDATE,constant-return method body
25827,BACEDMPLPCO,60678,AEGNNPENLNM,0x71D57C0,mov-ax-imm16-ret,CANDIDATE,constant-return method body
25828,JBDPEHJEJHL,31781,AEGNNPENLNM,0x1376B1B0,mov-ax-imm16-ret,CANDIDATE,constant-return method body
25835,IHMOFMDLGEE,48461,AEGNNPENLNM,0xFA180B0,mov-ax-imm16-ret,CANDIDATE,constant-return method body
25838,PJENPJCLMOD,59605,AEGNNPENLNM,0xD256570,mov-ax-imm16-ret,CANDIDATE,constant-return method body
25842,GLKDBGGMIPM,21349,AEGNNPENLNM,0x805CA10,mov-ax-imm16-ret,CANDIDATE,constant-return method body
25846,KBPDPPGPEJP,77473,AEGNNPENLNM,0x11F28840,mov-ax-imm16-ret,CANDIDATE,constant-return method body
25847,HLJJJAMJBLA,71689,AEGNNPENLNM,0x74DF890,mov-ax-imm16-ret,CANDIDATE,constant-return method body
25848,OCNJLNBEJAC,18288,AEGNNPENLNM,0x9346C20,mov-ax-imm16-ret,CANDIDATE,constant-return method body
25851,GMBBLNKOKAF,37810,AEGNNPENLNM,0x104F5A20,mov-ax-imm16-ret,CANDIDATE,constant-return method body
25853,GBBKAFFALKD,47308,AEGNNPENLNM,0xA5017C0,mov-ax-imm16-ret,CANDIDATE,constant-return method body
25857,JPNDJNGOJIC,23360,AEGNNPENLNM,0xC0EA4B0,mov-ax-imm16-ret,CANDIDATE,constant-return method body
25863,PANHBGMPCEC,78371,AEGNNPENLNM,0x123E48E0,mov-ax-imm16-ret,CANDIDATE,constant-return method body
25876,BLMNNPGIJIJ,62293,AEGNNPENLNM,0xAEF9D90,mov-ax-imm16-ret,CANDIDATE,constant-return method body
25878,JLKLNHBEGDI,24263,AEGNNPENLNM,0x1381A4F0,mov-ax-imm16-ret,CANDIDATE,constant-return method body
25882,AIBCKGPIBLD,61639,AEGNNPENLNM,0xD4F9040,mov-ax-imm16-ret,CANDIDATE,constant-return method body
25884,BNDEIMBBDHC,66254,AEGNNPENLNM,0xC4A1E70,mov-ax-imm16-ret,CANDIDATE,constant-return method body
25890,IADINMLKFJD,64645,AEGNNPENLNM,0x80ED8A0,mov-ax-imm16-ret,CANDIDATE,constant-return method body
25894,EPAOCABNOIC,34587,AEGNNPENLNM,0x89F22C0,mov-ax-imm16-ret,CANDIDATE,constant-return method body
25902,CNHCNOGBKAH,58893,AEGNNPENLNM,0x87FDB80,mov-ax-imm16-ret,CANDIDATE,constant-return method body
25909,FABFAHFBCKA,82369,AEGNNPENLNM,0xF74B770,mov-ax-imm16-ret,CANDIDATE,constant-return method body
25910,FNCLFOCPLBM,20698,AEGNNPENLNM,0xBBE7E20,mov-ax-imm16-ret,CANDIDATE,constant-return method body
25911,ONMPICGJHHP,76839,AEGNNPENLNM,0xC65C0B0,mov-ax-imm16-ret,CANDIDATE,constant-return method body
25916,HMGCFGHCJLP,50922,AEGNNPENLNM,0xCB38DC0,mov-ax-imm16-ret,CANDIDATE,constant-return method body
25918,MCHEMHNODKN,72263,AEGNNPENLNM,0x909C750,mov-ax-imm16-ret,CANDIDATE,constant-return method body
25919,PJLPONMJHEK,26772,AEGNNPENLNM,0x12425C60,mov-ax-imm16-ret,CANDIDATE,constant-return method body
25924,OJPHJNLDNIM,43432,AEGNNPENLNM,0xC63CA20,mov-ax-imm16-ret,CANDIDATE,constant-return method body
25934,BHBGFGFJPNJ,86015,AEGNNPENLNM,0x75C3B80,mov-ax-imm16-ret,CANDIDATE,constant-return method body
25935,AOOBHPNCGIC,47167,AEGNNPENLNM,0xBCB4F10,mov-ax-imm16-ret,CANDIDATE,constant-return method body
25942,FGNPMMMBLOE,76594,AEGNNPENLNM,0x12629F50,mov-ax-imm16-ret,CANDIDATE,constant-return method body
25947,AJLFPLDJAIP,36922,AEGNNPENLNM,0xF7C4630,mov-ax-imm16-ret,CANDIDATE,constant-return method body
25949,HJBJACMHHLN,73219,AEGNNPENLNM,0x1113F360,mov-ax-imm16-ret,CANDIDATE,constant-return method body
25956,DBDCADAHJBF,17467,AEGNNPENLNM,0x119CCEE0,mov-ax-imm16-ret,CANDIDATE,constant-return method body
25959,FFFBKIKCAHA,64690,AEGNNPENLNM,0x8B4F920,mov-ax-imm16-ret,CANDIDATE,constant-return method body
25960,KAFKLMMJCKF,45752,AEGNNPENLNM,0xB40C630,mov-ax-imm16-ret,CANDIDATE,constant-return method body
25967,PBHNBEGLJGO,67118,AEGNNPENLNM,0x93D2340,mov-ax-imm16-ret,CANDIDATE,constant-return method body
25970,GHHBGFGOFLN,53141,AEGNNPENLNM,0x135DE410,mov-ax-imm16-ret,CANDIDATE,constant-return method body
25974,GGGFGLHEGCP,81158,AEGNNPENLNM,0xA543910,mov-ax-imm16-ret,CANDIDATE,constant-return method body
25976,MANCKFBEJCE,83448,AEGNNPENLNM,0xF155260,mov-ax-imm16-ret,CANDIDATE,constant-return method body
25978,HMHDIONOFOG,62482,AEGNNPENLNM,0x8CF7530,mov-ax-imm16-ret,CANDIDATE,constant-return method body
25984,HEGGNCAGJGP,88023,AEGNNPENLNM,0x11112660,mov-ax-imm16-ret,CANDIDATE,constant-return method body
25985,HPGJKMGAFJE,72168,AEGNNPENLNM,0x111A2520,mov-ax-imm16-ret,CANDIDATE,constant-return method body
25986,MJEKEPMCDFF,60884,AEGNNPENLNM,0x7927080,mov-ax-imm16-ret,CANDIDATE,constant-return method body
25987,DCBEKALDHIB,50329,AEGNNPENLNM,0x10D89030,mov-ax-imm16-ret,CANDIDATE,constant-return method body
25989,BPHKAIOJBJN,68293,AEGNNPENLNM,0xE80B820,mov-ax-imm16-ret,CANDIDATE,constant-return method body
25993,KACKCAELPFP,55162,AEGNNPENLNM,0x770A9E0,mov-ax-imm16-ret,CANDIDATE,constant-return method body
25999,NALLBCKGJCD,45085,AEGNNPENLNM,0x122577E0,mov-ax-imm16-ret,CANDIDATE,constant-return method body
26004,GBAEBLHFIPP,67178,AEGNNPENLNM,0xBC08270,mov-ax-imm16-ret,CANDIDATE,constant-return method body
26005,EABCNANDBPH,41335,AEGNNPENLNM,0x125953B0,mov-ax-imm16-ret,CANDIDATE,constant-return method body
26006,CGOHCIEMFCD,56196,AEGNNPENLNM,0x94E2810,mov-ax-imm16-ret,CANDIDATE,constant-return method body
26007,KDJHICAGKIH,81674,AEGNNPENLNM,0xFC37FD0,mov-ax-imm16-ret,CANDIDATE,constant-return method body
26013,CLBJMIKHOEJ,19106,AEGNNPENLNM,0x133B3F70,mov-ax-imm16-ret,CANDIDATE,constant-return method body
26014,EFALJPBMJFN,71237,AEGNNPENLNM,0xB0B9F40,mov-ax-imm16-ret,CANDIDATE,constant-return method body
26016,CBKFKMFMNHI,84800,AEGNNPENLNM,0xE81A060,mov-ax-imm16-ret,CANDIDATE,constant-return method body
26017,PKFKLEKJMOK,27756,AEGNNPENLNM,0xD257D30,mov-ax-imm16-ret,CANDIDATE,constant-return method body
26018,AEOGCMMLHNC,83700,AEGNNPENLNM,0x134611A0,mov-ax-imm16-ret,CANDIDATE,constant-return method body
26022,ABGLPDNLBJJ,18701,AEGNNPENLNM,0xA30FD30,mov-ax-imm16-ret,CANDIDATE,constant-return method body
26023,MACCHCJDGKO,50464,AEGNNPENLNM,0xC29D4D0,mov-ax-imm16-ret,CANDIDATE,constant-return method body
26024,IKCOEOCEDBH,27477,AEGNNPENLNM,0xBF962C0,mov-ax-imm16-ret,CANDIDATE,constant-return method body
26025,BAPAFJHMOEA,48115,AEGNNPENLNM,0x12761070,mov-ax-imm16-ret,CANDIDATE,constant-return method body
26026,DIGDLGAPOHM,42168,AEGNNPENLNM,0xB01A660,mov-ax-imm16-ret,CANDIDATE,constant-return method body
26028,POIGNNPDKFC,19026,AEGNNPENLNM,0x13E37A40,mov-ax-imm16-ret,CANDIDATE,constant-return method body
26031,GGEPEMABGLI,13116,AEGNNPENLNM,0x110A6B80,mov-ax-imm16-ret,CANDIDATE,constant-return method body
26033,AGECDILBHIF,18915,AEGNNPENLNM,0x8A3A230,mov-ax-imm16-ret,CANDIDATE,constant-return method body
26046,CIIAODAPEHA,78697,AEGNNPENLNM,0x7A141C0,mov-ax-imm16-ret,CANDIDATE,constant-return method body
26048,PNKFMLDEPNB,45976,AEGNNPENLNM,0x118A37A0,mov-ax-imm16-ret,CANDIDATE,constant-return method body
26049,FGOKGFDCDOD,35269,AEGNNPENLNM,0xBD65950,mov-ax-imm16-ret,CANDIDATE,constant-return method body
26050,BBEHBKICHEN,29925,AEGNNPENLNM,0xAEB9730,mov-ax-imm16-ret,CANDIDATE,constant-return method body
26064,IDDPIOLIFBL,78238,AEGNNPENLNM,0xD70C050,mov-ax-imm16-ret,CANDIDATE,constant-return method body
26065,ILAHIBDJEIG,30975,AEGNNPENLNM,0x99D00D0,mov-ax-imm16-ret,CANDIDATE,constant-return method body
26068,IIKDLLIJCII,67096,AEGNNPENLNM,0xB2CCE60,mov-ax-imm16-ret,CANDIDATE,constant-return method body
26071,DPDLOKKECAP,57678,AEGNNPENLNM,0xD3A0D10,mov-ax-imm16-ret,CANDIDATE,constant-return method body
26072,LHHKBPOLIGL,62294,AEGNNPENLNM,0x1142A760,mov-ax-imm16-ret,CANDIDATE,constant-return method body
26079,ODBAGCNNJBC,37272,AEGNNPENLNM,0x12318E10,mov-ax-imm16-ret,CANDIDATE,constant-return method body
26088,MIOBNOLPKJC,28541,AEGNNPENLNM,0xC2FCD70,mov-ax-imm16-ret,CANDIDATE,constant-return method body
26095,JHCBOLHAGKL,29832,AEGNNPENLNM,0xEF42440,mov-ax-imm16-ret,CANDIDATE,constant-return method body
26097,JJGGOFFIJDF,72559,AEGNNPENLNM,0xE339F90,mov-ax-imm16-ret,CANDIDATE,constant-return method body
26105,HJDNCHODGOL,18620,AEGNNPENLNM,0x10587260,mov-ax-imm16-ret,CANDIDATE,constant-return method body
26111,GGFDMOEACLL,65745,AEGNNPENLNM,0xBDCB270,mov-ax-imm16-ret,CANDIDATE,constant-return method body
26117,BPBKMAOPBFC,68017,AEGNNPENLNM,0x10C28550,mov-ax-imm16-ret,CANDIDATE,constant-return method body
26118,HKMBABBLOCD,74961,AEGNNPENLNM,0x80D22F0,mov-ax-imm16-ret,CANDIDATE,constant-return method body
26119,CHBCAIPOLEG,73707,AEGNNPENLNM,0x10C60950,mov-ax-imm16-ret,CANDIDATE,constant-return method body
26125,LAHBFOIIIAC,54669,AEGNNPENLNM,0xF094830,mov-ax-imm16-ret,CANDIDATE,constant-return method body
26128,GPMLFLHLLGA,76659,AEGNNPENLNM,0xB1F1990,mov-ax-imm16-ret,CANDIDATE,constant-return method body
26134,OJHHBCCELDP,34150,AEGNNPENLNM,0x100AE8C0,mov-ax-imm16-ret,CANDIDATE,constant-return method body
26135,CBFKENENADI,18916,AEGNNPENLNM,0xF545640,mov-ax-imm16-ret,CANDIDATE,constant-return method body
26136,ACILCCLIBDM,49975,AEGNNPENLNM,0xBC23440,mov-ax-imm16-ret,CANDIDATE,constant-return method body
26138,CDJAKMIJBCH,28877,AEGNNPENLNM,0x124A7950,mov-ax-imm16-ret,CANDIDATE,constant-return method body
26142,OIICDMKBAKO,87717,AEGNNPENLNM,0x9FB5A30,mov-ax-imm16-ret,CANDIDATE,constant-return method body
26147,DHCDKGMBKMK,38428,AEGNNPENLNM,0x885E230,mov-ax-imm16-ret,CANDIDATE,constant-return method body
26154,DFJLLLCGOFB,17003,AEGNNPENLNM,0xE975B70,mov-ax-imm16-ret,CANDIDATE,constant-return method body
26157,PIGMBHKIHEL,35962,AEGNNPENLNM,0xE8600E0,mov-ax-imm16-ret,CANDIDATE,constant-return method body
26159,CGBJIEIFFJD,17270,AEGNNPENLNM,0x10C55210,mov-ax-imm16-ret,CANDIDATE,constant-return method body
26162,DFJDONDCEIN,16443,AEGNNPENLNM,0xE9753C0,mov-ax-imm16-ret,CANDIDATE,constant-return method body
26163,CAEDPPKKENK,64135,AEGNNPENLNM,0x13CBE480,mov-ax-imm16-ret,CANDIDATE,constant-return method body
26169,ENFMEAMFFBI,52004,AEGNNPENLNM,0x8ADF170,mov-ax-imm16-ret,CANDIDATE,constant-return method body
26175,BAOMGHEKPND,51230,AEGNNPENLNM,0x1048C4C0,mov-ax-imm16-ret,CANDIDATE,constant-return method body
26176,NNKBGCNCPOC,21266,AEGNNPENLNM,0x9ED94B0,mov-ax-imm16-ret,CANDIDATE,constant-return method body
26190,BNNMKNNGOBO,55972,AEGNNPENLNM,0x82E5C20,mov-ax-imm16-ret,CANDIDATE,constant-return method body
26196,MOHDBHIBJLF,44061,AEGNNPENLNM,0xC335240,mov-ax-imm16-ret,CANDIDATE,constant-return method body
26197,MMPGEIEMMDM,27925,AEGNNPENLNM,0xB603AA0,mov-ax-imm16-ret,CANDIDATE,constant-return method body
26199,GMJOCCGAIIP,48493,AEGNNPENLNM,0xA59FA90,mov-ax-imm16-ret,CANDIDATE,constant-return method body
26213,EEKFNMPNKOJ,42270,AEGNNPENLNM,0x895FB50,mov-ax-imm16-ret,CANDIDATE,constant-return method body
26221,GDKHPMDDENH,51398,AEGNNPENLNM,0x11BE3C20,mov-ax-imm16-ret,CANDIDATE,constant-return method body
26227,PDNHAMCEKDE,41726,AEGNNPENLNM,0x11848490,mov-ax-imm16-ret,CANDIDATE,constant-return method body
26231,PJEFKFEOLIE,34513,AEGNNPENLNM,0x13215010,mov-ax-imm16-ret,CANDIDATE,constant-return method body
26235,ICDLMPKMKHO,51339,AEGNNPENLNM,0xCBBCE60,mov-ax-imm16-ret,CANDIDATE,constant-return method body
26244,MAKJGMKOLOA,86709,AEGNNPENLNM,0xCE6BC00,mov-ax-imm16-ret,CANDIDATE,constant-return method body
26245,DOIFLLKNAOF,48150,AEGNNPENLNM,0xF65DB50,mov-ax-imm16-ret,CANDIDATE,constant-return method body
26250,CPMPPBMAFPD,74714,AEGNNPENLNM,0xF5CB5D0,mov-ax-imm16-ret,CANDIDATE,constant-return method body
26251,GBMEOCNBAME,16193,AEGNNPENLNM,0x979AF90,mov-ax-imm16-ret,CANDIDATE,constant-return method body
26255,GKFJPKHLPEB,19744,AEGNNPENLNM,0x135EA840,mov-ax-imm16-ret,CANDIDATE,constant-return method body
26258,IJBHOLOEDDO,30289,AEGNNPENLNM,0x12A90230,mov-ax-imm16-ret,CANDIDATE,constant-return method body
26262,DOHFHNLFMGM,46473,AEGNNPENLNM,0xB066290,mov-ax-imm16-ret,CANDIDATE,constant-return method body
26263,BGJCFLEGNIK,26231,AEGNNPENLNM,0x75BF930,mov-ax-imm16-ret,CANDIDATE,constant-return method body
26266,OPGNKLBHJMF,19142,AEGNNPENLNM,0x123D7B60,mov-ax-imm16-ret,CANDIDATE,constant-return method body
26270,AOIMAIEDKMF,70837,AEGNNPENLNM,0x11BBE870,mov-ax-imm16-ret,CANDIDATE,constant-return method body
26277,BOKKIDDBEHM,46896,AEGNNPENLNM,0x9473430,mov-ax-imm16-ret,CANDIDATE,constant-return method body
26288,OCOHFLNGHGL,15507,AEGNNPENLNM,0xE754600,mov-ax-imm16-ret,CANDIDATE,constant-return method body
26294,NEAHBNNBMMF,76486,AEGNNPENLNM,0xACC7A30,mov-ax-imm16-ret,CANDIDATE,constant-return method body
26302,OEAMAFPGPBD,78485,AEGNNPENLNM,0x9F9D870,mov-ax-imm16-ret,CANDIDATE,constant-return method body
26308,OBOBMHLFGHN,17093,AEGNNPENLNM,0x11732090,mov-ax-imm16-ret,CANDIDATE,constant-return method body
26318,FIIBFNCNGEB,50736,AEGNNPENLNM,0x10F06540,mov-ax-imm16-ret,CANDIDATE,constant-return method body
26329,MDPJANEDPMF,55382,AEGNNPENLNM,0x13A08BF0,mov-ax-imm16-ret,CANDIDATE,constant-return method body
26330,LPJDNMPDGCJ,25308,AEGNNPENLNM,0x83F4340,mov-ax-imm16-ret,CANDIDATE,constant-return method body
26334,HDAHMDPOHAP,85188,AEGNNPENLNM,0x748D280,mov-ax-imm16-ret,CANDIDATE,constant-return method body
26350,KEILNPAMNEP,71066,AEGNNPENLNM,0x9BA78B0,mov-ax-imm16-ret,CANDIDATE,constant-return method body
26359,HGBLPGPHICN,44091,AEGNNPENLNM,0x11C943F0,mov-ax-imm16-ret,CANDIDATE,constant-return method body
26362,LOJAMNBNPMH,46690,AEGNNPENLNM,0x12096DE0,mov-ax-imm16-ret,CANDIDATE,constant-return method body
26363,CDFGIGNFJBD,77344,AEGNNPENLNM,0x1000D6A0,mov-ax-imm16-ret,CANDIDATE,constant-return method body
26368,PAJENLNHCAO,17348,AEGNNPENLNM,0xC6711D0,mov-ax-imm16-ret,CANDIDATE,constant-return method body
26370,GJDMLGGPJLL,74302,AEGNNPENLNM,0x8C0CB00,mov-ax-imm16-ret,CANDIDATE,constant-return method body
26380,BJHEJDMHCON,86665,AEGNNPENLNM,0xAEE8040,mov-ax-imm16-ret,CANDIDATE,constant-return method body
26387,FHLONLDMHBO,35882,AEGNNPENLNM,0x10EFED90,mov-ax-imm16-ret,CANDIDATE,constant-return method body
26388,DAKDOEOCFBD,50689,AEGNNPENLNM,0x12524870,mov-ax-imm16-ret,CANDIDATE,constant-return method body
26395,ICIOBCJIFBM,19702,AEGNNPENLNM,0xCBBD620,mov-ax-imm16-ret,CANDIDATE,constant-return method body
26396,IHHHLACNHPB,61474,AEGNNPENLNM,0x111E5710,mov-ax-imm16-ret,CANDIDATE,constant-return method body
26398,ELILKNNDDOL,35569,AEGNNPENLNM,0xF6E0920,mov-ax-imm16-ret,CANDIDATE,constant-return method body
26402,NBPPHJLEJBH,42598,AEGNNPENLNM,0x92B7FC0,mov-ax-imm16-ret,CANDIDATE,constant-return method body
26403,NADHMGEHDOD,44892,AEGNNPENLNM,0xFF46690,mov-ax-imm16-ret,CANDIDATE,constant-return method body
26410,IAFKGBMADDP,49920,AEGNNPENLNM,0x11DEF340,mov-ax-imm16-ret,CANDIDATE,constant-return method body
26412,PGDMPAKEKAJ,52438,AEGNNPENLNM,0x93F68B0,mov-ax-imm16-ret,CANDIDATE,constant-return method body
26415,MICAPPLIIJK,53478,AEGNNPENLNM,0x90D3370,mov-ax-imm16-ret,CANDIDATE,constant-return method body
26418,EBNPHPCPDGN,75133,AEGNNPENLNM,0x127A0FE0,mov-ax-imm16-ret,CANDIDATE,constant-return method body
26419,LABKLLJAHLB,63758,AEGNNPENLNM,0xA9CA920,mov-ax-imm16-ret,CANDIDATE,constant-return method body
26421,JLDLENKMJJJ,35142,AEGNNPENLNM,0x76EAFE0,mov-ax-imm16-ret,CANDIDATE,constant-return method body
26422,BLLJEFABNCC,13310,AEGNNPENLNM,0x9B436B0,mov-ax-imm16-ret,CANDIDATE,constant-return method body
26424,LGKIHGIDHDO,48470,AEGNNPENLNM,0x1203CF10,mov-ax-imm16-ret,CANDIDATE,constant-return method body
26425,MJBOMLJPGFK,66933,AEGNNPENLNM,0x7926A90,mov-ax-imm16-ret,CANDIDATE,constant-return method body
26426,LDPEOFIPMCL,53508,AEGNNPENLNM,0xCD92BD0,mov-ax-imm16-ret,CANDIDATE,constant-return method body
26433,NBLFGBGHMFN,39876,AEGNNPENLNM,0x1225B7E0,mov-ax-imm16-ret,CANDIDATE,constant-return method body
26436,PNJLMGDAHEE,75931,AEGNNPENLNM,0xC6EB240,mov-ax-imm16-ret,CANDIDATE,constant-return method body
26470,EBALHGDAEJI,47958,AEGNNPENLNM,0xC8BF2A0,mov-ax-imm16-ret,CANDIDATE,constant-return method body
26471,IPINANBGIBI,28651,AEGNNPENLNM,0x106735F0,mov-ax-imm16-ret,CANDIDATE,constant-return method body
26478,AJGCHCKJAAD,67042,AEGNNPENLNM,0x12720C20,mov-ax-imm16-ret,CANDIDATE,constant-return method body
26479,BLDELGFJGJC,65368,AEGNNPENLNM,0xE46B9D0,mov-ax-imm16-ret,CANDIDATE,constant-return method body
26480,AKPCCJOLNLA,35984,AEGNNPENLNM,0xD514460,mov-ax-imm16-ret,CANDIDATE,constant-return method body
26487,DPKCPKJGMHF,57986,AEGNNPENLNM,0x102DF3D0,mov-ax-imm16-ret,CANDIDATE,constant-return method body
26495,JENMFOELNPI,37868,AEGNNPENLNM,0x8DFC780,mov-ax-imm16-ret,CANDIDATE,constant-return method body
26497,KPGCGKGFDLP,59399,AEGNNPENLNM,0x9021E70,mov-ax-imm16-ret,CANDIDATE,constant-return method body
26508,EKAEGFMOCPC,82917,AEGNNPENLNM,0x1033AB70,mov-ax-imm16-ret,CANDIDATE,constant-return method body
26510,CHKNOIJDJPI,32314,AEGNNPENLNM,0xAF76A30,mov-ax-imm16-ret,CANDIDATE,constant-return method body
26512,DGEHPPKCOOO,42138,AEGNNPENLNM,0x1341EFB0,mov-ax-imm16-ret,CANDIDATE,constant-return method body
26516,FMDPKDMJDHN,38552,AEGNNPENLNM,0xF877750,mov-ax-imm16-ret,CANDIDATE,constant-return method body
26524,EMPAIFNFLGP,63413,AEGNNPENLNM,0xEA7B420,mov-ax-imm16-ret,CANDIDATE,constant-return method body
26527,CCBNOBDDEJH,53860,AEGNNPENLNM,0x13CD0710,mov-ax-imm16-ret,CANDIDATE,constant-return method body
26533,IJBDBGKNOPA,36576,AEGNNPENLNM,0xBF936F0,mov-ax-imm16-ret,CANDIDATE,constant-return method body
26540,OJKNLJFDBEB,49278,AEGNNPENLNM,0x938E820,mov-ax-imm16-ret,CANDIDATE,constant-return method body
26546,JCFIDDAELBD,12109,AEGNNPENLNM,0xEF12490,mov-ax-imm16-ret,CANDIDATE,constant-return method body
26552,HAKKLGNCKJM,76562,AEGNNPENLNM,0x136266D0,mov-ax-imm16-ret,CANDIDATE,constant-return method body
26554,KABMEDLHDBO,19765,AEGNNPENLNM,0x9B165C0,mov-ax-imm16-ret,CANDIDATE,constant-return method body
26558,MMEHAKCBMAF,34266,AEGNNPENLNM,0x1212BF00,mov-ax-imm16-ret,CANDIDATE,constant-return method body
26566,BFICGBEAOAO,69713,AEGNNPENLNM,0xB52C980,mov-ax-imm16-ret,CANDIDATE,constant-return method body
26567,GMFJLNALKBC,63335,AEGNNPENLNM,0xBE19000,mov-ax-imm16-ret,CANDIDATE,constant-return method body
26569,PIFJJPFPOHC,51914,AEGNNPENLNM,0xC6B8C60,mov-ax-imm16-ret,CANDIDATE,constant-return method body
26570,MDDCCKHOKEG,74676,AEGNNPENLNM,0x90A7630,mov-ax-imm16-ret,CANDIDATE,constant-return method body
26575,EACFFAHGPOP,56768,AEGNNPENLNM,0x11A78C30,mov-ax-imm16-ret,CANDIDATE,constant-return method body
26576,PIJMFIOHMPL,76409,AEGNNPENLNM,0x9413050,mov-ax-imm16-ret,CANDIDATE,constant-return method body
26578,HJEAHLKOFKH,24900,AEGNNPENLNM,0xF9A9760,mov-ax-imm16-ret,CANDIDATE,constant-return method body
26580,MAFJAEIEHBI,50793,AEGNNPENLNM,0x78A2450,mov-ax-imm16-ret,CANDIDATE,constant-return method body
26582,OBOFLDBDGBH,15823,AEGNNPENLNM,0x86514C0,mov-ax-imm16-ret,CANDIDATE,constant-return method body
26585,FKJHBGCMOCA,29327,AEGNNPENLNM,0xD4A09B0,mov-ax-imm16-ret,CANDIDATE,constant-return method body
26592,BEAHNJFCFCG,46913,AEGNNPENLNM,0x71F0F40,mov-ax-imm16-ret,CANDIDATE,constant-return method body
26598,GDOGFLHPHNG,54448,AEGNNPENLNM,0xB1A5C80,mov-ax-imm16-ret,CANDIDATE,constant-return method body
26600,CAKFGLNANOH,41161,AEGNNPENLNM,0x13CC5390,mov-ax-imm16-ret,CANDIDATE,constant-return method body
26604,MKBJIKBONNM,60681,AEGNNPENLNM,0x109727E0,mov-ax-imm16-ret,CANDIDATE,constant-return method body
26606,PHNOLLFOOGD,28022,AEGNNPENLNM,0x13DDA830,mov-ax-imm16-ret,CANDIDATE,constant-return method body
26609,BGMEHMPHPKM,80487,AEGNNPENLNM,0x75BF9F0,mov-ax-imm16-ret,CANDIDATE,constant-return method body
26611,IABFGBJNDJD,43513,AEGNNPENLNM,0x111A7510,mov-ax-imm16-ret,CANDIDATE,constant-return method body
26630,PJGBADNEENJ,42004,AEGNNPENLNM,0x10CA29A0,mov-ax-imm16-ret,CANDIDATE,constant-return method body
26635,MCBNKKLGINK,14912,AEGNNPENLNM,0xC2AA5D0,mov-ax-imm16-ret,CANDIDATE,constant-return method body
26637,HADCNIMLBDC,22171,AEGNNPENLNM,0x7467E40,mov-ax-imm16-ret,CANDIDATE,constant-return method body
26638,ONKLNFFFBMF,69817,AEGNNPENLNM,0x7C01E50,mov-ax-imm16-ret,CANDIDATE,constant-return method body
26642,MKDGGMHEJPB,17263,AEGNNPENLNM,0x792A5A0,mov-ax-imm16-ret,CANDIDATE,constant-return method body
26643,PJGBMCGELNE,24755,AEGNNPENLNM,0xAE09310,mov-ax-imm16-ret,CANDIDATE,constant-return method body
26644,OFCNBBOEPDC,55284,AEGNNPENLNM,0x1006E260,mov-ax-imm16-ret,CANDIDATE,constant-return method body
26647,EJEKFENFDGP,36752,AEGNNPENLNM,0x11ADEE40,mov-ax-imm16-ret,CANDIDATE,constant-return method body
26651,JEDJAADGMEC,39111,AEGNNPENLNM,0xB395480,mov-ax-imm16-ret,CANDIDATE,constant-return method body
26654,BAIPFCHFOOE,79942,AEGNNPENLNM,0x134D8360,mov-ax-imm16-ret,CANDIDATE,constant-return method body
26655,POEAEFKKPGL,36099,AEGNNPENLNM,0xD2788C0,mov-ax-imm16-ret,CANDIDATE,constant-return method body
26660,BFPOPIBDLPF,58355,AEGNNPENLNM,0x113A1330,mov-ax-imm16-ret,CANDIDATE,constant-return method body
26671,BMLNNMPNNAL,47309,AEGNNPENLNM,0x117AB820,mov-ax-imm16-ret,CANDIDATE,constant-return method body
26673,EPIAFPEPMJK,18427,AEGNNPENLNM,0xBB700D0,mov-ax-imm16-ret,CANDIDATE,constant-return method body
26674,BCMHNAMPAOG,69192,AEGNNPENLNM,0x12775DE0,mov-ax-imm16-ret,CANDIDATE,constant-return method body
26681,KDJCECACFFO,57388,AEGNNPENLNM,0x12C07940,mov-ax-imm16-ret,CANDIDATE,constant-return method body
26692,PNCOGKGCENH,80781,AEGNNPENLNM,0x11896210,mov-ax-imm16-ret,CANDIDATE,constant-return method body
26693,FJOGNEBEPKI,40649,AEGNNPENLNM,0xBD7BC70,mov-ax-imm16-ret,CANDIDATE,constant-return method body
26697,ANLIPNBLODG,61665,AEGNNPENLNM,0x97052C0,mov-ax-imm16-ret,CANDIDATE,constant-return method body
26698,ELNANKJHMKF,78702,AEGNNPENLNM,0x8ACE3B0,mov-ax-imm16-ret,CANDIDATE,constant-return method body
26704,OCPDDMICILN,62002,AEGNNPENLNM,0x12318940,mov-ax-imm16-ret,CANDIDATE,constant-return method body
26710,AJKIJNOCAHO,71064,AEGNNPENLNM,0xEB3EE80,mov-ax-imm16-ret,CANDIDATE,constant-return method body
26712,HAOPLAJBBID,45158,AEGNNPENLNM,0x9837560,mov-ax-imm16-ret,CANDIDATE,constant-return method body
26715,NILBKHGJOMB,14990,AEGNNPENLNM,0x10AFC850,mov-ax-imm16-ret,CANDIDATE,constant-return method body
26716,OLLDDAHLABC,21265,AEGNNPENLNM,0x123534D0,mov-ax-imm16-ret,CANDIDATE,constant-return method body
26720,LLHFPADPFKB,25783,AEGNNPENLNM,0xFD41E40,mov-ax-imm16-ret,CANDIDATE,constant-return method body
26723,EBOKLJONFML,36231,AEGNNPENLNM,0xA195AA0,mov-ax-imm16-ret,CANDIDATE,constant-return method body
26726,PNPHKMANAAH,45475,AEGNNPENLNM,0x13E2D210,mov-ax-imm16-ret,CANDIDATE,constant-return method body
26731,DKILNMAPMKP,14874,AEGNNPENLNM,0xD37C8E0,mov-ax-imm16-ret,CANDIDATE,constant-return method body
26735,LGNAKHGGOOI,52269,AEGNNPENLNM,0x904E2A0,mov-ax-imm16-ret,CANDIDATE,constant-return method body
26739,GMOKNLINGOH,57593,AEGNNPENLNM,0x8C2B880,mov-ax-imm16-ret,CANDIDATE,constant-return method body
26741,HOIOABPGMKG,67944,AEGNNPENLNM,0xD6D9770,mov-ax-imm16-ret,CANDIDATE,constant-return method body
26742,ANIJPDFEIAI,48360,AEGNNPENLNM,0x71C2B70,mov-ax-imm16-ret,CANDIDATE,constant-return method body
26749,CDPDDAOIKFD,24678,AEGNNPENLNM,0x10C42A30,mov-ax-imm16-ret,CANDIDATE,constant-return method body
26750,POJLCEGGCFO,29591,AEGNNPENLNM,0x7CC66A0,mov-ax-imm16-ret,CANDIDATE,constant-return method body
26761,KEIFGOAMLIO,27218,AEGNNPENLNM,0x107332B0,mov-ax-imm16-ret,CANDIDATE,constant-return method body
26767,PJBCIKGFMDF,84654,AEGNNPENLNM,0x10C8EA50,mov-ax-imm16-ret,CANDIDATE,constant-return method body
26769,GEIJAAOCHNA,24615,AEGNNPENLNM,0xB1A7C80,mov-ax-imm16-ret,CANDIDATE,constant-return method body
26773,GOFJJKGDEOO,37292,AEGNNPENLNM,0xA5AE880,mov-ax-imm16-ret,CANDIDATE,constant-return method body
26774,GKLNNHHBANA,57950,AEGNNPENLNM,0xB1CC110,mov-ax-imm16-ret,CANDIDATE,constant-return method body
26776,LIEDAKKPBND,87349,AEGNNPENLNM,0xB4B5380,mov-ax-imm16-ret,CANDIDATE,constant-return method body
26777,PDHLKEKBCLG,35285,AEGNNPENLNM,0x13178500,mov-ax-imm16-ret,CANDIDATE,constant-return method body
26783,JIBEEEDCACP,73224,AEGNNPENLNM,0xC032410,mov-ax-imm16-ret,CANDIDATE,constant-return method body
26786,CMLBMHNKEMB,49596,AEGNNPENLNM,0x10D44130,mov-ax-imm16-ret,CANDIDATE,constant-return method body
26787,ACDDPJDLNHF,78110,AEGNNPENLNM,0xB0E5880,mov-ax-imm16-ret,CANDIDATE,constant-return method body
26788,DKALBKKNIMM,12023,AEGNNPENLNM,0xE99EA30,mov-ax-imm16-ret,CANDIDATE,constant-return method body
26795,IJBKGBFKHIO,48328,AEGNNPENLNM,0x11E69260,mov-ax-imm16-ret,CANDIDATE,constant-return method body
26797,FLDCGOMCMJA,47156,AEGNNPENLNM,0x8BA2C70,mov-ax-imm16-ret,CANDIDATE,constant-return method body
26799,BCJHKJHAAGD,85661,AEGNNPENLNM,0x71E5060,mov-ax-imm16-ret,CANDIDATE,constant-return method body
26803,HLCIMNEJBII,52936,AEGNNPENLNM,0xD6B17D0,mov-ax-imm16-ret,CANDIDATE,constant-return method body
26819,BADNIIMCIHA,73873,AEGNNPENLNM,0xD540120,mov-ax-imm16-ret,CANDIDATE,constant-return method body
26824,HPBEIGBJFBM,86798,AEGNNPENLNM,0x12A48000,mov-ax-imm16-ret,CANDIDATE,constant-return method body
26830,HAFBDBHDKHD,69744,AEGNNPENLNM,0x808D190,mov-ax-imm16-ret,CANDIDATE,constant-return method body
26831,KCEAPEOCAKJ,15606,AEGNNPENLNM,0x112FEF00,mov-ax-imm16-ret,CANDIDATE,constant-return method body
26835,JNLGGNKIEDH,45138,AEGNNPENLNM,0xCCEDB60,mov-ax-imm16-ret,CANDIDATE,constant-return method body
26836,BELLDLHEFGA,32907,AEGNNPENLNM,0xEE91DD0,mov-ax-imm16-ret,CANDIDATE,constant-return method body
26840,MKIEMEKOOKG,20033,AEGNNPENLNM,0xC307F10,mov-ax-imm16-ret,CANDIDATE,constant-return method body
26843,LKKOMAHDLAB,26412,AEGNNPENLNM,0xE4C65E0,mov-ax-imm16-ret,CANDIDATE,constant-return method body
26846,GKAJHINNCCD,13747,AEGNNPENLNM,0x97F6440,mov-ax-imm16-ret,CANDIDATE,constant-return method body
26847,HODJGEINKOF,39913,AEGNNPENLNM,0x9907040,mov-ax-imm16-ret,CANDIDATE,constant-return method body
26848,AKHGFMCAEEK,22679,AEGNNPENLNM,0xD50A010,mov-ax-imm16-ret,CANDIDATE,constant-return method body
26850,NFCBMGEKBAK,41165,AEGNNPENLNM,0x7AE1E10,mov-ax-imm16-ret,CANDIDATE,constant-return method body
26855,GBDIDJNBFNJ,70194,AEGNNPENLNM,0x80177C0,mov-ax-imm16-ret,CANDIDATE,constant-return method body
26861,BBNMDKMONIN,81596,AEGNNPENLNM,0xEE79830,mov-ax-imm16-ret,CANDIDATE,constant-return method body
26862,CCEOOKNGOGD,68153,AEGNNPENLNM,0x11905460,mov-ax-imm16-ret,CANDIDATE,constant-return method body
26864,MFNJLBLMCFD,62923,AEGNNPENLNM,0x90BE8D0,mov-ax-imm16-ret,CANDIDATE,constant-return method body
26871,EGEGEHPCIAI,46626,AEGNNPENLNM,0x125C4E80,mov-ax-imm16-ret,CANDIDATE,constant-return method body
26872,LCFPIFPANEK,25041,AEGNNPENLNM,0x12C7C1D0,mov-ax-imm16-ret,CANDIDATE,constant-return method body
26874,FKDAHDOKINJ,29769,AEGNNPENLNM,0xF8491F0,mov-ax-imm16-ret,CANDIDATE,constant-return method body
26876,PONHDEEBIFA,41282,AEGNNPENLNM,0x10CBB5C0,mov-ax-imm16-ret,CANDIDATE,constant-return method body
26881,MAOKDLLGMPE,63699,AEGNNPENLNM,0xE4FEDD0,mov-ax-imm16-ret,CANDIDATE,constant-return method body
26883,GGCBKAMIMHM,57841,AEGNNPENLNM,0x1292FF10,mov-ax-imm16-ret,CANDIDATE,constant-return method body
26887,POCGPKFGJII,83505,AEGNNPENLNM,0x7C97820,mov-ax-imm16-ret,CANDIDATE,constant-return method body
26898,PNLDHFOJGNN,35892,AEGNNPENLNM,0x132359F0,mov-ax-imm16-ret,CANDIDATE,constant-return method body
26901,AMKOAPHIMOO,31756,AEGNNPENLNM,0xEB538E0,mov-ax-imm16-ret,CANDIDATE,constant-return method body
26904,BHGKMOJJOOM,76870,AEGNNPENLNM,0x12B4C990,mov-ax-imm16-ret,CANDIDATE,constant-return method body
26910,OBDPDDDCGBO,82668,AEGNNPENLNM,0x9F05EC0,mov-ax-imm16-ret,CANDIDATE,constant-return method body
26917,NOMKNLIDIAA,44132,AEGNNPENLNM,0xAD3F3C0,mov-ax-imm16-ret,CANDIDATE,constant-return method body
26918,BBMPEKBFFCA,83125,AEGNNPENLNM,0x134E0F30,mov-ax-imm16-ret,CANDIDATE,constant-return method body
26919,CFBCMEDDEAJ,62323,AEGNNPENLNM,0x9F34F10,mov-ax-imm16-ret,CANDIDATE,constant-return method body
26920,FFLLBACGMGK,74634,AEGNNPENLNM,0xBBAC060,mov-ax-imm16-ret,CANDIDATE,constant-return method body
26924,MGAEPKLMJJG,37384,AEGNNPENLNM,0x8434B50,mov-ax-imm16-ret,CANDIDATE,constant-return method body
26926,BHPKKJOLJOE,45979,AEGNNPENLNM,0x12390030,mov-ax-imm16-ret,CANDIDATE,constant-return method body
26928,MDNBMCLMFEL,79036,AEGNNPENLNM,0x12D16CA0,mov-ax-imm16-ret,CANDIDATE,constant-return method body
26929,FKAIKKJOJNF,11998,AEGNNPENLNM,0xF848930,mov-ax-imm16-ret,CANDIDATE,constant-return method body
26935,PADMMDEIING,73703,AEGNNPENLNM,0xE7B0330,mov-ax-imm16-ret,CANDIDATE,constant-return method body
26944,FMHCPLFLLBF,79568,AEGNNPENLNM,0x11055D40,mov-ax-imm16-ret,CANDIDATE,constant-return method body
26949,PKNEEINJHFC,81371,AEGNNPENLNM,0x101695B0,mov-ax-imm16-ret,CANDIDATE,constant-return method body
26958,NFCOHLOCPAG,67698,AEGNNPENLNM,0xF349250,mov-ax-imm16-ret,CANDIDATE,constant-return method body
26959,AIMKBIFFILH,25808,AEGNNPENLNM,0x7EE49C0,mov-ax-imm16-ret,CANDIDATE,constant-return method body
26960,NNPBLBEHJML,69418,AEGNNPENLNM,0x122E4940,mov-ax-imm16-ret,CANDIDATE,constant-return method body
26962,GAFLBBDBFOJ,13203,AEGNNPENLNM,0x1049D6A0,mov-ax-imm16-ret,CANDIDATE,constant-return method body
26968,FCFGFDAPEGO,71531,AEGNNPENLNM,0x7F8FEB0,mov-ax-imm16-ret,CANDIDATE,constant-return method body
26969,HCFMNKGFNBI,51929,AEGNNPENLNM,0xF9593F0,mov-ax-imm16-ret,CANDIDATE,constant-return method body
26970,OIHIBLMHIPM,68090,AEGNNPENLNM,0x100A0DD0,mov-ax-imm16-ret,CANDIDATE,constant-return method body
26983,DKEEHEHFOIF,25585,AEGNNPENLNM,0xE99FAB0,mov-ax-imm16-ret,CANDIDATE,constant-return method body
26987,EHDCNMKBDLP,82989,AEGNNPENLNM,0x7289470,mov-ax-imm16-ret,CANDIDATE,constant-return method body
26997,HGMMGDNCNMG,55032,AEGNNPENLNM,0xB231460,mov-ax-imm16-ret,CANDIDATE,constant-return method body
27000,FHMHHFNMJKN,55545,AEGNNPENLNM,0x7FBE7A0,mov-ax-imm16-ret,CANDIDATE,constant-return method body
27010,LBAGEIBCGBB,39106,AEGNNPENLNM,0x107D4670,mov-ax-imm16-ret,CANDIDATE,constant-return method body
27012,GAJIPEFCBBO,66437,AEGNNPENLNM,0x8BCF910,mov-ax-imm16-ret,CANDIDATE,constant-return method body
27026,LHJNCPFILGM,50576,AEGNNPENLNM,0x904FE60,mov-ax-imm16-ret,CANDIDATE,constant-return method body
27034,NNEFAIGMFIA,61061,AEGNNPENLNM,0xC5B5E70,mov-ax-imm16-ret,CANDIDATE,constant-return method body
27037,OKBNALKDCGB,83005,AEGNNPENLNM,0x100B0860,mov-ax-imm16-ret,CANDIDATE,constant-return method body
27043,PHDJLHDLGDE,74047,AEGNNPENLNM,0x131D4AB0,mov-ax-imm16-ret,CANDIDATE,constant-return method body
27052,NMBEIILFLAG,76589,AEGNNPENLNM,0x9307CC0,mov-ax-imm16-ret,CANDIDATE,constant-return method body
27056,MKFFBPEIFBN,59210,AEGNNPENLNM,0x11525180,mov-ax-imm16-ret,CANDIDATE,constant-return method body
27068,PGLNNEMHJHN,28945,AEGNNPENLNM,0x13DCB260,mov-ax-imm16-ret,CANDIDATE,constant-return method body
27069,MKCFJPIIKGC,72098,AEGNNPENLNM,0x121167E0,mov-ax-imm16-ret,CANDIDATE,constant-return method body
27075,KFKOGPPGBDE,36868,AEGNNPENLNM,0xFC515D0,mov-ax-imm16-ret,CANDIDATE,constant-return method body
27077,IMEJDPJGEFP,87544,AEGNNPENLNM,0x1064B350,mov-ax-imm16-ret,CANDIDATE,constant-return method body
27079,GBPIEEFDEPJ,14213,AEGNNPENLNM,0x97A0560,mov-ax-imm16-ret,CANDIDATE,constant-return method body
27083,PHPOFMIOBFK,17665,AEGNNPENLNM,0xE85E300,mov-ax-imm16-ret,CANDIDATE,constant-return method body
27090,BIPOKKONHGH,66167,AEGNNPENLNM,0x12B557E0,mov-ax-imm16-ret,CANDIDATE,constant-return method body
27091,HMMOEDAANCE,57890,AEGNNPENLNM,0x8CF7BC0,mov-ax-imm16-ret,CANDIDATE,constant-return method body
27102,KCNIBMGDJBH,16005,AEGNNPENLNM,0xFC356E0,mov-ax-imm16-ret,CANDIDATE,constant-return method body
27103,DPAPNHPAMCP,82521,AEGNNPENLNM,0x102D81F0,mov-ax-imm16-ret,CANDIDATE,constant-return method body
27106,OCKGAEIPJPK,84093,AEGNNPENLNM,0x86560C0,mov-ax-imm16-ret,CANDIDATE,constant-return method body
27111,CNHPJFPEFDH,20093,AEGNNPENLNM,0x13EE9E30,mov-ax-imm16-ret,CANDIDATE,constant-return method body
27114,MIAHNPEOJHN,66332,AEGNNPENLNM,0x9D082F0,mov-ax-imm16-ret,CANDIDATE,constant-return method body
27119,EIALLOENBLA,45371,AEGNNPENLNM,0x127DA040,mov-ax-imm16-ret,CANDIDATE,constant-return method body
27126,NLCLNLDGECL,31540,AEGNNPENLNM,0xFFA24C0,mov-ax-imm16-ret,CANDIDATE,constant-return method body
27127,FILOLJDGNKC,61306,AEGNNPENLNM,0xD4953B0,mov-ax-imm16-ret,CANDIDATE,constant-return method body
27128,AEJMJIJMNIN,86219,AEGNNPENLNM,0xC9717C0,mov-ax-imm16-ret,CANDIDATE,constant-return method body
27129,CECAIIGJOED,65319,AEGNNPENLNM,0xF5611B0,mov-ax-imm16-ret,CANDIDATE,constant-return method body
27134,INANJJPBMEI,31975,AEGNNPENLNM,0x761DF80,mov-ax-imm16-ret,CANDIDATE,constant-return method body
27139,OFDDLLDBFCD,73663,AEGNNPENLNM,0x8668720,mov-ax-imm16-ret,CANDIDATE,constant-return method body
27141,CKFBDKMAJGK,55470,AEGNNPENLNM,0xBA2C7B0,mov-ax-imm16-ret,CANDIDATE,constant-return method body
27143,JMNCALEFANF,83472,AEGNNPENLNM,0xCCE5E60,mov-ax-imm16-ret,CANDIDATE,constant-return method body
27144,NHJGFKKKAFK,18551,AEGNNPENLNM,0xD065960,mov-ax-imm16-ret,CANDIDATE,constant-return method body
27147,JNIEBIGOGHL,48563,AEGNNPENLNM,0xEF90890,mov-ax-imm16-ret,CANDIDATE,constant-return method body
27148,HNNGLLPLLGD,62290,AEGNNPENLNM,0xD6D5C70,mov-ax-imm16-ret,CANDIDATE,constant-return method body
27149,LOHLHKALKNC,29403,AEGNNPENLNM,0x83E8D20,mov-ax-imm16-ret,CANDIDATE,constant-return method body
27150,MJBBKDGLOCJ,46450,AEGNNPENLNM,0xC2FD650,mov-ax-imm16-ret,CANDIDATE,constant-return method body
27153,MAKMNKNMCLF,30610,AEGNNPENLNM,0x1091C8C0,mov-ax-imm16-ret,CANDIDATE,constant-return method body
27163,HOEJMJMPJGO,30863,AEGNNPENLNM,0xD6D8630,mov-ax-imm16-ret,CANDIDATE,constant-return method body
27164,AEDNFGILBPB,49821,AEGNNPENLNM,0xBC480B0,mov-ax-imm16-ret,CANDIDATE,constant-return method body
27174,DKPNLAALJOL,22736,AEGNNPENLNM,0xD389270,mov-ax-imm16-ret,CANDIDATE,constant-return method body
27180,KCDKNCPOIHL,83353,AEGNNPENLNM,0xFC2FCD0,mov-ax-imm16-ret,CANDIDATE,constant-return method body
27187,FDJDNJIBHEC,27353,AEGNNPENLNM,0xBD3F310,mov-ax-imm16-ret,CANDIDATE,constant-return method body
27190,LGDDOABGJIO,41832,AEGNNPENLNM,0xAA20BF0,mov-ax-imm16-ret,CANDIDATE,constant-return method body
27200,CJOKMECPONP,38150,AEGNNPENLNM,0x870E200,mov-ax-imm16-ret,CANDIDATE,constant-return method body
27201,JKIBDGLHPJC,82264,AEGNNPENLNM,0x12B9CC70,mov-ax-imm16-ret,CANDIDATE,constant-return method body
27207,JOPCHPKJENP,14236,AEGNNPENLNM,0x76FF590,mov-ax-imm16-ret,CANDIDATE,constant-return method body
27208,GENIBDNGOHJ,25050,AEGNNPENLNM,0xBDC84A0,mov-ax-imm16-ret,CANDIDATE,constant-return method body
27210,LLCECBKHODC,31459,AEGNNPENLNM,0x108B08F0,mov-ax-imm16-ret,CANDIDATE,constant-return method body
27212,GOLKBPEKNBN,69415,AEGNNPENLNM,0xD6499D0,mov-ax-imm16-ret,CANDIDATE,constant-return method body
27218,BOCDGNPHJAL,29175,AEGNNPENLNM,0xAF3F3C0,mov-ax-imm16-ret,CANDIDATE,constant-return method body
27223,AFCBOFFNNFO,16030,AEGNNPENLNM,0xD4E8840,mov-ax-imm16-ret,CANDIDATE,constant-return method body
27224,EKILIMCBEGA,79644,AEGNNPENLNM,0x127EED00,mov-ax-imm16-ret,CANDIDATE,constant-return method body
27228,KOCNAGLNKJP,45178,AEGNNPENLNM,0x12C60980,mov-ax-imm16-ret,CANDIDATE,constant-return method body
27230,GCNLCKFMMDC,86460,AEGNNPENLNM,0x8BE0120,mov-ax-imm16-ret,CANDIDATE,constant-return method body
27233,MEPEAJCMKNF,61166,AEGNNPENLNM,0xC2D0610,mov-ax-imm16-ret,CANDIDATE,constant-return method body
27234,JICOBEINBOO,42599,AEGNNPENLNM,0x9ACF2A0,mov-ax-imm16-ret,CANDIDATE,constant-return method body
27235,JMKPIKBLLBH,30048,AEGNNPENLNM,0x8F51D50,mov-ax-imm16-ret,CANDIDATE,constant-return method body
27236,JMKNFKALDLM,23801,AEGNNPENLNM,0x9AEB0A0,mov-ax-imm16-ret,CANDIDATE,constant-return method body
27245,HBJIPKPBOOK,32071,AEGNNPENLNM,0x129BCA70,mov-ax-imm16-ret,CANDIDATE,constant-return method body
27246,NNOGKDPMJGH,79873,AEGNNPENLNM,0x117171D0,mov-ax-imm16-ret,CANDIDATE,constant-return method body
27248,GCONLNHFEOM,32095,AEGNNPENLNM,0xF8A6EE0,mov-ax-imm16-ret,CANDIDATE,constant-return method body
27251,BPMFDBALHCJ,15707,AEGNNPENLNM,0x13319010,mov-ax-imm16-ret,CANDIDATE,constant-return method body
27260,FFIILGHJFBP,31424,AEGNNPENLNM,0x7FA59B0,mov-ax-imm16-ret,CANDIDATE,constant-return method body
27261,FMHFJCLKLCB,36271,AEGNNPENLNM,0x7356520,mov-ax-imm16-ret,CANDIDATE,constant-return method body
27262,JDLKCNANBGE,42947,AEGNNPENLNM,0x9AA5950,mov-ax-imm16-ret,CANDIDATE,constant-return method body
27270,CDHJHFMLGHP,17950,AEGNNPENLNM,0xB9406A0,mov-ax-imm16-ret,CANDIDATE,constant-return method body
27272,JBCKDLFHAOF,29222,AEGNNPENLNM,0x7652190,mov-ax-imm16-ret,CANDIDATE,constant-return method body
27276,KGHCAELNDFP,15503,AEGNNPENLNM,0xE3A60F0,mov-ax-imm16-ret,CANDIDATE,constant-return method body
27281,NIEGGAHILBI,67438,AEGNNPENLNM,0x12299D50,mov-ax-imm16-ret,CANDIDATE,constant-return method body
27287,PPEAJBEAJPN,68038,AEGNNPENLNM,0xE8887E0,mov-ax-imm16-ret,CANDIDATE,constant-return method body
27290,GCOIMBKFCFP,78162,AEGNNPENLNM,0xEBFD630,mov-ax-imm16-ret,CANDIDATE,constant-return method body
27305,APAFONGMIBA,37652,AEGNNPENLNM,0x71CF340,mov-ax-imm16-ret,CANDIDATE,constant-return method body
27309,LBLPACOKOCF,63055,AEGNNPENLNM,0x9C1E100,mov-ax-imm16-ret,CANDIDATE,constant-return method body
27310,JCHKPKFDDFO,15649,AEGNNPENLNM,0x106A24C0,mov-ax-imm16-ret,CANDIDATE,constant-return method body
27320,OACEPJGPOKM,76662,AEGNNPENLNM,0x863E6C0,mov-ax-imm16-ret,CANDIDATE,constant-return method body
27334,JNIHPGDPIPJ,13614,AEGNNPENLNM,0x112B9D40,mov-ax-imm16-ret,CANDIDATE,constant-return method body
27335,CNJOKFFOPLA,50021,AEGNNPENLNM,0xF5B0870,mov-ax-imm16-ret,CANDIDATE,constant-return method body
27336,BFKOHHFFJBD,14196,AEGNNPENLNM,0xEE9AA00,mov-ax-imm16-ret,CANDIDATE,constant-return method body
27344,FDHNDOOIKKB,54915,AEGNNPENLNM,0x110164E0,mov-ax-imm16-ret,CANDIDATE,constant-return method body
27345,HGILLKJEDLL,82676,AEGNNPENLNM,0x989CB80,mov-ax-imm16-ret,CANDIDATE,constant-return method body
27354,EJLKNLCKPHL,64825,AEGNNPENLNM,0x72A7820,mov-ax-imm16-ret,CANDIDATE,constant-return method body
27363,JKFFLPHDOID,55723,AEGNNPENLNM,0x137F7460,mov-ax-imm16-ret,CANDIDATE,constant-return method body
27371,AAIPCHJIEEO,14379,AEGNNPENLNM,0xC94E0B0,mov-ax-imm16-ret,CANDIDATE,constant-return method body
27372,KEEFDLKEKIO,56744,AEGNNPENLNM,0xB42D100,mov-ax-imm16-ret,CANDIDATE,constant-return method body
27373,BBLPPPNIEJM,78411,AEGNNPENLNM,0x113830A0,mov-ax-imm16-ret,CANDIDATE,constant-return method body
27374,ENDKLMALLKF,12140,AEGNNPENLNM,0x1280A3A0,mov-ax-imm16-ret,CANDIDATE,constant-return method body
27379,BKHLMJHDAAC,19531,AEGNNPENLNM,0x123A5B60,mov-ax-imm16-ret,CANDIDATE,constant-return method body
27380,EBADNBMJJBO,37712,AEGNNPENLNM,0x1279AC50,mov-ax-imm16-ret,CANDIDATE,constant-return method body
27386,NIFFJCIMKIB,35421,AEGNNPENLNM,0x1301B300,mov-ax-imm16-ret,CANDIDATE,constant-return method body
27387,INAAKGIFMPB,46557,AEGNNPENLNM,0xB30CD50,mov-ax-imm16-ret,CANDIDATE,constant-return method body
27388,KIADBBBOAKI,82943,AEGNNPENLNM,0xE3B7430,mov-ax-imm16-ret,CANDIDATE,constant-return method body
27389,FMEIIHBKGFN,13878,AEGNNPENLNM,0xEBCE0F0,mov-ax-imm16-ret,CANDIDATE,constant-return method body
27394,MGLJCMCOIGL,29826,AEGNNPENLNM,0xAABC200,mov-ax-imm16-ret,CANDIDATE,constant-return method body
27399,DMODEMDCDLG,50118,AEGNNPENLNM,0xF651710,mov-ax-imm16-ret,CANDIDATE,constant-return method body
27401,AFLLDFFADNO,49226,AEGNNPENLNM,0xAB77A60,mov-ax-imm16-ret,CANDIDATE,constant-return method body
27407,OGELFNNHIDJ,74911,AEGNNPENLNM,0xB858BD0,mov-ax-imm16-ret,CANDIDATE,constant-return method body
27412,ANFFGKKILLK,51203,AEGNNPENLNM,0xF7E2640,mov-ax-imm16-ret,CANDIDATE,constant-return method body
27413,OHKFHCODCDL,24016,AEGNNPENLNM,0x1009C0A0,mov-ax-imm16-ret,CANDIDATE,constant-return method body
27416,POLIHMKMHNP,41497,AEGNNPENLNM,0xA07E590,mov-ax-imm16-ret,CANDIDATE,constant-return method body
27417,PFDFLAMIDBH,52309,AEGNNPENLNM,0x123FB4D0,mov-ax-imm16-ret,CANDIDATE,constant-return method body
27420,LKPMBKNMEBJ,25474,AEGNNPENLNM,0x108AF920,mov-ax-imm16-ret,CANDIDATE,constant-return method body
27422,CIBADAEFNNG,56738,AEGNNPENLNM,0xF57E950,mov-ax-imm16-ret,CANDIDATE,constant-return method body
27423,OCMLDPMNIII,66175,AEGNNPENLNM,0x10B44B50,mov-ax-imm16-ret,CANDIDATE,constant-return method body
27425,EBKFPODIAFD,47502,AEGNNPENLNM,0xD3B9360,mov-ax-imm16-ret,CANDIDATE,constant-return method body
27427,BIIOPAKAAEO,66140,AEGNNPENLNM,0x922C090,mov-ax-imm16-ret,CANDIDATE,constant-return method body
27428,PMJCIEHOANK,52553,AEGNNPENLNM,0x12443B50,mov-ax-imm16-ret,CANDIDATE,constant-return method body
27436,JJEHHLDAMJO,54538,AEGNNPENLNM,0x11EE1CF0,mov-ax-imm16-ret,CANDIDATE,constant-return method body
27440,KONGDGGAJOA,13288,AEGNNPENLNM,0x834CF80,mov-ax-imm16-ret,CANDIDATE,constant-return method body
27441,ACKBICDODKJ,47377,AEGNNPENLNM,0x11B385F0,mov-ax-imm16-ret,CANDIDATE,constant-return method body
27443,HDLFILHAOKJ,29106,AEGNNPENLNM,0xBE7B9D0,mov-ax-imm16-ret,CANDIDATE,constant-return method body
27446,GJBAKFAOMFE,58022,AEGNNPENLNM,0xCA6AFF0,mov-ax-imm16-ret,CANDIDATE,constant-return method body
27447,NDAJDBCBAAE,75026,AEGNNPENLNM,0x7AD8ED0,mov-ax-imm16-ret,CANDIDATE,constant-return method body
27450,DPLMAJFJPDK,73305,AEGNNPENLNM,0x11A721D0,mov-ax-imm16-ret,CANDIDATE,constant-return method body
27453,MBGMOLLCEFA,42631,AEGNNPENLNM,0xB588EE0,mov-ax-imm16-ret,CANDIDATE,constant-return method body
27458,MPPLGOKOEGE,33060,AEGNNPENLNM,0xB62B2D0,mov-ax-imm16-ret,CANDIDATE,constant-return method body
27466,CCKEMEGAMNI,77578,AEGNNPENLNM,0x10007980,mov-ax-imm16-ret,CANDIDATE,constant-return method body
27474,CPDILIOPHLH,71107,AEGNNPENLNM,0xE912880,mov-ax-imm16-ret,CANDIDATE,constant-return method body
27484,HFOFNALAGJM,12167,AEGNNPENLNM,0x13656380,mov-ax-imm16-ret,CANDIDATE,constant-return method body
27490,DECOLGDCMOP,46951,AEGNNPENLNM,0x1028D670,mov-ax-imm16-ret,CANDIDATE,constant-return method body
27494,GBIFMJPAHDK,78339,AEGNNPENLNM,0x128D4050,mov-ax-imm16-ret,CANDIDATE,constant-return method body
27497,PMALPFHJJIH,52479,AEGNNPENLNM,0xA050760,mov-ax-imm16-ret,CANDIDATE,constant-return method body
27498,ABFBKNNHIGF,16882,AEGNNPENLNM,0x7EB9550,mov-ax-imm16-ret,CANDIDATE,constant-return method body
27504,KCDHLMJGHNB,17718,AEGNNPENLNM,0x9B244A0,mov-ax-imm16-ret,CANDIDATE,constant-return method body
27505,BCEHGFHIIPP,25553,AEGNNPENLNM,0xEE80730,mov-ax-imm16-ret,CANDIDATE,constant-return method body
27506,MJKLEFMENEM,49327,AEGNNPENLNM,0x121094D0,mov-ax-imm16-ret,CANDIDATE,constant-return method body
27513,LFEIIGLFIMM,50178,AEGNNPENLNM,0xFD07BD0,mov-ax-imm16-ret,CANDIDATE,constant-return method body
27517,DFBJCHHFDAG,81055,AEGNNPENLNM,0x10290190,mov-ax-imm16-ret,CANDIDATE,constant-return method body
27528,AKMDMFFKPBF,16836,AEGNNPENLNM,0xEB493D0,mov-ax-imm16-ret,CANDIDATE,constant-return method body
27532,EFFJHHNCHCP,35226,AEGNNPENLNM,0xF6AED60,mov-ax-imm16-ret,CANDIDATE,constant-return method body
27535,NGGMPIBIGFI,32427,AEGNNPENLNM,0x85F7210,mov-ax-imm16-ret,CANDIDATE,constant-return method body
27536,BPBAMOGOJJA,78350,AEGNNPENLNM,0xB91C8A0,mov-ax-imm16-ret,CANDIDATE,constant-return method body
27541,IILFPHGMHPP,58942,AEGNNPENLNM,0x12A8E440,mov-ax-imm16-ret,CANDIDATE,constant-return method body
27553,BHJDPMGFNMC,14061,AEGNNPENLNM,0x113BE460,mov-ax-imm16-ret,CANDIDATE,constant-return method body
27556,IBDDIAILIFF,76898,AEGNNPENLNM,0xF9F71D0,mov-ax-imm16-ret,CANDIDATE,constant-return method body
27559,JEAKLPAFIKN,66219,AEGNNPENLNM,0x11EC29F0,mov-ax-imm16-ret,CANDIDATE,constant-return method body
27567,ALEOPELCBLM,64363,AEGNNPENLNM,0x96EAFA0,mov-ax-imm16-ret,CANDIDATE,constant-return method body
27568,AGDNJGNLFJD,25328,AEGNNPENLNM,0xC987760,mov-ax-imm16-ret,CANDIDATE,constant-return method body
27574,PLJACJDCKFE,70938,AEGNNPENLNM,0xD26A8A0,mov-ax-imm16-ret,CANDIDATE,constant-return method body
27578,CDNIBKFGIIK,63395,AEGNNPENLNM,0x10C42350,mov-ax-imm16-ret,CANDIDATE,constant-return method body
27581,OANCLKLDGBD,35020,AEGNNPENLNM,0x7B74240,mov-ax-imm16-ret,CANDIDATE,constant-return method body
27587,FECEHHIDKFP,83590,AEGNNPENLNM,0x10EB4F80,mov-ax-imm16-ret,CANDIDATE,constant-return method body
27588,GELADDCLCIE,57508,AEGNNPENLNM,0x110A0AC0,mov-ax-imm16-ret,CANDIDATE,constant-return method body
27592,DILEPPIKDFA,23597,AEGNNPENLNM,0xC84CF50,mov-ax-imm16-ret,CANDIDATE,constant-return method body
27594,FHFDHBNBKGP,82427,AEGNNPENLNM,0xEBA24E0,mov-ax-imm16-ret,CANDIDATE,constant-return method body
27595,LFIKJLKLOGI,76660,AEGNNPENLNM,0xFD0B2D0,mov-ax-imm16-ret,CANDIDATE,constant-return method body
27596,JPINCFMKIEM,64455,AEGNNPENLNM,0xEF97D70,mov-ax-imm16-ret,CANDIDATE,constant-return method body
27609,IFDAGOBOHLF,32694,AEGNNPENLNM,0xA6FBAE0,mov-ax-imm16-ret,CANDIDATE,constant-return method body
27610,GMCOFIJLIAI,45226,AEGNNPENLNM,0xF91E0C0,mov-ax-imm16-ret,CANDIDATE,constant-return method body
27611,NIFHJHFOOJI,86416,AEGNNPENLNM,0xFF89430,mov-ax-imm16-ret,CANDIDATE,constant-return method body
27612,JDLBHFFCAEM,33354,AEGNNPENLNM,0x7665670,mov-ax-imm16-ret,CANDIDATE,constant-return method body
27615,NJGPJJCHAGK,57064,AEGNNPENLNM,0xFF9B3B0,mov-ax-imm16-ret,CANDIDATE,constant-return method body
27616,FJNKAALPKIA,87964,AEGNNPENLNM,0x13559DC0,mov-ax-imm16-ret,CANDIDATE,constant-return method body
27624,DAGCJKIOJCD,20864,AEGNNPENLNM,0xE920740,mov-ax-imm16-ret,CANDIDATE,constant-return method body
27629,GNFOIHDCBBB,70426,AEGNNPENLNM,0x12995EC0,mov-ax-imm16-ret,CANDIDATE,constant-return method body
27645,CBFKJANAKOM,70991,AEGNNPENLNM,0xD1D7080,mov-ax-imm16-ret,CANDIDATE,constant-return method body
27652,NMHBELHJMFO,54338,AEGNNPENLNM,0xF377CC0,mov-ax-imm16-ret,CANDIDATE,constant-return method body
27653,BCIMFPDEBNC,71075,AEGNNPENLNM,0xFBDB790,mov-ax-imm16-ret,CANDIDATE,constant-return method body
27670,GGLDNGJFKKO,83832,AEGNNPENLNM,0x104CCDA0,mov-ax-imm16-ret,CANDIDATE,constant-return method body
27673,DDAHJAMHIBP,76154,AEGNNPENLNM,0xA11B150,mov-ax-imm16-ret,CANDIDATE,constant-return method body
27675,DLBEOIFFLEG,18141,AEGNNPENLNM,0xB040E30,mov-ax-imm16-ret,CANDIDATE,constant-return method body
27682,FBGHAHHLFNM,70203,AEGNNPENLNM,0xD443D50,mov-ax-imm16-ret,CANDIDATE,constant-return method body
27683,IJOBFEBBAEK,20063,AEGNNPENLNM,0xBF95920,mov-ax-imm16-ret,CANDIDATE,constant-return method body
27685,KIIKIELOHOG,65670,AEGNNPENLNM,0xC16BDD0,mov-ax-imm16-ret,CANDIDATE,constant-return method body
27687,OCPKPJDEHFE,86755,AEGNNPENLNM,0x130F2620,mov-ax-imm16-ret,CANDIDATE,constant-return method body
27697,FOJBNJFMOJK,33371,AEGNNPENLNM,0x7367C50,mov-ax-imm16-ret,CANDIDATE,constant-return method body
27705,MPKPDLMHIPN,72480,AEGNNPENLNM,0xFDE43F0,mov-ax-imm16-ret,CANDIDATE,constant-return method body
27706,APDCEEDDABC,74392,AEGNNPENLNM,0x12749C90,mov-ax-imm16-ret,CANDIDATE,constant-return method body
27716,GHLPNCBNLPH,47466,AEGNNPENLNM,0xCA5B030,mov-ax-imm16-ret,CANDIDATE,constant-return method body
27723,BNLEKLJNECI,67455,AEGNNPENLNM,0x10C1A280,mov-ax-imm16-ret,CANDIDATE,constant-return method body
27724,HJAOKINEHOL,66967,AEGNNPENLNM,0x74C1B70,mov-ax-imm16-ret,CANDIDATE,constant-return method body
27725,FPIDAPDPFCJ,14386,AEGNNPENLNM,0xBD9F9E0,mov-ax-imm16-ret,CANDIDATE,constant-return method body
27727,ACJIIAGMIPK,87956,AEGNNPENLNM,0xC963C80,mov-ax-imm16-ret,CANDIDATE,constant-return method body
27736,PKBOIDALPCB,71188,AEGNNPENLNM,0xAE13660,mov-ax-imm16-ret,CANDIDATE,constant-return method body
27747,AEKJGJBFDEJ,74110,AEGNNPENLNM,0x7ED71A0,mov-ax-imm16-ret,CANDIDATE,constant-return method body
27749,LGDHHHDCCKH,16885,AEGNNPENLNM,0x9C49C60,mov-ax-imm16-ret,CANDIDATE,constant-return method body
27758,KJLNEAEHAFF,14096,AEGNNPENLNM,0xE3C4330,mov-ax-imm16-ret,CANDIDATE,constant-return method body
27759,GALEGIDKFJJ,14996,AEGNNPENLNM,0xBDADE20,mov-ax-imm16-ret,CANDIDATE,constant-return method body
27769,JJOJGOJCPHF,62253,AEGNNPENLNM,0xC048430,mov-ax-imm16-ret,CANDIDATE,constant-return method body
27770,JFKEJPLLFGB,38391,AEGNNPENLNM,0xCC58C10,mov-ax-imm16-ret,CANDIDATE,constant-return method body
27774,DIDNMJJEPGH,27376,AEGNNPENLNM,0x13F6CAD0,mov-ax-imm16-ret,CANDIDATE,constant-return method body
27775,ENFJBBEDOAK,20653,AEGNNPENLNM,0x1280DA40,mov-ax-imm16-ret,CANDIDATE,constant-return method body
27779,AAACHHHIDCI,53235,AEGNNPENLNM,0x11B1E1E0,mov-ax-imm16-ret,CANDIDATE,constant-return method body
27781,GCEDFOHJBPM,66390,AEGNNPENLNM,0x104A6430,mov-ax-imm16-ret,CANDIDATE,constant-return method body
27783,PHEHBGAGLHN,43739,AEGNNPENLNM,0x131D4CA0,mov-ax-imm16-ret,CANDIDATE,constant-return method body
27784,IBMLEOLPFPF,71477,AEGNNPENLNM,0xB27ACB0,mov-ax-imm16-ret,CANDIDATE,constant-return method body
27788,KDPBGCMJMAB,74868,AEGNNPENLNM,0xFC38200,mov-ax-imm16-ret,CANDIDATE,constant-return method body
27799,PFGDHPHANKF,55208,AEGNNPENLNM,0x13DC0B30,mov-ax-imm16-ret,CANDIDATE,constant-return method body
27804,FEPCLJKLOEI,45784,AEGNNPENLNM,0xD47EC30,mov-ax-imm16-ret,CANDIDATE,constant-return method body
27806,HHICCFEGIDC,86575,AEGNNPENLNM,0xEDAB740,mov-ax-imm16-ret,CANDIDATE,constant-return method body
27807,OOBKIFKGPMP,65009,AEGNNPENLNM,0x10BA10B0,mov-ax-imm16-ret,CANDIDATE,constant-return method body
27808,EDBNJMHBPCP,61648,AEGNNPENLNM,0xBB09EF0,mov-ax-imm16-ret,CANDIDATE,constant-return method body
27810,BCIMCOEJMEB,36236,AEGNNPENLNM,0x11387030,mov-ax-imm16-ret,CANDIDATE,constant-return method body
27812,MIEMKDKMEHL,26474,AEGNNPENLNM,0x121015E0,mov-ax-imm16-ret,CANDIDATE,constant-return method body
27820,BLHOBPEKJFJ,80997,AEGNNPENLNM,0x82DB6A0,mov-ax-imm16-ret,CANDIDATE,constant-return method body
27823,OJDKFIPNPNH,70057,AEGNNPENLNM,0x868DD40,mov-ax-imm16-ret,CANDIDATE,constant-return method body
27825,AJOFFLBDKBB,28614,AEGNNPENLNM,0x1043FE20,mov-ax-imm16-ret,CANDIDATE,constant-return method body
27826,KFKHJHAEBLC,23831,AEGNNPENLNM,0x12C14910,mov-ax-imm16-ret,CANDIDATE,constant-return method body
27832,NOEGFEPGAJG,49777,AEGNNPENLNM,0x10B27280,mov-ax-imm16-ret,CANDIDATE,constant-return method body
27835,INPLEKPCGLM,88075,AEGNNPENLNM,0xBFB4F00,mov-ax-imm16-ret,CANDIDATE,constant-return method body
27836,GJHPBJEDBJK,48011,AEGNNPENLNM,0xEC30110,mov-ax-imm16-ret,CANDIDATE,constant-return method body
27837,EBFAPKDHNKC,33423,AEGNNPENLNM,0x95E7300,mov-ax-imm16-ret,CANDIDATE,constant-return method body
27840,HOJJLLBMKMI,26897,AEGNNPENLNM,0xF9D7D60,mov-ax-imm16-ret,CANDIDATE,constant-return method body
27844,EJNAJLAFFOO,36185,AEGNNPENLNM,0xBB394E0,mov-ax-imm16-ret,CANDIDATE,constant-return method body
27846,KBIECBCPKGE,17343,AEGNNPENLNM,0xA931E60,mov-ax-imm16-ret,CANDIDATE,constant-return method body
27853,JEAKLBBEPMO,66377,AEGNNPENLNM,0x112574C0,mov-ax-imm16-ret,CANDIDATE,constant-return method body
27862,KAOFKHKOCDC,17032,AEGNNPENLNM,0xA9301D0,mov-ax-imm16-ret,CANDIDATE,constant-return method body
27867,AMGBNLBIPBK,56806,AEGNNPENLNM,0x11BA5D20,mov-ax-imm16-ret,CANDIDATE,constant-return method body
27870,PCGKDMFGKMP,74693,AEGNNPENLNM,0x93DDE10,mov-ax-imm16-ret,CANDIDATE,constant-return method body
27871,AOBCMOMMGII,77357,AEGNNPENLNM,0xEB59A20,mov-ax-imm16-ret,CANDIDATE,constant-return method body
27872,BFEJBODIEKM,54823,AEGNNPENLNM,0xB52A8B0,mov-ax-imm16-ret,CANDIDATE,constant-return method body
27877,FLEEAKDOJHG,62592,AEGNNPENLNM,0x13561BB0,mov-ax-imm16-ret,CANDIDATE,constant-return method body
27880,FOIMNDCKDLP,18154,AEGNNPENLNM,0x1106AE10,mov-ax-imm16-ret,CANDIDATE,constant-return method body
27887,EHALFDHEDOM,50152,AEGNNPENLNM,0xA1D88B0,mov-ax-imm16-ret,CANDIDATE,constant-return method body
27892,DOECNMMIBPH,38035,AEGNNPENLNM,0x1278AC90,mov-ax-imm16-ret,CANDIDATE,constant-return method body
27893,JPEONALGAEA,40959,AEGNNPENLNM,0xEF967B0,mov-ax-imm16-ret,CANDIDATE,constant-return method body
27896,NMIAOMGKHIM,43601,AEGNNPENLNM,0x930FEC0,mov-ax-imm16-ret,CANDIDATE,constant-return method body
27900,BJJGNIBFKGB,78093,AEGNNPENLNM,0xEEB6DD0,mov-ax-imm16-ret,CANDIDATE,constant-return method body
27901,MACOOBLAOCL,28420,AEGNNPENLNM,0xFD628F0,mov-ax-imm16-ret,CANDIDATE,constant-return method body
27907,MPICPMPMLCH,39018,AEGNNPENLNM,0xAB18BC0,mov-ax-imm16-ret,CANDIDATE,constant-return method body
27911,NFAKMCDJOCP,58467,AEGNNPENLNM,0x1227D2D0,mov-ax-imm16-ret,CANDIDATE,constant-return method body
27912,ICIBBADINPM,36359,AEGNNPENLNM,0xEE0E4C0,mov-ax-imm16-ret,CANDIDATE,constant-return method body
27916,ELCHOAAMNOE,72476,AEGNNPENLNM,0xD409410,mov-ax-imm16-ret,CANDIDATE,constant-return method body
27926,EGPCMPLEPDG,29320,AEGNNPENLNM,0x10E32E00,mov-ax-imm16-ret,CANDIDATE,constant-return method body
27928,AMBKGLGPLPC,73138,AEGNNPENLNM,0x8AA6910,mov-ax-imm16-ret,CANDIDATE,constant-return method body
27929,PPPJJFMMBJD,60716,AEGNNPENLNM,0xF503E10,mov-ax-imm16-ret,CANDIDATE,constant-return method body
27945,APBAJJMGPAA,64493,AEGNNPENLNM,0x11BD21E0,mov-ax-imm16-ret,CANDIDATE,constant-return method body
27946,LFOJEMJHLNL,74164,AEGNNPENLNM,0xAA1F1C0,mov-ax-imm16-ret,CANDIDATE,constant-return method body
27948,BFECMPDGBBJ,74648,AEGNNPENLNM,0xC0B82C0,mov-ax-imm16-ret,CANDIDATE,constant-return method body
27953,ECOFIDACBHG,74901,AEGNNPENLNM,0x13FDA1E0,mov-ax-imm16-ret,CANDIDATE,constant-return method body
27961,APKCFGKNPGF,62688,AEGNNPENLNM,0x11FB9D60,mov-ax-imm16-ret,CANDIDATE,constant-return method body
27962,PMOGCIIJPFK,84213,AEGNNPENLNM,0x94299E0,mov-ax-imm16-ret,CANDIDATE,constant-return method body
27964,EHFFGCNGCDK,70413,AEGNNPENLNM,0x10322850,mov-ax-imm16-ret,CANDIDATE,constant-return method body
27967,DOGALCBLANA,35227,AEGNNPENLNM,0x88A6060,mov-ax-imm16-ret,CANDIDATE,constant-return method body
27968,LAPIKMGBHCI,37689,AEGNNPENLNM,0xB48DDE0,mov-ax-imm16-ret,CANDIDATE,constant-return method body
27970,IIIHJDBGDMD,34246,AEGNNPENLNM,0xE2A8890,mov-ax-imm16-ret,CANDIDATE,constant-return method body
27972,MCCCCKBLMJN,38142,AEGNNPENLNM,0xAA905B0,mov-ax-imm16-ret,CANDIDATE,constant-return method body
27976,IBBMJAMJPOO,80908,AEGNNPENLNM,0x9971850,mov-ax-imm16-ret,CANDIDATE,constant-return method body
27977,DNMMNEAALOE,78604,AEGNNPENLNM,0x10DE1900,mov-ax-imm16-ret,CANDIDATE,constant-return method body
27995,APDIFBMOGPI,61383,AEGNNPENLNM,0xBCB56E0,mov-ax-imm16-ret,CANDIDATE,constant-return method body
27997,CMCMIFLMIMI,45833,AEGNNPENLNM,0xF5A3630,mov-ax-imm16-ret,CANDIDATE,constant-return method body
27998,IAKOJKNJMCC,41988,AEGNNPENLNM,0x12A500E0,mov-ax-imm16-ret,CANDIDATE,constant-return method body
28001,DOHNNGJEIIN,75074,AEGNNPENLNM,0x10DEB210,mov-ax-imm16-ret,CANDIDATE,constant-return method body
28004,AFHIFNPODHN,75814,AEGNNPENLNM,0x11B65C20,mov-ax-imm16-ret,CANDIDATE,constant-return method body
28008,GHMGBENLBKA,42743,AEGNNPENLNM,0x8044270,mov-ax-imm16-ret,CANDIDATE,constant-return method body
28010,ONDGKJPOJMK,59824,AEGNNPENLNM,0xB899290,mov-ax-imm16-ret,CANDIDATE,constant-return method body
28012,OIPAEGCNFDL,81463,AEGNNPENLNM,0x13D65A20,mov-ax-imm16-ret,CANDIDATE,constant-return method body
28013,AOOMNNOCCNK,16320,AEGNNPENLNM,0xC9CD460,mov-ax-imm16-ret,CANDIDATE,constant-return method body
28017,AGAANDNJOLE,42612,AEGNNPENLNM,0xD4EF920,mov-ax-imm16-ret,CANDIDATE,constant-return method body
28018,ALFLJHOPCNG,75977,AEGNNPENLNM,0x10FCAE30,mov-ax-imm16-ret,CANDIDATE,constant-return method body
28021,HGMHFNAFFJI,47164,AEGNNPENLNM,0xB230D40,mov-ax-imm16-ret,CANDIDATE,constant-return method body
28022,HANFLKLLEOI,34131,AEGNNPENLNM,0xF951820,mov-ax-imm16-ret,CANDIDATE,constant-return method body
28033,FKHOFGLJOHD,45098,AEGNNPENLNM,0x1355F0D0,mov-ax-imm16-ret,CANDIDATE,constant-return method body
28036,MHNENNOBJEG,67718,AEGNNPENLNM,0x9D04A70,mov-ax-imm16-ret,CANDIDATE,constant-return method body
28039,LAAPDKJHONA,34838,AEGNNPENLNM,0xB486870,mov-ax-imm16-ret,CANDIDATE,constant-return method body
28046,PPOMCKPEBNC,36270,AEGNNPENLNM,0xF503E00,mov-ax-imm16-ret,CANDIDATE,constant-return method body
28048,IJNGJBPDJDK,87829,AEGNNPENLNM,0xA724530,mov-ax-imm16-ret,CANDIDATE,constant-return method body
28049,HHFFBNMEMKA,87911,AEGNNPENLNM,0xB2329B0,mov-ax-imm16-ret,CANDIDATE,constant-return method body
28051,AAAGBIFDGKH,62623,AEGNNPENLNM,0x103D4450,mov-ax-imm16-ret,CANDIDATE,constant-return method body
28052,KMJBGKDEMAP,25270,AEGNNPENLNM,0xCD4FFD0,mov-ax-imm16-ret,CANDIDATE,constant-return method body
28053,NLOPKEBGEAP,73600,AEGNNPENLNM,0xF36E0E0,mov-ax-imm16-ret,CANDIDATE,constant-return method body
28071,FPGIAELIKEF,80942,AEGNNPENLNM,0xBBF9EE0,mov-ax-imm16-ret,CANDIDATE,constant-return method body
28075,JJNOADCPNMA,35981,AEGNNPENLNM,0xB3BC890,mov-ax-imm16-ret,CANDIDATE,constant-return method body
28078,IIAIHGDJMKB,83327,AEGNNPENLNM,0x1060CEE0,mov-ax-imm16-ret,CANDIDATE,constant-return method body
28080,JPMELLNOEPH,42725,AEGNNPENLNM,0x112CDCD0,mov-ax-imm16-ret,CANDIDATE,constant-return method body
28083,JJGLCDFKOCI,22013,AEGNNPENLNM,0xA8EE300,mov-ax-imm16-ret,CANDIDATE,constant-return method body
28084,PPKIPLDCICO,40245,AEGNNPENLNM,0xF4FDA50,mov-ax-imm16-ret,CANDIDATE,constant-return method body
28091,BNNEEEJEGEJ,21239,AEGNNPENLNM,0xE803770,mov-ax-imm16-ret,CANDIDATE,constant-return method body
28092,PDPMLFDHIJD,36674,AEGNNPENLNM,0xB8EFA90,mov-ax-imm16-ret,CANDIDATE,constant-return method body
28093,PEDIMDCBONI,62425,AEGNNPENLNM,0xC696530,mov-ax-imm16-ret,CANDIDATE,constant-return method body
28096,JNKGCAMBJDI,87346,AEGNNPENLNM,0xE361500,mov-ax-imm16-ret,CANDIDATE,constant-return method body
28098,POCLALJFMJO,61179,AEGNNPENLNM,0x118A4B80,mov-ax-imm16-ret,CANDIDATE,constant-return method body
28101,HOODMLAGFOD,32639,AEGNNPENLNM,0x11DDA430,mov-ax-imm16-ret,CANDIDATE,constant-return method body
28102,PHENMMNJNOM,55449,AEGNNPENLNM,0x1240DCE0,mov-ax-imm16-ret,CANDIDATE,constant-return method body
28109,GLMHFPJABCI,74684,AEGNNPENLNM,0x805DA90,mov-ax-imm16-ret,CANDIDATE,constant-return method body
28110,PHCJJDCDLAF,60004,AEGNNPENLNM,0x131D2BA0,mov-ax-imm16-ret,CANDIDATE,constant-return method body
28111,PDNCPLDHBGI,66680,AEGNNPENLNM,0xF493010,mov-ax-imm16-ret,CANDIDATE,constant-return method body
28113,OAEHNHPDBAL,14485,AEGNNPENLNM,0x130BFBE0,mov-ax-imm16-ret,CANDIDATE,constant-return method body
28119,BEPGHPBCBPN,22818,AEGNNPENLNM,0x92145F0,mov-ax-imm16-ret,CANDIDATE,constant-return method body
28121,DCPCLFJHIEM,20679,AEGNNPENLNM,0x9549340,mov-ax-imm16-ret,CANDIDATE,constant-return method body
28122,PGEHHALMIOL,85035,AEGNNPENLNM,0x7C34FC0,mov-ax-imm16-ret,CANDIDATE,constant-return method body
28128,MOLJGCEEILD,41760,AEGNNPENLNM,0xFDDFE80,mov-ax-imm16-ret,CANDIDATE,constant-return method body
28129,POLMCKBNLDF,36192,AEGNNPENLNM,0xA07EBE0,mov-ax-imm16-ret,CANDIDATE,constant-return method body
28131,NIMGAFFPNLG,22790,AEGNNPENLNM,0x8608C70,mov-ax-imm16-ret,CANDIDATE,constant-return method body
28142,MLIIILNDFND,41364,AEGNNPENLNM,0x12129B00,mov-ax-imm16-ret,CANDIDATE,constant-return method body
28143,JAIHHJIIDOO,24126,AEGNNPENLNM,0x819C8B0,mov-ax-imm16-ret,CANDIDATE,constant-return method body
28147,DECNKPNCKAA,76275,AEGNNPENLNM,0x1028CCE0,mov-ax-imm16-ret,CANDIDATE,constant-return method body
28155,LLKNFAIKMNH,77564,AEGNNPENLNM,0x12078940,mov-ax-imm16-ret,CANDIDATE,constant-return method body
28156,ONBPFECNBKC,50619,AEGNNPENLNM,0x1235A9F0,mov-ax-imm16-ret,CANDIDATE,constant-return method body
28160,EDGIJCAEJPD,44435,AEGNNPENLNM,0x13FDEC60,mov-ax-imm16-ret,CANDIDATE,constant-return method body
28164,FMAOHPGDMGN,71434,AEGNNPENLNM,0xA2E2F00,mov-ax-imm16-ret,CANDIDATE,constant-return method body
28170,LEHDGHCJLOM,19675,AEGNNPENLNM,0xB4A1300,mov-ax-imm16-ret,CANDIDATE,constant-return method body
28181,LHGPFGPMJNC,27681,AEGNNPENLNM,0x904F860,mov-ax-imm16-ret,CANDIDATE,constant-return method body
28184,GBKBFMJALKD,14332,AEGNNPENLNM,0x1107ABD0,mov-ax-imm16-ret,CANDIDATE,constant-return method body
28185,MPMKMGNPOGN,62599,AEGNNPENLNM,0x12D84BB0,mov-ax-imm16-ret,CANDIDATE,constant-return method body
28189,OBMDFONOGHN,41513,AEGNNPENLNM,0x10B3DC00,mov-ax-imm16-ret,CANDIDATE,constant-return method body
28194,HMNOOBBDNBA,19537,AEGNNPENLNM,0xD6B77C0,mov-ax-imm16-ret,CANDIDATE,constant-return method body
28195,AAMFLHMIFDG,49471,AEGNNPENLNM,0xA2F84E0,mov-ax-imm16-ret,CANDIDATE,constant-return method body
28197,ECGEEPIMLBK,84525,AEGNNPENLNM,0xBB07D30,mov-ax-imm16-ret,CANDIDATE,constant-return method body
28200,PPIGNNEDBCF,30825,AEGNNPENLNM,0x7CCDCD0,mov-ax-imm16-ret,CANDIDATE,constant-return method body
28203,FHAMPAOJBGC,73110,AEGNNPENLNM,0x7FB9390,mov-ax-imm16-ret,CANDIDATE,constant-return method body
28204,ADLNHBEDALG,20840,AEGNNPENLNM,0x10F79E40,mov-ax-imm16-ret,CANDIDATE,constant-return method body
28207,LHADHFNIEKL,69003,AEGNNPENLNM,0x12CA8960,mov-ax-imm16-ret,CANDIDATE,constant-return method body
28208,PNCHOHMMOCC,54378,AEGNNPENLNM,0x124466A0,mov-ax-imm16-ret,CANDIDATE,constant-return method body
28209,PDNKOEPJBOA,28061,AEGNNPENLNM,0x131862C0,mov-ax-imm16-ret,CANDIDATE,constant-return method body
28218,PNHCMAGFFEP,79641,AEGNNPENLNM,0xE87FFD0,mov-ax-imm16-ret,CANDIDATE,constant-return method body
28223,MFDIFEHLPAF,72340,AEGNNPENLNM,0x842F5E0,mov-ax-imm16-ret,CANDIDATE,constant-return method body
28227,JHBKPBHEGHA,12687,AEGNNPENLNM,0xC028820,mov-ax-imm16-ret,CANDIDATE,constant-return method body
28234,LJBEPPLKGPC,49952,AEGNNPENLNM,0xC21D9E0,mov-ax-imm16-ret,CANDIDATE,constant-return method body
28236,GAPPOIHMNBE,18908,AEGNNPENLNM,0xCA1AA30,mov-ax-imm16-ret,CANDIDATE,constant-return method body
28241,HJPKCAGLFKA,45406,AEGNNPENLNM,0x13672630,mov-ax-imm16-ret,CANDIDATE,constant-return method body
28247,LMGGNFFGNBC,58406,AEGNNPENLNM,0xAA551C0,mov-ax-imm16-ret,CANDIDATE,constant-return method body
28248,MAMLEMFIEKB,28551,AEGNNPENLNM,0xAA783D0,mov-ax-imm16-ret,CANDIDATE,constant-return method body
28249,LEHJCMLGDEO,57810,AEGNNPENLNM,0x11410300,mov-ax-imm16-ret,CANDIDATE,constant-return method body
28250,EKMFKPPBBEO,52901,AEGNNPENLNM,0xEA68FF0,mov-ax-imm16-ret,CANDIDATE,constant-return method body
28252,GFKBIEFBAOI,28670,AEGNNPENLNM,0x97B71D0,mov-ax-imm16-ret,CANDIDATE,constant-return method body
28254,LNFEMIAOGOA,55638,AEGNNPENLNM,0xC282BA0,mov-ax-imm16-ret,CANDIDATE,constant-return method body
28260,HDOOPLHBCDF,79437,AEGNNPENLNM,0xF96D3C0,mov-ax-imm16-ret,CANDIDATE,constant-return method body
28261,NIJPIGGDDAP,69341,AEGNNPENLNM,0xFF8AF70,mov-ax-imm16-ret,CANDIDATE,constant-return method body
28265,MLEFICBMBAC,87464,AEGNNPENLNM,0x1153D900,mov-ax-imm16-ret,CANDIDATE,constant-return method body
28268,HFKOHLOKGCI,68966,AEGNNPENLNM,0xBE945E0,mov-ax-imm16-ret,CANDIDATE,constant-return method body
28269,DIEGBAFJEEN,55274,AEGNNPENLNM,0xC84BD30,mov-ax-imm16-ret,CANDIDATE,constant-return method body
28272,CHLHKFKEPCH,54168,AEGNNPENLNM,0x13E958E0,mov-ax-imm16-ret,CANDIDATE,constant-return method body
28279,ILPCMKAJFKE,79589,AEGNNPENLNM,0x1120D450,mov-ax-imm16-ret,CANDIDATE,constant-return method body
28282,POCFEDIFGBO,37635,AEGNNPENLNM,0xD276460,mov-ax-imm16-ret,CANDIDATE,constant-return method body
28284,KCNLHMJEHDD,57056,AEGNNPENLNM,0x9B9B380,mov-ax-imm16-ret,CANDIDATE,constant-return method body
28288,OKAEELIEIAB,87168,AEGNNPENLNM,0xB875490,mov-ax-imm16-ret,CANDIDATE,constant-return method body
28289,GCNLDMBIFDE,79418,AEGNNPENLNM,0x1108E020,mov-ax-imm16-ret,CANDIDATE,constant-return method body
28295,BNDFCLHMJFL,79066,AEGNNPENLNM,0x10C147B0,mov-ax-imm16-ret,CANDIDATE,constant-return method body
28302,OCICBHCHHMP,32322,AEGNNPENLNM,0x10B44680,mov-ax-imm16-ret,CANDIDATE,constant-return method body
28314,FLNFDFNMION,62738,AEGNNPENLNM,0x12650F60,mov-ax-imm16-ret,CANDIDATE,constant-return method body
28321,GOJGHNDKDAP,36246,AEGNNPENLNM,0x8074FD0,mov-ax-imm16-ret,CANDIDATE,constant-return method body
28322,FMMABBFHIAC,19525,AEGNNPENLNM,0x126987F0,mov-ax-imm16-ret,CANDIDATE,constant-return method body
28324,BLBCPBNBICD,85267,AEGNNPENLNM,0x9B3B3C0,mov-ax-imm16-ret,CANDIDATE,constant-return method body
28328,GEMNIBGOAAH,15953,AEGNNPENLNM,0x11BE6F40,mov-ax-imm16-ret,CANDIDATE,constant-return method body
28334,FNPPFODHKGB,50310,AEGNNPENLNM,0x1269E950,mov-ax-imm16-ret,CANDIDATE,constant-return method body
28335,EFHFMHHICBI,31599,AEGNNPENLNM,0x1031CD00,mov-ax-imm16-ret,CANDIDATE,constant-return method body
28341,KLJEAFOKAGP,77792,AEGNNPENLNM,0x9004B00,mov-ax-imm16-ret,CANDIDATE,constant-return method body
28344,GEGHGLNFNLC,16317,AEGNNPENLNM,0xF8B44B0,mov-ax-imm16-ret,CANDIDATE,constant-return method body
28346,BAGMIMMNNFM,34146,AEGNNPENLNM,0x8E58250,mov-ax-imm16-ret,CANDIDATE,constant-return method body
28347,KCLEFCNMAJM,69001,AEGNNPENLNM,0x9B95A80,mov-ax-imm16-ret,CANDIDATE,constant-return method body
28348,KCGJHMIJIIG,63329,AEGNNPENLNM,0x9B92240,mov-ax-imm16-ret,CANDIDATE,constant-return method body
28353,LLDANCHJELL,21694,AEGNNPENLNM,0xCE47550,mov-ax-imm16-ret,CANDIDATE,constant-return method body
28358,HLJEALPONCA,44675,AEGNNPENLNM,0x1114EB60,mov-ax-imm16-ret,CANDIDATE,constant-return method body
28359,HALKKJBFEGP,19553,AEGNNPENLNM,0x129B1820,mov-ax-imm16-ret,CANDIDATE,constant-return method body
28366,OOACACKMIED,77469,AEGNNPENLNM,0xF4247E0,mov-ax-imm16-ret,CANDIDATE,constant-return method body
28371,FAMMBNBDDEA,37709,AEGNNPENLNM,0x11002C30,mov-ax-imm16-ret,CANDIDATE,constant-return method body
28374,NMBEJIAKDPL,19289,AEGNNPENLNM,0x10B1FE90,mov-ax-imm16-ret,CANDIDATE,constant-return method body
28379,EBLANEFDIBI,67435,AEGNNPENLNM,0xF679090,mov-ax-imm16-ret,CANDIDATE,constant-return method body
28380,HNBFMIIPGOF,80361,AEGNNPENLNM,0x13686980,mov-ax-imm16-ret,CANDIDATE,constant-return method body
28381,LMOEOJMLPLG,73541,AEGNNPENLNM,0xFD50540,mov-ax-imm16-ret,CANDIDATE,constant-return method body
28382,PIHAALJGKIK,24861,AEGNNPENLNM,0x13DEB750,mov-ax-imm16-ret,CANDIDATE,constant-return method body
28385,IIKKDAJAONI,55310,AEGNNPENLNM,0x111EA110,mov-ax-imm16-ret,CANDIDATE,constant-return method body
28386,HOEMBBIENFO,53749,AEGNNPENLNM,0x105A3240,mov-ax-imm16-ret,CANDIDATE,constant-return method body
28390,FNMHDOMFIOB,49408,AEGNNPENLNM,0xBBECA40,mov-ax-imm16-ret,CANDIDATE,constant-return method body
28396,JBHOPCDNAPC,71898,AEGNNPENLNM,0x112407B0,mov-ax-imm16-ret,CANDIDATE,constant-return method body
28399,PMOHLGIMNFF,59988,AEGNNPENLNM,0x7C85530,mov-ax-imm16-ret,CANDIDATE,constant-return method body
28401,OAKBDOPLKGE,25037,AEGNNPENLNM,0x1172A970,mov-ax-imm16-ret,CANDIDATE,constant-return method body
28402,ELFFACMIPOI,26833,AEGNNPENLNM,0x11AE6D80,mov-ax-imm16-ret,CANDIDATE,constant-return method body
28406,JGLFJCEMBEM,80984,AEGNNPENLNM,0x7679CC0,mov-ax-imm16-ret,CANDIDATE,constant-return method body
28425,NBHMGIJCELN,19792,AEGNNPENLNM,0x92B6ED0,mov-ax-imm16-ret,CANDIDATE,constant-return method body
28427,PDAOLMFLLMJ,32939,AEGNNPENLNM,0x123EE990,mov-ax-imm16-ret,CANDIDATE,constant-return method body
28435,AKBJFAPBLLN,74546,AEGNNPENLNM,0xC9ACC10,mov-ax-imm16-ret,CANDIDATE,constant-return method body
28453,GIALPMNPDHK,44184,AEGNNPENLNM,0xCA65170,mov-ax-imm16-ret,CANDIDATE,constant-return method body
28456,KCDFOCHBFFN,26297,AEGNNPENLNM,0x8F8F920,mov-ax-imm16-ret,CANDIDATE,constant-return method body
28467,OJBIIADKFEI,25569,AEGNNPENLNM,0xD14C6A0,mov-ax-imm16-ret,CANDIDATE,constant-return method body
28469,NPKCMDOCCHF,25582,AEGNNPENLNM,0xAD43E80,mov-ax-imm16-ret,CANDIDATE,constant-return method body
28481,ACBJNOADLNB,88791,AEGNNPENLNM,0x126D9D60,mov-ax-imm16-ret,CANDIDATE,constant-return method body
28484,FMNPDINCBBK,77308,AEGNNPENLNM,0xD4AA8A0,mov-ax-imm16-ret,CANDIDATE,constant-return method body
28488,JPECJLEDEHD,60163,AEGNNPENLNM,0x11F09540,mov-ax-imm16-ret,CANDIDATE,constant-return method body
28490,OADCCJJFGDJ,57908,AEGNNPENLNM,0x9EF0310,mov-ax-imm16-ret,CANDIDATE,constant-return method body
28491,KAFLGIOHGHC,34745,AEGNNPENLNM,0x11F10580,mov-ax-imm16-ret,CANDIDATE,constant-return method body
28492,PPDDEABCAEG,70894,AEGNNPENLNM,0x124523C0,mov-ax-imm16-ret,CANDIDATE,constant-return method body
28493,NELGCMLBICB,17958,AEGNNPENLNM,0x7ADEDF0,mov-ax-imm16-ret,CANDIDATE,constant-return method body
28495,ELCEAAHAFMD,82189,AEGNNPENLNM,0xBB43450,mov-ax-imm16-ret,CANDIDATE,constant-return method body
28500,OAHDGLHKPHI,19259,AEGNNPENLNM,0x86425F0,mov-ax-imm16-ret,CANDIDATE,constant-return method body
28501,GFJPEHEAGGP,51271,AEGNNPENLNM,0xF8BB610,mov-ax-imm16-ret,CANDIDATE,constant-return method body
28508,MOGHGLIIBBL,30329,AEGNNPENLNM,0x115506F0,mov-ax-imm16-ret,CANDIDATE,constant-return method body
28509,MECEHMDFCKH,42780,AEGNNPENLNM,0xF169B20,mov-ax-imm16-ret,CANDIDATE,constant-return method body
28510,OIPGJDLIBHB,28666,AEGNNPENLNM,0x868B540,mov-ax-imm16-ret,CANDIDATE,constant-return method body
28518,MEMDBPOHNEN,79198,AEGNNPENLNM,0x120CC0E0,mov-ax-imm16-ret,CANDIDATE,constant-return method body
28526,JHMBNCLFGGI,13443,AEGNNPENLNM,0x106C4820,mov-ax-imm16-ret,CANDIDATE,constant-return method body
28528,NHDLPBFHACE,57171,AEGNNPENLNM,0xACED2B0,mov-ax-imm16-ret,CANDIDATE,constant-return method body
28533,CNNKLCMPMJN,77364,AEGNNPENLNM,0x13EEBC10,mov-ax-imm16-ret,CANDIDATE,constant-return method body
28537,LFNCKAKLHHP,35002,AEGNNPENLNM,0xFD0B670,mov-ax-imm16-ret,CANDIDATE,constant-return method body
28539,EBOOLFNANGM,79188,AEGNNPENLNM,0x10E0C340,mov-ax-imm16-ret,CANDIDATE,constant-return method body
28549,EJJIOPOANLH,48169,AEGNNPENLNM,0xBB384A0,mov-ax-imm16-ret,CANDIDATE,constant-return method body
28555,MEADBPDFKHL,17340,AEGNNPENLNM,0x120C7CB0,mov-ax-imm16-ret,CANDIDATE,constant-return method body
28564,CJDIMDMPFOK,13971,AEGNNPENLNM,0x7A1CE50,mov-ax-imm16-ret,CANDIDATE,constant-return method body
28568,IAMJGEPHMEM,53036,AEGNNPENLNM,0x105BA3A0,mov-ax-imm16-ret,CANDIDATE,constant-return method body
28570,NMCLJLNAEIJ,25830,AEGNNPENLNM,0x1308D0F0,mov-ax-imm16-ret,CANDIDATE,constant-return method body
28571,OIPNFDEDONE,34607,AEGNNPENLNM,0xE77F780,mov-ax-imm16-ret,CANDIDATE,constant-return method body
28572,NEEDEOLJPMI,75779,AEGNNPENLNM,0x13BF6E30,mov-ax-imm16-ret,CANDIDATE,constant-return method body
28574,FDNNJLICCEJ,65216,AEGNNPENLNM,0x1283DF60,mov-ax-imm16-ret,CANDIDATE,constant-return method body
28577,PPCIJGDOLCA,27310,AEGNNPENLNM,0x1018A2A0,mov-ax-imm16-ret,CANDIDATE,constant-return method body
28581,CNNILKEKICD,20786,AEGNNPENLNM,0xF5B2940,mov-ax-imm16-ret,CANDIDATE,constant-return method body
28583,HDHBEMJFNJE,51168,AEGNNPENLNM,0xD675390,mov-ax-imm16-ret,CANDIDATE,constant-return method body
28591,MKDGJGGNKAI,32899,AEGNNPENLNM,0x11524A00,mov-ax-imm16-ret,CANDIDATE,constant-return method body
28600,FMNPPAONFHH,86107,AEGNNPENLNM,0x7FF4F80,mov-ax-imm16-ret,CANDIDATE,constant-return method body
28609,NKHKMKCJFJE,74816,AEGNNPENLNM,0x10B15E70,mov-ax-imm16-ret,CANDIDATE,constant-return method body
28610,DOILHCILLPO,20981,AEGNNPENLNM,0xD39C250,mov-ax-imm16-ret,CANDIDATE,constant-return method body
28616,LGEJHECKHGM,15060,AEGNNPENLNM,0x9C49C70,mov-ax-imm16-ret,CANDIDATE,constant-return method body
28625,OEOPBPECLDK,37674,AEGNNPENLNM,0x7B8E670,mov-ax-imm16-ret,CANDIDATE,constant-return method body
28628,EDNNDPIMNGC,24115,AEGNNPENLNM,0xD3D76B0,mov-ax-imm16-ret,CANDIDATE,constant-return method body
28633,AFPALGDDGLD,40947,AEGNNPENLNM,0xD4EDF70,mov-ax-imm16-ret,CANDIDATE,constant-return method body
28646,PJHAFCCKDDN,86936,AEGNNPENLNM,0x13DECFE0,mov-ax-imm16-ret,CANDIDATE,constant-return method body
28648,OJGGLIFAJDG,51870,AEGNNPENLNM,0xD14CE20,mov-ax-imm16-ret,CANDIDATE,constant-return method body
28660,ILANKENLOAJ,21462,AEGNNPENLNM,0xA72E770,mov-ax-imm16-ret,CANDIDATE,constant-return method body
28661,GBGGOEANIBF,67279,AEGNNPENLNM,0x126BD840,mov-ax-imm16-ret,CANDIDATE,constant-return method body
28664,BNFFFIADBIH,27125,AEGNNPENLNM,0xB914A70,mov-ax-imm16-ret,CANDIDATE,constant-return method body
28672,AGCOHOMHBNL,27751,get_metaTypeID,0x11B6E0C0,mov-eax-imm32-ret,CANDIDATE,constant-return method body
28676,NINJBFEHCHB,63109,AEGNNPENLNM,0xFF8DCF0,mov-ax-imm16-ret,CANDIDATE,constant-return method body
28678,LEHOLOJCMKH,70774,AEGNNPENLNM,0x1393A170,mov-ax-imm16-ret,CANDIDATE,constant-return method body
28680,MBBKBMPJPHM,22946,AEGNNPENLNM,0xAA7A6F0,mov-ax-imm16-ret,CANDIDATE,constant-return method body
28686,CMFJGNNLGFG,81581,AEGNNPENLNM,0x119A9630,mov-ax-imm16-ret,CANDIDATE,constant-return method body
28687,GOKAHCIJCEI,31096,AEGNNPENLNM,0x13616650,mov-ax-imm16-ret,CANDIDATE,constant-return method body
28688,EDFINAMHGCG,12815,AEGNNPENLNM,0x127AC140,mov-ax-imm16-ret,CANDIDATE,constant-return method body
28693,ALGAEFJBBBD,77127,AEGNNPENLNM,0x10461340,mov-ax-imm16-ret,CANDIDATE,constant-return method body
28697,MKEAINMPMHM,14044,AEGNNPENLNM,0x792CCF0,mov-ax-imm16-ret,CANDIDATE,constant-return method body
28698,BANJLBFMBFK,56114,AEGNNPENLNM,0x971FE00,mov-ax-imm16-ret,CANDIDATE,constant-return method body
28716,JOGCMPDGPEB,56368,AEGNNPENLNM,0xC0E0EA0,mov-ax-imm16-ret,CANDIDATE,constant-return method body
28718,IPMDLDDNAAN,83894,AEGNNPENLNM,0x9A397A0,mov-ax-imm16-ret,CANDIDATE,constant-return method body
28720,AIELEPPGOFH,53373,AEGNNPENLNM,0x12715F30,mov-ax-imm16-ret,CANDIDATE,constant-return method body
28721,EKHPIIEIKHK,60427,AEGNNPENLNM,0x125D72E0,mov-ax-imm16-ret,CANDIDATE,constant-return method body
28722,HGIIODGPFFJ,39853,AEGNNPENLNM,0xB22DD40,mov-ax-imm16-ret,CANDIDATE,constant-return method body
28729,KJKGDCOKAIJ,59534,AEGNNPENLNM,0xFC88C00,mov-ax-imm16-ret,CANDIDATE,constant-return method body
28732,PMICIHLAEEP,80825,AEGNNPENLNM,0xB9A5440,mov-ax-imm16-ret,CANDIDATE,constant-return method body
28735,HDMBFAJEKIK,77478,AEGNNPENLNM,0xED8EA60,mov-ax-imm16-ret,CANDIDATE,constant-return method body
28752,KFDOFCKIIFP,87053,AEGNNPENLNM,0x10737460,mov-ax-imm16-ret,CANDIDATE,constant-return method body
28753,DGLIILMAGKK,55370,AEGNNPENLNM,0x13421F20,mov-ax-imm16-ret,CANDIDATE,constant-return method body
28754,KCOLBPAOHMN,69482,AEGNNPENLNM,0xB423020,mov-ax-imm16-ret,CANDIDATE,constant-return method body
28757,MFNFACJDOHD,73499,AEGNNPENLNM,0x9CF6F20,mov-ax-imm16-ret,CANDIDATE,constant-return method body
28759,DFLMIOONCJN,82497,AEGNNPENLNM,0xD35B870,mov-ax-imm16-ret,CANDIDATE,constant-return method body
28763,MKAENDKCFJM,82109,AEGNNPENLNM,0x90E96B0,mov-ax-imm16-ret,CANDIDATE,constant-return method body
28768,LFNBDKHKAIK,39812,AEGNNPENLNM,0xE4AC190,mov-ax-imm16-ret,CANDIDATE,constant-return method body
28770,KGIHMODEIEM,65639,AEGNNPENLNM,0x9BB2110,mov-ax-imm16-ret,CANDIDATE,constant-return method body
28785,DBNBHLFNKEI,33460,AEGNNPENLNM,0x10276B40,mov-ax-imm16-ret,CANDIDATE,constant-return method body
28786,DOMHDOODOEF,43323,AEGNNPENLNM,0x10DFA2C0,mov-ax-imm16-ret,CANDIDATE,constant-return method body
28789,NHIIJLCDNMJ,44565,AEGNNPENLNM,0xE6C5730,mov-ax-imm16-ret,CANDIDATE,constant-return method body
28790,GCDFHBJGKBO,46422,AEGNNPENLNM,0x126C0E20,mov-ax-imm16-ret,CANDIDATE,constant-return method body
28796,KGMEOCMDMKD,30431,AEGNNPENLNM,0x82A98F0,mov-ax-imm16-ret,CANDIDATE,constant-return method body
28798,CFHJLLMBCPO,60145,AEGNNPENLNM,0xAF6AD20,mov-ax-imm16-ret,CANDIDATE,constant-return method body
28802,JPKBHKMAHND,47920,AEGNNPENLNM,0x12BE6550,mov-ax-imm16-ret,CANDIDATE,constant-return method body
28806,PLNAIHFBMDF,73025,AEGNNPENLNM,0xAE19170,mov-ax-imm16-ret,CANDIDATE,constant-return method body
28807,FGEJKJEJMDM,57346,AEGNNPENLNM,0xBBB0C80,mov-ax-imm16-ret,CANDIDATE,constant-return method body
28812,BEOFALOEGGE,32595,AEGNNPENLNM,0x7F5A690,mov-ax-imm16-ret,CANDIDATE,constant-return method body
28813,EHKAIPAKCLA,71974,AEGNNPENLNM,0x11ACFD70,mov-ax-imm16-ret,CANDIDATE,constant-return method body
28816,JJCHJHLAMPG,20004,AEGNNPENLNM,0xEF4CC40,mov-ax-imm16-ret,CANDIDATE,constant-return method body
28820,DNHEHKDMOBB,76235,AEGNNPENLNM,0x88A1240,mov-ax-imm16-ret,CANDIDATE,constant-return method body
28822,FIAMKGKKFHE,43280,AEGNNPENLNM,0x1102CFD0,mov-ax-imm16-ret,CANDIDATE,constant-return method body
28824,PPGFHHOCAML,71291,AEGNNPENLNM,0xF4FCAE0,mov-ax-imm16-ret,CANDIDATE,constant-return method body
28836,CEJCMACHGLI,63304,AEGNNPENLNM,0xB9FBE30,mov-ax-imm16-ret,CANDIDATE,constant-return method body
28838,FMIFEJNLKHE,33361,AEGNNPENLNM,0x11056370,mov-ax-imm16-ret,CANDIDATE,constant-return method body
28843,DCGHMAIAKEG,17904,AEGNNPENLNM,0x10D8AB20,mov-ax-imm16-ret,CANDIDATE,constant-return method body
28844,IDAOONMMIBO,75948,AEGNNPENLNM,0x7563170,mov-ax-imm16-ret,CANDIDATE,constant-return method body
28845,KAOPEHEKIJM,47810,AEGNNPENLNM,0x7716F30,mov-ax-imm16-ret,CANDIDATE,constant-return method body
28850,AJANJNMIGKF,80371,AEGNNPENLNM,0x718DD70,mov-ax-imm16-ret,CANDIDATE,constant-return method body
28851,GMNIHKAOJHH,48029,AEGNNPENLNM,0xF9243E0,mov-ax-imm16-ret,CANDIDATE,constant-return method body
28856,CKLNFDJHOIC,34272,AEGNNPENLNM,0xD2EFCD0,mov-ax-imm16-ret,CANDIDATE,constant-return method body
28857,PLEGEFKNEGE,48203,AEGNNPENLNM,0xD25BE90,mov-ax-imm16-ret,CANDIDATE,constant-return method body
28865,KGJAMEFMEDJ,17693,AEGNNPENLNM,0xB440480,mov-ax-imm16-ret,CANDIDATE,constant-return method body
28867,MGAMOLMHNJI,12698,AEGNNPENLNM,0x8434C50,mov-ax-imm16-ret,CANDIDATE,constant-return method body
28875,JNDCHIGIOAP,22521,AEGNNPENLNM,0x8F565E0,mov-ax-imm16-ret,CANDIDATE,constant-return method body
28879,IEBGLJAIKMI,66065,AEGNNPENLNM,0x8D638A0,mov-ax-imm16-ret,CANDIDATE,constant-return method body
28881,CHCNAGBBKMN,88672,AEGNNPENLNM,0x101F0F90,mov-ax-imm16-ret,CANDIDATE,constant-return method body
28882,APDIFKOKHLB,50970,AEGNNPENLNM,0x12749DF0,mov-ax-imm16-ret,CANDIDATE,constant-return method body
28883,HIEIDNBBDGP,57579,AEGNNPENLNM,0x98C1D90,mov-ax-imm16-ret,CANDIDATE,constant-return method body
28888,CAMFIDENDNK,68376,AEGNNPENLNM,0x123CB470,mov-ax-imm16-ret,CANDIDATE,constant-return method body
28896,JBHMFLBBJGC,56225,AEGNNPENLNM,0xCC42D10,mov-ax-imm16-ret,CANDIDATE,constant-return method body
28917,CKBOEGLABIN,31037,AEGNNPENLNM,0xC7A43B0,mov-ax-imm16-ret,CANDIDATE,constant-return method body
28934,BGGFEJLLIJH,15913,AEGNNPENLNM,0xB530800,mov-ax-imm16-ret,CANDIDATE,constant-return method body
28939,LCEKKJDEGIF,58713,AEGNNPENLNM,0x107DC9F0,mov-ax-imm16-ret,CANDIDATE,constant-return method body
28940,KNDNHCCHJKD,24509,AEGNNPENLNM,0x12C50AF0,mov-ax-imm16-ret,CANDIDATE,constant-return method body
28941,EELOCMDKALB,38518,AEGNNPENLNM,0x125B9460,mov-ax-imm16-ret,CANDIDATE,constant-return method body
28954,HFDPMFDBIGA,19462,AEGNNPENLNM,0x80AC510,mov-ax-imm16-ret,CANDIDATE,constant-return method body
28956,HMPONADMCOF,15174,AEGNNPENLNM,0x13684920,mov-ax-imm16-ret,CANDIDATE,constant-return method body
28960,MJBNIIKOOPO,27701,AEGNNPENLNM,0x12106FC0,mov-ax-imm16-ret,CANDIDATE,constant-return method body
28966,JMGCOCJKCHJ,18636,AEGNNPENLNM,0xEF820B0,mov-ax-imm16-ret,CANDIDATE,constant-return method body
28970,OBGEFECEGKN,12241,AEGNNPENLNM,0x933ECB0,mov-ax-imm16-ret,CANDIDATE,constant-return method body
28971,CCIKOJNCIHB,88743,AEGNNPENLNM,0x11906330,mov-ax-imm16-ret,CANDIDATE,constant-return method body
28972,NNLEEINCCHP,49028,AEGNNPENLNM,0x11716BB0,mov-ax-imm16-ret,CANDIDATE,constant-return method body
28982,PDEFENPADAI,21203,AEGNNPENLNM,0x123F0330,mov-ax-imm16-ret,CANDIDATE,constant-return method body
28985,PBBEOCOFPJK,60676,AEGNNPENLNM,0x123E5C20,mov-ax-imm16-ret,CANDIDATE,constant-return method body
28988,JIEMMKANFMF,51301,AEGNNPENLNM,0x137E01E0,mov-ax-imm16-ret,CANDIDATE,constant-return method body
28990,PIMCNMHPJKN,72978,AEGNNPENLNM,0xA03DE90,mov-ax-imm16-ret,CANDIDATE,constant-return method body
28996,NFMDCICOGHH,65964,AEGNNPENLNM,0xFF715D0,mov-ax-imm16-ret,CANDIDATE,constant-return method body
29002,FMIOONJGKBH,35265,AEGNNPENLNM,0x7FF4720,mov-ax-imm16-ret,CANDIDATE,constant-return method body
29003,LBPEHCANNPK,77820,AEGNNPENLNM,0x12C7B110,mov-ax-imm16-ret,CANDIDATE,constant-return method body
29006,ACMCIFOJAKJ,71555,AEGNNPENLNM,0xB0E6310,mov-ax-imm16-ret,CANDIDATE,constant-return method body
29015,PPODKELNBLE,15683,AEGNNPENLNM,0x13E45BB0,mov-ax-imm16-ret,CANDIDATE,constant-return method body
29030,NECMPBCCGID,48905,AEGNNPENLNM,0xF33DD90,mov-ax-imm16-ret,CANDIDATE,constant-return method body
29031,OAPJLNDKEFH,25339,AEGNNPENLNM,0x7B74EA0,mov-ax-imm16-ret,CANDIDATE,constant-return method body
29034,HOFJMFDIEFN,23314,AEGNNPENLNM,0x12A41E30,mov-ax-imm16-ret,CANDIDATE,constant-return method body
29037,MCIKHIPMCBN,45845,AEGNNPENLNM,0x8422190,mov-ax-imm16-ret,CANDIDATE,constant-return method body
29041,HDCDHFGDILG,37656,AEGNNPENLNM,0x129D0820,mov-ax-imm16-ret,CANDIDATE,constant-return method body
29044,JMKIEANKOMC,75141,AEGNNPENLNM,0xE35BA20,mov-ax-imm16-ret,CANDIDATE,constant-return method body
29045,HKEPBNJCADF,17649,AEGNNPENLNM,0x8CEB110,mov-ax-imm16-ret,CANDIDATE,constant-return method body
29049,IGKGCKNHJNE,68413,AEGNNPENLNM,0xFA0FBE0,mov-ax-imm16-ret,CANDIDATE,constant-return method body
29056,FDKMJCJCMGN,67741,AEGNNPENLNM,0x1283D650,mov-ax-imm16-ret,CANDIDATE,constant-return method body
29064,LKLBHJJGOFC,42759,AEGNNPENLNM,0xFD3F1F0,mov-ax-imm16-ret,CANDIDATE,constant-return method body
29068,BHLPPPOMCHM,48381,AEGNNPENLNM,0x138BB430,mov-ax-imm16-ret,CANDIDATE,constant-return method body
29071,JONJNGOECIP,53271,AEGNNPENLNM,0x12BC6190,mov-ax-imm16-ret,CANDIDATE,constant-return method body
29072,PEJHJNOLBII,69083,AEGNNPENLNM,0xC698EC0,mov-ax-imm16-ret,CANDIDATE,constant-return method body
29086,LECGODAJNGA,24551,AEGNNPENLNM,0xFD032B0,mov-ax-imm16-ret,CANDIDATE,constant-return method body
29089,MNEEMEEKHPC,12016,AEGNNPENLNM,0x109918B0,mov-ax-imm16-ret,CANDIDATE,constant-return method body
29096,EIIIOOCAGGL,29930,AEGNNPENLNM,0x14010B70,mov-ax-imm16-ret,CANDIDATE,constant-return method body
29099,GLCIPNBJBJI,71352,AEGNNPENLNM,0x8059930,mov-ax-imm16-ret,CANDIDATE,constant-return method body
29103,KIFMLHLBJJI,65274,AEGNNPENLNM,0xC167CC0,mov-ax-imm16-ret,CANDIDATE,constant-return method body
29110,NEJOGJGJECB,46640,AEGNNPENLNM,0x9EA7AA0,mov-ax-imm16-ret,CANDIDATE,constant-return method body
29111,ILEKEEJNGFJ,67779,AEGNNPENLNM,0xFAC9FF0,mov-ax-imm16-ret,CANDIDATE,constant-return method body
29122,HNJOOJMPNAB,72795,AEGNNPENLNM,0x11193D40,mov-ax-imm16-ret,CANDIDATE,constant-return method body
29134,POLBJNBOCPA,15432,AEGNNPENLNM,0xC6F0500,mov-ax-imm16-ret,CANDIDATE,constant-return method body
29136,HEKGLDMCGMO,38851,AEGNNPENLNM,0xF970500,mov-ax-imm16-ret,CANDIDATE,constant-return method body
29138,FNMOPDAJHAH,21177,AEGNNPENLNM,0x7365EB0,mov-ax-imm16-ret,CANDIDATE,constant-return method body
29147,IHCGNDPHCOL,56996,AEGNNPENLNM,0x137058D0,mov-ax-imm16-ret,CANDIDATE,constant-return method body
29148,NJEHDFEAHJL,70187,AEGNNPENLNM,0xAD11900,mov-ax-imm16-ret,CANDIDATE,constant-return method body
29149,NHPCEIKHKDK,72230,AEGNNPENLNM,0x130167C0,mov-ax-imm16-ret,CANDIDATE,constant-return method body
29158,EOFPCMAJKIB,28321,AEGNNPENLNM,0x72C9F30,mov-ax-imm16-ret,CANDIDATE,constant-return method body
29159,FKGGNODOMIL,45358,AEGNNPENLNM,0xBD7F110,mov-ax-imm16-ret,CANDIDATE,constant-return method body
29162,IIENOGFPDNF,76341,AEGNNPENLNM,0x1370DB30,mov-ax-imm16-ret,CANDIDATE,constant-return method body
29163,PGIAGAOMLGA,80883,AEGNNPENLNM,0x11857860,mov-ax-imm16-ret,CANDIDATE,constant-return method body
29166,FCAJILKJGKJ,49456,AEGNNPENLNM,0xBD33240,mov-ax-imm16-ret,CANDIDATE,constant-return method body
29171,LLPIBKNEFOD,77372,AEGNNPENLNM,0x78748E0,mov-ax-imm16-ret,CANDIDATE,constant-return method body
29173,PGNHICDDEGM,80686,AEGNNPENLNM,0x10C02BB0,mov-ax-imm16-ret,CANDIDATE,constant-return method body
29174,FFMHDMDACOK,74575,AEGNNPENLNM,0x1351B2A0,mov-ax-imm16-ret,CANDIDATE,constant-return method body
29180,KFGOBCFJGFC,18055,AEGNNPENLNM,0xFC50BE0,mov-ax-imm16-ret,CANDIDATE,constant-return method body
29182,JJEDMEHBEOC,44252,AEGNNPENLNM,0xFB4A880,mov-ax-imm16-ret,CANDIDATE,constant-return method body
29185,IMIADPCFIMB,55852,AEGNNPENLNM,0xFACDA10,mov-ax-imm16-ret,CANDIDATE,constant-return method body
29186,BLPBMJPICGK,65099,AEGNNPENLNM,0xCDF7D90,mov-ax-imm16-ret,CANDIDATE,constant-return method body
29187,BMMDDOONHIN,35608,AEGNNPENLNM,0xAEFEC50,mov-ax-imm16-ret,CANDIDATE,constant-return method body
29194,EKLJNKFPCFF,40944,AEGNNPENLNM,0xBCEDE80,mov-ax-imm16-ret,CANDIDATE,constant-return method body
29197,ALCFBICJFDF,43716,AEGNNPENLNM,0x134995A0,mov-ax-imm16-ret,CANDIDATE,constant-return method body
29199,IEGCEAGIHBC,88404,AEGNNPENLNM,0x999D550,mov-ax-imm16-ret,CANDIDATE,constant-return method body
29209,FCAHOKDNIKN,75140,AEGNNPENLNM,0xD444C40,mov-ax-imm16-ret,CANDIDATE,constant-return method body
29216,KAPMOAOJDEP,45851,AEGNNPENLNM,0x138321A0,mov-ax-imm16-ret,CANDIDATE,constant-return method body
29223,IENIEABJPFN,17968,AEGNNPENLNM,0xD7180A0,mov-ax-imm16-ret,CANDIDATE,constant-return method body
29224,DFGMOGMLDHD,48398,AEGNNPENLNM,0x8852460,mov-ax-imm16-ret,CANDIDATE,constant-return method body
29228,MLLBODJOEMG,48856,AEGNNPENLNM,0x12D5E810,mov-ax-imm16-ret,CANDIDATE,constant-return method body
29231,PFOFOFAAKJM,16187,AEGNNPENLNM,0x10BFA320,mov-ax-imm16-ret,CANDIDATE,constant-return method body
29232,IJJHGBNCMAD,84943,AEGNNPENLNM,0xCC015C0,mov-ax-imm16-ret,CANDIDATE,constant-return method body
29240,KGDEDMBPGBP,86541,AEGNNPENLNM,0x7738CB0,mov-ax-imm16-ret,CANDIDATE,constant-return method body
29245,NIOALGDHODC,57368,AEGNNPENLNM,0xB7E4F90,mov-ax-imm16-ret,CANDIDATE,constant-return method body
29249,COEHNJKKECG,38683,AEGNNPENLNM,0xBA4C130,mov-ax-imm16-ret,CANDIDATE,constant-return method body
29251,CCHEPNPOHDL,76070,AEGNNPENLNM,0x10C394E0,mov-ax-imm16-ret,CANDIDATE,constant-return method body
29261,HEEKGCDJOPO,64121,AEGNNPENLNM,0xD67B5A0,mov-ax-imm16-ret,CANDIDATE,constant-return method body
29262,FPGJMIDDEIG,82199,AEGNNPENLNM,0x7370C80,mov-ax-imm16-ret,CANDIDATE,constant-return method body
29266,NIGGDLJALJE,75108,AEGNNPENLNM,0x7B01660,mov-ax-imm16-ret,CANDIDATE,constant-return method body
29271,NLCAGNDAFJK,45692,AEGNNPENLNM,0x9ED07A0,mov-ax-imm16-ret,CANDIDATE,constant-return method body
29272,HHBNFPMBEFM,69467,AEGNNPENLNM,0x80B88D0,mov-ax-imm16-ret,CANDIDATE,constant-return method body
29278,FDLHOAECDPF,47108,AEGNNPENLNM,0xBD3F6F0,mov-ax-imm16-ret,CANDIDATE,constant-return method body
29285,OMHCNJGPGGA,54471,AEGNNPENLNM,0x13148670,mov-ax-imm16-ret,CANDIDATE,constant-return method body
29290,IPEADLLFCKP,36706,AEGNNPENLNM,0xCC34BF0,mov-ax-imm16-ret,CANDIDATE,constant-return method body
29294,NMLLNPDHDIL,77905,AEGNNPENLNM,0xC5B1220,mov-ax-imm16-ret,CANDIDATE,constant-return method body
29295,BGELGAIJHFG,34369,AEGNNPENLNM,0xFBFA490,mov-ax-imm16-ret,CANDIDATE,constant-return method body
29296,OPAIAJADEPO,13433,AEGNNPENLNM,0x118238C0,mov-ax-imm16-ret,CANDIDATE,constant-return method body
29298,LDCGIBKLLEB,43458,AEGNNPENLNM,0x107E29C0,mov-ax-imm16-ret,CANDIDATE,constant-return method body
29299,HDHKAIGBGJK,81104,AEGNNPENLNM,0x1110DDB0,mov-ax-imm16-ret,CANDIDATE,constant-return method body
29300,EMFDGADEDBM,76811,AEGNNPENLNM,0xBB4ECA0,mov-ax-imm16-ret,CANDIDATE,constant-return method body
29308,GBLKJOPAMFD,24652,AEGNNPENLNM,0x128D47F0,mov-ax-imm16-ret,CANDIDATE,constant-return method body
29309,BOFHJLNKJMJ,69258,AEGNNPENLNM,0xC723820,mov-ax-imm16-ret,CANDIDATE,constant-return method body
29310,FAINLEJBEJJ,72938,AEGNNPENLNM,0x1037CB80,mov-ax-imm16-ret,CANDIDATE,constant-return method body
29312,GHDCCJKHBMG,13252,AEGNNPENLNM,0xA552CB0,mov-ax-imm16-ret,CANDIDATE,constant-return method body
29313,HFHJEKLPFOD,42058,AEGNNPENLNM,0xCAF8C90,mov-ax-imm16-ret,CANDIDATE,constant-return method body
29322,GFGCFCPGPMP,81974,AEGNNPENLNM,0x8BF2890,mov-ax-imm16-ret,CANDIDATE,constant-return method body
29328,BEHAOHKACIM,83620,AEGNNPENLNM,0xC0B06D0,mov-ax-imm16-ret,CANDIDATE,constant-return method body
29333,LIGNCPIEGIA,27298,AEGNNPENLNM,0x9C5CAF0,mov-ax-imm16-ret,CANDIDATE,constant-return method body
29340,GANMJCFHMII,69608,AEGNNPENLNM,0x126BC800,mov-ax-imm16-ret,CANDIDATE,constant-return method body
29346,FOBAGIBJFOG,31607,AEGNNPENLNM,0xD5B0EC0,mov-ax-imm16-ret,CANDIDATE,constant-return method body
29347,DJNCKOJIOOG,55532,AEGNNPENLNM,0xA157D20,mov-ax-imm16-ret,CANDIDATE,constant-return method body
29349,AGHLKECDDIA,48630,AEGNNPENLNM,0xF7AD550,mov-ax-imm16-ret,CANDIDATE,constant-return method body
29351,MAPIJBHHJDP,85763,AEGNNPENLNM,0x8419A70,mov-ax-imm16-ret,CANDIDATE,constant-return method body
29353,NMNCLBPEJPL,58332,AEGNNPENLNM,0x7B418D0,mov-ax-imm16-ret,CANDIDATE,constant-return method body
29355,NEACFKLLADA,82525,AEGNNPENLNM,0x85E1F90,mov-ax-imm16-ret,CANDIDATE,constant-return method body
29368,AHMIMIDGNDM,37901,AEGNNPENLNM,0x10FA6E00,mov-ax-imm16-ret,CANDIDATE,constant-return method body
29369,OBNOBCMOFFD,38002,AEGNNPENLNM,0x7B77C20,mov-ax-imm16-ret,CANDIDATE,constant-return method body
29374,KFLONPAGAEL,79964,AEGNNPENLNM,0xB436240,mov-ax-imm16-ret,CANDIDATE,constant-return method body
29379,FOHLFFCPOAM,35442,AEGNNPENLNM,0x126A2B50,mov-ax-imm16-ret,CANDIDATE,constant-return method body
29381,FEHCLCNOKHB,56719,AEGNNPENLNM,0xEB823F0,mov-ax-imm16-ret,CANDIDATE,constant-return method body
29383,GKDPGOCPHKK,26906,AEGNNPENLNM,0xBE0F130,mov-ax-imm16-ret,CANDIDATE,constant-return method body
29386,AENPPODAIJF,71530,AEGNNPENLNM,0x126F49A0,mov-ax-imm16-ret,CANDIDATE,constant-return method body
29394,BJAKCGEFOPN,50064,AEGNNPENLNM,0xC465670,mov-ax-imm16-ret,CANDIDATE,constant-return method body
29400,IAHGKJDFEAM,73452,AEGNNPENLNM,0x8D47260,mov-ax-imm16-ret,CANDIDATE,constant-return method body
29402,JMIGEIOOJDB,56780,AEGNNPENLNM,0xB3DBAC0,mov-ax-imm16-ret,CANDIDATE,constant-return method body
29403,DJMDBACGNOH,27651,AEGNNPENLNM,0xB03B130,mov-ax-imm16-ret,CANDIDATE,constant-return method body
29404,KAHEOCDCJJI,69645,AEGNNPENLNM,0x13831E50,mov-ax-imm16-ret,CANDIDATE,constant-return method body
29407,KJKHLLHNNPA,64766,AEGNNPENLNM,0x13873DE0,mov-ax-imm16-ret,CANDIDATE,constant-return method body
29408,NNIMFCLJNCO,77380,AEGNNPENLNM,0xC5B65C0,mov-ax-imm16-ret,CANDIDATE,constant-return method body
29415,PLJOJEFNKPJ,85459,AEGNNPENLNM,0x10CA8CC0,mov-ax-imm16-ret,CANDIDATE,constant-return method body
29419,ILPDKFJGJKJ,72104,AEGNNPENLNM,0x8DBE110,mov-ax-imm16-ret,CANDIDATE,constant-return method body
29428,NBKLACHMLFI,29856,AEGNNPENLNM,0xB761760,mov-ax-imm16-ret,CANDIDATE,constant-return method body
29437,CJKJHLCBEOO,80168,AEGNNPENLNM,0xBA2A0A0,mov-ax-imm16-ret,CANDIDATE,constant-return method body
29446,PJOPJPGGJJC,34277,AEGNNPENLNM,0xA044750,mov-ax-imm16-ret,CANDIDATE,constant-return method body
29450,IEFAGJELKAJ,16042,AEGNNPENLNM,0x111C11B0,mov-ax-imm16-ret,CANDIDATE,constant-return method body
29451,LCHFENICIBM,40166,AEGNNPENLNM,0x12C7CC00,mov-ax-imm16-ret,CANDIDATE,constant-return method body
29465,FBBAOEGFEKG,18974,AEGNNPENLNM,0xA42BA80,mov-ax-imm16-ret,CANDIDATE,constant-return method body
29467,GOMDMKJPFGN,79076,AEGNNPENLNM,0x11C4C0A0,mov-ax-imm16-ret,CANDIDATE,constant-return method body
29470,HAJBBFAJLIO,79184,AEGNNPENLNM,0xA5BEC40,mov-ax-imm16-ret,CANDIDATE,constant-return method body
29473,DJMEFBCFFHM,81365,AEGNNPENLNM,0xD379B80,mov-ax-imm16-ret,CANDIDATE,constant-return method body
29479,NIFGMJFIIJP,53568,AEGNNPENLNM,0xACFCF10,mov-ax-imm16-ret,CANDIDATE,constant-return method body
29488,OCHPGHIKCGA,37549,AEGNNPENLNM,0x10B44340,mov-ax-imm16-ret,CANDIDATE,constant-return method body
29493,OEOEKKJENIO,80512,AEGNNPENLNM,0x13103C80,mov-ax-imm16-ret,CANDIDATE,constant-return method body
29497,GKEKIIKFJJN,12182,AEGNNPENLNM,0x8C12460,mov-ax-imm16-ret,CANDIDATE,constant-return method body
29498,AIENAHOBDPO,41247,AEGNNPENLNM,0x7EE2900,mov-ax-imm16-ret,CANDIDATE,constant-return method body
29499,GAALPLLEAFB,32362,AEGNNPENLNM,0x8011170,mov-ax-imm16-ret,CANDIDATE,constant-return method body
29502,OEIHANPJNOP,18059,AEGNNPENLNM,0x123222F0,mov-ax-imm16-ret,CANDIDATE,constant-return method body
29508,IFNGAGEMDBN,28213,AEGNNPENLNM,0xB2AB990,mov-ax-imm16-ret,CANDIDATE,constant-return method body
29510,NLDBGDDKKEC,67668,AEGNNPENLNM,0xB8063C0,mov-ax-imm16-ret,CANDIDATE,constant-return method body
29512,DLNNCJCJPOB,21293,AEGNNPENLNM,0x7EAFE90,mov-ax-imm16-ret,CANDIDATE,constant-return method body
29520,DNIDBCNAGLJ,76475,AEGNNPENLNM,0xE9B9900,mov-ax-imm16-ret,CANDIDATE,constant-return method body
29521,MBBGGNJHALP,46276,AEGNNPENLNM,0x139EBA40,mov-ax-imm16-ret,CANDIDATE,constant-return method body
29526,JILNPPKCBOD,21688,AEGNNPENLNM,0x137E2B70,mov-ax-imm16-ret,CANDIDATE,constant-return method body
29528,EFBEOIOIOEG,81666,AEGNNPENLNM,0xA1CD810,mov-ax-imm16-ret,CANDIDATE,constant-return method body
29536,OONLJFKFAHO,77111,AEGNNPENLNM,0xADBBB10,mov-ax-imm16-ret,CANDIDATE,constant-return method body
29538,ONKKMJBJNGJ,49160,AEGNNPENLNM,0x9FDABA0,mov-ax-imm16-ret,CANDIDATE,constant-return method body
29540,LGDGNLKHIJD,46651,AEGNNPENLNM,0xE4AE350,mov-ax-imm16-ret,CANDIDATE,constant-return method body
29544,NPNDBNNIHEE,72410,AEGNNPENLNM,0xB823D30,mov-ax-imm16-ret,CANDIDATE,constant-return method body
29559,FHMPOFOBPLE,34495,AEGNNPENLNM,0x12898260,mov-ax-imm16-ret,CANDIDATE,constant-return method body
29560,FAMMDJJLBFI,45863,AEGNNPENLNM,0xEA9A6D0,mov-ax-imm16-ret,CANDIDATE,constant-return method body
29562,JDGFLHJHLJA,13910,AEGNNPENLNM,0xE314030,mov-ax-imm16-ret,CANDIDATE,constant-return method body
29568,HGOJFNPKNCF,39132,AEGNNPENLNM,0x80B68F0,mov-ax-imm16-ret,CANDIDATE,constant-return method body
29574,HIAFHAILIGP,41185,AEGNNPENLNM,0x80BA750,mov-ax-imm16-ret,CANDIDATE,constant-return method body
29575,PACDHEINJML,42584,AEGNNPENLNM,0x100FFDA0,mov-ax-imm16-ret,CANDIDATE,constant-return method body
29580,MHHEOPIAOPA,21324,AEGNNPENLNM,0xF188370,mov-ax-imm16-ret,CANDIDATE,constant-return method body
29581,NCAFJEMKKMC,54955,AEGNNPENLNM,0xACAC310,mov-ax-imm16-ret,CANDIDATE,constant-return method body
29587,GEEEFJBIKMA,87376,AEGNNPENLNM,0x8BEBF20,mov-ax-imm16-ret,CANDIDATE,constant-return method body
29588,GLFEAKONECH,76149,AEGNNPENLNM,0xBE15810,mov-ax-imm16-ret,CANDIDATE,constant-return method body
29591,PAAHDBMLCLD,39199,AEGNNPENLNM,0x10BB7F20,mov-ax-imm16-ret,CANDIDATE,constant-return method body
29598,HNFKJCCBHCM,49615,AEGNNPENLNM,0x74F1160,mov-ax-imm16-ret,CANDIDATE,constant-return method body
29599,LKLJFDDJNPN,44327,AEGNNPENLNM,0x1144A1B0,mov-ax-imm16-ret,CANDIDATE,constant-return method body
29601,NBEAEDOAGOG,57578,AEGNNPENLNM,0xF320A20,mov-ax-imm16-ret,CANDIDATE,constant-return method body
29610,FMHCIFDCKHO,16708,AEGNNPENLNM,0xD4A9440,mov-ax-imm16-ret,CANDIDATE,constant-return method body
29612,MEDCPPNCIGP,77596,AEGNNPENLNM,0x78C4390,mov-ax-imm16-ret,CANDIDATE,constant-return method body
29621,MGLDHJJKKEM,28358,AEGNNPENLNM,0x843C660,mov-ax-imm16-ret,CANDIDATE,constant-return method body
29623,JIAPFOPMBLJ,60832,AEGNNPENLNM,0x821A250,mov-ax-imm16-ret,CANDIDATE,constant-return method body
29632,FBDADANEFMN,56146,AEGNNPENLNM,0x128257B0,mov-ax-imm16-ret,CANDIDATE,constant-return method body
29634,DJIPILNMGFN,22225,AEGNNPENLNM,0xD377800,mov-ax-imm16-ret,CANDIDATE,constant-return method body
29640,BAOKLJNGMDO,33816,AEGNNPENLNM,0x11FD0090,mov-ax-imm16-ret,CANDIDATE,constant-return method body
29641,MJODBCCHOFH,66886,AEGNNPENLNM,0x12D45130,mov-ax-imm16-ret,CANDIDATE,constant-return method body
29643,KCDPIOIFFGK,27418,AEGNNPENLNM,0xE3956B0,mov-ax-imm16-ret,CANDIDATE,constant-return method body
29645,OMFLOKLMIGF,67300,AEGNNPENLNM,0x86AC9D0,mov-ax-imm16-ret,CANDIDATE,constant-return method body
29649,ICCDEJPFJEB,30831,AEGNNPENLNM,0xCBBC730,mov-ax-imm16-ret,CANDIDATE,constant-return method body
29657,NBNACCPHHJF,74727,AEGNNPENLNM,0xF32B380,mov-ax-imm16-ret,CANDIDATE,constant-return method body
29660,ACMJFHBHLIB,32696,AEGNNPENLNM,0x126DED20,mov-ax-imm16-ret,CANDIDATE,constant-return method body
29662,HECCEDLNCID,76220,AEGNNPENLNM,0x11C88CF0,mov-ax-imm16-ret,CANDIDATE,constant-return method body
29665,HFMDDGLKBFD,75255,AEGNNPENLNM,0x9878650,mov-ax-imm16-ret,CANDIDATE,constant-return method body
29672,JOODBAEPFFC,44295,AEGNNPENLNM,0x1070B500,mov-ax-imm16-ret,CANDIDATE,constant-return method body
29673,DPGAICDKOCN,59047,AEGNNPENLNM,0xD3A3C50,mov-ax-imm16-ret,CANDIDATE,constant-return method body
29674,AMFNAHOJBGP,30589,AEGNNPENLNM,0xC9BB290,mov-ax-imm16-ret,CANDIDATE,constant-return method body
29682,OEJGFDGDICJ,77580,AEGNNPENLNM,0xD12C720,mov-ax-imm16-ret,CANDIDATE,constant-return method body
29685,OBNGKCJNGDN,29146,AEGNNPENLNM,0xB82D050,mov-ax-imm16-ret,CANDIDATE,constant-return method body
29694,ANCMJOOKMKD,69107,AEGNNPENLNM,0x10FD4670,mov-ax-imm16-ret,CANDIDATE,constant-return method body
29699,PJDIGNAILFN,23315,AEGNNPENLNM,0x118718F0,mov-ax-imm16-ret,CANDIDATE,constant-return method body
29702,MNCLLNEAMHG,78202,AEGNNPENLNM,0xF1ADDD0,mov-ax-imm16-ret,CANDIDATE,constant-return method body
29707,HPPBLIEHGMH,13752,AEGNNPENLNM,0xBF030C0,mov-ax-imm16-ret,CANDIDATE,constant-return method body
29708,AFAOBOMPMJO,43869,AEGNNPENLNM,0x7ED7DC0,mov-ax-imm16-ret,CANDIDATE,constant-return method body
29713,IGDHPOILOML,74766,AEGNNPENLNM,0xCBE9A30,mov-ax-imm16-ret,CANDIDATE,constant-return method body
29718,KNJFMKBAMJI,75544,AEGNNPENLNM,0x12C55AD0,mov-ax-imm16-ret,CANDIDATE,constant-return method body
29721,NCKBDKHKKPK,26387,AEGNNPENLNM,0x85DBA90,mov-ax-imm16-ret,CANDIDATE,constant-return method body
29723,ICOIMPMEEPH,51423,AEGNNPENLNM,0x136E7A30,mov-ax-imm16-ret,CANDIDATE,constant-return method body
29724,KDOCBHEGBKP,29196,AEGNNPENLNM,0xEFD7300,mov-ax-imm16-ret,CANDIDATE,constant-return method body
29728,MPAAGGAFGMB,27947,AEGNNPENLNM,0x13A841F0,mov-ax-imm16-ret,CANDIDATE,constant-return method body
29731,FGDLPEPLMAN,60990,AEGNNPENLNM,0xBBB0890,mov-ax-imm16-ret,CANDIDATE,constant-return method body
29733,CBNGNBLCGJC,20083,AEGNNPENLNM,0x13CD0070,mov-ax-imm16-ret,CANDIDATE,constant-return method body
29742,LGIBJLJDMPK,29450,AEGNNPENLNM,0xCE1F2D0,mov-ax-imm16-ret,CANDIDATE,constant-return method body
29743,ANKJPJMPNIP,15441,AEGNNPENLNM,0xB15DF10,mov-ax-imm16-ret,CANDIDATE,constant-return method body
29745,EOHEJBJKFFI,41441,AEGNNPENLNM,0x10368540,mov-ax-imm16-ret,CANDIDATE,constant-return method body
29748,KEDFLBJIIDO,30824,AEGNNPENLNM,0x107320B0,mov-ax-imm16-ret,CANDIDATE,constant-return method body
29754,KMJEFHAJAPN,84567,AEGNNPENLNM,0xF078440,mov-ax-imm16-ret,CANDIDATE,constant-return method body
29756,IDOJBDCIAAE,45476,AEGNNPENLNM,0x105ECAE0,mov-ax-imm16-ret,CANDIDATE,constant-return method body
29760,JHJBEJJBLNA,72228,AEGNNPENLNM,0xC02AB60,mov-ax-imm16-ret,CANDIDATE,constant-return method body
29763,GLDIPHAJLAP,77021,AEGNNPENLNM,0xBE14B60,mov-ax-imm16-ret,CANDIDATE,constant-return method body
29764,IAOOIIFLJKB,50798,AEGNNPENLNM,0xB2760E0,mov-ax-imm16-ret,CANDIDATE,constant-return method body
29767,JIIPAMLOJNH,17580,AEGNNPENLNM,0x7693470,mov-ax-imm16-ret,CANDIDATE,constant-return method body
29773,NFBENOFGPMM,26812,AEGNNPENLNM,0x1227DD70,mov-ax-imm16-ret,CANDIDATE,constant-return method body
29774,LFFJPJKJBBO,58912,AEGNNPENLNM,0xC1F5570,mov-ax-imm16-ret,CANDIDATE,constant-return method body
29776,MNPFFKIHFAL,63424,AEGNNPENLNM,0xE5780B0,mov-ax-imm16-ret,CANDIDATE,constant-return method body
29784,KDBNEJOCBKO,18486,AEGNNPENLNM,0xE397AF0,mov-ax-imm16-ret,CANDIDATE,constant-return method body
29789,CIBABKHMBCM,28160,AEGNNPENLNM,0x7A101B0,mov-ax-imm16-ret,CANDIDATE,constant-return method body
29790,CEGMFMKNCFC,36886,AEGNNPENLNM,0x86EABF0,mov-ax-imm16-ret,CANDIDATE,constant-return method body
29798,CDOGGEAILLE,31196,AEGNNPENLNM,0x13CD7250,mov-ax-imm16-ret,CANDIDATE,constant-return method body
29805,BGEHEAFFLFI,75386,AEGNNPENLNM,0xEE9D570,mov-ax-imm16-ret,CANDIDATE,constant-return method body
29811,EAOBAHDKKIL,12295,AEGNNPENLNM,0x72238E0,mov-ax-imm16-ret,CANDIDATE,constant-return method body
29813,LALPOACIBKF,45093,AEGNNPENLNM,0x113F17C0,mov-ax-imm16-ret,CANDIDATE,constant-return method body
29823,AMFCEIKEGBM,71952,AEGNNPENLNM,0x96F2E70,mov-ax-imm16-ret,CANDIDATE,constant-return method body
29829,FINBPFIEBCG,53106,AEGNNPENLNM,0xBD74D30,mov-ax-imm16-ret,CANDIDATE,constant-return method body
29830,EEOBKIFFAGC,70197,AEGNNPENLNM,0xF6A60F0,mov-ax-imm16-ret,CANDIDATE,constant-return method body
29833,FACGOJCKGNN,42178,AEGNNPENLNM,0x1281FF90,mov-ax-imm16-ret,CANDIDATE,constant-return method body
29834,IFBPOEOILAE,23684,AEGNNPENLNM,0xD719E20,mov-ax-imm16-ret,CANDIDATE,constant-return method body
29837,KFNLKANGICO,50004,AEGNNPENLNM,0x12C16AB0,mov-ax-imm16-ret,CANDIDATE,constant-return method body
29842,LJOEOIILFFM,78568,AEGNNPENLNM,0x9068500,mov-ax-imm16-ret,CANDIDATE,constant-return method body
29844,KBHAJLIBJLP,82039,AEGNNPENLNM,0x12BEE500,mov-ax-imm16-ret,CANDIDATE,constant-return method body
29847,DFNCDIMMAKM,41991,AEGNNPENLNM,0x10DAC2E0,mov-ax-imm16-ret,CANDIDATE,constant-return method body
29855,CPOBILKOHMA,82144,AEGNNPENLNM,0xA0EA9E0,mov-ax-imm16-ret,CANDIDATE,constant-return method body
29860,FOJJKIJGCHL,29489,AEGNNPENLNM,0x7367F70,mov-ax-imm16-ret,CANDIDATE,constant-return method body
29878,LMECHMMOANM,55936,AEGNNPENLNM,0x1145B530,mov-ax-imm16-ret,CANDIDATE,constant-return method body
29881,EEEMLEKEADP,79611,AEGNNPENLNM,0xEA00990,mov-ax-imm16-ret,CANDIDATE,constant-return method body
29882,JAPPNIJIJDB,19422,AEGNNPENLNM,0xA89D1F0,mov-ax-imm16-ret,CANDIDATE,constant-return method body
29885,KBLIMHCPJHP,54497,AEGNNPENLNM,0xCD072A0,mov-ax-imm16-ret,CANDIDATE,constant-return method body
29887,LGCNFPDDKKH,61181,AEGNNPENLNM,0x904ADE0,mov-ax-imm16-ret,CANDIDATE,constant-return method body
29891,HFJKOKMPBEA,33039,AEGNNPENLNM,0x105686C0,mov-ax-imm16-ret,CANDIDATE,constant-return method body
29896,FCDCDOGKNLE,50010,AEGNNPENLNM,0x110084F0,mov-ax-imm16-ret,CANDIDATE,constant-return method body
29898,FNCNGBGDFAH,73154,AEGNNPENLNM,0xD4B0480,mov-ax-imm16-ret,CANDIDATE,constant-return method body
29899,EEBEBEAFEOP,88820,AEGNNPENLNM,0xBB11D70,mov-ax-imm16-ret,CANDIDATE,constant-return method body
29901,BLBDDHLEMAD,84107,AEGNNPENLNM,0xB567330,mov-ax-imm16-ret,CANDIDATE,constant-return method body
29904,NEHBIICNOHP,85702,AEGNNPENLNM,0x13BF9220,mov-ax-imm16-ret,CANDIDATE,constant-return method body
29906,NNEMFKAHICM,22348,AEGNNPENLNM,0x7B44050,mov-ax-imm16-ret,CANDIDATE,constant-return method body
29907,NCADKGFANNB,63512,AEGNNPENLNM,0x12FE5280,mov-ax-imm16-ret,CANDIDATE,constant-return method body
29916,EGIAAENFGEP,75263,AEGNNPENLNM,0xEA18650,mov-ax-imm16-ret,CANDIDATE,constant-return method body
29921,OFCHFGGIJKC,59508,AEGNNPENLNM,0xAD80CB0,mov-ax-imm16-ret,CANDIDATE,constant-return method body
29923,HIICPKAFCDE,39245,AEGNNPENLNM,0x129F3D90,mov-ax-imm16-ret,CANDIDATE,constant-return method body
29925,CMFNAFMNHMJ,30992,AEGNNPENLNM,0x10D3A3A0,mov-ax-imm16-ret,CANDIDATE,constant-return method body
29928,HAFJALLIIFF,43543,AEGNNPENLNM,0xBE4CA60,mov-ax-imm16-ret,CANDIDATE,constant-return method body
29930,KGFINDPNEHK,46925,AEGNNPENLNM,0xB43FDD0,mov-ax-imm16-ret,CANDIDATE,constant-return method body
29933,AOEBDBGHGLO,32335,AEGNNPENLNM,0x1047BA70,mov-ax-imm16-ret,CANDIDATE,constant-return method body
29937,BCMALIBHAOD,69457,AEGNNPENLNM,0xD54F340,mov-ax-imm16-ret,CANDIDATE,constant-return method body
29947,DDCGHMCEIMO,80721,AEGNNPENLNM,0x1340AB40,mov-ax-imm16-ret,CANDIDATE,constant-return method body
29950,LMAAIINAGED,48282,AEGNNPENLNM,0xB4F6530,mov-ax-imm16-ret,CANDIDATE,constant-return method body
29958,GPOCGPKIDND,70623,AEGNNPENLNM,0x129ADF30,mov-ax-imm16-ret,CANDIDATE,constant-return method body
29960,DHDDIAMDABK,63296,AEGNNPENLNM,0x11A05A00,mov-ax-imm16-ret,CANDIDATE,constant-return method body
29966,PKDFPDINIEJ,14339,AEGNNPENLNM,0xC6CFBD0,mov-ax-imm16-ret,CANDIDATE,constant-return method body
29974,LKJBGEEBPEO,50998,AEGNNPENLNM,0x108ADE00,mov-ax-imm16-ret,CANDIDATE,constant-return method body
29980,BKIGOPIKMHI,32329,AEGNNPENLNM,0xF2794F0,mov-ax-imm16-ret,CANDIDATE,constant-return method body
29981,PDLIGDKICHL,50629,AEGNNPENLNM,0x13DB66A0,mov-ax-imm16-ret,CANDIDATE,constant-return method body
29986,JDMCIPMNFKP,17327,AEGNNPENLNM,0xB38D670,mov-ax-imm16-ret,CANDIDATE,constant-return method body
29988,NPDKMOEICJM,36808,AEGNNPENLNM,0xC5C0F50,mov-ax-imm16-ret,CANDIDATE,constant-return method body
29989,OOPGAEAJPFF,62030,AEGNNPENLNM,0xF442550,mov-ax-imm16-ret,CANDIDATE,constant-return method body
29990,EPDKDLGFEAN,87480,AEGNNPENLNM,0xF740EB0,mov-ax-imm16-ret,CANDIDATE,constant-return method body
29991,BFAEJGJBMFK,74423,AEGNNPENLNM,0x11FF3CE0,mov-ax-imm16-ret,CANDIDATE,constant-return method body
30175,HBIDKLKIBKD,48687,AEGNNPENLNM,0x10537030,mov-ax-imm16-ret,CANDIDATE,constant-return method body
30411,AHGEDEDBEJC,66090,AEGNNPENLNM,0x8A4DBB0,mov-ax-imm16-ret,CANDIDATE,constant-return method body
30467,CIIIFFFBKOH,62230,AEGNNPENLNM,0xF585730,mov-ax-imm16-ret,CANDIDATE,constant-return method body
31376,JBBEFNEBIBP,32930,AEGNNPENLNM,0xBFDE2C0,mov-ax-imm16-ret,CANDIDATE,constant-return method body
31503,IMCBBPNFGKC,78013,AEGNNPENLNM,0xE2BCD60,mov-ax-imm16-ret,CANDIDATE,constant-return method body
31522,FDPMMAOFAKJ,23110,AEGNNPENLNM,0x10EB4270,mov-ax-imm16-ret,CANDIDATE,constant-return method body
31595,ECOJGGBDGAE,25804,AEGNNPENLNM,0xBB087E0,mov-ax-imm16-ret,CANDIDATE,constant-return method body
31706,KGFKCMBHCII,14377,AEGNNPENLNM,0x12C22600,mov-ax-imm16-ret,CANDIDATE,constant-return method body
31937,MCIAAAJFDDN,41625,AEGNNPENLNM,0xB59D090,mov-ax-imm16-ret,CANDIDATE,constant-return method body
31991,MLPHIINPFGA,12015,AEGNNPENLNM,0x8468090,mov-ax-imm16-ret,CANDIDATE,constant-return method body
32078,GAJNLMAJDND,77211,AEGNNPENLNM,0x73792C0,mov-ax-imm16-ret,CANDIDATE,constant-return method body
32166,BAMNEDCPFNO,71231,AEGNNPENLNM,0x71D8A20,mov-ax-imm16-ret,CANDIDATE,constant-return method body
32651,LDKFDLCBOFM,14329,AEGNNPENLNM,0xC1D2870,mov-ax-imm16-ret,CANDIDATE,constant-return method body
32768,NDGKHJKJIMN,57314,get_metaTypeID,0xB77FA40,mov-eax-imm32-ret,CANDIDATE,constant-return method body
32926,GJDDPGKCMAE,73823,AEGNNPENLNM,0x8C05D10,mov-ax-imm16-ret,CANDIDATE,constant-return method body
33359,JHKONJHDFPB,55904,AEGNNPENLNM,0x137DCE00,mov-ax-imm16-ret,CANDIDATE,constant-return method body
33404,OLPFPJEHJLN,29348,AEGNNPENLNM,0x131431C0,mov-ax-imm16-ret,CANDIDATE,constant-return method body
33626,BLGBNJKBPLO,39889,AEGNNPENLNM,0xCDF5D10,mov-ax-imm16-ret,CANDIDATE,constant-return method body
33767,NBLJOPKAOJO,45764,AEGNNPENLNM,0xACA23C0,mov-ax-imm16-ret,CANDIDATE,constant-return method body
33783,LFEOMLCOKPC,62966,AEGNNPENLNM,0x9C44980,mov-ax-imm16-ret,CANDIDATE,constant-return method body
33801,ALGDHCNOIPF,49233,AEGNNPENLNM,0x10461840,mov-ax-imm16-ret,CANDIDATE,constant-return method body
33824,ONJGFPGPEFA,51681,AEGNNPENLNM,0x93B3B50,mov-ax-imm16-ret,CANDIDATE,constant-return method body
34409,BONGNKCEMOP,49983,AEGNNPENLNM,0x75FE860,mov-ax-imm16-ret,CANDIDATE,constant-return method body
34583,GIMBNLDPDPD,22892,AEGNNPENLNM,0x740F800,mov-ax-imm16-ret,CANDIDATE,constant-return method body
34833,PNJKANPMDEC,50966,AEGNNPENLNM,0xE881730,mov-ax-imm16-ret,CANDIDATE,constant-return method body
34836,CMPPCEDKBBF,78955,AEGNNPENLNM,0x10258E40,mov-ax-imm16-ret,CANDIDATE,constant-return method body
35239,NLLIKPPLBGM,37551,AEGNNPENLNM,0xFFB49F0,mov-ax-imm16-ret,CANDIDATE,constant-return method body
35285,MBAJDACGOIG,23122,AEGNNPENLNM,0x139EB470,mov-ax-imm16-ret,CANDIDATE,constant-return method body
35389,JLAPMDMEACB,42073,AEGNNPENLNM,0x12BA1600,mov-ax-imm16-ret,CANDIDATE,constant-return method body
35492,PFHFOKOKFCB,23382,AEGNNPENLNM,0xE7E0BA0,mov-ax-imm16-ret,CANDIDATE,constant-return method body
35548,MJPLEAALIHO,12751,AEGNNPENLNM,0x9D17BA0,mov-ax-imm16-ret,CANDIDATE,constant-return method body
35706,JHHJHMACOGC,17759,AEGNNPENLNM,0x106BFA50,mov-ax-imm16-ret,CANDIDATE,constant-return method body
35710,HMPPLINHICM,26500,AEGNNPENLNM,0xF9D1460,mov-ax-imm16-ret,CANDIDATE,constant-return method body
35790,EAKAFCOMPFM,49563,AEGNNPENLNM,0x102F1880,mov-ax-imm16-ret,CANDIDATE,constant-return method body
35906,HJEBMLMEIIH,50073,AEGNNPENLNM,0xBEB8510,mov-ax-imm16-ret,CANDIDATE,constant-return method body
36028,PEJLJJDIKNM,54189,AEGNNPENLNM,0xC699460,mov-ax-imm16-ret,CANDIDATE,constant-return method body
36041,HCKLPAEGPOA,61339,AEGNNPENLNM,0xCAE3820,mov-ax-imm16-ret,CANDIDATE,constant-return method body
36151,MGPKKHMABCF,77799,AEGNNPENLNM,0x9D00450,mov-ax-imm16-ret,CANDIDATE,constant-return method body
36220,PIEKAODDDKF,39608,AEGNNPENLNM,0x10141870,mov-ax-imm16-ret,CANDIDATE,constant-return method body
36317,PCEKDNMCEFC,58321,AEGNNPENLNM,0x93DDBA0,mov-ax-imm16-ret,CANDIDATE,constant-return method body
36354,HFLMJKHAKOD,22839,AEGNNPENLNM,0xB227D40,mov-ax-imm16-ret,CANDIDATE,constant-return method body
36365,JDDEGFMDAED,32160,AEGNNPENLNM,0x81D2CB0,mov-ax-imm16-ret,CANDIDATE,constant-return method body
36367,MPCJDFFFJPH,60585,AEGNNPENLNM,0x9103FB0,mov-ax-imm16-ret,CANDIDATE,constant-return method body
36641,NCBEHBOCBJJ,70557,AEGNNPENLNM,0x13BEF180,mov-ax-imm16-ret,CANDIDATE,constant-return method body
36821,IIPDBPBAGBH,42973,AEGNNPENLNM,0x111EA4D0,mov-ax-imm16-ret,CANDIDATE,constant-return method body
36842,IHEJCHNNPCG,83555,AEGNNPENLNM,0xA701790,mov-ax-imm16-ret,CANDIDATE,constant-return method body
36864,PBDJFMACONE,20732,get_metaTypeID,0xB8D4160,mov-eax-imm32-ret,CANDIDATE,constant-return method body
36874,IJLFMHKAOCO,25950,AEGNNPENLNM,0x10627AF0,mov-ax-imm16-ret,CANDIDATE,constant-return method body
36955,EJPMAKDFCNN,62043,AEGNNPENLNM,0x89BB870,mov-ax-imm16-ret,CANDIDATE,constant-return method body
37043,LBBPOPKFMNO,35955,AEGNNPENLNM,0xC1B8B30,mov-ax-imm16-ret,CANDIDATE,constant-return method body
37208,CLKNGMDHFEO,70507,AEGNNPENLNM,0xAF9E9C0,mov-ax-imm16-ret,CANDIDATE,constant-return method body
37333,NGGPCJBLLLE,51270,AEGNNPENLNM,0xF34B020,mov-ax-imm16-ret,CANDIDATE,constant-return method body
37474,BJDMKODNBIF,44093,AEGNNPENLNM,0x1239EB80,mov-ax-imm16-ret,CANDIDATE,constant-return method body
38520,CCBKEBKEBCG,36820,AEGNNPENLNM,0x118FE650,mov-ax-imm16-ret,CANDIDATE,constant-return method body
38540,IFCMEJKHFDH,44258,AEGNNPENLNM,0x111D1770,mov-ax-imm16-ret,CANDIDATE,constant-return method body
38672,GPCNJECDHGI,56435,AEGNNPENLNM,0xD651F00,mov-ax-imm16-ret,CANDIDATE,constant-return method body
38853,EPLAKGKCHCE,24289,AEGNNPENLNM,0x10372280,mov-ax-imm16-ret,CANDIDATE,constant-return method body
38906,LPGMIKOJCFH,21070,AEGNNPENLNM,0x7899AB0,mov-ax-imm16-ret,CANDIDATE,constant-return method body
39385,IEHBMINOPMG,11790,AEGNNPENLNM,0x11E20890,mov-ax-imm16-ret,CANDIDATE,constant-return method body
39584,FNCIDJDCEJJ,63382,AEGNNPENLNM,0x8BB2190,mov-ax-imm16-ret,CANDIDATE,constant-return method body
39884,AOAHOAJFGOA,51716,AEGNNPENLNM,0x134C9020,mov-ax-imm16-ret,CANDIDATE,constant-return method body
39992,LHOLKLMODDK,56105,AEGNNPENLNM,0x12CAFDD0,mov-ax-imm16-ret,CANDIDATE,constant-return method body
40960,FFCPBKNNGOM,74817,get_metaTypeID,0x13517690,mov-eax-imm32-ret,CANDIDATE,constant-return method body
45056,APFALHGMKHB,35312,get_metaTypeID,0x7F18DC0,mov-eax-imm32-ret,CANDIDATE,constant-return method body
45057,HPFHMBFCHJJ,58495,get_metaTypeID,0xCB8C6D0,mov-eax-imm32-ret,CANDIDATE,constant-return method body
49152,HCDFAFIABIE,58085,get_metaTypeID,0xCAE0B70,mov-eax-imm32-ret,CANDIDATE,constant-return method body
49153,ANFDFELAGJK,63217,get_metaTypeID,0xEB56A20,mov-eax-imm32-ret,CANDIDATE,constant-return method body
49154,INFDOEOJPKF,42804,get_metaTypeID,0xEEDCC00,mov-eax-imm32-ret,CANDIDATE,constant-return method body
49155,MAPKKPMPKCF,55111,get_metaTypeID,0xFD6DD10,mov-eax-imm32-ret,CANDIDATE,constant-return method body
49156,IPPBEMCNNCM,45121,get_metaTypeID,0xBFC97B0,mov-eax-imm32-ret,CANDIDATE,constant-return method body
49157,ECHLGBNJHOB,32569,get_metaTypeID,0x11AADA60,mov-eax-imm32-ret,CANDIDATE,constant-return method body
49158,DPJAJMEKIJM,30827,get_metaTypeID,0xBAE19D0,mov-eax-imm32-ret,CANDIDATE,constant-return method body
49159,JLJILNMMGKN,30029,get_metaTypeID,0xA905E80,mov-eax-imm32-ret,CANDIDATE,constant-return method body
49160,CMFJBENJAKK,21022,get_metaTypeID,0xA0C6550,mov-eax-imm32-ret,CANDIDATE,constant-return method body
49161,PEBBJFLBECF,45722,get_metaTypeID,0x13DB86B0,mov-eax-imm32-ret,CANDIDATE,constant-return method body
49162,AEAMHBKEEDD,16734,get_metaTypeID,0x10F7CE90,mov-eax-imm32-ret,CANDIDATE,constant-return method body
49163,HHBGLOANLEI,63053,get_metaTypeID,0x74A5520,mov-eax-imm32-ret,CANDIDATE,constant-return method body
49164,CJNNANEDFIE,27282,get_metaTypeID,0x7A25910,mov-eax-imm32-ret,CANDIDATE,constant-return method body
49165,ADLMDODPOJB,22651,get_metaTypeID,0x126E91C0,mov-eax-imm32-ret,CANDIDATE,constant-return method body
49166,HODAAHIEMEC,37719,get_metaTypeID,0x75351C0,mov-eax-imm32-ret,CANDIDATE,constant-return method body
53248,MHAJCAOOBFO,50194,get_metaTypeID,0xF1861D0,mov-eax-imm32-ret,CANDIDATE,constant-return method body
53249,FPGBGJEPACI,69866,get_metaTypeID,0xCA0C7D0,mov-eax-imm32-ret,CANDIDATE,constant-return method body
53250,MCOMNEFIMAE,34721,get_metaTypeID,0x78BFAB0,mov-eax-imm32-ret,CANDIDATE,constant-return method body
53251,EGJCDLMNLKE,18234,get_metaTypeID,0xA1D7630,mov-eax-imm32-ret,CANDIDATE,constant-return method body
53252,IGFNDJPHCJE,30767,get_metaTypeID,0x11E3DB60,mov-eax-imm32-ret,CANDIDATE,constant-return method body
53253,DFFNBEFPCAB,83309,get_metaTypeID,0x10DA5540,mov-eax-imm32-ret,CANDIDATE,constant-return method body
53254,AMBAEBMFKGH,80741,get_metaTypeID,0xD522C90,mov-eax-imm32-ret,CANDIDATE,constant-return method body
53255,JHEEGDJLAJL,14714,get_metaTypeID,0x137C9950,mov-eax-imm32-ret,CANDIDATE,constant-return method body
53256,MBKFFJKLDFE,24881,get_metaTypeID,0xFD78FC0,mov-eax-imm32-ret,CANDIDATE,constant-return method body
53257,DLGMLHEBCOO,64684,get_metaTypeID,0xC86EDB0,mov-eax-imm32-ret,CANDIDATE,constant-return method body
57344,BEBPLFJMKKD,79178,get_metaTypeID,0xB5253D0,mov-eax-imm32-ret,CANDIDATE,constant-return method body
61440,FFMAPPHNPCP,35814,get_metaTypeID,0xA29E5B0,mov-eax-imm32-ret,CANDIDATE,constant-return method body
61441,VCAvatarEquipController,50279,get_metaTypeID,0xF311BD0,mov-eax-imm32-ret,CANDIDATE,constant-return method body
61442,PAGDGHILEJB,14665,get_metaTypeID,0xE7B18D0,mov-eax-imm32-ret,CANDIDATE,constant-return method body
61443,VCManekinEquipController,39131,get_metaTypeID,0xAC9D0B0,mov-eax-imm32-ret,CANDIDATE,constant-return method body
