cmd_id,type_name,type_definition_index,get_cmd_id_rva,method_name,pattern,status,evidence
1,GJLCEPFAEME,85479,0xA570350,AEGNNPENLNM,mov-ax-imm16-ret,static-candidate,"same 7.1 GetCmdId method identity as verified 26105 anchor + mov ax, imm16; ret"
4,CCKNKHBEGAD,65871,0x10007E60,AEGNNPENLNM,mov-ax-imm16-ret,static-candidate,"same 7.1 GetCmdId method identity as verified 26105 anchor + mov ax, imm16; ret"
7,FMBHFCMCBEN,37115,0x13574910,AEGNNPENLNM,mov-ax-imm16-ret,static-candidate,"same 7.1 GetCmdId method identity as verified 26105 anchor + mov ax, imm16; ret"
9,BGHJEHIHGIK,23714,0x75BF770,AEGNNPENLNM,mov-ax-imm16-ret,static-candidate,"same 7.1 GetCmdId method identity as verified 26105 anchor + mov ax, imm16; ret"
13,EJKBEPMLFBH,37574,0xBCE9380,AEGNNPENLNM,mov-ax-imm16-ret,static-candidate,"same 7.1 GetCmdId method identity as verified 26105 anchor + mov ax, imm16; ret"
16,JMKLOCLIKBE,57394,0x12BB89E0,AEGNNPENLNM,mov-ax-imm16-ret,static-candidate,"same 7.1 GetCmdId method identity as verified 26105 anchor + mov ax, imm16; ret"
20,EPBCGLJJOCI,39016,0x72CED20,AEGNNPENLNM,mov-ax-imm16-ret,static-candidate,"same 7.1 GetCmdId method identity as verified 26105 anchor + mov ax, imm16; ret"
24,IIDICIKNAIF,87747,0x8D8A0B0,AEGNNPENLNM,mov-ax-imm16-ret,static-candidate,"same 7.1 GetCmdId method identity as verified 26105 anchor + mov ax, imm16; ret"
26,BAAKLINKOOA,56253,0x134D3DC0,AEGNNPENLNM,mov-ax-imm16-ret,static-candidate,"same 7.1 GetCmdId method identity as verified 26105 anchor + mov ax, imm16; ret"
29,FCJEILFKLHE,60988,0x1282F610,AEGNNPENLNM,mov-ax-imm16-ret,static-candidate,"same 7.1 GetCmdId method identity as verified 26105 anchor + mov ax, imm16; ret"
33,HJMADHFGIEP,84716,0xF9AA710,AEGNNPENLNM,mov-ax-imm16-ret,static-candidate,"same 7.1 GetCmdId method identity as verified 26105 anchor + mov ax, imm16; ret"
35,DAOMBHOIPCM,16753,0xA10CFB0,AEGNNPENLNM,mov-ax-imm16-ret,static-candidate,"same 7.1 GetCmdId method identity as verified 26105 anchor + mov ax, imm16; ret"
38,ICMKKCMPIIE,49887,0xFA01E60,AEGNNPENLNM,mov-ax-imm16-ret,static-candidate,"same 7.1 GetCmdId method identity as verified 26105 anchor + mov ax, imm16; ret"
39,KGJLIKAHAIL,33841,0xA968DF0,AEGNNPENLNM,mov-ax-imm16-ret,static-candidate,"same 7.1 GetCmdId method identity as verified 26105 anchor + mov ax, imm16; ret"
42,KEIIKFDOCPD,88530,0xC128280,AEGNNPENLNM,mov-ax-imm16-ret,static-candidate,"same 7.1 GetCmdId method identity as verified 26105 anchor + mov ax, imm16; ret"
48,EBAJCEIPBOM,72844,0x8906370,AEGNNPENLNM,mov-ax-imm16-ret,static-candidate,"same 7.1 GetCmdId method identity as verified 26105 anchor + mov ax, imm16; ret"
50,OOAOLOMEKOJ,47720,0xADB1E90,AEGNNPENLNM,mov-ax-imm16-ret,static-candidate,"same 7.1 GetCmdId method identity as verified 26105 anchor + mov ax, imm16; ret"
56,CCLDCDJBNBL,65287,0x94AE8B0,AEGNNPENLNM,mov-ax-imm16-ret,static-candidate,"same 7.1 GetCmdId method identity as verified 26105 anchor + mov ax, imm16; ret"
57,IHNPOAKEIHN,66809,0x111E6DD0,AEGNNPENLNM,mov-ax-imm16-ret,static-candidate,"same 7.1 GetCmdId method identity as verified 26105 anchor + mov ax, imm16; ret"
60,CLAGPEHHAHK,86635,0xC7AF680,AEGNNPENLNM,mov-ax-imm16-ret,static-candidate,"same 7.1 GetCmdId method identity as verified 26105 anchor + mov ax, imm16; ret"
72,KLMDFHBIJGJ,83810,0xFC93D90,AEGNNPENLNM,mov-ax-imm16-ret,static-candidate,"same 7.1 GetCmdId method identity as verified 26105 anchor + mov ax, imm16; ret"
74,OIDOFCABGOK,51755,0x9388650,AEGNNPENLNM,mov-ax-imm16-ret,static-candidate,"same 7.1 GetCmdId method identity as verified 26105 anchor + mov ax, imm16; ret"
76,PHODOPILJDC,41586,0xE85DCA0,AEGNNPENLNM,mov-ax-imm16-ret,static-candidate,"same 7.1 GetCmdId method identity as verified 26105 anchor + mov ax, imm16; ret"
78,ALLDGGPFGKB,76613,0x1349BB60,AEGNNPENLNM,mov-ax-imm16-ret,static-candidate,"same 7.1 GetCmdId method identity as verified 26105 anchor + mov ax, imm16; ret"
79,MLBFDCJGMOG,43410,0xCEE0B60,AEGNNPENLNM,mov-ax-imm16-ret,static-candidate,"same 7.1 GetCmdId method identity as verified 26105 anchor + mov ax, imm16; ret"
80,MADGANCIMLP,52319,0xFD62D70,AEGNNPENLNM,mov-ax-imm16-ret,static-candidate,"same 7.1 GetCmdId method identity as verified 26105 anchor + mov ax, imm16; ret"
83,GFMKLJJHBCJ,69506,0xA535B50,AEGNNPENLNM,mov-ax-imm16-ret,static-candidate,"same 7.1 GetCmdId method identity as verified 26105 anchor + mov ax, imm16; ret"
86,HGGJCHDFODM,24368,0x11129AA0,AEGNNPENLNM,mov-ax-imm16-ret,static-candidate,"same 7.1 GetCmdId method identity as verified 26105 anchor + mov ax, imm16; ret"
93,OIAEMJKGLIL,83574,0x1009D630,AEGNNPENLNM,mov-ax-imm16-ret,static-candidate,"same 7.1 GetCmdId method identity as verified 26105 anchor + mov ax, imm16; ret"
96,PIKNAIBFMHG,79320,0xAE08880,AEGNNPENLNM,mov-ax-imm16-ret,static-candidate,"same 7.1 GetCmdId method identity as verified 26105 anchor + mov ax, imm16; ret"
98,ADJLPCAIELE,54551,0xD4CF200,AEGNNPENLNM,mov-ax-imm16-ret,static-candidate,"same 7.1 GetCmdId method identity as verified 26105 anchor + mov ax, imm16; ret"
100,GPPPALLHPJJ,27333,0x129AE620,AEGNNPENLNM,mov-ax-imm16-ret,static-candidate,"same 7.1 GetCmdId method identity as verified 26105 anchor + mov ax, imm16; ret"
106,KLPFMOCJCIG,51848,0xB464EE0,AEGNNPENLNM,mov-ax-imm16-ret,static-candidate,"same 7.1 GetCmdId method identity as verified 26105 anchor + mov ax, imm16; ret"
107,GAGICINJJHG,34109,0x128CDBA0,AEGNNPENLNM,mov-ax-imm16-ret,static-candidate,"same 7.1 GetCmdId method identity as verified 26105 anchor + mov ax, imm16; ret"
112,JBHJMLHMHAC,26479,0x112401A0,AEGNNPENLNM,mov-ax-imm16-ret,static-candidate,"same 7.1 GetCmdId method identity as verified 26105 anchor + mov ax, imm16; ret"
114,EELBMOODKDD,67493,0x726DFA0,AEGNNPENLNM,mov-ax-imm16-ret,static-candidate,"same 7.1 GetCmdId method identity as verified 26105 anchor + mov ax, imm16; ret"
115,CNOMMGKIMIH,41262,0x13EEC580,AEGNNPENLNM,mov-ax-imm16-ret,static-candidate,"same 7.1 GetCmdId method identity as verified 26105 anchor + mov ax, imm16; ret"
121,JDKBMCKMOLC,78905,0xCC4F420,AEGNNPENLNM,mov-ax-imm16-ret,static-candidate,"same 7.1 GetCmdId method identity as verified 26105 anchor + mov ax, imm16; ret"
126,MGEKLLPMGBF,86350,0x120D59D0,AEGNNPENLNM,mov-ax-imm16-ret,static-candidate,"same 7.1 GetCmdId method identity as verified 26105 anchor + mov ax, imm16; ret"
127,BICKKHGFDMB,58838,0xCDC5620,AEGNNPENLNM,mov-ax-imm16-ret,static-candidate,"same 7.1 GetCmdId method identity as verified 26105 anchor + mov ax, imm16; ret"
131,JMOHFPKENDP,85561,0x112AFBF0,AEGNNPENLNM,mov-ax-imm16-ret,static-candidate,"same 7.1 GetCmdId method identity as verified 26105 anchor + mov ax, imm16; ret"
133,PHJNHGKDFOF,85440,0xB977260,AEGNNPENLNM,mov-ax-imm16-ret,static-candidate,"same 7.1 GetCmdId method identity as verified 26105 anchor + mov ax, imm16; ret"
136,GOKOHDMMMCN,52871,0x745E6D0,AEGNNPENLNM,mov-ax-imm16-ret,static-candidate,"same 7.1 GetCmdId method identity as verified 26105 anchor + mov ax, imm16; ret"
140,AHACFANFGNB,88772,0xEB1D010,AEGNNPENLNM,mov-ax-imm16-ret,static-candidate,"same 7.1 GetCmdId method identity as verified 26105 anchor + mov ax, imm16; ret"
141,NIDLHAIMGLC,55334,0x9EB9BC0,AEGNNPENLNM,mov-ax-imm16-ret,static-candidate,"same 7.1 GetCmdId method identity as verified 26105 anchor + mov ax, imm16; ret"
151,OMLOKLJLDGH,16880,0x11811A00,AEGNNPENLNM,mov-ax-imm16-ret,static-candidate,"same 7.1 GetCmdId method identity as verified 26105 anchor + mov ax, imm16; ret"
153,HJICELBCHLB,86476,0xA68E080,AEGNNPENLNM,mov-ax-imm16-ret,static-candidate,"same 7.1 GetCmdId method identity as verified 26105 anchor + mov ax, imm16; ret"
155,BLOCCEDOLDK,77004,0xF298CE0,AEGNNPENLNM,mov-ax-imm16-ret,static-candidate,"same 7.1 GetCmdId method identity as verified 26105 anchor + mov ax, imm16; ret"
186,NLOMEGMJDGJ,61556,0x9ED2160,AEGNNPENLNM,mov-ax-imm16-ret,static-candidate,"same 7.1 GetCmdId method identity as verified 26105 anchor + mov ax, imm16; ret"
200,IIMAAONKBEK,20181,0xA713D90,AEGNNPENLNM,mov-ax-imm16-ret,static-candidate,"same 7.1 GetCmdId method identity as verified 26105 anchor + mov ax, imm16; ret"
202,KOHIDIDBLLI,29545,0xC19C230,AEGNNPENLNM,mov-ax-imm16-ret,static-candidate,"same 7.1 GetCmdId method identity as verified 26105 anchor + mov ax, imm16; ret"
206,MCANBANKJKE,34100,0x9CDD2E0,AEGNNPENLNM,mov-ax-imm16-ret,static-candidate,"same 7.1 GetCmdId method identity as verified 26105 anchor + mov ax, imm16; ret"
207,JPDNPHJLLAE,87153,0x82781A0,AEGNNPENLNM,mov-ax-imm16-ret,static-candidate,"same 7.1 GetCmdId method identity as verified 26105 anchor + mov ax, imm16; ret"
209,MDCMLJGMDPI,79970,0xE51F050,AEGNNPENLNM,mov-ax-imm16-ret,static-candidate,"same 7.1 GetCmdId method identity as verified 26105 anchor + mov ax, imm16; ret"
224,LNKJIMCHPHM,79786,0x78815E0,AEGNNPENLNM,mov-ax-imm16-ret,static-candidate,"same 7.1 GetCmdId method identity as verified 26105 anchor + mov ax, imm16; ret"
227,OMAPFMIGCDL,19831,0x7BE38F0,AEGNNPENLNM,mov-ax-imm16-ret,static-candidate,"same 7.1 GetCmdId method identity as verified 26105 anchor + mov ax, imm16; ret"
228,KNCHMEFNHMH,43967,0x138F9AC0,AEGNNPENLNM,mov-ax-imm16-ret,static-candidate,"same 7.1 GetCmdId method identity as verified 26105 anchor + mov ax, imm16; ret"
235,BDLHFBEPFPE,30570,0x71EF0D0,AEGNNPENLNM,mov-ax-imm16-ret,static-candidate,"same 7.1 GetCmdId method identity as verified 26105 anchor + mov ax, imm16; ret"
236,BJMDPNPKNBH,51904,0xB55C160,AEGNNPENLNM,mov-ax-imm16-ret,static-candidate,"same 7.1 GetCmdId method identity as verified 26105 anchor + mov ax, imm16; ret"
237,GEHMGAGEBLL,26177,0xEC10A20,AEGNNPENLNM,mov-ax-imm16-ret,static-candidate,"same 7.1 GetCmdId method identity as verified 26105 anchor + mov ax, imm16; ret"
238,JPGBFOCHHNA,35416,0xB4045D0,AEGNNPENLNM,mov-ax-imm16-ret,static-candidate,"same 7.1 GetCmdId method identity as verified 26105 anchor + mov ax, imm16; ret"
241,IAPKKAAJFLB,83416,0x996CEE0,AEGNNPENLNM,mov-ax-imm16-ret,static-candidate,"same 7.1 GetCmdId method identity as verified 26105 anchor + mov ax, imm16; ret"
244,CNICNEMCFPM,66885,0xC7DF4B0,AEGNNPENLNM,mov-ax-imm16-ret,static-candidate,"same 7.1 GetCmdId method identity as verified 26105 anchor + mov ax, imm16; ret"
252,FPDHLPIFIMP,46563,0xBD9F350,AEGNNPENLNM,mov-ax-imm16-ret,static-candidate,"same 7.1 GetCmdId method identity as verified 26105 anchor + mov ax, imm16; ret"
256,LCHBCHIAKDD,66696,0x836ED20,AEGNNPENLNM,mov-ax-imm16-ret,static-candidate,"same 7.1 GetCmdId method identity as verified 26105 anchor + mov ax, imm16; ret"
260,DAKBJCPEOLF,48645,0x119CA350,AEGNNPENLNM,mov-ax-imm16-ret,static-candidate,"same 7.1 GetCmdId method identity as verified 26105 anchor + mov ax, imm16; ret"
267,HGEHPLEDCCN,76361,0xEDA1350,AEGNNPENLNM,mov-ax-imm16-ret,static-candidate,"same 7.1 GetCmdId method identity as verified 26105 anchor + mov ax, imm16; ret"
280,EIACKJBABFP,76555,0x1400DEB0,AEGNNPENLNM,mov-ax-imm16-ret,static-candidate,"same 7.1 GetCmdId method identity as verified 26105 anchor + mov ax, imm16; ret"
282,OMEIHMCCLPJ,64886,0xD184F00,AEGNNPENLNM,mov-ax-imm16-ret,static-candidate,"same 7.1 GetCmdId method identity as verified 26105 anchor + mov ax, imm16; ret"
283,MOJCKLNMLAD,52641,0x795AC60,AEGNNPENLNM,mov-ax-imm16-ret,static-candidate,"same 7.1 GetCmdId method identity as verified 26105 anchor + mov ax, imm16; ret"
289,KOAJIEBIGKM,48580,0x9C00D70,AEGNNPENLNM,mov-ax-imm16-ret,static-candidate,"same 7.1 GetCmdId method identity as verified 26105 anchor + mov ax, imm16; ret"
291,HBFINHCKCOJ,54972,0x8C65380,AEGNNPENLNM,mov-ax-imm16-ret,static-candidate,"same 7.1 GetCmdId method identity as verified 26105 anchor + mov ax, imm16; ret"
294,INGGEMFIMBG,84803,0x13745570,AEGNNPENLNM,mov-ax-imm16-ret,static-candidate,"same 7.1 GetCmdId method identity as verified 26105 anchor + mov ax, imm16; ret"
298,GFDFKOHEKPK,70422,0xA532F20,AEGNNPENLNM,mov-ax-imm16-ret,static-candidate,"same 7.1 GetCmdId method identity as verified 26105 anchor + mov ax, imm16; ret"
300,PKJOJGEFPCK,44789,0x7C70AD0,AEGNNPENLNM,mov-ax-imm16-ret,static-candidate,"same 7.1 GetCmdId method identity as verified 26105 anchor + mov ax, imm16; ret"
302,BBMOAMEJAJD,60510,0x11383430,AEGNNPENLNM,mov-ax-imm16-ret,static-candidate,"same 7.1 GetCmdId method identity as verified 26105 anchor + mov ax, imm16; ret"
313,AKHFDPGLBCL,61635,0x71B2200,AEGNNPENLNM,mov-ax-imm16-ret,static-candidate,"same 7.1 GetCmdId method identity as verified 26105 anchor + mov ax, imm16; ret"
314,PAHNOFOHLAC,78635,0x9FE9C70,AEGNNPENLNM,mov-ax-imm16-ret,static-candidate,"same 7.1 GetCmdId method identity as verified 26105 anchor + mov ax, imm16; ret"
315,OEPKNIKKFOO,37540,0x13D417D0,AEGNNPENLNM,mov-ax-imm16-ret,static-candidate,"same 7.1 GetCmdId method identity as verified 26105 anchor + mov ax, imm16; ret"
318,GNGOEOOAHKI,30625,0x13605EA0,AEGNNPENLNM,mov-ax-imm16-ret,static-candidate,"same 7.1 GetCmdId method identity as verified 26105 anchor + mov ax, imm16; ret"
325,OIOPJNLHFIC,87459,0x9FB7490,AEGNNPENLNM,mov-ax-imm16-ret,static-candidate,"same 7.1 GetCmdId method identity as verified 26105 anchor + mov ax, imm16; ret"
326,PEBJLDMOOJN,53177,0x93EB8C0,AEGNNPENLNM,mov-ax-imm16-ret,static-candidate,"same 7.1 GetCmdId method identity as verified 26105 anchor + mov ax, imm16; ret"
329,AMMAKOBMKEE,35048,0xC9BD040,AEGNNPENLNM,mov-ax-imm16-ret,static-candidate,"same 7.1 GetCmdId method identity as verified 26105 anchor + mov ax, imm16; ret"
330,GBIOCOEGIKB,75620,0x104A3C90,AEGNNPENLNM,mov-ax-imm16-ret,static-candidate,"same 7.1 GetCmdId method identity as verified 26105 anchor + mov ax, imm16; ret"
332,LJCEMLAOKJA,17765,0xF0F1710,AEGNNPENLNM,mov-ax-imm16-ret,static-candidate,"same 7.1 GetCmdId method identity as verified 26105 anchor + mov ax, imm16; ret"
335,IALKEJKDKNA,67836,0x810BFB0,AEGNNPENLNM,mov-ax-imm16-ret,static-candidate,"same 7.1 GetCmdId method identity as verified 26105 anchor + mov ax, imm16; ret"
344,KMEJKOKEPBA,27480,0xCD4DF10,AEGNNPENLNM,mov-ax-imm16-ret,static-candidate,"same 7.1 GetCmdId method identity as verified 26105 anchor + mov ax, imm16; ret"
350,JBBIFAEDOOI,55906,0xB3458E0,AEGNNPENLNM,mov-ax-imm16-ret,static-candidate,"same 7.1 GetCmdId method identity as verified 26105 anchor + mov ax, imm16; ret"
354,IDNKIAHGAED,64273,0x136EAB50,AEGNNPENLNM,mov-ax-imm16-ret,static-candidate,"same 7.1 GetCmdId method identity as verified 26105 anchor + mov ax, imm16; ret"
375,OCDFAHOACJG,35545,0x123117A0,AEGNNPENLNM,mov-ax-imm16-ret,static-candidate,"same 7.1 GetCmdId method identity as verified 26105 anchor + mov ax, imm16; ret"
378,IAPLCIJHJNG,82560,0xEDF7420,AEGNNPENLNM,mov-ax-imm16-ret,static-candidate,"same 7.1 GetCmdId method identity as verified 26105 anchor + mov ax, imm16; ret"
384,ANHALNIFOBG,35784,0x8AC6050,AEGNNPENLNM,mov-ax-imm16-ret,static-candidate,"same 7.1 GetCmdId method identity as verified 26105 anchor + mov ax, imm16; ret"
389,IAJKEHJNIND,59053,0xB270AC0,AEGNNPENLNM,mov-ax-imm16-ret,static-candidate,"same 7.1 GetCmdId method identity as verified 26105 anchor + mov ax, imm16; ret"
393,FHAPFPDNLBL,14516,0xBBB9CD0,AEGNNPENLNM,mov-ax-imm16-ret,static-candidate,"same 7.1 GetCmdId method identity as verified 26105 anchor + mov ax, imm16; ret"
399,HFIJGJICHOH,27764,0xCAF9450,AEGNNPENLNM,mov-ax-imm16-ret,static-candidate,"same 7.1 GetCmdId method identity as verified 26105 anchor + mov ax, imm16; ret"
406,FJGMJNGPPBL,64532,0xF8448E0,AEGNNPENLNM,mov-ax-imm16-ret,static-candidate,"same 7.1 GetCmdId method identity as verified 26105 anchor + mov ax, imm16; ret"
419,KEENNCJNDHA,64422,0x9BA6B40,AEGNNPENLNM,mov-ax-imm16-ret,static-candidate,"same 7.1 GetCmdId method identity as verified 26105 anchor + mov ax, imm16; ret"
425,HCAPIOKEJAI,40338,0x11102740,AEGNNPENLNM,mov-ax-imm16-ret,static-candidate,"same 7.1 GetCmdId method identity as verified 26105 anchor + mov ax, imm16; ret"
426,AOLBKFKBHFL,37980,0x7F0FF80,AEGNNPENLNM,mov-ax-imm16-ret,static-candidate,"same 7.1 GetCmdId method identity as verified 26105 anchor + mov ax, imm16; ret"
427,GLPMHPDKBCD,78361,0x11C24D20,AEGNNPENLNM,mov-ax-imm16-ret,static-candidate,"same 7.1 GetCmdId method identity as verified 26105 anchor + mov ax, imm16; ret"
429,EPMFBLODKDC,79731,0xF7475C0,AEGNNPENLNM,mov-ax-imm16-ret,static-candidate,"same 7.1 GetCmdId method identity as verified 26105 anchor + mov ax, imm16; ret"
440,BGADNBAEDAB,17410,0xAECA5E0,AEGNNPENLNM,mov-ax-imm16-ret,static-candidate,"same 7.1 GetCmdId method identity as verified 26105 anchor + mov ax, imm16; ret"
450,ALJHLLIFEOO,76196,0x12738200,AEGNNPENLNM,mov-ax-imm16-ret,static-candidate,"same 7.1 GetCmdId method identity as verified 26105 anchor + mov ax, imm16; ret"
454,NANENOAAGPL,77841,0xE689EC0,AEGNNPENLNM,mov-ax-imm16-ret,static-candidate,"same 7.1 GetCmdId method identity as verified 26105 anchor + mov ax, imm16; ret"
462,LDAPKNAJEDD,48477,0xE486590,AEGNNPENLNM,mov-ax-imm16-ret,static-candidate,"same 7.1 GetCmdId method identity as verified 26105 anchor + mov ax, imm16; ret"
467,CGIJPAPCHFK,84456,0x124C05B0,AEGNNPENLNM,mov-ax-imm16-ret,static-candidate,"same 7.1 GetCmdId method identity as verified 26105 anchor + mov ax, imm16; ret"
468,HFOIJHEBPBB,25071,0xA6309A0,AEGNNPENLNM,mov-ax-imm16-ret,static-candidate,"same 7.1 GetCmdId method identity as verified 26105 anchor + mov ax, imm16; ret"
470,BIJMIDLFDPN,34282,0x9749DE0,AEGNNPENLNM,mov-ax-imm16-ret,static-candidate,"same 7.1 GetCmdId method identity as verified 26105 anchor + mov ax, imm16; ret"
472,PLIHJHOHLLL,75638,0x9422450,AEGNNPENLNM,mov-ax-imm16-ret,static-candidate,"same 7.1 GetCmdId method identity as verified 26105 anchor + mov ax, imm16; ret"
475,LJFEMHGKDGJ,13044,0x905D4C0,AEGNNPENLNM,mov-ax-imm16-ret,static-candidate,"same 7.1 GetCmdId method identity as verified 26105 anchor + mov ax, imm16; ret"
478,BHBEFMNPDHL,22800,0xFBFF030,AEGNNPENLNM,mov-ax-imm16-ret,static-candidate,"same 7.1 GetCmdId method identity as verified 26105 anchor + mov ax, imm16; ret"
480,KBLNNKCANDM,18137,0xB41E3D0,AEGNNPENLNM,mov-ax-imm16-ret,static-candidate,"same 7.1 GetCmdId method identity as verified 26105 anchor + mov ax, imm16; ret"
485,NOMABICDACO,70784,0x7B551E0,AEGNNPENLNM,mov-ax-imm16-ret,static-candidate,"same 7.1 GetCmdId method identity as verified 26105 anchor + mov ax, imm16; ret"
486,CDAHDCJJLLL,16829,0xE8285B0,AEGNNPENLNM,mov-ax-imm16-ret,static-candidate,"same 7.1 GetCmdId method identity as verified 26105 anchor + mov ax, imm16; ret"
492,DPFEMPDJDGI,24582,0x12792DE0,AEGNNPENLNM,mov-ax-imm16-ret,static-candidate,"same 7.1 GetCmdId method identity as verified 26105 anchor + mov ax, imm16; ret"
493,GAFAJNIFAOD,16048,0x9794490,AEGNNPENLNM,mov-ax-imm16-ret,static-candidate,"same 7.1 GetCmdId method identity as verified 26105 anchor + mov ax, imm16; ret"
500,EOMDAKHELMM,40333,0x8AF5D90,AEGNNPENLNM,mov-ax-imm16-ret,static-candidate,"same 7.1 GetCmdId method identity as verified 26105 anchor + mov ax, imm16; ret"
501,EAKEHBGLEMG,29063,0x13FC6C30,AEGNNPENLNM,mov-ax-imm16-ret,static-candidate,"same 7.1 GetCmdId method identity as verified 26105 anchor + mov ax, imm16; ret"
503,CIMANABPHDI,50401,0xD2E02F0,AEGNNPENLNM,mov-ax-imm16-ret,static-candidate,"same 7.1 GetCmdId method identity as verified 26105 anchor + mov ax, imm16; ret"
514,EAOLBIDBJDM,62731,0x10E01430,AEGNNPENLNM,mov-ax-imm16-ret,static-candidate,"same 7.1 GetCmdId method identity as verified 26105 anchor + mov ax, imm16; ret"
516,NIDJEGEPNOB,24668,0x13017E10,AEGNNPENLNM,mov-ax-imm16-ret,static-candidate,"same 7.1 GetCmdId method identity as verified 26105 anchor + mov ax, imm16; ret"
517,NBMGGALNGAK,23339,0xC537180,AEGNNPENLNM,mov-ax-imm16-ret,static-candidate,"same 7.1 GetCmdId method identity as verified 26105 anchor + mov ax, imm16; ret"
518,KFDNGHNMICB,46374,0x11F443A0,AEGNNPENLNM,mov-ax-imm16-ret,static-candidate,"same 7.1 GetCmdId method identity as verified 26105 anchor + mov ax, imm16; ret"
520,EGFJBKABBLG,40475,0xF6B71B0,AEGNNPENLNM,mov-ax-imm16-ret,static-candidate,"same 7.1 GetCmdId method identity as verified 26105 anchor + mov ax, imm16; ret"
525,LHKFMLFHEIK,72426,0x1142B740,AEGNNPENLNM,mov-ax-imm16-ret,static-candidate,"same 7.1 GetCmdId method identity as verified 26105 anchor + mov ax, imm16; ret"
529,GJFFFPIFEBN,53077,0xB1C8590,AEGNNPENLNM,mov-ax-imm16-ret,static-candidate,"same 7.1 GetCmdId method identity as verified 26105 anchor + mov ax, imm16; ret"
531,DPCDAPABPCD,81614,0xD3A0550,AEGNNPENLNM,mov-ax-imm16-ret,static-candidate,"same 7.1 GetCmdId method identity as verified 26105 anchor + mov ax, imm16; ret"
535,NPKIJIKDIHP,86776,0x122EA160,AEGNNPENLNM,mov-ax-imm16-ret,static-candidate,"same 7.1 GetCmdId method identity as verified 26105 anchor + mov ax, imm16; ret"
541,PDMCOMAOFFC,87230,0x93EA770,AEGNNPENLNM,mov-ax-imm16-ret,static-candidate,"same 7.1 GetCmdId method identity as verified 26105 anchor + mov ax, imm16; ret"
542,HGAEKKGPBFD,80875,0x13656850,AEGNNPENLNM,mov-ax-imm16-ret,static-candidate,"same 7.1 GetCmdId method identity as verified 26105 anchor + mov ax, imm16; ret"
546,CHIHDKIFPHB,81016,0xF578400,AEGNNPENLNM,mov-ax-imm16-ret,static-candidate,"same 7.1 GetCmdId method identity as verified 26105 anchor + mov ax, imm16; ret"
548,NDIHNGNDELK,83365,0xF336560,AEGNNPENLNM,mov-ax-imm16-ret,static-candidate,"same 7.1 GetCmdId method identity as verified 26105 anchor + mov ax, imm16; ret"
550,JPIMAEFJHJC,76457,0xCCF75D0,AEGNNPENLNM,mov-ax-imm16-ret,static-candidate,"same 7.1 GetCmdId method identity as verified 26105 anchor + mov ax, imm16; ret"
551,NLCPOPPLCOK,86693,0x117082F0,AEGNNPENLNM,mov-ax-imm16-ret,static-candidate,"same 7.1 GetCmdId method identity as verified 26105 anchor + mov ax, imm16; ret"
552,KDBFIGBPJMA,45521,0x828BB20,AEGNNPENLNM,mov-ax-imm16-ret,static-candidate,"same 7.1 GetCmdId method identity as verified 26105 anchor + mov ax, imm16; ret"
555,FEJPJBABLAH,35600,0x1409EC10,AEGNNPENLNM,mov-ax-imm16-ret,static-candidate,"same 7.1 GetCmdId method identity as verified 26105 anchor + mov ax, imm16; ret"
557,LPCFPHNLNCC,59544,0xC295940,AEGNNPENLNM,mov-ax-imm16-ret,static-candidate,"same 7.1 GetCmdId method identity as verified 26105 anchor + mov ax, imm16; ret"
562,OMBFIMJGFLP,21446,0x13143300,AEGNNPENLNM,mov-ax-imm16-ret,static-candidate,"same 7.1 GetCmdId method identity as verified 26105 anchor + mov ax, imm16; ret"
564,AGHKJALJNPO,77059,0x8A3A930,AEGNNPENLNM,mov-ax-imm16-ret,static-candidate,"same 7.1 GetCmdId method identity as verified 26105 anchor + mov ax, imm16; ret"
565,IAAAJFBOHCP,57018,0x7547910,AEGNNPENLNM,mov-ax-imm16-ret,static-candidate,"same 7.1 GetCmdId method identity as verified 26105 anchor + mov ax, imm16; ret"
575,CAFOFKMNMOH,76394,0xD1CDEB0,AEGNNPENLNM,mov-ax-imm16-ret,static-candidate,"same 7.1 GetCmdId method identity as verified 26105 anchor + mov ax, imm16; ret"
576,BCMKLLMLGCF,54717,0x972D700,AEGNNPENLNM,mov-ax-imm16-ret,static-candidate,"same 7.1 GetCmdId method identity as verified 26105 anchor + mov ax, imm16; ret"
577,EBNEKOJNDAM,38211,0x10E0B5F0,AEGNNPENLNM,mov-ax-imm16-ret,static-candidate,"same 7.1 GetCmdId method identity as verified 26105 anchor + mov ax, imm16; ret"
578,HCIIIEJGIOD,46256,0x1053F390,AEGNNPENLNM,mov-ax-imm16-ret,static-candidate,"same 7.1 GetCmdId method identity as verified 26105 anchor + mov ax, imm16; ret"
579,AIDEEMBKJLJ,39935,0x10FAC4B0,AEGNNPENLNM,mov-ax-imm16-ret,static-candidate,"same 7.1 GetCmdId method identity as verified 26105 anchor + mov ax, imm16; ret"
581,PEGIPKMHLEL,74102,0x7C27DB0,AEGNNPENLNM,mov-ax-imm16-ret,static-candidate,"same 7.1 GetCmdId method identity as verified 26105 anchor + mov ax, imm16; ret"
582,HBBPHIEJMFM,73307,0x10532A50,AEGNNPENLNM,mov-ax-imm16-ret,static-candidate,"same 7.1 GetCmdId method identity as verified 26105 anchor + mov ax, imm16; ret"
583,POHIPLJEEIA,84458,0x10187B60,AEGNNPENLNM,mov-ax-imm16-ret,static-candidate,"same 7.1 GetCmdId method identity as verified 26105 anchor + mov ax, imm16; ret"
584,CNIOBAJDGDH,81635,0xBA48060,AEGNNPENLNM,mov-ax-imm16-ret,static-candidate,"same 7.1 GetCmdId method identity as verified 26105 anchor + mov ax, imm16; ret"
586,IOIJKABICAD,71243,0x12AC9180,AEGNNPENLNM,mov-ax-imm16-ret,static-candidate,"same 7.1 GetCmdId method identity as verified 26105 anchor + mov ax, imm16; ret"
590,EPOFNAJEEAN,57379,0x125EDB20,AEGNNPENLNM,mov-ax-imm16-ret,static-candidate,"same 7.1 GetCmdId method identity as verified 26105 anchor + mov ax, imm16; ret"
591,LOIIMFPBDLA,22432,0x12096C40,AEGNNPENLNM,mov-ax-imm16-ret,static-candidate,"same 7.1 GetCmdId method identity as verified 26105 anchor + mov ax, imm16; ret"
592,JPNFGKLPIJC,43665,0xB40AA40,AEGNNPENLNM,mov-ax-imm16-ret,static-candidate,"same 7.1 GetCmdId method identity as verified 26105 anchor + mov ax, imm16; ret"
597,OAHMBIEAKFI,81347,0xAD4DE20,AEGNNPENLNM,mov-ax-imm16-ret,static-candidate,"same 7.1 GetCmdId method identity as verified 26105 anchor + mov ax, imm16; ret"
599,HFHKOBJPCKF,65092,0x8C97F40,AEGNNPENLNM,mov-ax-imm16-ret,static-candidate,"same 7.1 GetCmdId method identity as verified 26105 anchor + mov ax, imm16; ret"
605,EMGKBDIFHIN,85976,0x1404E2A0,AEGNNPENLNM,mov-ax-imm16-ret,static-candidate,"same 7.1 GetCmdId method identity as verified 26105 anchor + mov ax, imm16; ret"
609,JNALHGEECBF,55426,0x138212A0,AEGNNPENLNM,mov-ax-imm16-ret,static-candidate,"same 7.1 GetCmdId method identity as verified 26105 anchor + mov ax, imm16; ret"
614,PLLINMNEJJC,56997,0x879C730,AEGNNPENLNM,mov-ax-imm16-ret,static-candidate,"same 7.1 GetCmdId method identity as verified 26105 anchor + mov ax, imm16; ret"
637,AJMKCPDAKDO,80792,0xC9AC1E0,AEGNNPENLNM,mov-ax-imm16-ret,static-candidate,"same 7.1 GetCmdId method identity as verified 26105 anchor + mov ax, imm16; ret"
638,GJFFFKJLLMC,87927,0xF8D3D20,AEGNNPENLNM,mov-ax-imm16-ret,static-candidate,"same 7.1 GetCmdId method identity as verified 26105 anchor + mov ax, imm16; ret"
647,EABPDFCKMJA,60361,0x102E6CB0,AEGNNPENLNM,mov-ax-imm16-ret,static-candidate,"same 7.1 GetCmdId method identity as verified 26105 anchor + mov ax, imm16; ret"
652,BKMIKBABCHM,82298,0xCDF1900,AEGNNPENLNM,mov-ax-imm16-ret,static-candidate,"same 7.1 GetCmdId method identity as verified 26105 anchor + mov ax, imm16; ret"
655,ILNBEGMLHJF,23942,0xB2FA7A0,AEGNNPENLNM,mov-ax-imm16-ret,static-candidate,"same 7.1 GetCmdId method identity as verified 26105 anchor + mov ax, imm16; ret"
657,NCLJHMHPJDN,61845,0x11694600,AEGNNPENLNM,mov-ax-imm16-ret,static-candidate,"same 7.1 GetCmdId method identity as verified 26105 anchor + mov ax, imm16; ret"
658,EFEAHKBFEIL,82331,0x13FFFDC0,AEGNNPENLNM,mov-ax-imm16-ret,static-candidate,"same 7.1 GetCmdId method identity as verified 26105 anchor + mov ax, imm16; ret"
666,DBJHGMJLCFG,76130,0x13F1FCB0,AEGNNPENLNM,mov-ax-imm16-ret,static-candidate,"same 7.1 GetCmdId method identity as verified 26105 anchor + mov ax, imm16; ret"
672,MFPLPHDIDCJ,86791,0x1094D9C0,AEGNNPENLNM,mov-ax-imm16-ret,static-candidate,"same 7.1 GetCmdId method identity as verified 26105 anchor + mov ax, imm16; ret"
675,ENEFDIHIKLI,86216,0xA40E6E0,AEGNNPENLNM,mov-ax-imm16-ret,static-candidate,"same 7.1 GetCmdId method identity as verified 26105 anchor + mov ax, imm16; ret"
685,HMGKPBCLFNC,80203,0xB253FC0,AEGNNPENLNM,mov-ax-imm16-ret,static-candidate,"same 7.1 GetCmdId method identity as verified 26105 anchor + mov ax, imm16; ret"
690,AEGPFGDNDKA,76535,0x7ED0720,AEGNNPENLNM,mov-ax-imm16-ret,static-candidate,"same 7.1 GetCmdId method identity as verified 26105 anchor + mov ax, imm16; ret"
701,JIIEFCMFMMH,73495,0xEF48BB0,AEGNNPENLNM,mov-ax-imm16-ret,static-candidate,"same 7.1 GetCmdId method identity as verified 26105 anchor + mov ax, imm16; ret"
704,ANOHOFJIJFD,22781,0xEB58ED0,AEGNNPENLNM,mov-ax-imm16-ret,static-candidate,"same 7.1 GetCmdId method identity as verified 26105 anchor + mov ax, imm16; ret"
705,OAOCHIJCNMI,29959,0x8646030,AEGNNPENLNM,mov-ax-imm16-ret,static-candidate,"same 7.1 GetCmdId method identity as verified 26105 anchor + mov ax, imm16; ret"
706,JDAIKJOPLKE,44858,0x12AEAF90,AEGNNPENLNM,mov-ax-imm16-ret,static-candidate,"same 7.1 GetCmdId method identity as verified 26105 anchor + mov ax, imm16; ret"
714,FIHOHPKBCGO,83607,0x126338B0,AEGNNPENLNM,mov-ax-imm16-ret,static-candidate,"same 7.1 GetCmdId method identity as verified 26105 anchor + mov ax, imm16; ret"
715,MGDCHPIBFNM,44185,0x13A211B0,AEGNNPENLNM,mov-ax-imm16-ret,static-candidate,"same 7.1 GetCmdId method identity as verified 26105 anchor + mov ax, imm16; ret"
722,PIEPMAKNKKD,41807,0x132125A0,AEGNNPENLNM,mov-ax-imm16-ret,static-candidate,"same 7.1 GetCmdId method identity as verified 26105 anchor + mov ax, imm16; ret"
731,OILLABGLEFM,12115,0xB86E540,AEGNNPENLNM,mov-ax-imm16-ret,static-candidate,"same 7.1 GetCmdId method identity as verified 26105 anchor + mov ax, imm16; ret"
735,JACMMLDOKBP,20942,0x9A3DCA0,AEGNNPENLNM,mov-ax-imm16-ret,static-candidate,"same 7.1 GetCmdId method identity as verified 26105 anchor + mov ax, imm16; ret"
736,PDMNFIAHLAI,58718,0x9FFE700,AEGNNPENLNM,mov-ax-imm16-ret,static-candidate,"same 7.1 GetCmdId method identity as verified 26105 anchor + mov ax, imm16; ret"
742,LNPDCAGLOCD,61065,0x108E5830,AEGNNPENLNM,mov-ax-imm16-ret,static-candidate,"same 7.1 GetCmdId method identity as verified 26105 anchor + mov ax, imm16; ret"
748,KBLKEICIOCO,73508,0xB41DF40,AEGNNPENLNM,mov-ax-imm16-ret,static-candidate,"same 7.1 GetCmdId method identity as verified 26105 anchor + mov ax, imm16; ret"
750,NDPAFPPIMDB,41669,0xD03F4F0,AEGNNPENLNM,mov-ax-imm16-ret,static-candidate,"same 7.1 GetCmdId method identity as verified 26105 anchor + mov ax, imm16; ret"
756,MBJENIPMGBP,77391,0x78A7370,AEGNNPENLNM,mov-ax-imm16-ret,static-candidate,"same 7.1 GetCmdId method identity as verified 26105 anchor + mov ax, imm16; ret"
757,AJANLAFJKJO,69627,0xD503870,AEGNNPENLNM,mov-ax-imm16-ret,static-candidate,"same 7.1 GetCmdId method identity as verified 26105 anchor + mov ax, imm16; ret"
760,OKHDMNJCCJI,24938,0xC641D90,AEGNNPENLNM,mov-ax-imm16-ret,static-candidate,"same 7.1 GetCmdId method identity as verified 26105 anchor + mov ax, imm16; ret"
762,OABBMPCFFJI,64306,0x9333C90,AEGNNPENLNM,mov-ax-imm16-ret,static-candidate,"same 7.1 GetCmdId method identity as verified 26105 anchor + mov ax, imm16; ret"
764,LMAODAOCFAI,51692,0x1207A120,AEGNNPENLNM,mov-ax-imm16-ret,static-candidate,"same 7.1 GetCmdId method identity as verified 26105 anchor + mov ax, imm16; ret"
769,JIJIBDFEOHG,64088,0xA8E7430,AEGNNPENLNM,mov-ax-imm16-ret,static-candidate,"same 7.1 GetCmdId method identity as verified 26105 anchor + mov ax, imm16; ret"
774,BFAEGBIBDFH,39398,0xB529210,AEGNNPENLNM,mov-ax-imm16-ret,static-candidate,"same 7.1 GetCmdId method identity as verified 26105 anchor + mov ax, imm16; ret"
781,GJEKFCEGGCL,88284,0x110C5640,AEGNNPENLNM,mov-ax-imm16-ret,static-candidate,"same 7.1 GetCmdId method identity as verified 26105 anchor + mov ax, imm16; ret"
783,KIIKKILMEHG,72669,0xCD32760,AEGNNPENLNM,mov-ax-imm16-ret,static-candidate,"same 7.1 GetCmdId method identity as verified 26105 anchor + mov ax, imm16; ret"
785,PALGJIDNOOC,63503,0x10101FA0,AEGNNPENLNM,mov-ax-imm16-ret,static-candidate,"same 7.1 GetCmdId method identity as verified 26105 anchor + mov ax, imm16; ret"
786,BOMOEACOJML,55195,0xD1BB970,AEGNNPENLNM,mov-ax-imm16-ret,static-candidate,"same 7.1 GetCmdId method identity as verified 26105 anchor + mov ax, imm16; ret"
787,LGBCIAHLNKF,39227,0x108106E0,AEGNNPENLNM,mov-ax-imm16-ret,static-candidate,"same 7.1 GetCmdId method identity as verified 26105 anchor + mov ax, imm16; ret"
793,AIBGPOOPKOF,41724,0xB1189C0,AEGNNPENLNM,mov-ax-imm16-ret,static-candidate,"same 7.1 GetCmdId method identity as verified 26105 anchor + mov ax, imm16; ret"
799,EJHLBECFFEO,73217,0xBB37550,AEGNNPENLNM,mov-ax-imm16-ret,static-candidate,"same 7.1 GetCmdId method identity as verified 26105 anchor + mov ax, imm16; ret"
819,IGNDDBHNHGJ,79339,0x8142C90,AEGNNPENLNM,mov-ax-imm16-ret,static-candidate,"same 7.1 GetCmdId method identity as verified 26105 anchor + mov ax, imm16; ret"
820,PBADEHPKLAJ,66247,0x10102680,AEGNNPENLNM,mov-ax-imm16-ret,static-candidate,"same 7.1 GetCmdId method identity as verified 26105 anchor + mov ax, imm16; ret"
824,KJLBCPDDEIN,36785,0x10772530,AEGNNPENLNM,mov-ax-imm16-ret,static-candidate,"same 7.1 GetCmdId method identity as verified 26105 anchor + mov ax, imm16; ret"
828,FHGGKMDBNDF,85789,0x8B772A0,AEGNNPENLNM,mov-ax-imm16-ret,static-candidate,"same 7.1 GetCmdId method identity as verified 26105 anchor + mov ax, imm16; ret"
829,LKLAKNJAFAD,66964,0x1396C140,AEGNNPENLNM,mov-ax-imm16-ret,static-candidate,"same 7.1 GetCmdId method identity as verified 26105 anchor + mov ax, imm16; ret"
843,HFFIMBFIPJK,50020,0xF974CD0,AEGNNPENLNM,mov-ax-imm16-ret,static-candidate,"same 7.1 GetCmdId method identity as verified 26105 anchor + mov ax, imm16; ret"
844,MFGLHALJGOA,45664,0x12D27FB0,AEGNNPENLNM,mov-ax-imm16-ret,static-candidate,"same 7.1 GetCmdId method identity as verified 26105 anchor + mov ax, imm16; ret"
846,GBDDKOMNGBI,28172,0x9799CC0,AEGNNPENLNM,mov-ax-imm16-ret,static-candidate,"same 7.1 GetCmdId method identity as verified 26105 anchor + mov ax, imm16; ret"
847,BFBLCFMCEAK,52401,0x12B2B470,AEGNNPENLNM,mov-ax-imm16-ret,static-candidate,"same 7.1 GetCmdId method identity as verified 26105 anchor + mov ax, imm16; ret"
848,BNAHAAHLFJE,42062,0x82E0950,AEGNNPENLNM,mov-ax-imm16-ret,static-candidate,"same 7.1 GetCmdId method identity as verified 26105 anchor + mov ax, imm16; ret"
851,AAFOHNIOGLM,57484,0xF754960,AEGNNPENLNM,mov-ax-imm16-ret,static-candidate,"same 7.1 GetCmdId method identity as verified 26105 anchor + mov ax, imm16; ret"
852,EAHCAAHIAKL,79858,0xF66C780,AEGNNPENLNM,mov-ax-imm16-ret,static-candidate,"same 7.1 GetCmdId method identity as verified 26105 anchor + mov ax, imm16; ret"
857,LBAKHCPHIAJ,55697,0x12C73350,AEGNNPENLNM,mov-ax-imm16-ret,static-candidate,"same 7.1 GetCmdId method identity as verified 26105 anchor + mov ax, imm16; ret"
861,KMGEMEGHJHE,35813,0xF077FC0,AEGNNPENLNM,mov-ax-imm16-ret,static-candidate,"same 7.1 GetCmdId method identity as verified 26105 anchor + mov ax, imm16; ret"
863,PDBLGPGPEJB,79173,0xB8E9680,AEGNNPENLNM,mov-ax-imm16-ret,static-candidate,"same 7.1 GetCmdId method identity as verified 26105 anchor + mov ax, imm16; ret"
868,ADHLCKIIEGF,30424,0xAB5DAC0,AEGNNPENLNM,mov-ax-imm16-ret,static-candidate,"same 7.1 GetCmdId method identity as verified 26105 anchor + mov ax, imm16; ret"
871,BLGBALKKLNP,81130,0x10873080,AEGNNPENLNM,mov-ax-imm16-ret,static-candidate,"same 7.1 GetCmdId method identity as verified 26105 anchor + mov ax, imm16; ret"
873,ECBFAACCIIG,38265,0xA1966C0,AEGNNPENLNM,mov-ax-imm16-ret,static-candidate,"same 7.1 GetCmdId method identity as verified 26105 anchor + mov ax, imm16; ret"
875,ALKFFGEPNHB,66116,0xEB4F480,AEGNNPENLNM,mov-ax-imm16-ret,static-candidate,"same 7.1 GetCmdId method identity as verified 26105 anchor + mov ax, imm16; ret"
878,HDGDIJAFIHO,69517,0xB20D030,AEGNNPENLNM,mov-ax-imm16-ret,static-candidate,"same 7.1 GetCmdId method identity as verified 26105 anchor + mov ax, imm16; ret"
879,OOMILOOHHFK,60773,0xC6646B0,AEGNNPENLNM,mov-ax-imm16-ret,static-candidate,"same 7.1 GetCmdId method identity as verified 26105 anchor + mov ax, imm16; ret"
881,PPGGOBPDLKA,33447,0xB9C30E0,AEGNNPENLNM,mov-ax-imm16-ret,static-candidate,"same 7.1 GetCmdId method identity as verified 26105 anchor + mov ax, imm16; ret"
886,OLHKPICKOPL,75323,0x10B7D210,AEGNNPENLNM,mov-ax-imm16-ret,static-candidate,"same 7.1 GetCmdId method identity as verified 26105 anchor + mov ax, imm16; ret"
888,ALNAKDBCBLE,17782,0x11BA1500,AEGNNPENLNM,mov-ax-imm16-ret,static-candidate,"same 7.1 GetCmdId method identity as verified 26105 anchor + mov ax, imm16; ret"
893,CIMMGNLPHCJ,44257,0x9F623C0,AEGNNPENLNM,mov-ax-imm16-ret,static-candidate,"same 7.1 GetCmdId method identity as verified 26105 anchor + mov ax, imm16; ret"
897,NOOJLPMCGOH,19399,0x9EEA420,AEGNNPENLNM,mov-ax-imm16-ret,static-candidate,"same 7.1 GetCmdId method identity as verified 26105 anchor + mov ax, imm16; ret"
898,LJKECGIMEIC,75132,0xCE3E990,AEGNNPENLNM,mov-ax-imm16-ret,static-candidate,"same 7.1 GetCmdId method identity as verified 26105 anchor + mov ax, imm16; ret"
899,FHINLFMJLCL,60661,0x11027420,AEGNNPENLNM,mov-ax-imm16-ret,static-candidate,"same 7.1 GetCmdId method identity as verified 26105 anchor + mov ax, imm16; ret"
910,GCEDCPDLHAJ,41681,0x104A5F90,AEGNNPENLNM,mov-ax-imm16-ret,static-candidate,"same 7.1 GetCmdId method identity as verified 26105 anchor + mov ax, imm16; ret"
912,HJCNHOLKCFK,67490,0x98D8180,AEGNNPENLNM,mov-ax-imm16-ret,static-candidate,"same 7.1 GetCmdId method identity as verified 26105 anchor + mov ax, imm16; ret"
916,FLDCHLGFCOK,61428,0x7FE3350,AEGNNPENLNM,mov-ax-imm16-ret,static-candidate,"same 7.1 GetCmdId method identity as verified 26105 anchor + mov ax, imm16; ret"
918,OLKEKFPCGFC,79823,0x9FC79E0,AEGNNPENLNM,mov-ax-imm16-ret,static-candidate,"same 7.1 GetCmdId method identity as verified 26105 anchor + mov ax, imm16; ret"
920,IMEBHPPHFKM,86373,0x99D1670,AEGNNPENLNM,mov-ax-imm16-ret,static-candidate,"same 7.1 GetCmdId method identity as verified 26105 anchor + mov ax, imm16; ret"
922,BMAFNBOHABA,37247,0x9262730,AEGNNPENLNM,mov-ax-imm16-ret,static-candidate,"same 7.1 GetCmdId method identity as verified 26105 anchor + mov ax, imm16; ret"
942,GKOPCGACCLM,56564,0x74330C0,AEGNNPENLNM,mov-ax-imm16-ret,static-candidate,"same 7.1 GetCmdId method identity as verified 26105 anchor + mov ax, imm16; ret"
943,ICKLOACIIAC,46996,0x111B7100,AEGNNPENLNM,mov-ax-imm16-ret,static-candidate,"same 7.1 GetCmdId method identity as verified 26105 anchor + mov ax, imm16; ret"
945,BMDEKIKHMHO,66842,0x12F82B60,AEGNNPENLNM,mov-ax-imm16-ret,static-candidate,"same 7.1 GetCmdId method identity as verified 26105 anchor + mov ax, imm16; ret"
946,ABOBIGMFGBO,50729,0xF75BE00,AEGNNPENLNM,mov-ax-imm16-ret,static-candidate,"same 7.1 GetCmdId method identity as verified 26105 anchor + mov ax, imm16; ret"
947,JBNOINBIODL,44815,0xFB12360,AEGNNPENLNM,mov-ax-imm16-ret,static-candidate,"same 7.1 GetCmdId method identity as verified 26105 anchor + mov ax, imm16; ret"
951,FECGADGNIGJ,69169,0x8B44F60,AEGNNPENLNM,mov-ax-imm16-ret,static-candidate,"same 7.1 GetCmdId method identity as verified 26105 anchor + mov ax, imm16; ret"
956,IOGIMHDDOHK,12750,0x1374A690,AEGNNPENLNM,mov-ax-imm16-ret,static-candidate,"same 7.1 GetCmdId method identity as verified 26105 anchor + mov ax, imm16; ret"
962,JFOFJCOBKEA,42106,0x8E027F0,AEGNNPENLNM,mov-ax-imm16-ret,static-candidate,"same 7.1 GetCmdId method identity as verified 26105 anchor + mov ax, imm16; ret"
965,EMFLFHMKPGB,26688,0x12801F90,AEGNNPENLNM,mov-ax-imm16-ret,static-candidate,"same 7.1 GetCmdId method identity as verified 26105 anchor + mov ax, imm16; ret"
971,HDGNNPBCAKD,65856,0xBE79FB0,AEGNNPENLNM,mov-ax-imm16-ret,static-candidate,"same 7.1 GetCmdId method identity as verified 26105 anchor + mov ax, imm16; ret"
972,MPKGKMHEGAD,44717,0xFDE3BA0,AEGNNPENLNM,mov-ax-imm16-ret,static-candidate,"same 7.1 GetCmdId method identity as verified 26105 anchor + mov ax, imm16; ret"
975,KDJDJBHGHFF,39720,0xEFD6AD0,AEGNNPENLNM,mov-ax-imm16-ret,static-candidate,"same 7.1 GetCmdId method identity as verified 26105 anchor + mov ax, imm16; ret"
976,FEHJCBGPNII,43634,0xEB82CB0,AEGNNPENLNM,mov-ax-imm16-ret,static-candidate,"same 7.1 GetCmdId method identity as verified 26105 anchor + mov ax, imm16; ret"
977,JLNBDGLBGAK,87759,0xA907480,AEGNNPENLNM,mov-ax-imm16-ret,static-candidate,"same 7.1 GetCmdId method identity as verified 26105 anchor + mov ax, imm16; ret"
982,LMCJABLAEDK,67023,0xC27BC70,AEGNNPENLNM,mov-ax-imm16-ret,static-candidate,"same 7.1 GetCmdId method identity as verified 26105 anchor + mov ax, imm16; ret"
984,MAHIHDGGFAF,48191,0x12CFE6D0,AEGNNPENLNM,mov-ax-imm16-ret,static-candidate,"same 7.1 GetCmdId method identity as verified 26105 anchor + mov ax, imm16; ret"
988,AELKIAEKDLK,66177,0xAB75590,AEGNNPENLNM,mov-ax-imm16-ret,static-candidate,"same 7.1 GetCmdId method identity as verified 26105 anchor + mov ax, imm16; ret"
990,KCGJMOJOBDF,68481,0x10723830,AEGNNPENLNM,mov-ax-imm16-ret,static-candidate,"same 7.1 GetCmdId method identity as verified 26105 anchor + mov ax, imm16; ret"
998,HEABEDJFMOK,54081,0x129D7450,AEGNNPENLNM,mov-ax-imm16-ret,static-candidate,"same 7.1 GetCmdId method identity as verified 26105 anchor + mov ax, imm16; ret"
1001,HHFHNHBBPNN,59052,0xF98E480,AEGNNPENLNM,mov-ax-imm16-ret,static-candidate,"same 7.1 GetCmdId method identity as verified 26105 anchor + mov ax, imm16; ret"
1002,MAOLCPMFOCK,79546,0x78A5AE0,AEGNNPENLNM,mov-ax-imm16-ret,static-candidate,"same 7.1 GetCmdId method identity as verified 26105 anchor + mov ax, imm16; ret"
1004,DNDFHBDEKMI,43514,0x13443610,AEGNNPENLNM,mov-ax-imm16-ret,static-candidate,"same 7.1 GetCmdId method identity as verified 26105 anchor + mov ax, imm16; ret"
1006,LFGDLPBFEDE,86840,0x838C760,AEGNNPENLNM,mov-ax-imm16-ret,static-candidate,"same 7.1 GetCmdId method identity as verified 26105 anchor + mov ax, imm16; ret"
1008,BHECHEGJFGP,60176,0xDC8D990,AEGNNPENLNM,mov-ax-imm16-ret,static-candidate,"same 7.1 GetCmdId method identity as verified 26105 anchor + mov ax, imm16; ret"
1009,NDEAPEKOLLO,20756,0xD035FD0,AEGNNPENLNM,mov-ax-imm16-ret,static-candidate,"same 7.1 GetCmdId method identity as verified 26105 anchor + mov ax, imm16; ret"
1010,JCKEDOJJEFC,17853,0xEF17F20,AEGNNPENLNM,mov-ax-imm16-ret,static-candidate,"same 7.1 GetCmdId method identity as verified 26105 anchor + mov ax, imm16; ret"
1011,LLLGJILGGHK,26810,0x12CDBC90,AEGNNPENLNM,mov-ax-imm16-ret,static-candidate,"same 7.1 GetCmdId method identity as verified 26105 anchor + mov ax, imm16; ret"
1013,AHBMEOGECGG,34341,0xB0F9480,AEGNNPENLNM,mov-ax-imm16-ret,static-candidate,"same 7.1 GetCmdId method identity as verified 26105 anchor + mov ax, imm16; ret"
1013,FGLLGCMMHNP,63193,0xD5702F0,AEGNNPENLNM,mov-ax-imm16-ret,static-candidate,"same 7.1 GetCmdId method identity as verified 26105 anchor + mov ax, imm16; ret"
1014,BKGLDFKIDPH,57466,0xE4604D0,AEGNNPENLNM,mov-ax-imm16-ret,static-candidate,"same 7.1 GetCmdId method identity as verified 26105 anchor + mov ax, imm16; ret"
1015,IAIIGEBEJDB,78829,0xEDF55C0,AEGNNPENLNM,mov-ax-imm16-ret,static-candidate,"same 7.1 GetCmdId method identity as verified 26105 anchor + mov ax, imm16; ret"
1016,DJBDMPMNDFH,77634,0x959C370,AEGNNPENLNM,mov-ax-imm16-ret,static-candidate,"same 7.1 GetCmdId method identity as verified 26105 anchor + mov ax, imm16; ret"
1017,APKJMNNMFGN,39321,0x11FBAC10,AEGNNPENLNM,mov-ax-imm16-ret,static-candidate,"same 7.1 GetCmdId method identity as verified 26105 anchor + mov ax, imm16; ret"
1017,PDFJHLMGECK,62568,0xB8EB5D0,AEGNNPENLNM,mov-ax-imm16-ret,static-candidate,"same 7.1 GetCmdId method identity as verified 26105 anchor + mov ax, imm16; ret"
1018,LDLEKOLBNOE,59327,0x11407210,AEGNNPENLNM,mov-ax-imm16-ret,static-candidate,"same 7.1 GetCmdId method identity as verified 26105 anchor + mov ax, imm16; ret"
1019,FOJMDGJLEND,47606,0x978A870,AEGNNPENLNM,mov-ax-imm16-ret,static-candidate,"same 7.1 GetCmdId method identity as verified 26105 anchor + mov ax, imm16; ret"
1020,HFDAINGKJOO,62362,0x136498E0,AEGNNPENLNM,mov-ax-imm16-ret,static-candidate,"same 7.1 GetCmdId method identity as verified 26105 anchor + mov ax, imm16; ret"
1022,HENCLCGNMPA,29554,0x11C8B480,AEGNNPENLNM,mov-ax-imm16-ret,static-candidate,"same 7.1 GetCmdId method identity as verified 26105 anchor + mov ax, imm16; ret"
1023,LAADBLPBMPK,54099,0x8364A70,AEGNNPENLNM,mov-ax-imm16-ret,static-candidate,"same 7.1 GetCmdId method identity as verified 26105 anchor + mov ax, imm16; ret"
1024,PNDLGJHMHPG,13076,0xE87E0A0,AEGNNPENLNM,mov-ax-imm16-ret,static-candidate,"same 7.1 GetCmdId method identity as verified 26105 anchor + mov ax, imm16; ret"
1025,LLFIJKDJCED,88070,0x9C7A3B0,AEGNNPENLNM,mov-ax-imm16-ret,static-candidate,"same 7.1 GetCmdId method identity as verified 26105 anchor + mov ax, imm16; ret"
1025,OBOMAFHIHDN,66284,0xD11A300,AEGNNPENLNM,mov-ax-imm16-ret,static-candidate,"same 7.1 GetCmdId method identity as verified 26105 anchor + mov ax, imm16; ret"
1026,EKLJEHEBHBK,18402,0x72AC600,AEGNNPENLNM,mov-ax-imm16-ret,static-candidate,"same 7.1 GetCmdId method identity as verified 26105 anchor + mov ax, imm16; ret"
1027,CFBEIHHNMBD,44843,0xB9FD3C0,AEGNNPENLNM,mov-ax-imm16-ret,static-candidate,"same 7.1 GetCmdId method identity as verified 26105 anchor + mov ax, imm16; ret"
1028,MJKLPLEDBKB,37104,0x13A4BD00,AEGNNPENLNM,mov-ax-imm16-ret,static-candidate,"same 7.1 GetCmdId method identity as verified 26105 anchor + mov ax, imm16; ret"
1039,NPIHFBHAPCM,36374,0x100355A0,AEGNNPENLNM,mov-ax-imm16-ret,static-candidate,"same 7.1 GetCmdId method identity as verified 26105 anchor + mov ax, imm16; ret"
1040,MNBPKHICLHD,71241,0xF1AB9E0,AEGNNPENLNM,mov-ax-imm16-ret,static-candidate,"same 7.1 GetCmdId method identity as verified 26105 anchor + mov ax, imm16; ret"
1041,OIJADADEJMK,25853,0xE77CEF0,AEGNNPENLNM,mov-ax-imm16-ret,static-candidate,"same 7.1 GetCmdId method identity as verified 26105 anchor + mov ax, imm16; ret"
1048,GGKJJEJPMNO,51727,0xA545E20,AEGNNPENLNM,mov-ax-imm16-ret,static-candidate,"same 7.1 GetCmdId method identity as verified 26105 anchor + mov ax, imm16; ret"
1053,CIABEEDBBIK,67613,0x7A0FA30,AEGNNPENLNM,mov-ax-imm16-ret,static-candidate,"same 7.1 GetCmdId method identity as verified 26105 anchor + mov ax, imm16; ret"
1056,DCNPBDMPEJN,43935,0x9548280,AEGNNPENLNM,mov-ax-imm16-ret,static-candidate,"same 7.1 GetCmdId method identity as verified 26105 anchor + mov ax, imm16; ret"
1057,KGGMLGFOKFN,31760,0xCD1D590,AEGNNPENLNM,mov-ax-imm16-ret,static-candidate,"same 7.1 GetCmdId method identity as verified 26105 anchor + mov ax, imm16; ret"
1058,NHIMIDKFPFF,79494,0x10AE8460,AEGNNPENLNM,mov-ax-imm16-ret,static-candidate,"same 7.1 GetCmdId method identity as verified 26105 anchor + mov ax, imm16; ret"
1059,ELDGBBLNKGF,66391,0x11AE6420,AEGNNPENLNM,mov-ax-imm16-ret,static-candidate,"same 7.1 GetCmdId method identity as verified 26105 anchor + mov ax, imm16; ret"
1064,KIOPMAALOFL,57835,0xCD35530,AEGNNPENLNM,mov-ax-imm16-ret,static-candidate,"same 7.1 GetCmdId method identity as verified 26105 anchor + mov ax, imm16; ret"
1066,FNIOELIBLKB,85636,0xEBD6B80,AEGNNPENLNM,mov-ax-imm16-ret,static-candidate,"same 7.1 GetCmdId method identity as verified 26105 anchor + mov ax, imm16; ret"
1070,POLLMFGCAFF,34358,0xF4F4EE0,AEGNNPENLNM,mov-ax-imm16-ret,static-candidate,"same 7.1 GetCmdId method identity as verified 26105 anchor + mov ax, imm16; ret"
1075,HFHJPMMJDHF,14455,0xCAF91E0,AEGNNPENLNM,mov-ax-imm16-ret,static-candidate,"same 7.1 GetCmdId method identity as verified 26105 anchor + mov ax, imm16; ret"
1076,BLMONHLGEAJ,65702,0xC4985D0,AEGNNPENLNM,mov-ax-imm16-ret,static-candidate,"same 7.1 GetCmdId method identity as verified 26105 anchor + mov ax, imm16; ret"
1084,OGICMKDJNAF,27749,0xD13CA40,AEGNNPENLNM,mov-ax-imm16-ret,static-candidate,"same 7.1 GetCmdId method identity as verified 26105 anchor + mov ax, imm16; ret"
1099,HGCNFGABHML,41403,0x8C9D3C0,AEGNNPENLNM,mov-ax-imm16-ret,static-candidate,"same 7.1 GetCmdId method identity as verified 26105 anchor + mov ax, imm16; ret"
1101,BHGJPAJNOHN,21544,0xFC00C60,AEGNNPENLNM,mov-ax-imm16-ret,static-candidate,"same 7.1 GetCmdId method identity as verified 26105 anchor + mov ax, imm16; ret"
1107,KCKFEECCEJE,56788,0x8F91B00,AEGNNPENLNM,mov-ax-imm16-ret,static-candidate,"same 7.1 GetCmdId method identity as verified 26105 anchor + mov ax, imm16; ret"
1108,MJLAICPENJF,77177,0xC2FF6F0,AEGNNPENLNM,mov-ax-imm16-ret,static-candidate,"same 7.1 GetCmdId method identity as verified 26105 anchor + mov ax, imm16; ret"
1113,IMLIJDDKNOK,44510,0xFACDE40,AEGNNPENLNM,mov-ax-imm16-ret,static-candidate,"same 7.1 GetCmdId method identity as verified 26105 anchor + mov ax, imm16; ret"
1117,LIPLFOJCKDK,82112,0xAA3B040,AEGNNPENLNM,mov-ax-imm16-ret,static-candidate,"same 7.1 GetCmdId method identity as verified 26105 anchor + mov ax, imm16; ret"
1126,IBIKMNLJCLH,80550,0xF9F9540,AEGNNPENLNM,mov-ax-imm16-ret,static-candidate,"same 7.1 GetCmdId method identity as verified 26105 anchor + mov ax, imm16; ret"
1141,FKCJPNBAMKN,63205,0x734A010,AEGNNPENLNM,mov-ax-imm16-ret,static-candidate,"same 7.1 GetCmdId method identity as verified 26105 anchor + mov ax, imm16; ret"
1145,ICOEKINAHAF,11918,0x11E089B0,AEGNNPENLNM,mov-ax-imm16-ret,static-candidate,"same 7.1 GetCmdId method identity as verified 26105 anchor + mov ax, imm16; ret"
1155,OFMFHODILHO,37268,0xF3D7150,AEGNNPENLNM,mov-ax-imm16-ret,static-candidate,"same 7.1 GetCmdId method identity as verified 26105 anchor + mov ax, imm16; ret"
1160,NDMFILDLCMP,86929,0x85DE340,AEGNNPENLNM,mov-ax-imm16-ret,static-candidate,"same 7.1 GetCmdId method identity as verified 26105 anchor + mov ax, imm16; ret"
1161,IMINEHLJHFA,47177,0xFACDB50,AEGNNPENLNM,mov-ax-imm16-ret,static-candidate,"same 7.1 GetCmdId method identity as verified 26105 anchor + mov ax, imm16; ret"
1166,LNAJPMPLIGI,86221,0xB506BF0,AEGNNPENLNM,mov-ax-imm16-ret,static-candidate,"same 7.1 GetCmdId method identity as verified 26105 anchor + mov ax, imm16; ret"
1167,GDMGGDFNCFB,86389,0xF8AA160,AEGNNPENLNM,mov-ax-imm16-ret,static-candidate,"same 7.1 GetCmdId method identity as verified 26105 anchor + mov ax, imm16; ret"
1171,IFJGKPLBKHE,65355,0x12A7D3D0,AEGNNPENLNM,mov-ax-imm16-ret,static-candidate,"same 7.1 GetCmdId method identity as verified 26105 anchor + mov ax, imm16; ret"
1174,KAFOCOOFAJN,46617,0xC0EECD0,AEGNNPENLNM,mov-ax-imm16-ret,static-candidate,"same 7.1 GetCmdId method identity as verified 26105 anchor + mov ax, imm16; ret"
1178,BIOMHCPPIBF,69953,0xFC10A10,AEGNNPENLNM,mov-ax-imm16-ret,static-candidate,"same 7.1 GetCmdId method identity as verified 26105 anchor + mov ax, imm16; ret"
1185,GBDAPGDHIHL,32742,0x73BFA80,AEGNNPENLNM,mov-ax-imm16-ret,static-candidate,"same 7.1 GetCmdId method identity as verified 26105 anchor + mov ax, imm16; ret"
1189,BDPMNIDGPLO,25605,0x108363E0,AEGNNPENLNM,mov-ax-imm16-ret,static-candidate,"same 7.1 GetCmdId method identity as verified 26105 anchor + mov ax, imm16; ret"
1191,KOFOEMBDLMO,80061,0xB47AA50,AEGNNPENLNM,mov-ax-imm16-ret,static-candidate,"same 7.1 GetCmdId method identity as verified 26105 anchor + mov ax, imm16; ret"
1192,PPODAJLBIPH,24747,0x10CC1530,AEGNNPENLNM,mov-ax-imm16-ret,static-candidate,"same 7.1 GetCmdId method identity as verified 26105 anchor + mov ax, imm16; ret"
1193,HGFDIABNGBA,70984,0xCB00640,AEGNNPENLNM,mov-ax-imm16-ret,static-candidate,"same 7.1 GetCmdId method identity as verified 26105 anchor + mov ax, imm16; ret"
1196,BDBJGGHGPNM,37967,0xC072310,AEGNNPENLNM,mov-ax-imm16-ret,static-candidate,"same 7.1 GetCmdId method identity as verified 26105 anchor + mov ax, imm16; ret"
1201,KAFGBNCADEI,21800,0x8281780,AEGNNPENLNM,mov-ax-imm16-ret,static-candidate,"same 7.1 GetCmdId method identity as verified 26105 anchor + mov ax, imm16; ret"
1203,JHEOBBCJOOF,87329,0x106BE6B0,AEGNNPENLNM,mov-ax-imm16-ret,static-candidate,"same 7.1 GetCmdId method identity as verified 26105 anchor + mov ax, imm16; ret"
1207,EBBJBCIGLDA,43312,0xF677B30,AEGNNPENLNM,mov-ax-imm16-ret,static-candidate,"same 7.1 GetCmdId method identity as verified 26105 anchor + mov ax, imm16; ret"
1209,FOPOOLGCCBK,45293,0xA4E79F0,AEGNNPENLNM,mov-ax-imm16-ret,static-candidate,"same 7.1 GetCmdId method identity as verified 26105 anchor + mov ax, imm16; ret"
1214,DJDLCHPGPCD,36292,0xD3755C0,AEGNNPENLNM,mov-ax-imm16-ret,static-candidate,"same 7.1 GetCmdId method identity as verified 26105 anchor + mov ax, imm16; ret"
1215,PAHIEDDKODK,60360,0x123E0090,AEGNNPENLNM,mov-ax-imm16-ret,static-candidate,"same 7.1 GetCmdId method identity as verified 26105 anchor + mov ax, imm16; ret"
1216,GDHEHNPDDHF,87944,0x8026110,AEGNNPENLNM,mov-ax-imm16-ret,static-candidate,"same 7.1 GetCmdId method identity as verified 26105 anchor + mov ax, imm16; ret"
1222,FPLOPFDFOBG,71447,0x128C9590,AEGNNPENLNM,mov-ax-imm16-ret,static-candidate,"same 7.1 GetCmdId method identity as verified 26105 anchor + mov ax, imm16; ret"
1231,PJCMBAHLHJH,54852,0x124220C0,AEGNNPENLNM,mov-ax-imm16-ret,static-candidate,"same 7.1 GetCmdId method identity as verified 26105 anchor + mov ax, imm16; ret"
1237,HLFGBGGOMGD,47426,0xF9BA270,AEGNNPENLNM,mov-ax-imm16-ret,static-candidate,"same 7.1 GetCmdId method identity as verified 26105 anchor + mov ax, imm16; ret"
1240,MPDJHKLEBHE,32280,0x9105100,AEGNNPENLNM,mov-ax-imm16-ret,static-candidate,"same 7.1 GetCmdId method identity as verified 26105 anchor + mov ax, imm16; ret"
1241,BCCDIPOMNKP,21820,0x11FD6A30,AEGNNPENLNM,mov-ax-imm16-ret,static-candidate,"same 7.1 GetCmdId method identity as verified 26105 anchor + mov ax, imm16; ret"
1245,EMAOHAPJCGG,86446,0x127FF160,AEGNNPENLNM,mov-ax-imm16-ret,static-candidate,"same 7.1 GetCmdId method identity as verified 26105 anchor + mov ax, imm16; ret"
1246,OKMEFJOFNND,60656,0xB884220,AEGNNPENLNM,mov-ax-imm16-ret,static-candidate,"same 7.1 GetCmdId method identity as verified 26105 anchor + mov ax, imm16; ret"
1251,IOGINHEIJIM,87030,0x12AC7DE0,AEGNNPENLNM,mov-ax-imm16-ret,static-candidate,"same 7.1 GetCmdId method identity as verified 26105 anchor + mov ax, imm16; ret"
1252,EICKLEIOCIC,28185,0x10E39590,AEGNNPENLNM,mov-ax-imm16-ret,static-candidate,"same 7.1 GetCmdId method identity as verified 26105 anchor + mov ax, imm16; ret"
1253,JDNEBGNOBDF,77106,0xFB1F060,AEGNNPENLNM,mov-ax-imm16-ret,static-candidate,"same 7.1 GetCmdId method identity as verified 26105 anchor + mov ax, imm16; ret"
1273,FEGGFEKELHB,44832,0x730EE80,AEGNNPENLNM,mov-ax-imm16-ret,static-candidate,"same 7.1 GetCmdId method identity as verified 26105 anchor + mov ax, imm16; ret"
1288,FKFMJKNAJOE,14678,0x10F1E3A0,AEGNNPENLNM,mov-ax-imm16-ret,static-candidate,"same 7.1 GetCmdId method identity as verified 26105 anchor + mov ax, imm16; ret"
1292,IJBLCEIIDAI,59909,0x12A90290,AEGNNPENLNM,mov-ax-imm16-ret,static-candidate,"same 7.1 GetCmdId method identity as verified 26105 anchor + mov ax, imm16; ret"
1300,FIMEHGOAOLL,30757,0xD4958B0,AEGNNPENLNM,mov-ax-imm16-ret,static-candidate,"same 7.1 GetCmdId method identity as verified 26105 anchor + mov ax, imm16; ret"
1307,BDAAFIBNLEJ,25522,0xB521550,AEGNNPENLNM,mov-ax-imm16-ret,static-candidate,"same 7.1 GetCmdId method identity as verified 26105 anchor + mov ax, imm16; ret"
1309,BOKADNJCJIP,12282,0xB91AFF0,AEGNNPENLNM,mov-ax-imm16-ret,static-candidate,"same 7.1 GetCmdId method identity as verified 26105 anchor + mov ax, imm16; ret"
1316,APIKKMGAAMO,47188,0xF7E9DE0,AEGNNPENLNM,mov-ax-imm16-ret,static-candidate,"same 7.1 GetCmdId method identity as verified 26105 anchor + mov ax, imm16; ret"
1318,DALGDCKOACG,38129,0xBA8BEB0,AEGNNPENLNM,mov-ax-imm16-ret,static-candidate,"same 7.1 GetCmdId method identity as verified 26105 anchor + mov ax, imm16; ret"
1324,MHKGAMMJAMG,56239,0x7920AC0,AEGNNPENLNM,mov-ax-imm16-ret,static-candidate,"same 7.1 GetCmdId method identity as verified 26105 anchor + mov ax, imm16; ret"
1325,OBPNKDAMDIA,55950,0x130E4D60,AEGNNPENLNM,mov-ax-imm16-ret,static-candidate,"same 7.1 GetCmdId method identity as verified 26105 anchor + mov ax, imm16; ret"
1331,KKOJKILIOJE,13046,0x83237A0,AEGNNPENLNM,mov-ax-imm16-ret,static-candidate,"same 7.1 GetCmdId method identity as verified 26105 anchor + mov ax, imm16; ret"
1332,DBEBADOIEFJ,43765,0x133F97A0,AEGNNPENLNM,mov-ax-imm16-ret,static-candidate,"same 7.1 GetCmdId method identity as verified 26105 anchor + mov ax, imm16; ret"
1333,FKJGOIHAJNK,57765,0xBD7FAD0,AEGNNPENLNM,mov-ax-imm16-ret,static-candidate,"same 7.1 GetCmdId method identity as verified 26105 anchor + mov ax, imm16; ret"
1334,BGNNEHKBCLD,79884,0x12381E80,AEGNNPENLNM,mov-ax-imm16-ret,static-candidate,"same 7.1 GetCmdId method identity as verified 26105 anchor + mov ax, imm16; ret"
1339,KCPGHNMPIKL,74489,0x10725660,AEGNNPENLNM,mov-ax-imm16-ret,static-candidate,"same 7.1 GetCmdId method identity as verified 26105 anchor + mov ax, imm16; ret"
1344,ANPNAJHELHE,13033,0xB15F170,AEGNNPENLNM,mov-ax-imm16-ret,static-candidate,"same 7.1 GetCmdId method identity as verified 26105 anchor + mov ax, imm16; ret"
1345,DADGKGCKPJB,86378,0x953AEA0,AEGNNPENLNM,mov-ax-imm16-ret,static-candidate,"same 7.1 GetCmdId method identity as verified 26105 anchor + mov ax, imm16; ret"
1349,EMKBMCDGGNN,13316,0xBCF79B0,AEGNNPENLNM,mov-ax-imm16-ret,static-candidate,"same 7.1 GetCmdId method identity as verified 26105 anchor + mov ax, imm16; ret"
1350,DAFIKAODOEL,75328,0x8820B20,AEGNNPENLNM,mov-ax-imm16-ret,static-candidate,"same 7.1 GetCmdId method identity as verified 26105 anchor + mov ax, imm16; ret"
1353,ENONIJHECPI,58080,0x125E5D30,AEGNNPENLNM,mov-ax-imm16-ret,static-candidate,"same 7.1 GetCmdId method identity as verified 26105 anchor + mov ax, imm16; ret"
1354,KEMABJNGJOP,64851,0x7730BE0,AEGNNPENLNM,mov-ax-imm16-ret,static-candidate,"same 7.1 GetCmdId method identity as verified 26105 anchor + mov ax, imm16; ret"
1357,GKBELAIPMEL,85268,0x804C870,AEGNNPENLNM,mov-ax-imm16-ret,static-candidate,"same 7.1 GetCmdId method identity as verified 26105 anchor + mov ax, imm16; ret"
1358,EKJHNNGBNGE,58757,0x125D74C0,AEGNNPENLNM,mov-ax-imm16-ret,static-candidate,"same 7.1 GetCmdId method identity as verified 26105 anchor + mov ax, imm16; ret"
1368,NIBNDOFAFBO,44825,0x9EB96D0,AEGNNPENLNM,mov-ax-imm16-ret,static-candidate,"same 7.1 GetCmdId method identity as verified 26105 anchor + mov ax, imm16; ret"
1373,JGGKHJDNDBM,41616,0x12B13F20,AEGNNPENLNM,mov-ax-imm16-ret,static-candidate,"same 7.1 GetCmdId method identity as verified 26105 anchor + mov ax, imm16; ret"
1380,EBGFJLNOGAL,78140,0xF677D10,AEGNNPENLNM,mov-ax-imm16-ret,static-candidate,"same 7.1 GetCmdId method identity as verified 26105 anchor + mov ax, imm16; ret"
1384,MBAPPOBOCHC,34361,0xE4FF6B0,AEGNNPENLNM,mov-ax-imm16-ret,static-candidate,"same 7.1 GetCmdId method identity as verified 26105 anchor + mov ax, imm16; ret"
1388,ILANEKAHOKA,66871,0x8DB6500,AEGNNPENLNM,mov-ax-imm16-ret,static-candidate,"same 7.1 GetCmdId method identity as verified 26105 anchor + mov ax, imm16; ret"
1395,KDAHIBHPJFH,59566,0xB424260,AEGNNPENLNM,mov-ax-imm16-ret,static-candidate,"same 7.1 GetCmdId method identity as verified 26105 anchor + mov ax, imm16; ret"
1400,JMOPJKINDJO,28300,0xB3E16D0,AEGNNPENLNM,mov-ax-imm16-ret,static-candidate,"same 7.1 GetCmdId method identity as verified 26105 anchor + mov ax, imm16; ret"
1405,EPPNPFMAIFB,25525,0x10E90910,AEGNNPENLNM,mov-ax-imm16-ret,static-candidate,"same 7.1 GetCmdId method identity as verified 26105 anchor + mov ax, imm16; ret"
1408,JPOIJDBFIPH,76509,0xE37D620,AEGNNPENLNM,mov-ax-imm16-ret,static-candidate,"same 7.1 GetCmdId method identity as verified 26105 anchor + mov ax, imm16; ret"
1410,IBJDGLCHIPB,67027,0xA6DB2D0,AEGNNPENLNM,mov-ax-imm16-ret,static-candidate,"same 7.1 GetCmdId method identity as verified 26105 anchor + mov ax, imm16; ret"
1412,MOFGOFAKOOA,52920,0x10997CA0,AEGNNPENLNM,mov-ax-imm16-ret,static-candidate,"same 7.1 GetCmdId method identity as verified 26105 anchor + mov ax, imm16; ret"
1414,NCLDMONIDAO,60541,0x12FE9BC0,AEGNNPENLNM,mov-ax-imm16-ret,static-candidate,"same 7.1 GetCmdId method identity as verified 26105 anchor + mov ax, imm16; ret"
1416,FGEOMLBHDAI,38385,0x7FAF050,AEGNNPENLNM,mov-ax-imm16-ret,static-candidate,"same 7.1 GetCmdId method identity as verified 26105 anchor + mov ax, imm16; ret"
1417,DCJFPFDAIEH,81439,0x13F30760,AEGNNPENLNM,mov-ax-imm16-ret,static-candidate,"same 7.1 GetCmdId method identity as verified 26105 anchor + mov ax, imm16; ret"
1423,BPLIIGMJILN,65253,0x123C4D50,AEGNNPENLNM,mov-ax-imm16-ret,static-candidate,"same 7.1 GetCmdId method identity as verified 26105 anchor + mov ax, imm16; ret"
1439,IHCAHEHNKCO,84095,0x111E2950,AEGNNPENLNM,mov-ax-imm16-ret,static-candidate,"same 7.1 GetCmdId method identity as verified 26105 anchor + mov ax, imm16; ret"
1441,PKEHHIHJEEA,76162,0x8795540,AEGNNPENLNM,mov-ax-imm16-ret,static-candidate,"same 7.1 GetCmdId method identity as verified 26105 anchor + mov ax, imm16; ret"
1446,FDGKIPCMAGJ,67721,0x103ACEC0,AEGNNPENLNM,mov-ax-imm16-ret,static-candidate,"same 7.1 GetCmdId method identity as verified 26105 anchor + mov ax, imm16; ret"
1452,JBDBEPPNKGL,51575,0xBFDE710,AEGNNPENLNM,mov-ax-imm16-ret,static-candidate,"same 7.1 GetCmdId method identity as verified 26105 anchor + mov ax, imm16; ret"
1455,NKPCNHEDEGF,55637,0xFFA1CF0,AEGNNPENLNM,mov-ax-imm16-ret,static-candidate,"same 7.1 GetCmdId method identity as verified 26105 anchor + mov ax, imm16; ret"
1456,JBBJKEHFDNN,47073,0x11EAC1F0,AEGNNPENLNM,mov-ax-imm16-ret,static-candidate,"same 7.1 GetCmdId method identity as verified 26105 anchor + mov ax, imm16; ret"
1461,OMHFEPPLANA,43752,0x93AEB20,AEGNNPENLNM,mov-ax-imm16-ret,static-candidate,"same 7.1 GetCmdId method identity as verified 26105 anchor + mov ax, imm16; ret"
1471,MKMEPPBEDCL,59043,0xC308CE0,AEGNNPENLNM,mov-ax-imm16-ret,static-candidate,"same 7.1 GetCmdId method identity as verified 26105 anchor + mov ax, imm16; ret"
1472,AEFMOOCJIGI,82650,0x1345E860,AEGNNPENLNM,mov-ax-imm16-ret,static-candidate,"same 7.1 GetCmdId method identity as verified 26105 anchor + mov ax, imm16; ret"
1473,PCHFBCKLNLD,19262,0x10BCCBB0,AEGNNPENLNM,mov-ax-imm16-ret,static-candidate,"same 7.1 GetCmdId method identity as verified 26105 anchor + mov ax, imm16; ret"
1476,FHDPFIGABGA,14880,0x128533B0,AEGNNPENLNM,mov-ax-imm16-ret,static-candidate,"same 7.1 GetCmdId method identity as verified 26105 anchor + mov ax, imm16; ret"
1477,FELBMNJHNLO,22339,0xA44D570,AEGNNPENLNM,mov-ax-imm16-ret,static-candidate,"same 7.1 GetCmdId method identity as verified 26105 anchor + mov ax, imm16; ret"
1482,DHGGLHFCLHI,30723,0x958AB00,AEGNNPENLNM,mov-ax-imm16-ret,static-candidate,"same 7.1 GetCmdId method identity as verified 26105 anchor + mov ax, imm16; ret"
1483,OHHPCIALENL,74100,0xAD8C500,AEGNNPENLNM,mov-ax-imm16-ret,static-candidate,"same 7.1 GetCmdId method identity as verified 26105 anchor + mov ax, imm16; ret"
1484,FEKBECOMCAG,74986,0x1409EE50,AEGNNPENLNM,mov-ax-imm16-ret,static-candidate,"same 7.1 GetCmdId method identity as verified 26105 anchor + mov ax, imm16; ret"
1490,CELAGCPDGJK,77787,0x79D9DC0,AEGNNPENLNM,mov-ax-imm16-ret,static-candidate,"same 7.1 GetCmdId method identity as verified 26105 anchor + mov ax, imm16; ret"
1491,NPJOKMDBLDI,34026,0x10036A20,AEGNNPENLNM,mov-ax-imm16-ret,static-candidate,"same 7.1 GetCmdId method identity as verified 26105 anchor + mov ax, imm16; ret"
1496,HFFHMPBOIEE,29167,0x11C8E140,AEGNNPENLNM,mov-ax-imm16-ret,static-candidate,"same 7.1 GetCmdId method identity as verified 26105 anchor + mov ax, imm16; ret"
1500,AGHOIJBCMGN,47416,0xB0F6ED0,AEGNNPENLNM,mov-ax-imm16-ret,static-candidate,"same 7.1 GetCmdId method identity as verified 26105 anchor + mov ax, imm16; ret"
1501,BNGMPDPBJHF,78996,0x123B7120,AEGNNPENLNM,mov-ax-imm16-ret,static-candidate,"same 7.1 GetCmdId method identity as verified 26105 anchor + mov ax, imm16; ret"
1507,KJMJKGHPOBP,31531,0xC171C70,AEGNNPENLNM,mov-ax-imm16-ret,static-candidate,"same 7.1 GetCmdId method identity as verified 26105 anchor + mov ax, imm16; ret"
1512,NBOCIGONPIH,45106,0xD02AC30,AEGNNPENLNM,mov-ax-imm16-ret,static-candidate,"same 7.1 GetCmdId method identity as verified 26105 anchor + mov ax, imm16; ret"
1515,PDKEEGNHKNH,66171,0xD236180,AEGNNPENLNM,mov-ax-imm16-ret,static-candidate,"same 7.1 GetCmdId method identity as verified 26105 anchor + mov ax, imm16; ret"
1516,FOHNKFEBAJL,31457,0xBBF3FB0,AEGNNPENLNM,mov-ax-imm16-ret,static-candidate,"same 7.1 GetCmdId method identity as verified 26105 anchor + mov ax, imm16; ret"
1519,EGGAIFBCJLP,49230,0x140065B0,AEGNNPENLNM,mov-ax-imm16-ret,static-candidate,"same 7.1 GetCmdId method identity as verified 26105 anchor + mov ax, imm16; ret"
1529,NOMGMHMMNHG,21836,0x1002A360,AEGNNPENLNM,mov-ax-imm16-ret,static-candidate,"same 7.1 GetCmdId method identity as verified 26105 anchor + mov ax, imm16; ret"
1534,AGIMGCFLJPF,47982,0x7EDB480,AEGNNPENLNM,mov-ax-imm16-ret,static-candidate,"same 7.1 GetCmdId method identity as verified 26105 anchor + mov ax, imm16; ret"
1538,PONIDCFNNEB,42853,0x943A100,AEGNNPENLNM,mov-ax-imm16-ret,static-candidate,"same 7.1 GetCmdId method identity as verified 26105 anchor + mov ax, imm16; ret"
1553,GCMCIFIOKFO,65780,0x128E8150,AEGNNPENLNM,mov-ax-imm16-ret,static-candidate,"same 7.1 GetCmdId method identity as verified 26105 anchor + mov ax, imm16; ret"
1560,FMHECBAMMCC,42462,0xA4B0EA0,AEGNNPENLNM,mov-ax-imm16-ret,static-candidate,"same 7.1 GetCmdId method identity as verified 26105 anchor + mov ax, imm16; ret"
1561,MGANMKLLFJF,86168,0xB5B49F0,AEGNNPENLNM,mov-ax-imm16-ret,static-candidate,"same 7.1 GetCmdId method identity as verified 26105 anchor + mov ax, imm16; ret"
1572,ABONNGINHDI,44174,0xA3116D0,AEGNNPENLNM,mov-ax-imm16-ret,static-candidate,"same 7.1 GetCmdId method identity as verified 26105 anchor + mov ax, imm16; ret"
1573,IIFBBCPIJDL,34362,0x10610B40,AEGNNPENLNM,mov-ax-imm16-ret,static-candidate,"same 7.1 GetCmdId method identity as verified 26105 anchor + mov ax, imm16; ret"
1577,IBIFKCCOAKG,35107,0xBF22C20,AEGNNPENLNM,mov-ax-imm16-ret,static-candidate,"same 7.1 GetCmdId method identity as verified 26105 anchor + mov ax, imm16; ret"
1580,NKPENKJFLLF,73874,0x92F5000,AEGNNPENLNM,mov-ax-imm16-ret,static-candidate,"same 7.1 GetCmdId method identity as verified 26105 anchor + mov ax, imm16; ret"
1584,MEIDKNGDAFK,16225,0xFD84710,AEGNNPENLNM,mov-ax-imm16-ret,static-candidate,"same 7.1 GetCmdId method identity as verified 26105 anchor + mov ax, imm16; ret"
1587,AEPFOINMCKJ,68926,0xEB10B30,AEGNNPENLNM,mov-ax-imm16-ret,static-candidate,"same 7.1 GetCmdId method identity as verified 26105 anchor + mov ax, imm16; ret"
1604,ILEGHEOOOKM,55133,0x11E7F0C0,AEGNNPENLNM,mov-ax-imm16-ret,static-candidate,"same 7.1 GetCmdId method identity as verified 26105 anchor + mov ax, imm16; ret"
1627,MEIGAPOJKAA,17167,0x114FDDE0,AEGNNPENLNM,mov-ax-imm16-ret,static-candidate,"same 7.1 GetCmdId method identity as verified 26105 anchor + mov ax, imm16; ret"
1631,PANGLIGDKKI,49621,0x13DAA410,AEGNNPENLNM,mov-ax-imm16-ret,static-candidate,"same 7.1 GetCmdId method identity as verified 26105 anchor + mov ax, imm16; ret"
1633,JGELIMKCLMP,37937,0xEF37080,AEGNNPENLNM,mov-ax-imm16-ret,static-candidate,"same 7.1 GetCmdId method identity as verified 26105 anchor + mov ax, imm16; ret"
1636,NJDIFMMLLOE,79122,0x1301DB70,AEGNNPENLNM,mov-ax-imm16-ret,static-candidate,"same 7.1 GetCmdId method identity as verified 26105 anchor + mov ax, imm16; ret"
1638,ACEBOFFJHBB,38044,0x1344D960,AEGNNPENLNM,mov-ax-imm16-ret,static-candidate,"same 7.1 GetCmdId method identity as verified 26105 anchor + mov ax, imm16; ret"
1640,ADGHNEDNPKA,68441,0xB0E74E0,AEGNNPENLNM,mov-ax-imm16-ret,static-candidate,"same 7.1 GetCmdId method identity as verified 26105 anchor + mov ax, imm16; ret"
1642,KOBKMKIOCFH,19067,0xC18A580,AEGNNPENLNM,mov-ax-imm16-ret,static-candidate,"same 7.1 GetCmdId method identity as verified 26105 anchor + mov ax, imm16; ret"
1649,CNIEBILJBEI,88839,0x13EEA830,AEGNNPENLNM,mov-ax-imm16-ret,static-candidate,"same 7.1 GetCmdId method identity as verified 26105 anchor + mov ax, imm16; ret"
1653,AIKGFGMLHCH,60777,0xEB30D90,AEGNNPENLNM,mov-ax-imm16-ret,static-candidate,"same 7.1 GetCmdId method identity as verified 26105 anchor + mov ax, imm16; ret"
1657,MKBDEOIMJHE,32845,0x90E97C0,AEGNNPENLNM,mov-ax-imm16-ret,static-candidate,"same 7.1 GetCmdId method identity as verified 26105 anchor + mov ax, imm16; ret"
1660,ICDBBNGLLOF,14872,0xF9FD0F0,AEGNNPENLNM,mov-ax-imm16-ret,static-candidate,"same 7.1 GetCmdId method identity as verified 26105 anchor + mov ax, imm16; ret"
1664,FOKCAKJHOMC,64866,0xA4E5010,AEGNNPENLNM,mov-ax-imm16-ret,static-candidate,"same 7.1 GetCmdId method identity as verified 26105 anchor + mov ax, imm16; ret"
1666,PHBDEGCAFID,16954,0x10133030,AEGNNPENLNM,mov-ax-imm16-ret,static-candidate,"same 7.1 GetCmdId method identity as verified 26105 anchor + mov ax, imm16; ret"
1679,BKNKCJFJHJA,88398,0x11784B60,AEGNNPENLNM,mov-ax-imm16-ret,static-candidate,"same 7.1 GetCmdId method identity as verified 26105 anchor + mov ax, imm16; ret"
1682,FFIMJBFOLFN,77066,0x12624F30,AEGNNPENLNM,mov-ax-imm16-ret,static-candidate,"same 7.1 GetCmdId method identity as verified 26105 anchor + mov ax, imm16; ret"
1694,HNHABHCJGJG,14094,0x80DC660,AEGNNPENLNM,mov-ax-imm16-ret,static-candidate,"same 7.1 GetCmdId method identity as verified 26105 anchor + mov ax, imm16; ret"
1703,OEPGAGMNCGM,42953,0x12323760,AEGNNPENLNM,mov-ax-imm16-ret,static-candidate,"same 7.1 GetCmdId method identity as verified 26105 anchor + mov ax, imm16; ret"
1707,AALPNNNEOOP,81963,0x714A900,AEGNNPENLNM,mov-ax-imm16-ret,static-candidate,"same 7.1 GetCmdId method identity as verified 26105 anchor + mov ax, imm16; ret"
1709,PPMJLJLOGHN,33351,0x118B19B0,AEGNNPENLNM,mov-ax-imm16-ret,static-candidate,"same 7.1 GetCmdId method identity as verified 26105 anchor + mov ax, imm16; ret"
1717,NMKLDGIODNM,40471,0x8622160,AEGNNPENLNM,mov-ax-imm16-ret,static-candidate,"same 7.1 GetCmdId method identity as verified 26105 anchor + mov ax, imm16; ret"
1724,FHAJFBOIDNG,42729,0xEBA0EF0,AEGNNPENLNM,mov-ax-imm16-ret,static-candidate,"same 7.1 GetCmdId method identity as verified 26105 anchor + mov ax, imm16; ret"
1727,FFDINBIDFJC,31814,0x8B4B390,AEGNNPENLNM,mov-ax-imm16-ret,static-candidate,"same 7.1 GetCmdId method identity as verified 26105 anchor + mov ax, imm16; ret"
1737,DACNHEAOGIG,61890,0x133EE8A0,AEGNNPENLNM,mov-ax-imm16-ret,static-candidate,"same 7.1 GetCmdId method identity as verified 26105 anchor + mov ax, imm16; ret"
1738,MFAJLNOKPMP,48045,0x13A12740,AEGNNPENLNM,mov-ax-imm16-ret,static-candidate,"same 7.1 GetCmdId method identity as verified 26105 anchor + mov ax, imm16; ret"
1745,KAFMPHPBMAI,61745,0xEFA3530,AEGNNPENLNM,mov-ax-imm16-ret,static-candidate,"same 7.1 GetCmdId method identity as verified 26105 anchor + mov ax, imm16; ret"
1747,JCJBHCHIDBJ,48559,0x11249540,AEGNNPENLNM,mov-ax-imm16-ret,static-candidate,"same 7.1 GetCmdId method identity as verified 26105 anchor + mov ax, imm16; ret"
1748,GMGMKDAIBIP,46237,0x8C26380,AEGNNPENLNM,mov-ax-imm16-ret,static-candidate,"same 7.1 GetCmdId method identity as verified 26105 anchor + mov ax, imm16; ret"
1752,HOEANAHDBLO,38969,0x75356A0,AEGNNPENLNM,mov-ax-imm16-ret,static-candidate,"same 7.1 GetCmdId method identity as verified 26105 anchor + mov ax, imm16; ret"
1753,HLODCBPGFPK,87195,0xB24F770,AEGNNPENLNM,mov-ax-imm16-ret,static-candidate,"same 7.1 GetCmdId method identity as verified 26105 anchor + mov ax, imm16; ret"
1757,FHOECFLKPJB,16494,0x1102B950,AEGNNPENLNM,mov-ax-imm16-ret,static-candidate,"same 7.1 GetCmdId method identity as verified 26105 anchor + mov ax, imm16; ret"
1761,GGPEMKLPPFJ,82334,0x8BFA7E0,AEGNNPENLNM,mov-ax-imm16-ret,static-candidate,"same 7.1 GetCmdId method identity as verified 26105 anchor + mov ax, imm16; ret"
1769,OKDLAHIEMKC,61188,0x8694D30,AEGNNPENLNM,mov-ax-imm16-ret,static-candidate,"same 7.1 GetCmdId method identity as verified 26105 anchor + mov ax, imm16; ret"
1781,FKDAAACPCOF,35644,0x12647C80,AEGNNPENLNM,mov-ax-imm16-ret,static-candidate,"same 7.1 GetCmdId method identity as verified 26105 anchor + mov ax, imm16; ret"
1785,ODMELEDHKKB,34567,0x10B49B90,AEGNNPENLNM,mov-ax-imm16-ret,static-candidate,"same 7.1 GetCmdId method identity as verified 26105 anchor + mov ax, imm16; ret"
1786,MIOACIMMJKD,53564,0xAAC7B20,AEGNNPENLNM,mov-ax-imm16-ret,static-candidate,"same 7.1 GetCmdId method identity as verified 26105 anchor + mov ax, imm16; ret"
1789,FABMIBMPGMG,68412,0x10376B50,AEGNNPENLNM,mov-ax-imm16-ret,static-candidate,"same 7.1 GetCmdId method identity as verified 26105 anchor + mov ax, imm16; ret"
1790,AOMEDEKNNIC,85775,0xF7E4F40,AEGNNPENLNM,mov-ax-imm16-ret,static-candidate,"same 7.1 GetCmdId method identity as verified 26105 anchor + mov ax, imm16; ret"
1796,MEHINBHCFKD,61905,0xB5A5E10,AEGNNPENLNM,mov-ax-imm16-ret,static-candidate,"same 7.1 GetCmdId method identity as verified 26105 anchor + mov ax, imm16; ret"
1810,IMMFFKGCGAA,77008,0x1064EC30,AEGNNPENLNM,mov-ax-imm16-ret,static-candidate,"same 7.1 GetCmdId method identity as verified 26105 anchor + mov ax, imm16; ret"
1811,NOHGGAAHPNN,79049,0x932BB60,AEGNNPENLNM,mov-ax-imm16-ret,static-candidate,"same 7.1 GetCmdId method identity as verified 26105 anchor + mov ax, imm16; ret"
1813,DNOIMPBFEDI,42776,0xC894E80,AEGNNPENLNM,mov-ax-imm16-ret,static-candidate,"same 7.1 GetCmdId method identity as verified 26105 anchor + mov ax, imm16; ret"
1822,AAPHMIOKJJN,29263,0x103D86E0,AEGNNPENLNM,mov-ax-imm16-ret,static-candidate,"same 7.1 GetCmdId method identity as verified 26105 anchor + mov ax, imm16; ret"
1823,BMPFGMLLIAD,87187,0xFFC3060,AEGNNPENLNM,mov-ax-imm16-ret,static-candidate,"same 7.1 GetCmdId method identity as verified 26105 anchor + mov ax, imm16; ret"
1836,DELLFLCDMJF,55416,0x13414430,AEGNNPENLNM,mov-ax-imm16-ret,static-candidate,"same 7.1 GetCmdId method identity as verified 26105 anchor + mov ax, imm16; ret"
1838,JIMEFAIJAJB,31134,0x106CBB90,AEGNNPENLNM,mov-ax-imm16-ret,static-candidate,"same 7.1 GetCmdId method identity as verified 26105 anchor + mov ax, imm16; ret"
1843,PEHBLMNEFKN,44444,0x1184A110,AEGNNPENLNM,mov-ax-imm16-ret,static-candidate,"same 7.1 GetCmdId method identity as verified 26105 anchor + mov ax, imm16; ret"
1845,JNPEDKFAELF,43287,0x10709810,AEGNNPENLNM,mov-ax-imm16-ret,static-candidate,"same 7.1 GetCmdId method identity as verified 26105 anchor + mov ax, imm16; ret"
1862,NJNCEJJBKFL,37915,0x1302BEA0,AEGNNPENLNM,mov-ax-imm16-ret,static-candidate,"same 7.1 GetCmdId method identity as verified 26105 anchor + mov ax, imm16; ret"
1871,LFKCOHKPGAH,43753,0xC200360,AEGNNPENLNM,mov-ax-imm16-ret,static-candidate,"same 7.1 GetCmdId method identity as verified 26105 anchor + mov ax, imm16; ret"
1872,KGGNEBBJGIH,25841,0xA967EE0,AEGNNPENLNM,mov-ax-imm16-ret,static-candidate,"same 7.1 GetCmdId method identity as verified 26105 anchor + mov ax, imm16; ret"
1879,GFJJMMGGGLK,67453,0x104C7080,AEGNNPENLNM,mov-ax-imm16-ret,static-candidate,"same 7.1 GetCmdId method identity as verified 26105 anchor + mov ax, imm16; ret"
1880,LEJLMNACMHN,77576,0x12013E60,AEGNNPENLNM,mov-ax-imm16-ret,static-candidate,"same 7.1 GetCmdId method identity as verified 26105 anchor + mov ax, imm16; ret"
1881,PFOGBNOFHPD,57147,0x11854210,AEGNNPENLNM,mov-ax-imm16-ret,static-candidate,"same 7.1 GetCmdId method identity as verified 26105 anchor + mov ax, imm16; ret"
1886,POIJBDCEMHD,48411,0xB9B2630,AEGNNPENLNM,mov-ax-imm16-ret,static-candidate,"same 7.1 GetCmdId method identity as verified 26105 anchor + mov ax, imm16; ret"
1889,HCDGHNDLDPC,59311,0xCAE1100,AEGNNPENLNM,mov-ax-imm16-ret,static-candidate,"same 7.1 GetCmdId method identity as verified 26105 anchor + mov ax, imm16; ret"
1897,LDAJEMDGMKK,33790,0x780D210,AEGNNPENLNM,mov-ax-imm16-ret,static-candidate,"same 7.1 GetCmdId method identity as verified 26105 anchor + mov ax, imm16; ret"
1902,EAPENEACNLM,58469,0x1259CF10,AEGNNPENLNM,mov-ax-imm16-ret,static-candidate,"same 7.1 GetCmdId method identity as verified 26105 anchor + mov ax, imm16; ret"
1903,LLGKNEHEJNC,85191,0x906A3A0,AEGNNPENLNM,mov-ax-imm16-ret,static-candidate,"same 7.1 GetCmdId method identity as verified 26105 anchor + mov ax, imm16; ret"
1905,HPIGJNGNPLH,84720,0xF9E1770,AEGNNPENLNM,mov-ax-imm16-ret,static-candidate,"same 7.1 GetCmdId method identity as verified 26105 anchor + mov ax, imm16; ret"
1909,LICBDJHCJHM,53819,0xFD218E0,AEGNNPENLNM,mov-ax-imm16-ret,static-candidate,"same 7.1 GetCmdId method identity as verified 26105 anchor + mov ax, imm16; ret"
1911,ABBOCKNFIIP,65625,0x9694FB0,AEGNNPENLNM,mov-ax-imm16-ret,static-candidate,"same 7.1 GetCmdId method identity as verified 26105 anchor + mov ax, imm16; ret"
1922,CHLNABDMNFM,88422,0x124C4300,AEGNNPENLNM,mov-ax-imm16-ret,static-candidate,"same 7.1 GetCmdId method identity as verified 26105 anchor + mov ax, imm16; ret"
1926,ONAKLJHLKMA,31061,0x100F03D0,AEGNNPENLNM,mov-ax-imm16-ret,static-candidate,"same 7.1 GetCmdId method identity as verified 26105 anchor + mov ax, imm16; ret"
1928,FGECMKHPGAF,43151,0xD484190,AEGNNPENLNM,mov-ax-imm16-ret,static-candidate,"same 7.1 GetCmdId method identity as verified 26105 anchor + mov ax, imm16; ret"
1929,MFAKOEJCDPD,62006,0xF16E380,AEGNNPENLNM,mov-ax-imm16-ret,static-candidate,"same 7.1 GetCmdId method identity as verified 26105 anchor + mov ax, imm16; ret"
1930,EJLKKAADPCF,26959,0xF6D5FA0,AEGNNPENLNM,mov-ax-imm16-ret,static-candidate,"same 7.1 GetCmdId method identity as verified 26105 anchor + mov ax, imm16; ret"
1947,EGIIGJLILMG,35971,0xBCD94E0,AEGNNPENLNM,mov-ax-imm16-ret,static-candidate,"same 7.1 GetCmdId method identity as verified 26105 anchor + mov ax, imm16; ret"
1954,GFGPOHGKPCM,85499,0x80347B0,AEGNNPENLNM,mov-ax-imm16-ret,static-candidate,"same 7.1 GetCmdId method identity as verified 26105 anchor + mov ax, imm16; ret"
1955,EBFMHEGCPGI,87371,0x8908090,AEGNNPENLNM,mov-ax-imm16-ret,static-candidate,"same 7.1 GetCmdId method identity as verified 26105 anchor + mov ax, imm16; ret"
1956,FLJFJLHLHPO,22601,0x7FEA520,AEGNNPENLNM,mov-ax-imm16-ret,static-candidate,"same 7.1 GetCmdId method identity as verified 26105 anchor + mov ax, imm16; ret"
1966,EFICLHHFHNL,78539,0xEA10AB0,AEGNNPENLNM,mov-ax-imm16-ret,static-candidate,"same 7.1 GetCmdId method identity as verified 26105 anchor + mov ax, imm16; ret"
1968,OIKLHLMGIKM,24690,0x1233BDC0,AEGNNPENLNM,mov-ax-imm16-ret,static-candidate,"same 7.1 GetCmdId method identity as verified 26105 anchor + mov ax, imm16; ret"
1971,CCOAKIBNOJF,48883,0x11907D70,AEGNNPENLNM,mov-ax-imm16-ret,static-candidate,"same 7.1 GetCmdId method identity as verified 26105 anchor + mov ax, imm16; ret"
1974,MNGEIEBPABO,38561,0xCEF45F0,AEGNNPENLNM,mov-ax-imm16-ret,static-candidate,"same 7.1 GetCmdId method identity as verified 26105 anchor + mov ax, imm16; ret"
1976,IHENLEPJMCJ,41691,0xCBEDB10,AEGNNPENLNM,mov-ax-imm16-ret,static-candidate,"same 7.1 GetCmdId method identity as verified 26105 anchor + mov ax, imm16; ret"
1977,PMGJMJICKBN,11868,0xAE1DE30,AEGNNPENLNM,mov-ax-imm16-ret,static-candidate,"same 7.1 GetCmdId method identity as verified 26105 anchor + mov ax, imm16; ret"
1978,LONMMLPDHGK,72890,0x788C770,AEGNNPENLNM,mov-ax-imm16-ret,static-candidate,"same 7.1 GetCmdId method identity as verified 26105 anchor + mov ax, imm16; ret"
1982,CFNBKFBNMGK,34940,0x94DDB30,AEGNNPENLNM,mov-ax-imm16-ret,static-candidate,"same 7.1 GetCmdId method identity as verified 26105 anchor + mov ax, imm16; ret"
1984,MPCODLOOEOL,78085,0x9104450,AEGNNPENLNM,mov-ax-imm16-ret,static-candidate,"same 7.1 GetCmdId method identity as verified 26105 anchor + mov ax, imm16; ret"
1985,BKKBBDCIIGO,81744,0x12B5D580,AEGNNPENLNM,mov-ax-imm16-ret,static-candidate,"same 7.1 GetCmdId method identity as verified 26105 anchor + mov ax, imm16; ret"
1986,BFLLEJJNJKC,71458,0xD55EC90,AEGNNPENLNM,mov-ax-imm16-ret,static-candidate,"same 7.1 GetCmdId method identity as verified 26105 anchor + mov ax, imm16; ret"
1995,MFKILACCMDC,33289,0x9CF5610,AEGNNPENLNM,mov-ax-imm16-ret,static-candidate,"same 7.1 GetCmdId method identity as verified 26105 anchor + mov ax, imm16; ret"
1998,ONDAMNLFLNO,78966,0xF41BA40,AEGNNPENLNM,mov-ax-imm16-ret,static-candidate,"same 7.1 GetCmdId method identity as verified 26105 anchor + mov ax, imm16; ret"
2001,GHLBLEHBOEO,18257,0x135DF740,AEGNNPENLNM,mov-ax-imm16-ret,static-candidate,"same 7.1 GetCmdId method identity as verified 26105 anchor + mov ax, imm16; ret"
2002,BDLMODGKGBD,32493,0xB5225C0,AEGNNPENLNM,mov-ax-imm16-ret,static-candidate,"same 7.1 GetCmdId method identity as verified 26105 anchor + mov ax, imm16; ret"
2002,LODLNKGNGLL,80471,0xFD56460,AEGNNPENLNM,mov-ax-imm16-ret,static-candidate,"same 7.1 GetCmdId method identity as verified 26105 anchor + mov ax, imm16; ret"
2005,FFKEIGDEOML,45636,0x10EC28A0,AEGNNPENLNM,mov-ax-imm16-ret,static-candidate,"same 7.1 GetCmdId method identity as verified 26105 anchor + mov ax, imm16; ret"
2006,FFONCFFDMCG,40449,0xA44FA30,AEGNNPENLNM,mov-ax-imm16-ret,static-candidate,"same 7.1 GetCmdId method identity as verified 26105 anchor + mov ax, imm16; ret"
2007,KHLIADOKKCF,23847,0x1133C7D0,AEGNNPENLNM,mov-ax-imm16-ret,static-candidate,"same 7.1 GetCmdId method identity as verified 26105 anchor + mov ax, imm16; ret"
2016,CLCKDFPLKIC,29442,0x133B43E0,AEGNNPENLNM,mov-ax-imm16-ret,static-candidate,"same 7.1 GetCmdId method identity as verified 26105 anchor + mov ax, imm16; ret"
2019,GGHNPIGNHLI,41429,0xEC16550,AEGNNPENLNM,mov-ax-imm16-ret,static-candidate,"same 7.1 GetCmdId method identity as verified 26105 anchor + mov ax, imm16; ret"
2024,KGNEEJFHIBB,68308,0xB4404F0,AEGNNPENLNM,mov-ax-imm16-ret,static-candidate,"same 7.1 GetCmdId method identity as verified 26105 anchor + mov ax, imm16; ret"
2026,FCNCKNOPEIP,57811,0xBB8CA70,AEGNNPENLNM,mov-ax-imm16-ret,static-candidate,"same 7.1 GetCmdId method identity as verified 26105 anchor + mov ax, imm16; ret"
2027,OAHOOKEACGF,17108,0xAD4E2A0,AEGNNPENLNM,mov-ax-imm16-ret,static-candidate,"same 7.1 GetCmdId method identity as verified 26105 anchor + mov ax, imm16; ret"
2033,FEPEMCKMIEH,68156,0x12621800,AEGNNPENLNM,mov-ax-imm16-ret,static-candidate,"same 7.1 GetCmdId method identity as verified 26105 anchor + mov ax, imm16; ret"
2035,GPBDHPKJEPE,25257,0x745FF00,AEGNNPENLNM,mov-ax-imm16-ret,static-candidate,"same 7.1 GetCmdId method identity as verified 26105 anchor + mov ax, imm16; ret"
2036,CAENDMLHNLJ,34296,0xFFEDF20,AEGNNPENLNM,mov-ax-imm16-ret,static-candidate,"same 7.1 GetCmdId method identity as verified 26105 anchor + mov ax, imm16; ret"
2045,NLMBICHJMKN,30518,0x861A3C0,AEGNNPENLNM,mov-ax-imm16-ret,static-candidate,"same 7.1 GetCmdId method identity as verified 26105 anchor + mov ax, imm16; ret"
2050,HHDADFOPFFM,82986,0xBEB0290,AEGNNPENLNM,mov-ax-imm16-ret,static-candidate,"same 7.1 GetCmdId method identity as verified 26105 anchor + mov ax, imm16; ret"
2055,OIALMLNCFID,26892,0x10B6AA90,AEGNNPENLNM,mov-ax-imm16-ret,static-candidate,"same 7.1 GetCmdId method identity as verified 26105 anchor + mov ax, imm16; ret"
2056,LEEHFFAGEOD,48995,0x139391F0,AEGNNPENLNM,mov-ax-imm16-ret,static-candidate,"same 7.1 GetCmdId method identity as verified 26105 anchor + mov ax, imm16; ret"
2058,POAALBFABCE,64473,0x132367B0,AEGNNPENLNM,mov-ax-imm16-ret,static-candidate,"same 7.1 GetCmdId method identity as verified 26105 anchor + mov ax, imm16; ret"
2062,PPJHIDBFAMJ,35724,0x118AFDD0,AEGNNPENLNM,mov-ax-imm16-ret,static-candidate,"same 7.1 GetCmdId method identity as verified 26105 anchor + mov ax, imm16; ret"
2067,OGCOEBDCKNN,82403,0x11764790,AEGNNPENLNM,mov-ax-imm16-ret,static-candidate,"same 7.1 GetCmdId method identity as verified 26105 anchor + mov ax, imm16; ret"
2068,BGFGHLFGGFM,46285,0x71FE8F0,AEGNNPENLNM,mov-ax-imm16-ret,static-candidate,"same 7.1 GetCmdId method identity as verified 26105 anchor + mov ax, imm16; ret"
2070,JMCLBNBNDPP,50562,0xEF7E0A0,AEGNNPENLNM,mov-ax-imm16-ret,static-candidate,"same 7.1 GetCmdId method identity as verified 26105 anchor + mov ax, imm16; ret"
2071,POCKLCMHEEB,33523,0x12449A20,AEGNNPENLNM,mov-ax-imm16-ret,static-candidate,"same 7.1 GetCmdId method identity as verified 26105 anchor + mov ax, imm16; ret"
2073,CKMOKHKGIDM,66231,0x102147B0,AEGNNPENLNM,mov-ax-imm16-ret,static-candidate,"same 7.1 GetCmdId method identity as verified 26105 anchor + mov ax, imm16; ret"
2076,KIKJHCHHEFH,62307,0x11F5CFB0,AEGNNPENLNM,mov-ax-imm16-ret,static-candidate,"same 7.1 GetCmdId method identity as verified 26105 anchor + mov ax, imm16; ret"
2081,PDHDCNJGGCN,40741,0x101122F0,AEGNNPENLNM,mov-ax-imm16-ret,static-candidate,"same 7.1 GetCmdId method identity as verified 26105 anchor + mov ax, imm16; ret"
2082,CCAOBKFMEJO,15848,0xC73E680,AEGNNPENLNM,mov-ax-imm16-ret,static-candidate,"same 7.1 GetCmdId method identity as verified 26105 anchor + mov ax, imm16; ret"
2089,JKDELMPOMGC,21317,0xA8F7F10,AEGNNPENLNM,mov-ax-imm16-ret,static-candidate,"same 7.1 GetCmdId method identity as verified 26105 anchor + mov ax, imm16; ret"
2093,NAEGKMMGAGO,38093,0x13BE7B40,AEGNNPENLNM,mov-ax-imm16-ret,static-candidate,"same 7.1 GetCmdId method identity as verified 26105 anchor + mov ax, imm16; ret"
2095,PEFMCCFJGOE,73650,0x123F5BA0,AEGNNPENLNM,mov-ax-imm16-ret,static-candidate,"same 7.1 GetCmdId method identity as verified 26105 anchor + mov ax, imm16; ret"
2101,JMKLFGKJJPN,68568,0xC0D3540,AEGNNPENLNM,mov-ax-imm16-ret,static-candidate,"same 7.1 GetCmdId method identity as verified 26105 anchor + mov ax, imm16; ret"
2109,LEEMJFFMNCE,53198,0xAA0B460,AEGNNPENLNM,mov-ax-imm16-ret,static-candidate,"same 7.1 GetCmdId method identity as verified 26105 anchor + mov ax, imm16; ret"
2111,JDACONCJHHO,27730,0x11255640,AEGNNPENLNM,mov-ax-imm16-ret,static-candidate,"same 7.1 GetCmdId method identity as verified 26105 anchor + mov ax, imm16; ret"
2114,LBMHGMKDBPN,34092,0xF09F2C0,AEGNNPENLNM,mov-ax-imm16-ret,static-candidate,"same 7.1 GetCmdId method identity as verified 26105 anchor + mov ax, imm16; ret"
2118,NLEIGCEGONL,80098,0x1170C5C0,AEGNNPENLNM,mov-ax-imm16-ret,static-candidate,"same 7.1 GetCmdId method identity as verified 26105 anchor + mov ax, imm16; ret"
2124,KCMCNLPADPK,33042,0xCD0B5F0,AEGNNPENLNM,mov-ax-imm16-ret,static-candidate,"same 7.1 GetCmdId method identity as verified 26105 anchor + mov ax, imm16; ret"
2125,HECCLJKJOGF,47507,0xB213970,AEGNNPENLNM,mov-ax-imm16-ret,static-candidate,"same 7.1 GetCmdId method identity as verified 26105 anchor + mov ax, imm16; ret"
2130,HOOCHAKLPMC,80310,0x105A7960,AEGNNPENLNM,mov-ax-imm16-ret,static-candidate,"same 7.1 GetCmdId method identity as verified 26105 anchor + mov ax, imm16; ret"
2141,JJHNPLMKDHA,57540,0xE33C4E0,AEGNNPENLNM,mov-ax-imm16-ret,static-candidate,"same 7.1 GetCmdId method identity as verified 26105 anchor + mov ax, imm16; ret"
2142,MKAEAJDDGKK,15477,0xF19AA50,AEGNNPENLNM,mov-ax-imm16-ret,static-candidate,"same 7.1 GetCmdId method identity as verified 26105 anchor + mov ax, imm16; ret"
2144,BJHMELKHODK,54991,0xC46CDE0,AEGNNPENLNM,mov-ax-imm16-ret,static-candidate,"same 7.1 GetCmdId method identity as verified 26105 anchor + mov ax, imm16; ret"
2148,MFAHGBDPBAM,19202,0x12D231E0,AEGNNPENLNM,mov-ax-imm16-ret,static-candidate,"same 7.1 GetCmdId method identity as verified 26105 anchor + mov ax, imm16; ret"
2153,CGCDPFPGKEE,53488,0xAF6FA70,AEGNNPENLNM,mov-ax-imm16-ret,static-candidate,"same 7.1 GetCmdId method identity as verified 26105 anchor + mov ax, imm16; ret"
2156,LKECLIDLINB,19671,0xFD3E680,AEGNNPENLNM,mov-ax-imm16-ret,static-candidate,"same 7.1 GetCmdId method identity as verified 26105 anchor + mov ax, imm16; ret"
2162,FPJHKBFKCOJ,55257,0xBDA1B90,AEGNNPENLNM,mov-ax-imm16-ret,static-candidate,"same 7.1 GetCmdId method identity as verified 26105 anchor + mov ax, imm16; ret"
2163,OLCGIPKDPLC,59169,0x869EAB0,AEGNNPENLNM,mov-ax-imm16-ret,static-candidate,"same 7.1 GetCmdId method identity as verified 26105 anchor + mov ax, imm16; ret"
2166,FJLFJPENFJG,41287,0xBD787D0,AEGNNPENLNM,mov-ax-imm16-ret,static-candidate,"same 7.1 GetCmdId method identity as verified 26105 anchor + mov ax, imm16; ret"
2173,FNMJFFLDGDJ,65722,0xD5AF840,AEGNNPENLNM,mov-ax-imm16-ret,static-candidate,"same 7.1 GetCmdId method identity as verified 26105 anchor + mov ax, imm16; ret"
2178,LIGFLGNNAHP,83525,0xE4BA1E0,AEGNNPENLNM,mov-ax-imm16-ret,static-candidate,"same 7.1 GetCmdId method identity as verified 26105 anchor + mov ax, imm16; ret"
2183,HFEPNONIPIM,35292,0xBE902A0,AEGNNPENLNM,mov-ax-imm16-ret,static-candidate,"same 7.1 GetCmdId method identity as verified 26105 anchor + mov ax, imm16; ret"
2185,DALFDLKDKHG,27153,0x10D7AF40,AEGNNPENLNM,mov-ax-imm16-ret,static-candidate,"same 7.1 GetCmdId method identity as verified 26105 anchor + mov ax, imm16; ret"
2193,LLJPBNHBAKH,47826,0xB4EE620,AEGNNPENLNM,mov-ax-imm16-ret,static-candidate,"same 7.1 GetCmdId method identity as verified 26105 anchor + mov ax, imm16; ret"
2194,DAJEKBBKEDJ,50353,0x133F7F90,AEGNNPENLNM,mov-ax-imm16-ret,static-candidate,"same 7.1 GetCmdId method identity as verified 26105 anchor + mov ax, imm16; ret"
2195,JCPONMMNANJ,61520,0x12AEA410,AEGNNPENLNM,mov-ax-imm16-ret,static-candidate,"same 7.1 GetCmdId method identity as verified 26105 anchor + mov ax, imm16; ret"
2200,LOJDIKIDICD,53883,0x108EA4D0,AEGNNPENLNM,mov-ax-imm16-ret,static-candidate,"same 7.1 GetCmdId method identity as verified 26105 anchor + mov ax, imm16; ret"
2202,FCKMKOCPEHA,70216,0xBB86E90,AEGNNPENLNM,mov-ax-imm16-ret,static-candidate,"same 7.1 GetCmdId method identity as verified 26105 anchor + mov ax, imm16; ret"
2205,AAGFAGALEHM,67935,0xBC11DE0,AEGNNPENLNM,mov-ax-imm16-ret,static-candidate,"same 7.1 GetCmdId method identity as verified 26105 anchor + mov ax, imm16; ret"
2210,LCHBAHFCMMA,75152,0x9C23A30,AEGNNPENLNM,mov-ax-imm16-ret,static-candidate,"same 7.1 GetCmdId method identity as verified 26105 anchor + mov ax, imm16; ret"
2213,DHDCICPPAFB,78045,0xE9831E0,AEGNNPENLNM,mov-ax-imm16-ret,static-candidate,"same 7.1 GetCmdId method identity as verified 26105 anchor + mov ax, imm16; ret"
2217,KPLAJNDGEBM,33040,0xF08D750,AEGNNPENLNM,mov-ax-imm16-ret,static-candidate,"same 7.1 GetCmdId method identity as verified 26105 anchor + mov ax, imm16; ret"
2221,HEPONMFKDHK,47736,0xCAF58F0,AEGNNPENLNM,mov-ax-imm16-ret,static-candidate,"same 7.1 GetCmdId method identity as verified 26105 anchor + mov ax, imm16; ret"
2228,BEEBKPIPAEP,85113,0xFBE6830,AEGNNPENLNM,mov-ax-imm16-ret,static-candidate,"same 7.1 GetCmdId method identity as verified 26105 anchor + mov ax, imm16; ret"
2236,AGJJAKDHBDN,18229,0x717E5E0,AEGNNPENLNM,mov-ax-imm16-ret,static-candidate,"same 7.1 GetCmdId method identity as verified 26105 anchor + mov ax, imm16; ret"
2242,MCDEJGCFBIB,24537,0x114ED1A0,AEGNNPENLNM,mov-ax-imm16-ret,static-candidate,"same 7.1 GetCmdId method identity as verified 26105 anchor + mov ax, imm16; ret"
2244,DLFOPHBBPON,11999,0xE9A5500,AEGNNPENLNM,mov-ax-imm16-ret,static-candidate,"same 7.1 GetCmdId method identity as verified 26105 anchor + mov ax, imm16; ret"
2246,ADPNFGHAOGI,58672,0xEADF720,AEGNNPENLNM,mov-ax-imm16-ret,static-candidate,"same 7.1 GetCmdId method identity as verified 26105 anchor + mov ax, imm16; ret"
2247,MIAGMIMIDEJ,29009,0xE53A240,AEGNNPENLNM,mov-ax-imm16-ret,static-candidate,"same 7.1 GetCmdId method identity as verified 26105 anchor + mov ax, imm16; ret"
2249,IKLOJFFHCMH,49871,0x75A4550,AEGNNPENLNM,mov-ax-imm16-ret,static-candidate,"same 7.1 GetCmdId method identity as verified 26105 anchor + mov ax, imm16; ret"
2256,IDBDIBENEON,80640,0xD7078F0,AEGNNPENLNM,mov-ax-imm16-ret,static-candidate,"same 7.1 GetCmdId method identity as verified 26105 anchor + mov ax, imm16; ret"
2269,KBPBEPDAFOB,13110,0x112FBA50,AEGNNPENLNM,mov-ax-imm16-ret,static-candidate,"same 7.1 GetCmdId method identity as verified 26105 anchor + mov ax, imm16; ret"
2270,OPEMBNMNBJL,68373,0x9FE3070,AEGNNPENLNM,mov-ax-imm16-ret,static-candidate,"same 7.1 GetCmdId method identity as verified 26105 anchor + mov ax, imm16; ret"
2272,BBKLMJDIFDC,24738,0xB183A00,AEGNNPENLNM,mov-ax-imm16-ret,static-candidate,"same 7.1 GetCmdId method identity as verified 26105 anchor + mov ax, imm16; ret"
2278,HFFLILCIDJB,78277,0x129DB670,AEGNNPENLNM,mov-ax-imm16-ret,static-candidate,"same 7.1 GetCmdId method identity as verified 26105 anchor + mov ax, imm16; ret"
2280,BCAFAGEOEHF,84046,0x8E84200,AEGNNPENLNM,mov-ax-imm16-ret,static-candidate,"same 7.1 GetCmdId method identity as verified 26105 anchor + mov ax, imm16; ret"
2281,JACLNCMMOLB,51475,0xCC3C8E0,AEGNNPENLNM,mov-ax-imm16-ret,static-candidate,"same 7.1 GetCmdId method identity as verified 26105 anchor + mov ax, imm16; ret"
2288,HHHEACHDIMH,68040,0xF98ECE0,AEGNNPENLNM,mov-ax-imm16-ret,static-candidate,"same 7.1 GetCmdId method identity as verified 26105 anchor + mov ax, imm16; ret"
2290,AOGHJHEJGMA,59819,0x9706BC0,AEGNNPENLNM,mov-ax-imm16-ret,static-candidate,"same 7.1 GetCmdId method identity as verified 26105 anchor + mov ax, imm16; ret"
2293,PKAHJKAOGCF,40623,0xA045E50,AEGNNPENLNM,mov-ax-imm16-ret,static-candidate,"same 7.1 GetCmdId method identity as verified 26105 anchor + mov ax, imm16; ret"
2298,AMJNDFAHOEG,75823,0x10FD1A80,AEGNNPENLNM,mov-ax-imm16-ret,static-candidate,"same 7.1 GetCmdId method identity as verified 26105 anchor + mov ax, imm16; ret"
2299,CEIAKLIADFI,87745,0xB9FBB80,AEGNNPENLNM,mov-ax-imm16-ret,static-candidate,"same 7.1 GetCmdId method identity as verified 26105 anchor + mov ax, imm16; ret"
2305,FOCBEHIANBJ,60850,0xBBF2BA0,AEGNNPENLNM,mov-ax-imm16-ret,static-candidate,"same 7.1 GetCmdId method identity as verified 26105 anchor + mov ax, imm16; ret"
2310,NCDFNBALLIL,62048,0xB76E700,AEGNNPENLNM,mov-ax-imm16-ret,static-candidate,"same 7.1 GetCmdId method identity as verified 26105 anchor + mov ax, imm16; ret"
2313,FIMFKJPDFEE,51142,0xA2C8DC0,AEGNNPENLNM,mov-ax-imm16-ret,static-candidate,"same 7.1 GetCmdId method identity as verified 26105 anchor + mov ax, imm16; ret"
2324,JMAJCNHNLMF,73943,0xC0CD120,AEGNNPENLNM,mov-ax-imm16-ret,static-candidate,"same 7.1 GetCmdId method identity as verified 26105 anchor + mov ax, imm16; ret"
2328,CGOBPEDNJKJ,38720,0x1193AD00,AEGNNPENLNM,mov-ax-imm16-ret,static-candidate,"same 7.1 GetCmdId method identity as verified 26105 anchor + mov ax, imm16; ret"
2333,BAFEHHGHKFJ,87274,0x1275A2F0,AEGNNPENLNM,mov-ax-imm16-ret,static-candidate,"same 7.1 GetCmdId method identity as verified 26105 anchor + mov ax, imm16; ret"
2341,PNLHCIKLKHM,57458,0x7C96360,AEGNNPENLNM,mov-ax-imm16-ret,static-candidate,"same 7.1 GetCmdId method identity as verified 26105 anchor + mov ax, imm16; ret"
2342,JFJFKNPDCKA,19603,0xB397E10,AEGNNPENLNM,mov-ax-imm16-ret,static-candidate,"same 7.1 GetCmdId method identity as verified 26105 anchor + mov ax, imm16; ret"
2343,ABGNOBDLFPO,52647,0x8A0A960,AEGNNPENLNM,mov-ax-imm16-ret,static-candidate,"same 7.1 GetCmdId method identity as verified 26105 anchor + mov ax, imm16; ret"
2347,ONNFFNIHLNH,64371,0xC65E560,AEGNNPENLNM,mov-ax-imm16-ret,static-candidate,"same 7.1 GetCmdId method identity as verified 26105 anchor + mov ax, imm16; ret"
2351,NMGJHGHNJGH,15656,0x9ED43D0,AEGNNPENLNM,mov-ax-imm16-ret,static-candidate,"same 7.1 GetCmdId method identity as verified 26105 anchor + mov ax, imm16; ret"
2355,CJKIILHJINA,66716,0xBA298B0,AEGNNPENLNM,mov-ax-imm16-ret,static-candidate,"same 7.1 GetCmdId method identity as verified 26105 anchor + mov ax, imm16; ret"
2356,COLOCDMILPA,77790,0x9529190,AEGNNPENLNM,mov-ax-imm16-ret,static-candidate,"same 7.1 GetCmdId method identity as verified 26105 anchor + mov ax, imm16; ret"
2357,KEOEPPGAMFM,29001,0x1384BBA0,AEGNNPENLNM,mov-ax-imm16-ret,static-candidate,"same 7.1 GetCmdId method identity as verified 26105 anchor + mov ax, imm16; ret"
2364,GKNNCEOPBFB,35793,0x11C19DB0,AEGNNPENLNM,mov-ax-imm16-ret,static-candidate,"same 7.1 GetCmdId method identity as verified 26105 anchor + mov ax, imm16; ret"
2365,JAMBOKGNNMN,37816,0x1067D8E0,AEGNNPENLNM,mov-ax-imm16-ret,static-candidate,"same 7.1 GetCmdId method identity as verified 26105 anchor + mov ax, imm16; ret"
2372,JJLFBHKKFAC,75042,0x76DA470,AEGNNPENLNM,mov-ax-imm16-ret,static-candidate,"same 7.1 GetCmdId method identity as verified 26105 anchor + mov ax, imm16; ret"
2376,BCGIEMEFOAF,75634,0xC06A950,AEGNNPENLNM,mov-ax-imm16-ret,static-candidate,"same 7.1 GetCmdId method identity as verified 26105 anchor + mov ax, imm16; ret"
2389,CEKMMONLKJI,51816,0x124B3270,AEGNNPENLNM,mov-ax-imm16-ret,static-candidate,"same 7.1 GetCmdId method identity as verified 26105 anchor + mov ax, imm16; ret"
2392,IPDGGNABOCB,24176,0x8DD1CC0,AEGNNPENLNM,mov-ax-imm16-ret,static-candidate,"same 7.1 GetCmdId method identity as verified 26105 anchor + mov ax, imm16; ret"
2393,EHGJALDCFNK,77262,0xEA307D0,AEGNNPENLNM,mov-ax-imm16-ret,static-candidate,"same 7.1 GetCmdId method identity as verified 26105 anchor + mov ax, imm16; ret"
2401,EFIOBDGHMAO,69215,0x10E26860,AEGNNPENLNM,mov-ax-imm16-ret,static-candidate,"same 7.1 GetCmdId method identity as verified 26105 anchor + mov ax, imm16; ret"
2402,FHKEPLNJIBA,53526,0xA2C4330,AEGNNPENLNM,mov-ax-imm16-ret,static-candidate,"same 7.1 GetCmdId method identity as verified 26105 anchor + mov ax, imm16; ret"
2405,AGHHKPKFAFM,83418,0xEB1A610,AEGNNPENLNM,mov-ax-imm16-ret,static-candidate,"same 7.1 GetCmdId method identity as verified 26105 anchor + mov ax, imm16; ret"
2410,FLGFDNCKKMH,66125,0x7FE3660,AEGNNPENLNM,mov-ax-imm16-ret,static-candidate,"same 7.1 GetCmdId method identity as verified 26105 anchor + mov ax, imm16; ret"
2411,PHOPNFEBAPE,44299,0x1186ED90,AEGNNPENLNM,mov-ax-imm16-ret,static-candidate,"same 7.1 GetCmdId method identity as verified 26105 anchor + mov ax, imm16; ret"
2414,IFECAOHBDIH,15940,0xB2A9150,AEGNNPENLNM,mov-ax-imm16-ret,static-candidate,"same 7.1 GetCmdId method identity as verified 26105 anchor + mov ax, imm16; ret"
2419,CBAEPMDOFHJ,34417,0xFFFAEE0,AEGNNPENLNM,mov-ax-imm16-ret,static-candidate,"same 7.1 GetCmdId method identity as verified 26105 anchor + mov ax, imm16; ret"
2421,JBMFEKJPBNJ,25538,0x7658690,AEGNNPENLNM,mov-ax-imm16-ret,static-candidate,"same 7.1 GetCmdId method identity as verified 26105 anchor + mov ax, imm16; ret"
2423,GBBKHOLFJIL,30973,0x9797840,AEGNNPENLNM,mov-ax-imm16-ret,static-candidate,"same 7.1 GetCmdId method identity as verified 26105 anchor + mov ax, imm16; ret"
2429,OHFJECJHFJF,79223,0x7BA9130,AEGNNPENLNM,mov-ax-imm16-ret,static-candidate,"same 7.1 GetCmdId method identity as verified 26105 anchor + mov ax, imm16; ret"
2430,KOBALCONKMI,23035,0x12C5D800,AEGNNPENLNM,mov-ax-imm16-ret,static-candidate,"same 7.1 GetCmdId method identity as verified 26105 anchor + mov ax, imm16; ret"
2432,AMKNOJFFKFI,41442,0x7EFFFA0,AEGNNPENLNM,mov-ax-imm16-ret,static-candidate,"same 7.1 GetCmdId method identity as verified 26105 anchor + mov ax, imm16; ret"
2433,LICOFGCLKKF,12141,0x9C5CAB0,AEGNNPENLNM,mov-ax-imm16-ret,static-candidate,"same 7.1 GetCmdId method identity as verified 26105 anchor + mov ax, imm16; ret"
2437,ENGELNIIFCH,35744,0x125E3840,AEGNNPENLNM,mov-ax-imm16-ret,static-candidate,"same 7.1 GetCmdId method identity as verified 26105 anchor + mov ax, imm16; ret"
2441,PBEADIEOJKN,70579,0xC674920,AEGNNPENLNM,mov-ax-imm16-ret,static-candidate,"same 7.1 GetCmdId method identity as verified 26105 anchor + mov ax, imm16; ret"
2442,GLKPNNKMKCN,51283,0xF91CCD0,AEGNNPENLNM,mov-ax-imm16-ret,static-candidate,"same 7.1 GetCmdId method identity as verified 26105 anchor + mov ax, imm16; ret"
2445,AHEKHJKGFAA,35626,0xAB84400,AEGNNPENLNM,mov-ax-imm16-ret,static-candidate,"same 7.1 GetCmdId method identity as verified 26105 anchor + mov ax, imm16; ret"
2447,HNHIDCEMFAD,85980,0x1059E200,AEGNNPENLNM,mov-ax-imm16-ret,static-candidate,"same 7.1 GetCmdId method identity as verified 26105 anchor + mov ax, imm16; ret"
2459,JDKBIHEOBLK,43042,0x76655A0,AEGNNPENLNM,mov-ax-imm16-ret,static-candidate,"same 7.1 GetCmdId method identity as verified 26105 anchor + mov ax, imm16; ret"
2462,MIHFDPBJCOK,55234,0xCEBE980,AEGNNPENLNM,mov-ax-imm16-ret,static-candidate,"same 7.1 GetCmdId method identity as verified 26105 anchor + mov ax, imm16; ret"
2469,INDJHKLOOKI,84471,0xCC27F40,AEGNNPENLNM,mov-ax-imm16-ret,static-candidate,"same 7.1 GetCmdId method identity as verified 26105 anchor + mov ax, imm16; ret"
2471,CLLHFFKIJMF,31565,0xC7C2C20,AEGNNPENLNM,mov-ax-imm16-ret,static-candidate,"same 7.1 GetCmdId method identity as verified 26105 anchor + mov ax, imm16; ret"
2481,GADDBCIHHOA,21060,0xBBFE0E0,AEGNNPENLNM,mov-ax-imm16-ret,static-candidate,"same 7.1 GetCmdId method identity as verified 26105 anchor + mov ax, imm16; ret"
2486,IMFFPGMDGPJ,43557,0x1373D750,AEGNNPENLNM,mov-ax-imm16-ret,static-candidate,"same 7.1 GetCmdId method identity as verified 26105 anchor + mov ax, imm16; ret"
2491,CBCIJBFDIJJ,32960,0xD1D6A10,AEGNNPENLNM,mov-ax-imm16-ret,static-candidate,"same 7.1 GetCmdId method identity as verified 26105 anchor + mov ax, imm16; ret"
2492,JJIPOKDHLCE,28664,0x11EE3CC0,AEGNNPENLNM,mov-ax-imm16-ret,static-candidate,"same 7.1 GetCmdId method identity as verified 26105 anchor + mov ax, imm16; ret"
2495,EHJEIHPEKAC,68034,0x127D90E0,AEGNNPENLNM,mov-ax-imm16-ret,static-candidate,"same 7.1 GetCmdId method identity as verified 26105 anchor + mov ax, imm16; ret"
2496,NCNBMJPGKIO,75111,0xB7763F0,AEGNNPENLNM,mov-ax-imm16-ret,static-candidate,"same 7.1 GetCmdId method identity as verified 26105 anchor + mov ax, imm16; ret"
2499,PIOKANKEDEB,67012,0xA03EDB0,AEGNNPENLNM,mov-ax-imm16-ret,static-candidate,"same 7.1 GetCmdId method identity as verified 26105 anchor + mov ax, imm16; ret"
2507,MDCEPODADEB,31363,0x78C0580,AEGNNPENLNM,mov-ax-imm16-ret,static-candidate,"same 7.1 GetCmdId method identity as verified 26105 anchor + mov ax, imm16; ret"
2511,APKJHAPOEEG,58708,0xF7E9F40,AEGNNPENLNM,mov-ax-imm16-ret,static-candidate,"same 7.1 GetCmdId method identity as verified 26105 anchor + mov ax, imm16; ret"
2516,IIAEBHHANFB,13204,0xFA19B80,AEGNNPENLNM,mov-ax-imm16-ret,static-candidate,"same 7.1 GetCmdId method identity as verified 26105 anchor + mov ax, imm16; ret"
2528,KPCPFBNOCCB,38403,0x8353730,AEGNNPENLNM,mov-ax-imm16-ret,static-candidate,"same 7.1 GetCmdId method identity as verified 26105 anchor + mov ax, imm16; ret"
2530,LBDHPGBGGAK,17550,0x902CB70,AEGNNPENLNM,mov-ax-imm16-ret,static-candidate,"same 7.1 GetCmdId method identity as verified 26105 anchor + mov ax, imm16; ret"
2535,KFNDMCOMKCC,83749,0xCD196F0,AEGNNPENLNM,mov-ax-imm16-ret,static-candidate,"same 7.1 GetCmdId method identity as verified 26105 anchor + mov ax, imm16; ret"
2540,CGHDKKOHBGC,61417,0xAF71090,AEGNNPENLNM,mov-ax-imm16-ret,static-candidate,"same 7.1 GetCmdId method identity as verified 26105 anchor + mov ax, imm16; ret"
2542,OFGELPKPGNN,35460,0x7B91150,AEGNNPENLNM,mov-ax-imm16-ret,static-candidate,"same 7.1 GetCmdId method identity as verified 26105 anchor + mov ax, imm16; ret"
2543,KCEBBENOJKP,85265,0xE3958B0,AEGNNPENLNM,mov-ax-imm16-ret,static-candidate,"same 7.1 GetCmdId method identity as verified 26105 anchor + mov ax, imm16; ret"
2546,FAAHEOBBPHL,25219,0x72E1220,AEGNNPENLNM,mov-ax-imm16-ret,static-candidate,"same 7.1 GetCmdId method identity as verified 26105 anchor + mov ax, imm16; ret"
2557,BOKIDACIMCG,24850,0xE808330,AEGNNPENLNM,mov-ax-imm16-ret,static-candidate,"same 7.1 GetCmdId method identity as verified 26105 anchor + mov ax, imm16; ret"
2562,FBICLGCFDIP,28699,0xBD31930,AEGNNPENLNM,mov-ax-imm16-ret,static-candidate,"same 7.1 GetCmdId method identity as verified 26105 anchor + mov ax, imm16; ret"
2563,FMKKGHINFGE,74954,0xA4B1930,AEGNNPENLNM,mov-ax-imm16-ret,static-candidate,"same 7.1 GetCmdId method identity as verified 26105 anchor + mov ax, imm16; ret"
2568,EJEFEFLJJGD,30930,0x14015D20,AEGNNPENLNM,mov-ax-imm16-ret,static-candidate,"same 7.1 GetCmdId method identity as verified 26105 anchor + mov ax, imm16; ret"
2569,NIGBGGKKOFO,87316,0x1229A470,AEGNNPENLNM,mov-ax-imm16-ret,static-candidate,"same 7.1 GetCmdId method identity as verified 26105 anchor + mov ax, imm16; ret"
2573,PGHDAOKGPPO,66217,0xF49EB10,AEGNNPENLNM,mov-ax-imm16-ret,static-candidate,"same 7.1 GetCmdId method identity as verified 26105 anchor + mov ax, imm16; ret"
2574,JCHFNBLPDHD,76145,0x12ADE780,AEGNNPENLNM,mov-ax-imm16-ret,static-candidate,"same 7.1 GetCmdId method identity as verified 26105 anchor + mov ax, imm16; ret"
2578,IPPGJKAKJDF,67152,0x8DD8650,AEGNNPENLNM,mov-ax-imm16-ret,static-candidate,"same 7.1 GetCmdId method identity as verified 26105 anchor + mov ax, imm16; ret"
2580,AOJNAPIEDNN,31453,0x11BBEBB0,AEGNNPENLNM,mov-ax-imm16-ret,static-candidate,"same 7.1 GetCmdId method identity as verified 26105 anchor + mov ax, imm16; ret"
2581,MHAOCBOPOKA,17606,0x12D32080,AEGNNPENLNM,mov-ax-imm16-ret,static-candidate,"same 7.1 GetCmdId method identity as verified 26105 anchor + mov ax, imm16; ret"
2582,BBPELGABBKK,88601,0x11383B20,AEGNNPENLNM,mov-ax-imm16-ret,static-candidate,"same 7.1 GetCmdId method identity as verified 26105 anchor + mov ax, imm16; ret"
2583,BEMFPPMKODN,82769,0x138AF020,AEGNNPENLNM,mov-ax-imm16-ret,static-candidate,"same 7.1 GetCmdId method identity as verified 26105 anchor + mov ax, imm16; ret"
2585,KAAEHACAICP,66743,0x8F6E820,AEGNNPENLNM,mov-ax-imm16-ret,static-candidate,"same 7.1 GetCmdId method identity as verified 26105 anchor + mov ax, imm16; ret"
2587,HODEFGMBOLG,87486,0xCB57D00,AEGNNPENLNM,mov-ax-imm16-ret,static-candidate,"same 7.1 GetCmdId method identity as verified 26105 anchor + mov ax, imm16; ret"
2592,CFJEGDBGHOB,39260,0xAF6D040,AEGNNPENLNM,mov-ax-imm16-ret,static-candidate,"same 7.1 GetCmdId method identity as verified 26105 anchor + mov ax, imm16; ret"
2594,GGLLKPPBCMI,12277,0xBDECAE0,AEGNNPENLNM,mov-ax-imm16-ret,static-candidate,"same 7.1 GetCmdId method identity as verified 26105 anchor + mov ax, imm16; ret"
2603,PAEDKJLDMIN,67554,0xB8D0250,AEGNNPENLNM,mov-ax-imm16-ret,static-candidate,"same 7.1 GetCmdId method identity as verified 26105 anchor + mov ax, imm16; ret"
2604,KOACAPNBKAJ,71096,0x113D59D0,AEGNNPENLNM,mov-ax-imm16-ret,static-candidate,"same 7.1 GetCmdId method identity as verified 26105 anchor + mov ax, imm16; ret"
2614,KNJPGLCAJCO,81356,0x12C56540,AEGNNPENLNM,mov-ax-imm16-ret,static-candidate,"same 7.1 GetCmdId method identity as verified 26105 anchor + mov ax, imm16; ret"
2617,OKCGBHHIIFC,76062,0x93970A0,AEGNNPENLNM,mov-ax-imm16-ret,static-candidate,"same 7.1 GetCmdId method identity as verified 26105 anchor + mov ax, imm16; ret"
2628,HOOMNLIPIPM,18877,0xD6E04E0,AEGNNPENLNM,mov-ax-imm16-ret,static-candidate,"same 7.1 GetCmdId method identity as verified 26105 anchor + mov ax, imm16; ret"
2633,KMPJDMDHPGN,12317,0x8339EE0,AEGNNPENLNM,mov-ax-imm16-ret,static-candidate,"same 7.1 GetCmdId method identity as verified 26105 anchor + mov ax, imm16; ret"
2637,CNPKBBCNEDA,59466,0xAFB11E0,AEGNNPENLNM,mov-ax-imm16-ret,static-candidate,"same 7.1 GetCmdId method identity as verified 26105 anchor + mov ax, imm16; ret"
2640,ENNMFDGONCH,67344,0xEA7D0B0,AEGNNPENLNM,mov-ax-imm16-ret,static-candidate,"same 7.1 GetCmdId method identity as verified 26105 anchor + mov ax, imm16; ret"
2648,JMHKJPFDHFI,40060,0xCCE33E0,AEGNNPENLNM,mov-ax-imm16-ret,static-candidate,"same 7.1 GetCmdId method identity as verified 26105 anchor + mov ax, imm16; ret"
2652,HDPOIIHGMKJ,25876,0xA6266D0,AEGNNPENLNM,mov-ax-imm16-ret,static-candidate,"same 7.1 GetCmdId method identity as verified 26105 anchor + mov ax, imm16; ret"
2653,GEHBEFKJBEM,19184,0xD5F07D0,AEGNNPENLNM,mov-ax-imm16-ret,static-candidate,"same 7.1 GetCmdId method identity as verified 26105 anchor + mov ax, imm16; ret"
2655,AIPHPBLNODE,15925,0xC99CBE0,AEGNNPENLNM,mov-ax-imm16-ret,static-candidate,"same 7.1 GetCmdId method identity as verified 26105 anchor + mov ax, imm16; ret"
2657,DABJHJFALGE,61080,0xF5CD050,AEGNNPENLNM,mov-ax-imm16-ret,static-candidate,"same 7.1 GetCmdId method identity as verified 26105 anchor + mov ax, imm16; ret"
2660,FKPLPILHJLK,49013,0xA2E0CF0,AEGNNPENLNM,mov-ax-imm16-ret,static-candidate,"same 7.1 GetCmdId method identity as verified 26105 anchor + mov ax, imm16; ret"
2661,EHHFAKAAJMA,64560,0x11ACFAD0,AEGNNPENLNM,mov-ax-imm16-ret,static-candidate,"same 7.1 GetCmdId method identity as verified 26105 anchor + mov ax, imm16; ret"
2666,BGOLBGMDHCJ,52534,0xC455450,AEGNNPENLNM,mov-ax-imm16-ret,static-candidate,"same 7.1 GetCmdId method identity as verified 26105 anchor + mov ax, imm16; ret"
2670,IAOIOBBMHPE,32664,0x111AAB20,AEGNNPENLNM,mov-ax-imm16-ret,static-candidate,"same 7.1 GetCmdId method identity as verified 26105 anchor + mov ax, imm16; ret"
2673,EEPKAMKBKJC,66302,0x13FFE560,AEGNNPENLNM,mov-ax-imm16-ret,static-candidate,"same 7.1 GetCmdId method identity as verified 26105 anchor + mov ax, imm16; ret"
2674,MLGHEJHCKEP,32219,0xAAF1EF0,AEGNNPENLNM,mov-ax-imm16-ret,static-candidate,"same 7.1 GetCmdId method identity as verified 26105 anchor + mov ax, imm16; ret"
2684,AKAEONIGMAK,59847,0xAB93390,AEGNNPENLNM,mov-ax-imm16-ret,static-candidate,"same 7.1 GetCmdId method identity as verified 26105 anchor + mov ax, imm16; ret"
2686,HHHLPPDHHHJ,82009,0xA67FA10,AEGNNPENLNM,mov-ax-imm16-ret,static-candidate,"same 7.1 GetCmdId method identity as verified 26105 anchor + mov ax, imm16; ret"
2687,KNANJCNFKFH,82590,0xB46EA10,AEGNNPENLNM,mov-ax-imm16-ret,static-candidate,"same 7.1 GetCmdId method identity as verified 26105 anchor + mov ax, imm16; ret"
2688,INLHICOHAKH,24607,0x12AC36D0,AEGNNPENLNM,mov-ax-imm16-ret,static-candidate,"same 7.1 GetCmdId method identity as verified 26105 anchor + mov ax, imm16; ret"
2693,EGEJHJPDPAD,27426,0xEA18200,AEGNNPENLNM,mov-ax-imm16-ret,static-candidate,"same 7.1 GetCmdId method identity as verified 26105 anchor + mov ax, imm16; ret"
2703,INBBJMODBNE,25650,0x8184A20,AEGNNPENLNM,mov-ax-imm16-ret,static-candidate,"same 7.1 GetCmdId method identity as verified 26105 anchor + mov ax, imm16; ret"
2704,PPOEAFNPODA,57083,0x7CCE3A0,AEGNNPENLNM,mov-ax-imm16-ret,static-candidate,"same 7.1 GetCmdId method identity as verified 26105 anchor + mov ax, imm16; ret"
2707,OCKGOCBPHEB,48881,0x9F76340,AEGNNPENLNM,mov-ax-imm16-ret,static-candidate,"same 7.1 GetCmdId method identity as verified 26105 anchor + mov ax, imm16; ret"
2708,PIDBCBJDIJJ,56646,0x1186FA50,AEGNNPENLNM,mov-ax-imm16-ret,static-candidate,"same 7.1 GetCmdId method identity as verified 26105 anchor + mov ax, imm16; ret"
2712,PANIJMKCEKN,35767,0x1183A620,AEGNNPENLNM,mov-ax-imm16-ret,static-candidate,"same 7.1 GetCmdId method identity as verified 26105 anchor + mov ax, imm16; ret"
2715,LJOIKAJMJGM,85870,0x1206BC20,AEGNNPENLNM,mov-ax-imm16-ret,static-candidate,"same 7.1 GetCmdId method identity as verified 26105 anchor + mov ax, imm16; ret"
2721,BBAHBMFFEHA,60312,0x134DB670,AEGNNPENLNM,mov-ax-imm16-ret,static-candidate,"same 7.1 GetCmdId method identity as verified 26105 anchor + mov ax, imm16; ret"
2722,MNKKPNAIEOH,34708,0xE576770,AEGNNPENLNM,mov-ax-imm16-ret,static-candidate,"same 7.1 GetCmdId method identity as verified 26105 anchor + mov ax, imm16; ret"
2723,HKLDGLFNOJN,30989,0xBEBF480,AEGNNPENLNM,mov-ax-imm16-ret,static-candidate,"same 7.1 GetCmdId method identity as verified 26105 anchor + mov ax, imm16; ret"
2724,LGMMEGPIFGK,23992,0x1203D6C0,AEGNNPENLNM,mov-ax-imm16-ret,static-candidate,"same 7.1 GetCmdId method identity as verified 26105 anchor + mov ax, imm16; ret"
2726,LKEJKNFJELK,27976,0x786AD30,AEGNNPENLNM,mov-ax-imm16-ret,static-candidate,"same 7.1 GetCmdId method identity as verified 26105 anchor + mov ax, imm16; ret"
2731,PJAMLFFJCBM,26014,0xB97FF90,AEGNNPENLNM,mov-ax-imm16-ret,static-candidate,"same 7.1 GetCmdId method identity as verified 26105 anchor + mov ax, imm16; ret"
2735,JFMAIIALNGJ,21870,0x137B6740,AEGNNPENLNM,mov-ax-imm16-ret,static-candidate,"same 7.1 GetCmdId method identity as verified 26105 anchor + mov ax, imm16; ret"
2738,CILBOEFDHKJ,15530,0xC78A470,AEGNNPENLNM,mov-ax-imm16-ret,static-candidate,"same 7.1 GetCmdId method identity as verified 26105 anchor + mov ax, imm16; ret"
2739,GPOLHNAEINA,88430,0x8087DA0,AEGNNPENLNM,mov-ax-imm16-ret,static-candidate,"same 7.1 GetCmdId method identity as verified 26105 anchor + mov ax, imm16; ret"
2748,NCNAGMPHLHF,25860,0x85DC8C0,AEGNNPENLNM,mov-ax-imm16-ret,static-candidate,"same 7.1 GetCmdId method identity as verified 26105 anchor + mov ax, imm16; ret"
2750,ELCKKEMMMFO,74527,0x127F8CA0,AEGNNPENLNM,mov-ax-imm16-ret,static-candidate,"same 7.1 GetCmdId method identity as verified 26105 anchor + mov ax, imm16; ret"
2761,KCKECGNMKHL,45095,0x8F917B0,AEGNNPENLNM,mov-ax-imm16-ret,static-candidate,"same 7.1 GetCmdId method identity as verified 26105 anchor + mov ax, imm16; ret"
2762,PLMPEOBIGGG,28640,0xAE18A40,AEGNNPENLNM,mov-ax-imm16-ret,static-candidate,"same 7.1 GetCmdId method identity as verified 26105 anchor + mov ax, imm16; ret"
2763,PGKJCKOBOEB,33844,0x7C38270,AEGNNPENLNM,mov-ax-imm16-ret,static-candidate,"same 7.1 GetCmdId method identity as verified 26105 anchor + mov ax, imm16; ret"
2767,FHPLFJOBNOE,30062,0x103C8140,AEGNNPENLNM,mov-ax-imm16-ret,static-candidate,"same 7.1 GetCmdId method identity as verified 26105 anchor + mov ax, imm16; ret"
2769,DPKDDILDCGI,34378,0x88C56F0,AEGNNPENLNM,mov-ax-imm16-ret,static-candidate,"same 7.1 GetCmdId method identity as verified 26105 anchor + mov ax, imm16; ret"
2770,EEPNIDECAKD,76940,0xEA0CF80,AEGNNPENLNM,mov-ax-imm16-ret,static-candidate,"same 7.1 GetCmdId method identity as verified 26105 anchor + mov ax, imm16; ret"
2776,DAKIOKOJCPC,46957,0x13F18270,AEGNNPENLNM,mov-ax-imm16-ret,static-candidate,"same 7.1 GetCmdId method identity as verified 26105 anchor + mov ax, imm16; ret"
2784,DAEHMBOJGLG,42324,0x13F15410,AEGNNPENLNM,mov-ax-imm16-ret,static-candidate,"same 7.1 GetCmdId method identity as verified 26105 anchor + mov ax, imm16; ret"
2786,KFBBOLKMGKF,29018,0xA9538F0,AEGNNPENLNM,mov-ax-imm16-ret,static-candidate,"same 7.1 GetCmdId method identity as verified 26105 anchor + mov ax, imm16; ret"
2788,LJOHADLKGLB,26327,0x9C71040,AEGNNPENLNM,mov-ax-imm16-ret,static-candidate,"same 7.1 GetCmdId method identity as verified 26105 anchor + mov ax, imm16; ret"
2790,KFPMABGILDO,67620,0x77351A0,AEGNNPENLNM,mov-ax-imm16-ret,static-candidate,"same 7.1 GetCmdId method identity as verified 26105 anchor + mov ax, imm16; ret"
2791,LEFJGBNNNNB,68374,0x9C40490,AEGNNPENLNM,mov-ax-imm16-ret,static-candidate,"same 7.1 GetCmdId method identity as verified 26105 anchor + mov ax, imm16; ret"
2799,LIGPMLCJOHN,24011,0xC219600,AEGNNPENLNM,mov-ax-imm16-ret,static-candidate,"same 7.1 GetCmdId method identity as verified 26105 anchor + mov ax, imm16; ret"
2806,BLKBHPKGBAA,24891,0x82DBFD0,AEGNNPENLNM,mov-ax-imm16-ret,static-candidate,"same 7.1 GetCmdId method identity as verified 26105 anchor + mov ax, imm16; ret"
2811,DDHOMBKCFHG,29919,0x10D8E590,AEGNNPENLNM,mov-ax-imm16-ret,static-candidate,"same 7.1 GetCmdId method identity as verified 26105 anchor + mov ax, imm16; ret"
2816,PCFJCDDFGIP,59468,0x7C1CF00,AEGNNPENLNM,mov-ax-imm16-ret,static-candidate,"same 7.1 GetCmdId method identity as verified 26105 anchor + mov ax, imm16; ret"
2825,LHLGCBKIMAE,34505,0x12CACCB0,AEGNNPENLNM,mov-ax-imm16-ret,static-candidate,"same 7.1 GetCmdId method identity as verified 26105 anchor + mov ax, imm16; ret"
2826,FIOPONIPAIE,54967,0xD497310,AEGNNPENLNM,mov-ax-imm16-ret,static-candidate,"same 7.1 GetCmdId method identity as verified 26105 anchor + mov ax, imm16; ret"
2830,JEGBGDODLGD,28301,0x11EC34D0,AEGNNPENLNM,mov-ax-imm16-ret,static-candidate,"same 7.1 GetCmdId method identity as verified 26105 anchor + mov ax, imm16; ret"
2833,OAHCJMKNPJN,37025,0x11727460,AEGNNPENLNM,mov-ax-imm16-ret,static-candidate,"same 7.1 GetCmdId method identity as verified 26105 anchor + mov ax, imm16; ret"
2837,FMNGGIHGDKL,63748,0xD4AA560,AEGNNPENLNM,mov-ax-imm16-ret,static-candidate,"same 7.1 GetCmdId method identity as verified 26105 anchor + mov ax, imm16; ret"
2838,BMAOGLCLOEJ,54913,0xE7FCFC0,AEGNNPENLNM,mov-ax-imm16-ret,static-candidate,"same 7.1 GetCmdId method identity as verified 26105 anchor + mov ax, imm16; ret"
2841,JGPKKGBNPBI,41294,0xFB39750,AEGNNPENLNM,mov-ax-imm16-ret,static-candidate,"same 7.1 GetCmdId method identity as verified 26105 anchor + mov ax, imm16; ret"
2845,HMOJLOGDODC,87088,0x11181270,AEGNNPENLNM,mov-ax-imm16-ret,static-candidate,"same 7.1 GetCmdId method identity as verified 26105 anchor + mov ax, imm16; ret"
2847,GNACOFOGEGE,12102,0xBE19A90,AEGNNPENLNM,mov-ax-imm16-ret,static-candidate,"same 7.1 GetCmdId method identity as verified 26105 anchor + mov ax, imm16; ret"
2848,ACCJCAEFBBG,35701,0x7EBC6D0,AEGNNPENLNM,mov-ax-imm16-ret,static-candidate,"same 7.1 GetCmdId method identity as verified 26105 anchor + mov ax, imm16; ret"
2851,LGGHPJAEMIG,12799,0x1141D5B0,AEGNNPENLNM,mov-ax-imm16-ret,static-candidate,"same 7.1 GetCmdId method identity as verified 26105 anchor + mov ax, imm16; ret"
2852,DHNDJHJMCFH,67150,0xF6144C0,AEGNNPENLNM,mov-ax-imm16-ret,static-candidate,"same 7.1 GetCmdId method identity as verified 26105 anchor + mov ax, imm16; ret"
2869,ADEKJGODPGB,84453,0xC965A30,AEGNNPENLNM,mov-ax-imm16-ret,static-candidate,"same 7.1 GetCmdId method identity as verified 26105 anchor + mov ax, imm16; ret"
2870,DKPJBENLNFD,81784,0x7EAAF10,AEGNNPENLNM,mov-ax-imm16-ret,static-candidate,"same 7.1 GetCmdId method identity as verified 26105 anchor + mov ax, imm16; ret"
2871,FJLNCJIFBCF,56785,0x7345110,AEGNNPENLNM,mov-ax-imm16-ret,static-candidate,"same 7.1 GetCmdId method identity as verified 26105 anchor + mov ax, imm16; ret"
2873,CPHHJKALDAE,50461,0x12521D70,AEGNNPENLNM,mov-ax-imm16-ret,static-candidate,"same 7.1 GetCmdId method identity as verified 26105 anchor + mov ax, imm16; ret"
2874,OJNJKLFJBBJ,70180,0x938F8A0,AEGNNPENLNM,mov-ax-imm16-ret,static-candidate,"same 7.1 GetCmdId method identity as verified 26105 anchor + mov ax, imm16; ret"
2884,EFFBNGLOHDM,29469,0x7272740,AEGNNPENLNM,mov-ax-imm16-ret,static-candidate,"same 7.1 GetCmdId method identity as verified 26105 anchor + mov ax, imm16; ret"
2885,HIEPJGCBKJL,19995,0x1366ABB0,AEGNNPENLNM,mov-ax-imm16-ret,static-candidate,"same 7.1 GetCmdId method identity as verified 26105 anchor + mov ax, imm16; ret"
2890,GJGMFEDCFHP,68307,0xD619E50,AEGNNPENLNM,mov-ax-imm16-ret,static-candidate,"same 7.1 GetCmdId method identity as verified 26105 anchor + mov ax, imm16; ret"
2897,JBFEONCLMPE,75637,0xFB09FE0,AEGNNPENLNM,mov-ax-imm16-ret,static-candidate,"same 7.1 GetCmdId method identity as verified 26105 anchor + mov ax, imm16; ret"
2898,MKLCDKPLKHN,51789,0x12D4E0C0,AEGNNPENLNM,mov-ax-imm16-ret,static-candidate,"same 7.1 GetCmdId method identity as verified 26105 anchor + mov ax, imm16; ret"
2899,NONAHNBBBGP,74032,0x130B5860,AEGNNPENLNM,mov-ax-imm16-ret,static-candidate,"same 7.1 GetCmdId method identity as verified 26105 anchor + mov ax, imm16; ret"
2907,LNCKOIOCHAB,31942,0xF108B60,AEGNNPENLNM,mov-ax-imm16-ret,static-candidate,"same 7.1 GetCmdId method identity as verified 26105 anchor + mov ax, imm16; ret"
2913,HDDAAMCEFLO,15939,0xCAE8F20,AEGNNPENLNM,mov-ax-imm16-ret,static-candidate,"same 7.1 GetCmdId method identity as verified 26105 anchor + mov ax, imm16; ret"
2917,IBCMJLJOFBI,65082,0x11DFD130,AEGNNPENLNM,mov-ax-imm16-ret,static-candidate,"same 7.1 GetCmdId method identity as verified 26105 anchor + mov ax, imm16; ret"
2919,OIDEJFHLMJC,73610,0x10B6BFC0,AEGNNPENLNM,mov-ax-imm16-ret,static-candidate,"same 7.1 GetCmdId method identity as verified 26105 anchor + mov ax, imm16; ret"
2923,FKFBOIKIICD,88599,0xBBDC100,AEGNNPENLNM,mov-ax-imm16-ret,static-candidate,"same 7.1 GetCmdId method identity as verified 26105 anchor + mov ax, imm16; ret"
2925,NIAEFHGFDAC,44259,0xB79C960,AEGNNPENLNM,mov-ax-imm16-ret,static-candidate,"same 7.1 GetCmdId method identity as verified 26105 anchor + mov ax, imm16; ret"
2932,FCMIDPKKNMJ,60370,0x12830790,AEGNNPENLNM,mov-ax-imm16-ret,static-candidate,"same 7.1 GetCmdId method identity as verified 26105 anchor + mov ax, imm16; ret"
2936,BOPOMEFHBGF,41785,0x82F2610,AEGNNPENLNM,mov-ax-imm16-ret,static-candidate,"same 7.1 GetCmdId method identity as verified 26105 anchor + mov ax, imm16; ret"
2937,KCOCNEJFLPD,37675,0xA93BD00,AEGNNPENLNM,mov-ax-imm16-ret,static-candidate,"same 7.1 GetCmdId method identity as verified 26105 anchor + mov ax, imm16; ret"
2944,CIOHGCMNEIC,61391,0xE8540B0,AEGNNPENLNM,mov-ax-imm16-ret,static-candidate,"same 7.1 GetCmdId method identity as verified 26105 anchor + mov ax, imm16; ret"
2947,DIEIHHHGNNG,54468,0x13428C40,AEGNNPENLNM,mov-ax-imm16-ret,static-candidate,"same 7.1 GetCmdId method identity as verified 26105 anchor + mov ax, imm16; ret"
2955,CADJPEPLJEI,39194,0xE813510,AEGNNPENLNM,mov-ax-imm16-ret,static-candidate,"same 7.1 GetCmdId method identity as verified 26105 anchor + mov ax, imm16; ret"
2956,DNOIFJAMOAB,72353,0x12588850,AEGNNPENLNM,mov-ax-imm16-ret,static-candidate,"same 7.1 GetCmdId method identity as verified 26105 anchor + mov ax, imm16; ret"
2959,BECIDKGHJGC,28284,0x138AA020,AEGNNPENLNM,mov-ax-imm16-ret,static-candidate,"same 7.1 GetCmdId method identity as verified 26105 anchor + mov ax, imm16; ret"
2964,OIILEKADGDM,29855,0xAD93C60,AEGNNPENLNM,mov-ax-imm16-ret,static-candidate,"same 7.1 GetCmdId method identity as verified 26105 anchor + mov ax, imm16; ret"
2966,AJDCNIBCDEB,85646,0x1043A320,AEGNNPENLNM,mov-ax-imm16-ret,static-candidate,"same 7.1 GetCmdId method identity as verified 26105 anchor + mov ax, imm16; ret"
2967,COCOHCGPLIP,40900,0xA0DB930,AEGNNPENLNM,mov-ax-imm16-ret,static-candidate,"same 7.1 GetCmdId method identity as verified 26105 anchor + mov ax, imm16; ret"
2984,BCMJPKHLGIG,66017,0x972D580,AEGNNPENLNM,mov-ax-imm16-ret,static-candidate,"same 7.1 GetCmdId method identity as verified 26105 anchor + mov ax, imm16; ret"
2988,LBHNEHNPMJD,67265,0x77D1CD0,AEGNNPENLNM,mov-ax-imm16-ret,static-candidate,"same 7.1 GetCmdId method identity as verified 26105 anchor + mov ax, imm16; ret"
2989,BGACMCKCDAN,19119,0xCDBC980,AEGNNPENLNM,mov-ax-imm16-ret,static-candidate,"same 7.1 GetCmdId method identity as verified 26105 anchor + mov ax, imm16; ret"
2995,BEJJCCLHCEM,25370,0xB528320,AEGNNPENLNM,mov-ax-imm16-ret,static-candidate,"same 7.1 GetCmdId method identity as verified 26105 anchor + mov ax, imm16; ret"
3001,LFIDEGCAKOI,26293,0xB4A7AE0,AEGNNPENLNM,mov-ax-imm16-ret,static-candidate,"same 7.1 GetCmdId method identity as verified 26105 anchor + mov ax, imm16; ret"
3002,LHOIFAKALIC,28372,0xF0E56E0,AEGNNPENLNM,mov-ax-imm16-ret,static-candidate,"same 7.1 GetCmdId method identity as verified 26105 anchor + mov ax, imm16; ret"
3003,KJFCJEEFAIB,27930,0x8316300,AEGNNPENLNM,mov-ax-imm16-ret,static-candidate,"same 7.1 GetCmdId method identity as verified 26105 anchor + mov ax, imm16; ret"
3005,KCCJNNGELGA,85100,0xE394BF0,AEGNNPENLNM,mov-ax-imm16-ret,static-candidate,"same 7.1 GetCmdId method identity as verified 26105 anchor + mov ax, imm16; ret"
3006,OIENOEKNKDC,61879,0x13123AD0,AEGNNPENLNM,mov-ax-imm16-ret,static-candidate,"same 7.1 GetCmdId method identity as verified 26105 anchor + mov ax, imm16; ret"
3008,BLEJDPCJOGM,37382,0xC494810,AEGNNPENLNM,mov-ax-imm16-ret,static-candidate,"same 7.1 GetCmdId method identity as verified 26105 anchor + mov ax, imm16; ret"
3010,NIPEKIEGKFC,69678,0x92EAF10,AEGNNPENLNM,mov-ax-imm16-ret,static-candidate,"same 7.1 GetCmdId method identity as verified 26105 anchor + mov ax, imm16; ret"
3013,KPKBNJOHCFI,42247,0x9C0EF30,AEGNNPENLNM,mov-ax-imm16-ret,static-candidate,"same 7.1 GetCmdId method identity as verified 26105 anchor + mov ax, imm16; ret"
3024,BBFLPOLCEHL,22354,0xB17B890,AEGNNPENLNM,mov-ax-imm16-ret,static-candidate,"same 7.1 GetCmdId method identity as verified 26105 anchor + mov ax, imm16; ret"
3026,JGGPFMGLCAI,49913,0x12B14780,AEGNNPENLNM,mov-ax-imm16-ret,static-candidate,"same 7.1 GetCmdId method identity as verified 26105 anchor + mov ax, imm16; ret"
3039,GFLCEDPEDDE,82126,0xCA54C60,AEGNNPENLNM,mov-ax-imm16-ret,static-candidate,"same 7.1 GetCmdId method identity as verified 26105 anchor + mov ax, imm16; ret"
3042,KOGGBJFCLFL,53943,0x113DF0F0,AEGNNPENLNM,mov-ax-imm16-ret,static-candidate,"same 7.1 GetCmdId method identity as verified 26105 anchor + mov ax, imm16; ret"
3046,EKHKIFICFBF,23663,0xBB41050,AEGNNPENLNM,mov-ax-imm16-ret,static-candidate,"same 7.1 GetCmdId method identity as verified 26105 anchor + mov ax, imm16; ret"
3055,IBKHKKLLDKL,40958,0xEDFAFC0,AEGNNPENLNM,mov-ax-imm16-ret,static-candidate,"same 7.1 GetCmdId method identity as verified 26105 anchor + mov ax, imm16; ret"
3058,HMPKGMJNKBF,13615,0xF9D0E50,AEGNNPENLNM,mov-ax-imm16-ret,static-candidate,"same 7.1 GetCmdId method identity as verified 26105 anchor + mov ax, imm16; ret"
3059,BHMNKDLKPGD,32293,0xAED81E0,AEGNNPENLNM,mov-ax-imm16-ret,static-candidate,"same 7.1 GetCmdId method identity as verified 26105 anchor + mov ax, imm16; ret"
3060,BHKGPIHOIDH,43258,0x75C4C10,AEGNNPENLNM,mov-ax-imm16-ret,static-candidate,"same 7.1 GetCmdId method identity as verified 26105 anchor + mov ax, imm16; ret"
3062,BJEBOLJAGJG,17633,0xDCA9800,AEGNNPENLNM,mov-ax-imm16-ret,static-candidate,"same 7.1 GetCmdId method identity as verified 26105 anchor + mov ax, imm16; ret"
3064,PGAMFBPNNIC,45871,0xADEAAD0,AEGNNPENLNM,mov-ax-imm16-ret,static-candidate,"same 7.1 GetCmdId method identity as verified 26105 anchor + mov ax, imm16; ret"
3072,KIMJDBKBBME,67513,0x8FB4D60,AEGNNPENLNM,mov-ax-imm16-ret,static-candidate,"same 7.1 GetCmdId method identity as verified 26105 anchor + mov ax, imm16; ret"
3073,EOKAKAIFNAC,71758,0x89F07C0,AEGNNPENLNM,mov-ax-imm16-ret,static-candidate,"same 7.1 GetCmdId method identity as verified 26105 anchor + mov ax, imm16; ret"
3076,IGMIKMHGPHE,87112,0x111E09C0,AEGNNPENLNM,mov-ax-imm16-ret,static-candidate,"same 7.1 GetCmdId method identity as verified 26105 anchor + mov ax, imm16; ret"
3080,PNOPENBGBOD,61625,0x10182E70,AEGNNPENLNM,mov-ax-imm16-ret,static-candidate,"same 7.1 GetCmdId method identity as verified 26105 anchor + mov ax, imm16; ret"
3086,FAAGNBGCGEB,36961,0xD433B70,AEGNNPENLNM,mov-ax-imm16-ret,static-candidate,"same 7.1 GetCmdId method identity as verified 26105 anchor + mov ax, imm16; ret"
3087,DAIABDIHHPI,51837,0x10D77EF0,AEGNNPENLNM,mov-ax-imm16-ret,static-candidate,"same 7.1 GetCmdId method identity as verified 26105 anchor + mov ax, imm16; ret"
3090,NHIKFDHEDCI,30946,0x92DC330,AEGNNPENLNM,mov-ax-imm16-ret,static-candidate,"same 7.1 GetCmdId method identity as verified 26105 anchor + mov ax, imm16; ret"
3091,OPMMIEJFPPM,68581,0x1315C160,AEGNNPENLNM,mov-ax-imm16-ret,static-candidate,"same 7.1 GetCmdId method identity as verified 26105 anchor + mov ax, imm16; ret"
3092,LKPBNHFNOMI,16197,0x9069590,AEGNNPENLNM,mov-ax-imm16-ret,static-candidate,"same 7.1 GetCmdId method identity as verified 26105 anchor + mov ax, imm16; ret"
3095,LHOHDHLBNFP,39925,0x1204D2C0,AEGNNPENLNM,mov-ax-imm16-ret,static-candidate,"same 7.1 GetCmdId method identity as verified 26105 anchor + mov ax, imm16; ret"
3111,ENINFAPOLDJ,20399,0xEA7C3E0,AEGNNPENLNM,mov-ax-imm16-ret,static-candidate,"same 7.1 GetCmdId method identity as verified 26105 anchor + mov ax, imm16; ret"
3114,DDELGOGDMGI,60920,0xBA98AC0,AEGNNPENLNM,mov-ax-imm16-ret,static-candidate,"same 7.1 GetCmdId method identity as verified 26105 anchor + mov ax, imm16; ret"
3119,NOJENBLNFJI,47016,0x122E77D0,AEGNNPENLNM,mov-ax-imm16-ret,static-candidate,"same 7.1 GetCmdId method identity as verified 26105 anchor + mov ax, imm16; ret"
3122,JAPKHJOKGCC,23439,0x11EA9FB0,AEGNNPENLNM,mov-ax-imm16-ret,static-candidate,"same 7.1 GetCmdId method identity as verified 26105 anchor + mov ax, imm16; ret"
3123,NACBMKJHDPA,59368,0x13BE7260,AEGNNPENLNM,mov-ax-imm16-ret,static-candidate,"same 7.1 GetCmdId method identity as verified 26105 anchor + mov ax, imm16; ret"
3127,MIEJDHHGJEI,75920,0x1095DD40,AEGNNPENLNM,mov-ax-imm16-ret,static-candidate,"same 7.1 GetCmdId method identity as verified 26105 anchor + mov ax, imm16; ret"
3129,LPKMCBMHFBN,12808,0xB5777F0,AEGNNPENLNM,mov-ax-imm16-ret,static-candidate,"same 7.1 GetCmdId method identity as verified 26105 anchor + mov ax, imm16; ret"
3131,FOHMGFKFAOC,72897,0xF881F60,AEGNNPENLNM,mov-ax-imm16-ret,static-candidate,"same 7.1 GetCmdId method identity as verified 26105 anchor + mov ax, imm16; ret"
3132,DMGABBKGCGP,39214,0x889BAA0,AEGNNPENLNM,mov-ax-imm16-ret,static-candidate,"same 7.1 GetCmdId method identity as verified 26105 anchor + mov ax, imm16; ret"
3133,IJBHHCIHFDD,42282,0x7585440,AEGNNPENLNM,mov-ax-imm16-ret,static-candidate,"same 7.1 GetCmdId method identity as verified 26105 anchor + mov ax, imm16; ret"
3142,CMOHIEHAHJN,42560,0x10D4D1F0,AEGNNPENLNM,mov-ax-imm16-ret,static-candidate,"same 7.1 GetCmdId method identity as verified 26105 anchor + mov ax, imm16; ret"
3144,FMCOIEKBDCJ,83834,0x7FED440,AEGNNPENLNM,mov-ax-imm16-ret,static-candidate,"same 7.1 GetCmdId method identity as verified 26105 anchor + mov ax, imm16; ret"
3145,GIAFOINLADM,50963,0xCA64ED0,AEGNNPENLNM,mov-ax-imm16-ret,static-candidate,"same 7.1 GetCmdId method identity as verified 26105 anchor + mov ax, imm16; ret"
3153,OLPHDMOPCIH,21290,0x9FCAB80,AEGNNPENLNM,mov-ax-imm16-ret,static-candidate,"same 7.1 GetCmdId method identity as verified 26105 anchor + mov ax, imm16; ret"
3155,GBCFMJKCJHE,85629,0xBC085B0,AEGNNPENLNM,mov-ax-imm16-ret,static-candidate,"same 7.1 GetCmdId method identity as verified 26105 anchor + mov ax, imm16; ret"
3162,BEJNCABCDOF,19151,0x138ACA20,AEGNNPENLNM,mov-ax-imm16-ret,static-candidate,"same 7.1 GetCmdId method identity as verified 26105 anchor + mov ax, imm16; ret"
3167,BOMEJONNACK,55641,0x82F2260,AEGNNPENLNM,mov-ax-imm16-ret,static-candidate,"same 7.1 GetCmdId method identity as verified 26105 anchor + mov ax, imm16; ret"
3170,AKOBMBGGHIA,12163,0xB125720,AEGNNPENLNM,mov-ax-imm16-ret,static-candidate,"same 7.1 GetCmdId method identity as verified 26105 anchor + mov ax, imm16; ret"
3174,PBINHODAMIK,29264,0xD21DC60,AEGNNPENLNM,mov-ax-imm16-ret,static-candidate,"same 7.1 GetCmdId method identity as verified 26105 anchor + mov ax, imm16; ret"
3176,NFCPEFIKDHB,47385,0x10AC7440,AEGNNPENLNM,mov-ax-imm16-ret,static-candidate,"same 7.1 GetCmdId method identity as verified 26105 anchor + mov ax, imm16; ret"
3178,JLGMJJCNDLJ,49259,0x76F0160,AEGNNPENLNM,mov-ax-imm16-ret,static-candidate,"same 7.1 GetCmdId method identity as verified 26105 anchor + mov ax, imm16; ret"
3181,GDIDKOFKEAN,24910,0xA511AF0,AEGNNPENLNM,mov-ax-imm16-ret,static-candidate,"same 7.1 GetCmdId method identity as verified 26105 anchor + mov ax, imm16; ret"
3188,DBBHHOPEDFN,31002,0x133F94E0,AEGNNPENLNM,mov-ax-imm16-ret,static-candidate,"same 7.1 GetCmdId method identity as verified 26105 anchor + mov ax, imm16; ret"
3190,GCCFDJKBNNP,83665,0xEBF8FE0,AEGNNPENLNM,mov-ax-imm16-ret,static-candidate,"same 7.1 GetCmdId method identity as verified 26105 anchor + mov ax, imm16; ret"
3200,MFEHALAPKHL,58851,0x1094B540,AEGNNPENLNM,mov-ax-imm16-ret,static-candidate,"same 7.1 GetCmdId method identity as verified 26105 anchor + mov ax, imm16; ret"
3204,PKFAFKDPFNN,69370,0x10165410,AEGNNPENLNM,mov-ax-imm16-ret,static-candidate,"same 7.1 GetCmdId method identity as verified 26105 anchor + mov ax, imm16; ret"
3207,NBCEOINJLED,73833,0x7AB0EE0,AEGNNPENLNM,mov-ax-imm16-ret,static-candidate,"same 7.1 GetCmdId method identity as verified 26105 anchor + mov ax, imm16; ret"
3209,NIKJCIFLAFO,87980,0x116EAC60,AEGNNPENLNM,mov-ax-imm16-ret,static-candidate,"same 7.1 GetCmdId method identity as verified 26105 anchor + mov ax, imm16; ret"
3210,OEMANPGPDFI,63511,0xC604680,AEGNNPENLNM,mov-ax-imm16-ret,static-candidate,"same 7.1 GetCmdId method identity as verified 26105 anchor + mov ax, imm16; ret"
3213,CMKFNDHNDJG,16608,0x87F38E0,AEGNNPENLNM,mov-ax-imm16-ret,static-candidate,"same 7.1 GetCmdId method identity as verified 26105 anchor + mov ax, imm16; ret"
3216,ENMLOKBAEEJ,71702,0x8AE0F30,AEGNNPENLNM,mov-ax-imm16-ret,static-candidate,"same 7.1 GetCmdId method identity as verified 26105 anchor + mov ax, imm16; ret"
3218,EPIIGAMDFIM,65756,0x125EBCC0,AEGNNPENLNM,mov-ax-imm16-ret,static-candidate,"same 7.1 GetCmdId method identity as verified 26105 anchor + mov ax, imm16; ret"
3219,PGEEAPPMLFO,57548,0xA015CD0,AEGNNPENLNM,mov-ax-imm16-ret,static-candidate,"same 7.1 GetCmdId method identity as verified 26105 anchor + mov ax, imm16; ret"
3226,EFNFJCEHBLB,69105,0xB0C0920,AEGNNPENLNM,mov-ax-imm16-ret,static-candidate,"same 7.1 GetCmdId method identity as verified 26105 anchor + mov ax, imm16; ret"
3237,NJKEFKFLNIK,79768,0xC584EB0,AEGNNPENLNM,mov-ax-imm16-ret,static-candidate,"same 7.1 GetCmdId method identity as verified 26105 anchor + mov ax, imm16; ret"
3238,HDKMPFGCIOA,35288,0xA626250,AEGNNPENLNM,mov-ax-imm16-ret,static-candidate,"same 7.1 GetCmdId method identity as verified 26105 anchor + mov ax, imm16; ret"
3244,FHPNHHHCJKJ,48043,0xA4726C0,AEGNNPENLNM,mov-ax-imm16-ret,static-candidate,"same 7.1 GetCmdId method identity as verified 26105 anchor + mov ax, imm16; ret"
3257,BHBCNANLGPN,40345,0xB5323B0,AEGNNPENLNM,mov-ax-imm16-ret,static-candidate,"same 7.1 GetCmdId method identity as verified 26105 anchor + mov ax, imm16; ret"
3259,MPIJBOMAAJK,33800,0x12147320,AEGNNPENLNM,mov-ax-imm16-ret,static-candidate,"same 7.1 GetCmdId method identity as verified 26105 anchor + mov ax, imm16; ret"
3263,BDIDHMCALJO,29977,0x134F4720,AEGNNPENLNM,mov-ax-imm16-ret,static-candidate,"same 7.1 GetCmdId method identity as verified 26105 anchor + mov ax, imm16; ret"
3264,BNGNBKHDNMA,49020,0xFFC8D90,AEGNNPENLNM,mov-ax-imm16-ret,static-candidate,"same 7.1 GetCmdId method identity as verified 26105 anchor + mov ax, imm16; ret"
3266,KLEMMHJEODK,74984,0xF0447C0,AEGNNPENLNM,mov-ax-imm16-ret,static-candidate,"same 7.1 GetCmdId method identity as verified 26105 anchor + mov ax, imm16; ret"
3269,FFCDMGDPBOK,31858,0x12622F60,AEGNNPENLNM,mov-ax-imm16-ret,static-candidate,"same 7.1 GetCmdId method identity as verified 26105 anchor + mov ax, imm16; ret"
3272,GJELNGJAPNL,21647,0x8C0D200,AEGNNPENLNM,mov-ax-imm16-ret,static-candidate,"same 7.1 GetCmdId method identity as verified 26105 anchor + mov ax, imm16; ret"
3273,HAGBPPNOJJJ,28891,0xB1F6940,AEGNNPENLNM,mov-ax-imm16-ret,static-candidate,"same 7.1 GetCmdId method identity as verified 26105 anchor + mov ax, imm16; ret"
3275,HAFJAIGJAPM,30445,0x8C5E0E0,AEGNNPENLNM,mov-ax-imm16-ret,static-candidate,"same 7.1 GetCmdId method identity as verified 26105 anchor + mov ax, imm16; ret"
3278,EGJPOAPKDGO,81400,0xD3F7300,AEGNNPENLNM,mov-ax-imm16-ret,static-candidate,"same 7.1 GetCmdId method identity as verified 26105 anchor + mov ax, imm16; ret"
3280,KKCFJIBIAFC,63169,0x776A680,AEGNNPENLNM,mov-ax-imm16-ret,static-candidate,"same 7.1 GetCmdId method identity as verified 26105 anchor + mov ax, imm16; ret"
3281,ICBNEFMJJMH,66464,0x8127E20,AEGNNPENLNM,mov-ax-imm16-ret,static-candidate,"same 7.1 GetCmdId method identity as verified 26105 anchor + mov ax, imm16; ret"
3285,HKDDAMGKGKJ,41786,0x98DF5F0,AEGNNPENLNM,mov-ax-imm16-ret,static-candidate,"same 7.1 GetCmdId method identity as verified 26105 anchor + mov ax, imm16; ret"
3299,DJNIOCLBECJ,69668,0xE99C030,AEGNNPENLNM,mov-ax-imm16-ret,static-candidate,"same 7.1 GetCmdId method identity as verified 26105 anchor + mov ax, imm16; ret"
3302,NHPGGGJKCLO,74274,0xD07A800,AEGNNPENLNM,mov-ax-imm16-ret,static-candidate,"same 7.1 GetCmdId method identity as verified 26105 anchor + mov ax, imm16; ret"
3304,ENJMOHIDHID,23971,0xF6F8D80,AEGNNPENLNM,mov-ax-imm16-ret,static-candidate,"same 7.1 GetCmdId method identity as verified 26105 anchor + mov ax, imm16; ret"
3307,GLGLAGIGFKB,27972,0x12962E30,AEGNNPENLNM,mov-ax-imm16-ret,static-candidate,"same 7.1 GetCmdId method identity as verified 26105 anchor + mov ax, imm16; ret"
3308,PBENIJFAPCL,24350,0x93C9820,AEGNNPENLNM,mov-ax-imm16-ret,static-candidate,"same 7.1 GetCmdId method identity as verified 26105 anchor + mov ax, imm16; ret"
3312,MKADMDGAPBJ,64379,0xFDB75E0,AEGNNPENLNM,mov-ax-imm16-ret,static-candidate,"same 7.1 GetCmdId method identity as verified 26105 anchor + mov ax, imm16; ret"
3314,NDGDCAMPEAG,27138,0xB77DAF0,AEGNNPENLNM,mov-ax-imm16-ret,static-candidate,"same 7.1 GetCmdId method identity as verified 26105 anchor + mov ax, imm16; ret"
3316,FBGFODDLGAJ,81670,0xA267910,AEGNNPENLNM,mov-ax-imm16-ret,static-candidate,"same 7.1 GetCmdId method identity as verified 26105 anchor + mov ax, imm16; ret"
3319,FBBJIAJLDON,12035,0x125FA070,AEGNNPENLNM,mov-ax-imm16-ret,static-candidate,"same 7.1 GetCmdId method identity as verified 26105 anchor + mov ax, imm16; ret"
3322,HGDIEMHIHNG,15240,0x129DF1F0,AEGNNPENLNM,mov-ax-imm16-ret,static-candidate,"same 7.1 GetCmdId method identity as verified 26105 anchor + mov ax, imm16; ret"
3323,BKDJHIHPEAB,51911,0xB55ED20,AEGNNPENLNM,mov-ax-imm16-ret,static-candidate,"same 7.1 GetCmdId method identity as verified 26105 anchor + mov ax, imm16; ret"
3325,PNFBJGICFCP,79034,0x13E24A00,AEGNNPENLNM,mov-ax-imm16-ret,static-candidate,"same 7.1 GetCmdId method identity as verified 26105 anchor + mov ax, imm16; ret"
3329,ALPDAFPDKPD,62406,0x10470F40,AEGNNPENLNM,mov-ax-imm16-ret,static-candidate,"same 7.1 GetCmdId method identity as verified 26105 anchor + mov ax, imm16; ret"
3330,EAPEICNMAPE,69444,0x95E6E60,AEGNNPENLNM,mov-ax-imm16-ret,static-candidate,"same 7.1 GetCmdId method identity as verified 26105 anchor + mov ax, imm16; ret"
3332,FIDKCMPLLGJ,18090,0x13548070,AEGNNPENLNM,mov-ax-imm16-ret,static-candidate,"same 7.1 GetCmdId method identity as verified 26105 anchor + mov ax, imm16; ret"
3333,BCKEDMPHIAJ,63189,0xC06BE00,AEGNNPENLNM,mov-ax-imm16-ret,static-candidate,"same 7.1 GetCmdId method identity as verified 26105 anchor + mov ax, imm16; ret"
3334,PCMAENDLDLG,71698,0x10BCE020,AEGNNPENLNM,mov-ax-imm16-ret,static-candidate,"same 7.1 GetCmdId method identity as verified 26105 anchor + mov ax, imm16; ret"
3336,JNDCCCBKMOD,47410,0xA919230,AEGNNPENLNM,mov-ax-imm16-ret,static-candidate,"same 7.1 GetCmdId method identity as verified 26105 anchor + mov ax, imm16; ret"
3340,DNLDPAOHKDP,53936,0xE9BA810,AEGNNPENLNM,mov-ax-imm16-ret,static-candidate,"same 7.1 GetCmdId method identity as verified 26105 anchor + mov ax, imm16; ret"
3343,HBMCBJIMGDN,60270,0x1362CC60,AEGNNPENLNM,mov-ax-imm16-ret,static-candidate,"same 7.1 GetCmdId method identity as verified 26105 anchor + mov ax, imm16; ret"
3344,KPGEBOMFEHK,14915,0xB4816E0,AEGNNPENLNM,mov-ax-imm16-ret,static-candidate,"same 7.1 GetCmdId method identity as verified 26105 anchor + mov ax, imm16; ret"
3347,KENBDJGIOAF,41355,0x10733BB0,AEGNNPENLNM,mov-ax-imm16-ret,static-candidate,"same 7.1 GetCmdId method identity as verified 26105 anchor + mov ax, imm16; ret"
3359,EGKPHOPABCK,69436,0xA1D7D70,AEGNNPENLNM,mov-ax-imm16-ret,static-candidate,"same 7.1 GetCmdId method identity as verified 26105 anchor + mov ax, imm16; ret"
3361,PGEADDBOHKM,85492,0xE7E7F10,AEGNNPENLNM,mov-ax-imm16-ret,static-candidate,"same 7.1 GetCmdId method identity as verified 26105 anchor + mov ax, imm16; ret"
3392,GKAIKBEGLKC,72777,0x104E6180,AEGNNPENLNM,mov-ax-imm16-ret,static-candidate,"same 7.1 GetCmdId method identity as verified 26105 anchor + mov ax, imm16; ret"
3395,DCMMKCKLIMK,20831,0xA11A3B0,AEGNNPENLNM,mov-ax-imm16-ret,static-candidate,"same 7.1 GetCmdId method identity as verified 26105 anchor + mov ax, imm16; ret"
3396,NCBDACDBLBO,21282,0xFF4FDE0,AEGNNPENLNM,mov-ax-imm16-ret,static-candidate,"same 7.1 GetCmdId method identity as verified 26105 anchor + mov ax, imm16; ret"
3399,FBFKAANFDBE,82726,0x103844D0,AEGNNPENLNM,mov-ax-imm16-ret,static-candidate,"same 7.1 GetCmdId method identity as verified 26105 anchor + mov ax, imm16; ret"
3404,DHOHHMLDLGF,58763,0x8863690,AEGNNPENLNM,mov-ax-imm16-ret,static-candidate,"same 7.1 GetCmdId method identity as verified 26105 anchor + mov ax, imm16; ret"
3405,OEADABIMBHH,74393,0xC5F81F0,AEGNNPENLNM,mov-ax-imm16-ret,static-candidate,"same 7.1 GetCmdId method identity as verified 26105 anchor + mov ax, imm16; ret"
3406,NCOICHFBKCM,13951,0xE69A450,AEGNNPENLNM,mov-ax-imm16-ret,static-candidate,"same 7.1 GetCmdId method identity as verified 26105 anchor + mov ax, imm16; ret"
3416,ANEMJJCFCEB,84403,0x12740570,AEGNNPENLNM,mov-ax-imm16-ret,static-candidate,"same 7.1 GetCmdId method identity as verified 26105 anchor + mov ax, imm16; ret"
3419,FGBDMPDLPHC,32969,0x1284DCA0,AEGNNPENLNM,mov-ax-imm16-ret,static-candidate,"same 7.1 GetCmdId method identity as verified 26105 anchor + mov ax, imm16; ret"
3429,BEKJGFNLDMG,54098,0x138AE1F0,AEGNNPENLNM,mov-ax-imm16-ret,static-candidate,"same 7.1 GetCmdId method identity as verified 26105 anchor + mov ax, imm16; ret"
3431,PCNMBPHHFOI,73524,0xD22CFF0,AEGNNPENLNM,mov-ax-imm16-ret,static-candidate,"same 7.1 GetCmdId method identity as verified 26105 anchor + mov ax, imm16; ret"
3461,COICAAOMCLI,86384,0x1025D6D0,AEGNNPENLNM,mov-ax-imm16-ret,static-candidate,"same 7.1 GetCmdId method identity as verified 26105 anchor + mov ax, imm16; ret"
3465,NCGCBBPKECI,54383,0x13BF0390,AEGNNPENLNM,mov-ax-imm16-ret,static-candidate,"same 7.1 GetCmdId method identity as verified 26105 anchor + mov ax, imm16; ret"
3467,NDBDMGPCAIH,80457,0xC54AE90,AEGNNPENLNM,mov-ax-imm16-ret,static-candidate,"same 7.1 GetCmdId method identity as verified 26105 anchor + mov ax, imm16; ret"
3471,OKHCJJMCNAK,36103,0x1234C2D0,AEGNNPENLNM,mov-ax-imm16-ret,static-candidate,"same 7.1 GetCmdId method identity as verified 26105 anchor + mov ax, imm16; ret"
3475,CKFOGGLJJFE,50825,0x124E2E00,AEGNNPENLNM,mov-ax-imm16-ret,static-candidate,"same 7.1 GetCmdId method identity as verified 26105 anchor + mov ax, imm16; ret"
3479,DNIPJAJIIBD,29841,0x720AE40,AEGNNPENLNM,mov-ax-imm16-ret,static-candidate,"same 7.1 GetCmdId method identity as verified 26105 anchor + mov ax, imm16; ret"
3482,IPGBCEPPDLP,16035,0xB31D4C0,AEGNNPENLNM,mov-ax-imm16-ret,static-candidate,"same 7.1 GetCmdId method identity as verified 26105 anchor + mov ax, imm16; ret"
3483,BMDIHKCNOPI,65441,0x9B47830,AEGNNPENLNM,mov-ax-imm16-ret,static-candidate,"same 7.1 GetCmdId method identity as verified 26105 anchor + mov ax, imm16; ret"
3484,MEOOJPDJKHM,16584,0x114FF310,AEGNNPENLNM,mov-ax-imm16-ret,static-candidate,"same 7.1 GetCmdId method identity as verified 26105 anchor + mov ax, imm16; ret"
3488,MPBEOOINMPG,81961,0x9D6A1C0,AEGNNPENLNM,mov-ax-imm16-ret,static-candidate,"same 7.1 GetCmdId method identity as verified 26105 anchor + mov ax, imm16; ret"
3491,ADPEKCPOKAF,49091,0x134560B0,AEGNNPENLNM,mov-ax-imm16-ret,static-candidate,"same 7.1 GetCmdId method identity as verified 26105 anchor + mov ax, imm16; ret"
3503,LFHFBKCOCLB,32385,0x783E2F0,AEGNNPENLNM,mov-ax-imm16-ret,static-candidate,"same 7.1 GetCmdId method identity as verified 26105 anchor + mov ax, imm16; ret"
3514,IMLLBMOMMEH,73465,0x11E83E20,AEGNNPENLNM,mov-ax-imm16-ret,static-candidate,"same 7.1 GetCmdId method identity as verified 26105 anchor + mov ax, imm16; ret"
3515,KHNOFGOHGAM,36936,0xA978610,AEGNNPENLNM,mov-ax-imm16-ret,static-candidate,"same 7.1 GetCmdId method identity as verified 26105 anchor + mov ax, imm16; ret"
3518,FOBBIFHPBFC,58299,0xD5B1270,AEGNNPENLNM,mov-ax-imm16-ret,static-candidate,"same 7.1 GetCmdId method identity as verified 26105 anchor + mov ax, imm16; ret"
3519,NKKKBKDLIFP,17005,0xC58B3A0,AEGNNPENLNM,mov-ax-imm16-ret,static-candidate,"same 7.1 GetCmdId method identity as verified 26105 anchor + mov ax, imm16; ret"
3526,LJINAFOANCN,33971,0x9C6E9E0,AEGNNPENLNM,mov-ax-imm16-ret,static-candidate,"same 7.1 GetCmdId method identity as verified 26105 anchor + mov ax, imm16; ret"
3528,ELOAIHPIDJP,72423,0xD40FD60,AEGNNPENLNM,mov-ax-imm16-ret,static-candidate,"same 7.1 GetCmdId method identity as verified 26105 anchor + mov ax, imm16; ret"
3530,HANFMMNHECK,38665,0xCAC4DE0,AEGNNPENLNM,mov-ax-imm16-ret,static-candidate,"same 7.1 GetCmdId method identity as verified 26105 anchor + mov ax, imm16; ret"
3531,JBCPMADGPAL,41168,0x1123EC50,AEGNNPENLNM,mov-ax-imm16-ret,static-candidate,"same 7.1 GetCmdId method identity as verified 26105 anchor + mov ax, imm16; ret"
3532,EPJGGGPMAFK,86505,0x12819120,AEGNNPENLNM,mov-ax-imm16-ret,static-candidate,"same 7.1 GetCmdId method identity as verified 26105 anchor + mov ax, imm16; ret"
3535,EBLGFPNLLIC,40652,0xC93DDE0,AEGNNPENLNM,mov-ax-imm16-ret,static-candidate,"same 7.1 GetCmdId method identity as verified 26105 anchor + mov ax, imm16; ret"
3536,OMKLIOJABOF,65511,0xD18DB20,AEGNNPENLNM,mov-ax-imm16-ret,static-candidate,"same 7.1 GetCmdId method identity as verified 26105 anchor + mov ax, imm16; ret"
3542,MJDCNIPCIDB,31656,0x12D41C40,AEGNNPENLNM,mov-ax-imm16-ret,static-candidate,"same 7.1 GetCmdId method identity as verified 26105 anchor + mov ax, imm16; ret"
3544,KMLFMEKBIAP,62496,0x113CBC40,AEGNNPENLNM,mov-ax-imm16-ret,static-candidate,"same 7.1 GetCmdId method identity as verified 26105 anchor + mov ax, imm16; ret"
3548,IBIIEIGHCGI,53424,0xA6DA450,AEGNNPENLNM,mov-ax-imm16-ret,static-candidate,"same 7.1 GetCmdId method identity as verified 26105 anchor + mov ax, imm16; ret"
3551,BHIIJFNIEOI,41754,0x138B90D0,AEGNNPENLNM,mov-ax-imm16-ret,static-candidate,"same 7.1 GetCmdId method identity as verified 26105 anchor + mov ax, imm16; ret"
3572,DBDLABPJKKK,51995,0xF5D5810,AEGNNPENLNM,mov-ax-imm16-ret,static-candidate,"same 7.1 GetCmdId method identity as verified 26105 anchor + mov ax, imm16; ret"
3589,LNJMKFCFMLG,37972,0x907FF20,AEGNNPENLNM,mov-ax-imm16-ret,static-candidate,"same 7.1 GetCmdId method identity as verified 26105 anchor + mov ax, imm16; ret"
3591,GEIDGABJOHB,31865,0x129248A0,AEGNNPENLNM,mov-ax-imm16-ret,static-candidate,"same 7.1 GetCmdId method identity as verified 26105 anchor + mov ax, imm16; ret"
3592,DEBAEKJMHDI,37632,0x7D71250,AEGNNPENLNM,mov-ax-imm16-ret,static-candidate,"same 7.1 GetCmdId method identity as verified 26105 anchor + mov ax, imm16; ret"
3594,MHIHBNFCFKB,31663,0x791DA20,AEGNNPENLNM,mov-ax-imm16-ret,static-candidate,"same 7.1 GetCmdId method identity as verified 26105 anchor + mov ax, imm16; ret"
3595,NDKNBGPJGPE,30414,0xB77FCB0,AEGNNPENLNM,mov-ax-imm16-ret,static-candidate,"same 7.1 GetCmdId method identity as verified 26105 anchor + mov ax, imm16; ret"
3598,KGFCGLDAAIH,84076,0x13854620,AEGNNPENLNM,mov-ax-imm16-ret,static-candidate,"same 7.1 GetCmdId method identity as verified 26105 anchor + mov ax, imm16; ret"
3600,OKDEIJBIJDC,52894,0x8694A30,AEGNNPENLNM,mov-ax-imm16-ret,static-candidate,"same 7.1 GetCmdId method identity as verified 26105 anchor + mov ax, imm16; ret"
3604,BKNAIMMOAII,57216,0x12B5E780,AEGNNPENLNM,mov-ax-imm16-ret,static-candidate,"same 7.1 GetCmdId method identity as verified 26105 anchor + mov ax, imm16; ret"
3610,JDLMELOENCN,53289,0xA8AAE10,AEGNNPENLNM,mov-ax-imm16-ret,static-candidate,"same 7.1 GetCmdId method identity as verified 26105 anchor + mov ax, imm16; ret"
3614,NPHNHOMIGJH,42769,0xE727170,AEGNNPENLNM,mov-ax-imm16-ret,static-candidate,"same 7.1 GetCmdId method identity as verified 26105 anchor + mov ax, imm16; ret"
3615,FECPIHKHCHO,39843,0x1409BE50,AEGNNPENLNM,mov-ax-imm16-ret,static-candidate,"same 7.1 GetCmdId method identity as verified 26105 anchor + mov ax, imm16; ret"
3617,FDFLLIFAHLI,42397,0x14095010,AEGNNPENLNM,mov-ax-imm16-ret,static-candidate,"same 7.1 GetCmdId method identity as verified 26105 anchor + mov ax, imm16; ret"
3619,AHLMDCNCMEJ,58400,0x12712490,AEGNNPENLNM,mov-ax-imm16-ret,static-candidate,"same 7.1 GetCmdId method identity as verified 26105 anchor + mov ax, imm16; ret"
3626,PCFIJFPFKHG,40228,0xE7BEC00,AEGNNPENLNM,mov-ax-imm16-ret,static-candidate,"same 7.1 GetCmdId method identity as verified 26105 anchor + mov ax, imm16; ret"
3629,ICKPEGAFMAM,31036,0x12A5C910,AEGNNPENLNM,mov-ax-imm16-ret,static-candidate,"same 7.1 GetCmdId method identity as verified 26105 anchor + mov ax, imm16; ret"
3631,FCMFBENAFHP,52605,0x7F90210,AEGNNPENLNM,mov-ax-imm16-ret,static-candidate,"same 7.1 GetCmdId method identity as verified 26105 anchor + mov ax, imm16; ret"
3644,PGLMEBFHNFM,88299,0x7C38570,AEGNNPENLNM,mov-ax-imm16-ret,static-candidate,"same 7.1 GetCmdId method identity as verified 26105 anchor + mov ax, imm16; ret"
3654,OCIIEBOIMBA,40699,0x11733720,AEGNNPENLNM,mov-ax-imm16-ret,static-candidate,"same 7.1 GetCmdId method identity as verified 26105 anchor + mov ax, imm16; ret"
3669,GAGNEFAJHBM,21322,0x8014920,AEGNNPENLNM,mov-ax-imm16-ret,static-candidate,"same 7.1 GetCmdId method identity as verified 26105 anchor + mov ax, imm16; ret"
3675,KFFBPAACOID,31762,0x1384E3B0,AEGNNPENLNM,mov-ax-imm16-ret,static-candidate,"same 7.1 GetCmdId method identity as verified 26105 anchor + mov ax, imm16; ret"
3684,MPBAGKDHEAN,84858,0x13A84DF0,AEGNNPENLNM,mov-ax-imm16-ret,static-candidate,"same 7.1 GetCmdId method identity as verified 26105 anchor + mov ax, imm16; ret"
3689,KFBJCKANIFD,23927,0x8F9DEA0,AEGNNPENLNM,mov-ax-imm16-ret,static-candidate,"same 7.1 GetCmdId method identity as verified 26105 anchor + mov ax, imm16; ret"
3698,NDHOIBMELNF,80757,0xE69AD30,AEGNNPENLNM,mov-ax-imm16-ret,static-candidate,"same 7.1 GetCmdId method identity as verified 26105 anchor + mov ax, imm16; ret"
3705,AFPHMLJMEMO,65326,0x10F88430,AEGNNPENLNM,mov-ax-imm16-ret,static-candidate,"same 7.1 GetCmdId method identity as verified 26105 anchor + mov ax, imm16; ret"
3712,PFHMGFPIJHJ,70953,0x13DC0E70,AEGNNPENLNM,mov-ax-imm16-ret,static-candidate,"same 7.1 GetCmdId method identity as verified 26105 anchor + mov ax, imm16; ret"
3713,NIGDALNDKIJ,67939,0x9EBD560,AEGNNPENLNM,mov-ax-imm16-ret,static-candidate,"same 7.1 GetCmdId method identity as verified 26105 anchor + mov ax, imm16; ret"
3718,PBEHOENHJAM,88896,0xD21BE70,AEGNNPENLNM,mov-ax-imm16-ret,static-candidate,"same 7.1 GetCmdId method identity as verified 26105 anchor + mov ax, imm16; ret"
3723,MKCKIFNKLDE,59241,0x12D4C3A0,AEGNNPENLNM,mov-ax-imm16-ret,static-candidate,"same 7.1 GetCmdId method identity as verified 26105 anchor + mov ax, imm16; ret"
3725,MFPJBEMBJFJ,36823,0x12D305D0,AEGNNPENLNM,mov-ax-imm16-ret,static-candidate,"same 7.1 GetCmdId method identity as verified 26105 anchor + mov ax, imm16; ret"
3730,PDJCIDDOALG,78472,0x123F15E0,AEGNNPENLNM,mov-ax-imm16-ret,static-candidate,"same 7.1 GetCmdId method identity as verified 26105 anchor + mov ax, imm16; ret"
3732,BFEPNMMJELF,80599,0x138B48B0,AEGNNPENLNM,mov-ax-imm16-ret,static-candidate,"same 7.1 GetCmdId method identity as verified 26105 anchor + mov ax, imm16; ret"
3733,NFHPPPPLFFA,85168,0xB790CF0,AEGNNPENLNM,mov-ax-imm16-ret,static-candidate,"same 7.1 GetCmdId method identity as verified 26105 anchor + mov ax, imm16; ret"
3736,MJDGPDMPODC,18487,0xC2FDA10,AEGNNPENLNM,mov-ax-imm16-ret,static-candidate,"same 7.1 GetCmdId method identity as verified 26105 anchor + mov ax, imm16; ret"
3737,PNDJJEKOIGP,13282,0x118A30F0,AEGNNPENLNM,mov-ax-imm16-ret,static-candidate,"same 7.1 GetCmdId method identity as verified 26105 anchor + mov ax, imm16; ret"
3740,CBFJKHEMEIJ,11961,0x118F9930,AEGNNPENLNM,mov-ax-imm16-ret,static-candidate,"same 7.1 GetCmdId method identity as verified 26105 anchor + mov ax, imm16; ret"
3743,ECIFKLFBHKN,18470,0x13FD16D0,AEGNNPENLNM,mov-ax-imm16-ret,static-candidate,"same 7.1 GetCmdId method identity as verified 26105 anchor + mov ax, imm16; ret"
3746,ECBBKMLKHID,34330,0x127A2590,AEGNNPENLNM,mov-ax-imm16-ret,static-candidate,"same 7.1 GetCmdId method identity as verified 26105 anchor + mov ax, imm16; ret"
3749,OHMMEJPNFHD,88535,0x867C400,AEGNNPENLNM,mov-ax-imm16-ret,static-candidate,"same 7.1 GetCmdId method identity as verified 26105 anchor + mov ax, imm16; ret"
3755,KMEACPKKAKI,40427,0xC179B00,AEGNNPENLNM,mov-ax-imm16-ret,static-candidate,"same 7.1 GetCmdId method identity as verified 26105 anchor + mov ax, imm16; ret"
3756,DDKLIBJODLM,39890,0x883B9C0,AEGNNPENLNM,mov-ax-imm16-ret,static-candidate,"same 7.1 GetCmdId method identity as verified 26105 anchor + mov ax, imm16; ret"
3758,FDIFOKCCHMO,29735,0x72F1A80,AEGNNPENLNM,mov-ax-imm16-ret,static-candidate,"same 7.1 GetCmdId method identity as verified 26105 anchor + mov ax, imm16; ret"
3761,MKCBPGMCMJM,66153,0x10972D30,AEGNNPENLNM,mov-ax-imm16-ret,static-candidate,"same 7.1 GetCmdId method identity as verified 26105 anchor + mov ax, imm16; ret"
3767,JCMEGOOONLJ,47745,0x137887C0,AEGNNPENLNM,mov-ax-imm16-ret,static-candidate,"same 7.1 GetCmdId method identity as verified 26105 anchor + mov ax, imm16; ret"
3768,CKDHHNGBJPC,22088,0xBA2C2F0,AEGNNPENLNM,mov-ax-imm16-ret,static-candidate,"same 7.1 GetCmdId method identity as verified 26105 anchor + mov ax, imm16; ret"
3769,ADEOBJKHKIE,70804,0x103F3E80,AEGNNPENLNM,mov-ax-imm16-ret,static-candidate,"same 7.1 GetCmdId method identity as verified 26105 anchor + mov ax, imm16; ret"
3771,LBDNNOAANME,18999,0x902CCD0,AEGNNPENLNM,mov-ax-imm16-ret,static-candidate,"same 7.1 GetCmdId method identity as verified 26105 anchor + mov ax, imm16; ret"
3776,NJEECGEJHPC,16855,0xFF94360,AEGNNPENLNM,mov-ax-imm16-ret,static-candidate,"same 7.1 GetCmdId method identity as verified 26105 anchor + mov ax, imm16; ret"
3777,KMEIDBLBDDD,39564,0x12C48460,AEGNNPENLNM,mov-ax-imm16-ret,static-candidate,"same 7.1 GetCmdId method identity as verified 26105 anchor + mov ax, imm16; ret"
3781,JDAHIGMBJPH,13763,0xB381360,AEGNNPENLNM,mov-ax-imm16-ret,static-candidate,"same 7.1 GetCmdId method identity as verified 26105 anchor + mov ax, imm16; ret"
3785,FDNIKDNEGBJ,14435,0xBD3FEC0,AEGNNPENLNM,mov-ax-imm16-ret,static-candidate,"same 7.1 GetCmdId method identity as verified 26105 anchor + mov ax, imm16; ret"
3788,JMCKNNANGNA,34012,0xA90B930,AEGNNPENLNM,mov-ax-imm16-ret,static-candidate,"same 7.1 GetCmdId method identity as verified 26105 anchor + mov ax, imm16; ret"
3790,OJHKEILIJFK,27812,0x13D66380,AEGNNPENLNM,mov-ax-imm16-ret,static-candidate,"same 7.1 GetCmdId method identity as verified 26105 anchor + mov ax, imm16; ret"
3793,MOACIFEPKDO,30112,0xAB0BC30,AEGNNPENLNM,mov-ax-imm16-ret,static-candidate,"same 7.1 GetCmdId method identity as verified 26105 anchor + mov ax, imm16; ret"
3802,FECKFMHGLNI,64518,0x730EB10,AEGNNPENLNM,mov-ax-imm16-ret,static-candidate,"same 7.1 GetCmdId method identity as verified 26105 anchor + mov ax, imm16; ret"
3807,JLPCEKIFFNF,73669,0xC0C9D90,AEGNNPENLNM,mov-ax-imm16-ret,static-candidate,"same 7.1 GetCmdId method identity as verified 26105 anchor + mov ax, imm16; ret"
3812,FGACEOOBMIN,73904,0xD56F660,AEGNNPENLNM,mov-ax-imm16-ret,static-candidate,"same 7.1 GetCmdId method identity as verified 26105 anchor + mov ax, imm16; ret"
3814,NBGIJHEJIJJ,15309,0x85D1250,AEGNNPENLNM,mov-ax-imm16-ret,static-candidate,"same 7.1 GetCmdId method identity as verified 26105 anchor + mov ax, imm16; ret"
3826,NAGKFLBGELL,57123,0xE687570,AEGNNPENLNM,mov-ax-imm16-ret,static-candidate,"same 7.1 GetCmdId method identity as verified 26105 anchor + mov ax, imm16; ret"
3828,KBLJGELNPPB,60880,0x771E660,AEGNNPENLNM,mov-ax-imm16-ret,static-candidate,"same 7.1 GetCmdId method identity as verified 26105 anchor + mov ax, imm16; ret"
3829,KIJEOHIIHMF,69925,0xF029790,AEGNNPENLNM,mov-ax-imm16-ret,static-candidate,"same 7.1 GetCmdId method identity as verified 26105 anchor + mov ax, imm16; ret"
3831,LOACHAEAKDO,40206,0xAA61120,AEGNNPENLNM,mov-ax-imm16-ret,static-candidate,"same 7.1 GetCmdId method identity as verified 26105 anchor + mov ax, imm16; ret"
3833,DEBHBEBACBH,69958,0xBA9A740,AEGNNPENLNM,mov-ax-imm16-ret,static-candidate,"same 7.1 GetCmdId method identity as verified 26105 anchor + mov ax, imm16; ret"
3835,KBIKIHDAGNB,64613,0xFBC62D0,AEGNNPENLNM,mov-ax-imm16-ret,static-candidate,"same 7.1 GetCmdId method identity as verified 26105 anchor + mov ax, imm16; ret"
3838,DOOFEENJAHM,19180,0x102D5BD0,AEGNNPENLNM,mov-ax-imm16-ret,static-candidate,"same 7.1 GetCmdId method identity as verified 26105 anchor + mov ax, imm16; ret"
3842,MMFOCFJANMP,85003,0xC31C100,AEGNNPENLNM,mov-ax-imm16-ret,static-candidate,"same 7.1 GetCmdId method identity as verified 26105 anchor + mov ax, imm16; ret"
3845,MJHMGLHAODL,85503,0x12107E50,AEGNNPENLNM,mov-ax-imm16-ret,static-candidate,"same 7.1 GetCmdId method identity as verified 26105 anchor + mov ax, imm16; ret"
3860,OKMJHHMNMFL,30132,0x117F9680,AEGNNPENLNM,mov-ax-imm16-ret,static-candidate,"same 7.1 GetCmdId method identity as verified 26105 anchor + mov ax, imm16; ret"
3864,ICHKIJPHAMC,25713,0xFA00F00,AEGNNPENLNM,mov-ax-imm16-ret,static-candidate,"same 7.1 GetCmdId method identity as verified 26105 anchor + mov ax, imm16; ret"
3868,NCPBDIOIILC,30534,0x13BF3C80,AEGNNPENLNM,mov-ax-imm16-ret,static-candidate,"same 7.1 GetCmdId method identity as verified 26105 anchor + mov ax, imm16; ret"
3875,EEDJPFIODOI,46923,0xBB12E70,AEGNNPENLNM,mov-ax-imm16-ret,static-candidate,"same 7.1 GetCmdId method identity as verified 26105 anchor + mov ax, imm16; ret"
3876,OJLJJDHPKMM,74603,0x10B73BE0,AEGNNPENLNM,mov-ax-imm16-ret,static-candidate,"same 7.1 GetCmdId method identity as verified 26105 anchor + mov ax, imm16; ret"
3885,PGBHIKKOAOJ,14841,0xD2489D0,AEGNNPENLNM,mov-ax-imm16-ret,static-candidate,"same 7.1 GetCmdId method identity as verified 26105 anchor + mov ax, imm16; ret"
3892,DAJOGEBLMPB,46709,0x953D160,AEGNNPENLNM,mov-ax-imm16-ret,static-candidate,"same 7.1 GetCmdId method identity as verified 26105 anchor + mov ax, imm16; ret"
3893,BLIFHENFCPN,42263,0x75E44B0,AEGNNPENLNM,mov-ax-imm16-ret,static-candidate,"same 7.1 GetCmdId method identity as verified 26105 anchor + mov ax, imm16; ret"
3894,NCAHICIPMCH,22673,0x7AD2820,AEGNNPENLNM,mov-ax-imm16-ret,static-candidate,"same 7.1 GetCmdId method identity as verified 26105 anchor + mov ax, imm16; ret"
3900,CANHAPAOIAJ,54016,0x133208B0,AEGNNPENLNM,mov-ax-imm16-ret,static-candidate,"same 7.1 GetCmdId method identity as verified 26105 anchor + mov ax, imm16; ret"
3903,IMKIHPMDMMM,76161,0xCC24FE0,AEGNNPENLNM,mov-ax-imm16-ret,static-candidate,"same 7.1 GetCmdId method identity as verified 26105 anchor + mov ax, imm16; ret"
3904,HBGGBCHOFOE,73383,0x7478100,AEGNNPENLNM,mov-ax-imm16-ret,static-candidate,"same 7.1 GetCmdId method identity as verified 26105 anchor + mov ax, imm16; ret"
3917,MABENKEICBE,44900,0x114741E0,AEGNNPENLNM,mov-ax-imm16-ret,static-candidate,"same 7.1 GetCmdId method identity as verified 26105 anchor + mov ax, imm16; ret"
3922,AOADBBKPCKH,66889,0x71CC360,AEGNNPENLNM,mov-ax-imm16-ret,static-candidate,"same 7.1 GetCmdId method identity as verified 26105 anchor + mov ax, imm16; ret"
3923,GEPGGOCCAEP,35544,0xF8B8450,AEGNNPENLNM,mov-ax-imm16-ret,static-candidate,"same 7.1 GetCmdId method identity as verified 26105 anchor + mov ax, imm16; ret"
3924,NDAEFPLMJJH,13004,0x10AADDB0,AEGNNPENLNM,mov-ax-imm16-ret,static-candidate,"same 7.1 GetCmdId method identity as verified 26105 anchor + mov ax, imm16; ret"
3927,HBIHAHKLGHG,41357,0xCACF600,AEGNNPENLNM,mov-ax-imm16-ret,static-candidate,"same 7.1 GetCmdId method identity as verified 26105 anchor + mov ax, imm16; ret"
3929,COLEPFFOHBL,39941,0x1251D820,AEGNNPENLNM,mov-ax-imm16-ret,static-candidate,"same 7.1 GetCmdId method identity as verified 26105 anchor + mov ax, imm16; ret"
3931,MAPNHMAICNN,30731,0xF155B20,AEGNNPENLNM,mov-ax-imm16-ret,static-candidate,"same 7.1 GetCmdId method identity as verified 26105 anchor + mov ax, imm16; ret"
3936,PPFFKGJLKMA,51264,0x87BC110,AEGNNPENLNM,mov-ax-imm16-ret,static-candidate,"same 7.1 GetCmdId method identity as verified 26105 anchor + mov ax, imm16; ret"
3940,INEIAJENDBH,87909,0xBFB03B0,AEGNNPENLNM,mov-ax-imm16-ret,static-candidate,"same 7.1 GetCmdId method identity as verified 26105 anchor + mov ax, imm16; ret"
3945,CDEIGOPNCKL,37785,0x1000D580,AEGNNPENLNM,mov-ax-imm16-ret,static-candidate,"same 7.1 GetCmdId method identity as verified 26105 anchor + mov ax, imm16; ret"
3947,KLJKEHAIBFL,76652,0x9BEDB20,AEGNNPENLNM,mov-ax-imm16-ret,static-candidate,"same 7.1 GetCmdId method identity as verified 26105 anchor + mov ax, imm16; ret"
3951,GODIIKNPBGF,77455,0x129A2B30,AEGNNPENLNM,mov-ax-imm16-ret,static-candidate,"same 7.1 GetCmdId method identity as verified 26105 anchor + mov ax, imm16; ret"
3955,MGCPPPIJLIB,47244,0x8438510,AEGNNPENLNM,mov-ax-imm16-ret,static-candidate,"same 7.1 GetCmdId method identity as verified 26105 anchor + mov ax, imm16; ret"
3957,OFMPKMDNGAF,39886,0xE76D4B0,AEGNNPENLNM,mov-ax-imm16-ret,static-candidate,"same 7.1 GetCmdId method identity as verified 26105 anchor + mov ax, imm16; ret"
3962,CIJJDJNLJKJ,83154,0x10D25280,AEGNNPENLNM,mov-ax-imm16-ret,static-candidate,"same 7.1 GetCmdId method identity as verified 26105 anchor + mov ax, imm16; ret"
3963,LIPFLADBDAC,73384,0x9C64190,AEGNNPENLNM,mov-ax-imm16-ret,static-candidate,"same 7.1 GetCmdId method identity as verified 26105 anchor + mov ax, imm16; ret"
3964,BIGPPLFBLPC,39130,0xC45C6B0,AEGNNPENLNM,mov-ax-imm16-ret,static-candidate,"same 7.1 GetCmdId method identity as verified 26105 anchor + mov ax, imm16; ret"
3978,KCGPLLFJAHE,56471,0xA9377C0,AEGNNPENLNM,mov-ax-imm16-ret,static-candidate,"same 7.1 GetCmdId method identity as verified 26105 anchor + mov ax, imm16; ret"
3980,BLCJFCHIFOL,62208,0xF296960,AEGNNPENLNM,mov-ax-imm16-ret,static-candidate,"same 7.1 GetCmdId method identity as verified 26105 anchor + mov ax, imm16; ret"
3982,NLFOJAECKNC,42264,0xD0A0B00,AEGNNPENLNM,mov-ax-imm16-ret,static-candidate,"same 7.1 GetCmdId method identity as verified 26105 anchor + mov ax, imm16; ret"
3985,MPKHAMFGDND,71810,0xF1B7F90,AEGNNPENLNM,mov-ax-imm16-ret,static-candidate,"same 7.1 GetCmdId method identity as verified 26105 anchor + mov ax, imm16; ret"
3989,NJKKAJJBIBH,80844,0x10B0D310,AEGNNPENLNM,mov-ax-imm16-ret,static-candidate,"same 7.1 GetCmdId method identity as verified 26105 anchor + mov ax, imm16; ret"
3991,EAKNFICPEGN,42002,0x12798C80,AEGNNPENLNM,mov-ax-imm16-ret,static-candidate,"same 7.1 GetCmdId method identity as verified 26105 anchor + mov ax, imm16; ret"
3992,GIIDCEHBDFH,62606,0x8045630,AEGNNPENLNM,mov-ax-imm16-ret,static-candidate,"same 7.1 GetCmdId method identity as verified 26105 anchor + mov ax, imm16; ret"
3994,FBNJAHCPJND,84812,0xA432B50,AEGNNPENLNM,mov-ax-imm16-ret,static-candidate,"same 7.1 GetCmdId method identity as verified 26105 anchor + mov ax, imm16; ret"
4004,CDGGEMPMFIK,57704,0xC751240,AEGNNPENLNM,mov-ax-imm16-ret,static-candidate,"same 7.1 GetCmdId method identity as verified 26105 anchor + mov ax, imm16; ret"
4008,IKBBJNDCCIJ,78448,0x8DAF230,AEGNNPENLNM,mov-ax-imm16-ret,static-candidate,"same 7.1 GetCmdId method identity as verified 26105 anchor + mov ax, imm16; ret"
4022,LCNAFAANHCJ,35318,0x107E12D0,AEGNNPENLNM,mov-ax-imm16-ret,static-candidate,"same 7.1 GetCmdId method identity as verified 26105 anchor + mov ax, imm16; ret"
4023,LOMDNGAEKGN,35927,0x108ED230,AEGNNPENLNM,mov-ax-imm16-ret,static-candidate,"same 7.1 GetCmdId method identity as verified 26105 anchor + mov ax, imm16; ret"
4026,DFNELAMAHAF,43666,0xF5FB570,AEGNNPENLNM,mov-ax-imm16-ret,static-candidate,"same 7.1 GetCmdId method identity as verified 26105 anchor + mov ax, imm16; ret"
4029,ADMGKNOGPIN,71634,0xAB62480,AEGNNPENLNM,mov-ax-imm16-ret,static-candidate,"same 7.1 GetCmdId method identity as verified 26105 anchor + mov ax, imm16; ret"
4030,JGMHGDPGPJN,67630,0x8E061B0,AEGNNPENLNM,mov-ax-imm16-ret,static-candidate,"same 7.1 GetCmdId method identity as verified 26105 anchor + mov ax, imm16; ret"
4032,ELGMEMFIPCO,16372,0x72AF950,AEGNNPENLNM,mov-ax-imm16-ret,static-candidate,"same 7.1 GetCmdId method identity as verified 26105 anchor + mov ax, imm16; ret"
4036,KKMNIHENKBB,68429,0xCD3C060,AEGNNPENLNM,mov-ax-imm16-ret,static-candidate,"same 7.1 GetCmdId method identity as verified 26105 anchor + mov ax, imm16; ret"
4052,BKGAJBDLCMF,39860,0xFC18B80,AEGNNPENLNM,mov-ax-imm16-ret,static-candidate,"same 7.1 GetCmdId method identity as verified 26105 anchor + mov ax, imm16; ret"
4053,CLBACKOLFIF,34606,0xBA2ED40,AEGNNPENLNM,mov-ax-imm16-ret,static-candidate,"same 7.1 GetCmdId method identity as verified 26105 anchor + mov ax, imm16; ret"
4055,GLDGMMCCONB,38959,0xD627DC0,AEGNNPENLNM,mov-ax-imm16-ret,static-candidate,"same 7.1 GetCmdId method identity as verified 26105 anchor + mov ax, imm16; ret"
4056,GBBDBOFNFOP,55433,0x104A06A0,AEGNNPENLNM,mov-ax-imm16-ret,static-candidate,"same 7.1 GetCmdId method identity as verified 26105 anchor + mov ax, imm16; ret"
4063,ECNFKEFIFEA,64202,0xBB08050,AEGNNPENLNM,mov-ax-imm16-ret,static-candidate,"same 7.1 GetCmdId method identity as verified 26105 anchor + mov ax, imm16; ret"
4070,FBFDIBNLCFK,85755,0x10E9C8D0,AEGNNPENLNM,mov-ax-imm16-ret,static-candidate,"same 7.1 GetCmdId method identity as verified 26105 anchor + mov ax, imm16; ret"
4071,IIEEGCMLGKB,13990,0x1060F8E0,AEGNNPENLNM,mov-ax-imm16-ret,static-candidate,"same 7.1 GetCmdId method identity as verified 26105 anchor + mov ax, imm16; ret"
4076,MMIKKPFEDPC,42976,0x1153EF20,AEGNNPENLNM,mov-ax-imm16-ret,static-candidate,"same 7.1 GetCmdId method identity as verified 26105 anchor + mov ax, imm16; ret"
4084,HFDAJJFPEMM,58078,0xD67DC90,AEGNNPENLNM,mov-ax-imm16-ret,static-candidate,"same 7.1 GetCmdId method identity as verified 26105 anchor + mov ax, imm16; ret"
4086,JKOOCGDDGLK,83729,0xE34F3E0,AEGNNPENLNM,mov-ax-imm16-ret,static-candidate,"same 7.1 GetCmdId method identity as verified 26105 anchor + mov ax, imm16; ret"
4093,OHGOLONIMDJ,33580,0xF3EAD80,AEGNNPENLNM,mov-ax-imm16-ret,static-candidate,"same 7.1 GetCmdId method identity as verified 26105 anchor + mov ax, imm16; ret"
4101,OLPFDBCEFDF,19214,0x7BE3670,AEGNNPENLNM,mov-ax-imm16-ret,static-candidate,"same 7.1 GetCmdId method identity as verified 26105 anchor + mov ax, imm16; ret"
4103,BLBPBKPNNPD,87566,0xFC21FD0,AEGNNPENLNM,mov-ax-imm16-ret,static-candidate,"same 7.1 GetCmdId method identity as verified 26105 anchor + mov ax, imm16; ret"
4106,EGCHMBEGIFA,18049,0xBCD3AE0,AEGNNPENLNM,mov-ax-imm16-ret,static-candidate,"same 7.1 GetCmdId method identity as verified 26105 anchor + mov ax, imm16; ret"
4109,CECDPGCALPA,49235,0x94C3E30,AEGNNPENLNM,mov-ax-imm16-ret,static-candidate,"same 7.1 GetCmdId method identity as verified 26105 anchor + mov ax, imm16; ret"
4112,LFCAFEOJPDA,69719,0x1393D290,AEGNNPENLNM,mov-ax-imm16-ret,static-candidate,"same 7.1 GetCmdId method identity as verified 26105 anchor + mov ax, imm16; ret"
4115,GOEKFBNNLID,22611,0x8C39D00,AEGNNPENLNM,mov-ax-imm16-ret,static-candidate,"same 7.1 GetCmdId method identity as verified 26105 anchor + mov ax, imm16; ret"
4117,PFIPOOBLFHF,65022,0x7C2F2D0,AEGNNPENLNM,mov-ax-imm16-ret,static-candidate,"same 7.1 GetCmdId method identity as verified 26105 anchor + mov ax, imm16; ret"
4118,JOPGOALLDGP,44949,0xEF944B0,AEGNNPENLNM,mov-ax-imm16-ret,static-candidate,"same 7.1 GetCmdId method identity as verified 26105 anchor + mov ax, imm16; ret"
4121,HDFGCMMEPGK,53124,0x984D950,AEGNNPENLNM,mov-ax-imm16-ret,static-candidate,"same 7.1 GetCmdId method identity as verified 26105 anchor + mov ax, imm16; ret"
4124,GFMONJOLDPK,57488,0x73FDD80,AEGNNPENLNM,mov-ax-imm16-ret,static-candidate,"same 7.1 GetCmdId method identity as verified 26105 anchor + mov ax, imm16; ret"
4125,POGOPLKECJO,25664,0x118AD840,AEGNNPENLNM,mov-ax-imm16-ret,static-candidate,"same 7.1 GetCmdId method identity as verified 26105 anchor + mov ax, imm16; ret"
4126,FFBFEHOEFBA,60375,0xBBAAE80,AEGNNPENLNM,mov-ax-imm16-ret,static-candidate,"same 7.1 GetCmdId method identity as verified 26105 anchor + mov ax, imm16; ret"
4131,OJIJEHHMHHD,24334,0xD14D4E0,AEGNNPENLNM,mov-ax-imm16-ret,static-candidate,"same 7.1 GetCmdId method identity as verified 26105 anchor + mov ax, imm16; ret"
4134,AMBJKPPDIJB,62139,0x96F0950,AEGNNPENLNM,mov-ax-imm16-ret,static-candidate,"same 7.1 GetCmdId method identity as verified 26105 anchor + mov ax, imm16; ret"
4138,EICODNECPCK,37383,0xEA385B0,AEGNNPENLNM,mov-ax-imm16-ret,static-candidate,"same 7.1 GetCmdId method identity as verified 26105 anchor + mov ax, imm16; ret"
4141,OMADOBOFNMJ,70421,0xE793C20,AEGNNPENLNM,mov-ax-imm16-ret,static-candidate,"same 7.1 GetCmdId method identity as verified 26105 anchor + mov ax, imm16; ret"
4143,GEOIKBEHAFI,31857,0xF8B7B40,AEGNNPENLNM,mov-ax-imm16-ret,static-candidate,"same 7.1 GetCmdId method identity as verified 26105 anchor + mov ax, imm16; ret"
4148,LJMPJNFGDIB,21059,0x1089D060,AEGNNPENLNM,mov-ax-imm16-ret,static-candidate,"same 7.1 GetCmdId method identity as verified 26105 anchor + mov ax, imm16; ret"
4162,NJEIKGEBJHJ,34008,0x1229EE20,AEGNNPENLNM,mov-ax-imm16-ret,static-candidate,"same 7.1 GetCmdId method identity as verified 26105 anchor + mov ax, imm16; ret"
4168,PCGGKKDDGJN,81169,0xF485620,AEGNNPENLNM,mov-ax-imm16-ret,static-candidate,"same 7.1 GetCmdId method identity as verified 26105 anchor + mov ax, imm16; ret"
4170,CNCJFEIPNLH,47383,0x87FB0D0,AEGNNPENLNM,mov-ax-imm16-ret,static-candidate,"same 7.1 GetCmdId method identity as verified 26105 anchor + mov ax, imm16; ret"
4176,ICDFHMFMIID,40892,0x75536E0,AEGNNPENLNM,mov-ax-imm16-ret,static-candidate,"same 7.1 GetCmdId method identity as verified 26105 anchor + mov ax, imm16; ret"
4177,FFNCGFMEENM,27728,0x1101DB10,AEGNNPENLNM,mov-ax-imm16-ret,static-candidate,"same 7.1 GetCmdId method identity as verified 26105 anchor + mov ax, imm16; ret"
4178,GAFEFIJAMCJ,74090,0xD5D4D90,AEGNNPENLNM,mov-ax-imm16-ret,static-candidate,"same 7.1 GetCmdId method identity as verified 26105 anchor + mov ax, imm16; ret"
4179,EGBGKBEJNKI,43772,0xEA14340,AEGNNPENLNM,mov-ax-imm16-ret,static-candidate,"same 7.1 GetCmdId method identity as verified 26105 anchor + mov ax, imm16; ret"
4181,HNBEIELNFOM,25663,0xA6A3C30,AEGNNPENLNM,mov-ax-imm16-ret,static-candidate,"same 7.1 GetCmdId method identity as verified 26105 anchor + mov ax, imm16; ret"
4182,IAHEOJMCDBK,31112,0x12A4F430,AEGNNPENLNM,mov-ax-imm16-ret,static-candidate,"same 7.1 GetCmdId method identity as verified 26105 anchor + mov ax, imm16; ret"
4188,PLJABBCEAPH,15129,0x1016ECD0,AEGNNPENLNM,mov-ax-imm16-ret,static-candidate,"same 7.1 GetCmdId method identity as verified 26105 anchor + mov ax, imm16; ret"
4197,DDIPOECAPCB,64122,0xD3503D0,AEGNNPENLNM,mov-ax-imm16-ret,static-candidate,"same 7.1 GetCmdId method identity as verified 26105 anchor + mov ax, imm16; ret"
4199,FMINAEDEJBJ,48801,0x8BAEE00,AEGNNPENLNM,mov-ax-imm16-ret,static-candidate,"same 7.1 GetCmdId method identity as verified 26105 anchor + mov ax, imm16; ret"
4207,KCAAHPOCILK,19256,0x9B23FF0,AEGNNPENLNM,mov-ax-imm16-ret,static-candidate,"same 7.1 GetCmdId method identity as verified 26105 anchor + mov ax, imm16; ret"
4209,DOBBIKOBDBI,48487,0x88A4510,AEGNNPENLNM,mov-ax-imm16-ret,static-candidate,"same 7.1 GetCmdId method identity as verified 26105 anchor + mov ax, imm16; ret"
4210,INNODOHBPCH,54124,0x13749360,AEGNNPENLNM,mov-ax-imm16-ret,static-candidate,"same 7.1 GetCmdId method identity as verified 26105 anchor + mov ax, imm16; ret"
4213,ECIIABKPEFK,12165,0x7235470,AEGNNPENLNM,mov-ax-imm16-ret,static-candidate,"same 7.1 GetCmdId method identity as verified 26105 anchor + mov ax, imm16; ret"
4215,CDGNPFDPGBB,79710,0xF55B7C0,AEGNNPENLNM,mov-ax-imm16-ret,static-candidate,"same 7.1 GetCmdId method identity as verified 26105 anchor + mov ax, imm16; ret"
4217,IKACOAMDCCO,72778,0xFA94440,AEGNNPENLNM,mov-ax-imm16-ret,static-candidate,"same 7.1 GetCmdId method identity as verified 26105 anchor + mov ax, imm16; ret"
4222,CFFLMCMKEPI,36405,0xB9FDDD0,AEGNNPENLNM,mov-ax-imm16-ret,static-candidate,"same 7.1 GetCmdId method identity as verified 26105 anchor + mov ax, imm16; ret"
4226,LJGOEBHNOCP,45398,0xF0F1C80,AEGNNPENLNM,mov-ax-imm16-ret,static-candidate,"same 7.1 GetCmdId method identity as verified 26105 anchor + mov ax, imm16; ret"
4227,DCODKOKMHOK,85437,0x7D689C0,AEGNNPENLNM,mov-ax-imm16-ret,static-candidate,"same 7.1 GetCmdId method identity as verified 26105 anchor + mov ax, imm16; ret"
4228,CPHKGAOJDJN,29523,0x12522110,AEGNNPENLNM,mov-ax-imm16-ret,static-candidate,"same 7.1 GetCmdId method identity as verified 26105 anchor + mov ax, imm16; ret"
4234,NINALKKEMHN,72225,0xE6D3100,AEGNNPENLNM,mov-ax-imm16-ret,static-candidate,"same 7.1 GetCmdId method identity as verified 26105 anchor + mov ax, imm16; ret"
4249,EJJIPNKKHII,75887,0xF6D1600,AEGNNPENLNM,mov-ax-imm16-ret,static-candidate,"same 7.1 GetCmdId method identity as verified 26105 anchor + mov ax, imm16; ret"
4251,MBPHDEEJKFP,13916,0xCE78980,AEGNNPENLNM,mov-ax-imm16-ret,static-candidate,"same 7.1 GetCmdId method identity as verified 26105 anchor + mov ax, imm16; ret"
4258,GBDOLIIPLFE,24138,0x104A3390,AEGNNPENLNM,mov-ax-imm16-ret,static-candidate,"same 7.1 GetCmdId method identity as verified 26105 anchor + mov ax, imm16; ret"
4269,JOFCCGDIMKK,83169,0xB3FBD10,AEGNNPENLNM,mov-ax-imm16-ret,static-candidate,"same 7.1 GetCmdId method identity as verified 26105 anchor + mov ax, imm16; ret"
4272,MLHGLMPPLEB,82020,0x10985200,AEGNNPENLNM,mov-ax-imm16-ret,static-candidate,"same 7.1 GetCmdId method identity as verified 26105 anchor + mov ax, imm16; ret"
4273,FENEJHBFCPM,37707,0xBD4AB40,AEGNNPENLNM,mov-ax-imm16-ret,static-candidate,"same 7.1 GetCmdId method identity as verified 26105 anchor + mov ax, imm16; ret"
4280,ANLMNNKGJLA,58288,0xC9C1D00,AEGNNPENLNM,mov-ax-imm16-ret,static-candidate,"same 7.1 GetCmdId method identity as verified 26105 anchor + mov ax, imm16; ret"
4282,IFDIKHKKDGA,87626,0x12A7BAC0,AEGNNPENLNM,mov-ax-imm16-ret,static-candidate,"same 7.1 GetCmdId method identity as verified 26105 anchor + mov ax, imm16; ret"
4283,APLJLLJOPLB,42597,0xB16FD00,AEGNNPENLNM,mov-ax-imm16-ret,static-candidate,"same 7.1 GetCmdId method identity as verified 26105 anchor + mov ax, imm16; ret"
4288,BIALNKBCOPJ,54490,0xFC088E0,AEGNNPENLNM,mov-ax-imm16-ret,static-candidate,"same 7.1 GetCmdId method identity as verified 26105 anchor + mov ax, imm16; ret"
4290,GLDEHHBIANF,48188,0xD627520,AEGNNPENLNM,mov-ax-imm16-ret,static-candidate,"same 7.1 GetCmdId method identity as verified 26105 anchor + mov ax, imm16; ret"
4301,GMAIKEOJMKG,72330,0xA591E40,AEGNNPENLNM,mov-ax-imm16-ret,static-candidate,"same 7.1 GetCmdId method identity as verified 26105 anchor + mov ax, imm16; ret"
4304,IFKEABKBMJD,51715,0x11E29BB0,AEGNNPENLNM,mov-ax-imm16-ret,static-candidate,"same 7.1 GetCmdId method identity as verified 26105 anchor + mov ax, imm16; ret"
4312,GONHILGMFFG,68940,0x745EA40,AEGNNPENLNM,mov-ax-imm16-ret,static-candidate,"same 7.1 GetCmdId method identity as verified 26105 anchor + mov ax, imm16; ret"
4313,DMBGEEBEEMP,84888,0x95AFB00,AEGNNPENLNM,mov-ax-imm16-ret,static-candidate,"same 7.1 GetCmdId method identity as verified 26105 anchor + mov ax, imm16; ret"
4316,GEDJBCLGINE,70922,0xEC09840,AEGNNPENLNM,mov-ax-imm16-ret,static-candidate,"same 7.1 GetCmdId method identity as verified 26105 anchor + mov ax, imm16; ret"
4325,NOCFMALMJDL,24462,0x931B310,AEGNNPENLNM,mov-ax-imm16-ret,static-candidate,"same 7.1 GetCmdId method identity as verified 26105 anchor + mov ax, imm16; ret"
4330,HNFOHHNPDFN,59994,0x1118F020,AEGNNPENLNM,mov-ax-imm16-ret,static-candidate,"same 7.1 GetCmdId method identity as verified 26105 anchor + mov ax, imm16; ret"
4339,JBGGGJIBGKA,46800,0x819F4F0,AEGNNPENLNM,mov-ax-imm16-ret,static-candidate,"same 7.1 GetCmdId method identity as verified 26105 anchor + mov ax, imm16; ret"
4344,NGPABBNBCJI,66710,0x7AFA060,AEGNNPENLNM,mov-ax-imm16-ret,static-candidate,"same 7.1 GetCmdId method identity as verified 26105 anchor + mov ax, imm16; ret"
4345,OIAHDNNMFMP,57787,0x13120B70,AEGNNPENLNM,mov-ax-imm16-ret,static-candidate,"same 7.1 GetCmdId method identity as verified 26105 anchor + mov ax, imm16; ret"
4347,IDFKEJMDKKB,19414,0xBF558D0,AEGNNPENLNM,mov-ax-imm16-ret,static-candidate,"same 7.1 GetCmdId method identity as verified 26105 anchor + mov ax, imm16; ret"
4348,MIMACDMPJGL,24088,0x12D41070,AEGNNPENLNM,mov-ax-imm16-ret,static-candidate,"same 7.1 GetCmdId method identity as verified 26105 anchor + mov ax, imm16; ret"
4350,HAJJOILGNFN,60625,0xB1F6CA0,AEGNNPENLNM,mov-ax-imm16-ret,static-candidate,"same 7.1 GetCmdId method identity as verified 26105 anchor + mov ax, imm16; ret"
4353,HELDKCFHKPL,13200,0xA62A170,AEGNNPENLNM,mov-ax-imm16-ret,static-candidate,"same 7.1 GetCmdId method identity as verified 26105 anchor + mov ax, imm16; ret"
4355,DGDHPAKJMCL,37801,0xC83BCB0,AEGNNPENLNM,mov-ax-imm16-ret,static-candidate,"same 7.1 GetCmdId method identity as verified 26105 anchor + mov ax, imm16; ret"
4361,AILLMHHPPBG,31889,0x13479CB0,AEGNNPENLNM,mov-ax-imm16-ret,static-candidate,"same 7.1 GetCmdId method identity as verified 26105 anchor + mov ax, imm16; ret"
4372,NHJJLIFHLLM,60647,0x9EB77C0,AEGNNPENLNM,mov-ax-imm16-ret,static-candidate,"same 7.1 GetCmdId method identity as verified 26105 anchor + mov ax, imm16; ret"
4381,KPJPEBEFIKC,62329,0x1391EF10,AEGNNPENLNM,mov-ax-imm16-ret,static-candidate,"same 7.1 GetCmdId method identity as verified 26105 anchor + mov ax, imm16; ret"
4385,LBLELLCECLL,20941,0xA9E88B0,AEGNNPENLNM,mov-ax-imm16-ret,static-candidate,"same 7.1 GetCmdId method identity as verified 26105 anchor + mov ax, imm16; ret"
4389,OEGOELGHONP,58056,0x8660F00,AEGNNPENLNM,mov-ax-imm16-ret,static-candidate,"same 7.1 GetCmdId method identity as verified 26105 anchor + mov ax, imm16; ret"
4398,FJDEJEPGHPD,79943,0x8B8B1B0,AEGNNPENLNM,mov-ax-imm16-ret,static-candidate,"same 7.1 GetCmdId method identity as verified 26105 anchor + mov ax, imm16; ret"
4399,JEMNGNKIBJB,21297,0xCC525C0,AEGNNPENLNM,mov-ax-imm16-ret,static-candidate,"same 7.1 GetCmdId method identity as verified 26105 anchor + mov ax, imm16; ret"
4400,JMEBGLMKJAB,32016,0x11EFA920,AEGNNPENLNM,mov-ax-imm16-ret,static-candidate,"same 7.1 GetCmdId method identity as verified 26105 anchor + mov ax, imm16; ret"
4401,MBDBFLNJKIL,51664,0x1147F3A0,AEGNNPENLNM,mov-ax-imm16-ret,static-candidate,"same 7.1 GetCmdId method identity as verified 26105 anchor + mov ax, imm16; ret"
4409,MPIILBIACEG,42319,0xB623190,AEGNNPENLNM,mov-ax-imm16-ret,static-candidate,"same 7.1 GetCmdId method identity as verified 26105 anchor + mov ax, imm16; ret"
4410,EBBJOFJGAIB,77385,0xBAEAF10,AEGNNPENLNM,mov-ax-imm16-ret,static-candidate,"same 7.1 GetCmdId method identity as verified 26105 anchor + mov ax, imm16; ret"
4416,EFCKAGDFAEM,78698,0x10E20160,AEGNNPENLNM,mov-ax-imm16-ret,static-candidate,"same 7.1 GetCmdId method identity as verified 26105 anchor + mov ax, imm16; ret"
4419,HNJGDPEADKP,86091,0x1368D3E0,AEGNNPENLNM,mov-ax-imm16-ret,static-candidate,"same 7.1 GetCmdId method identity as verified 26105 anchor + mov ax, imm16; ret"
4422,ICKGFHMGLLP,66566,0x11E07400,AEGNNPENLNM,mov-ax-imm16-ret,static-candidate,"same 7.1 GetCmdId method identity as verified 26105 anchor + mov ax, imm16; ret"
4423,AHHDNPKPLKI,47824,0xB0FF2B0,AEGNNPENLNM,mov-ax-imm16-ret,static-candidate,"same 7.1 GetCmdId method identity as verified 26105 anchor + mov ax, imm16; ret"
4434,PBBPKGKOFLA,26935,0x123E61F0,AEGNNPENLNM,mov-ax-imm16-ret,static-candidate,"same 7.1 GetCmdId method identity as verified 26105 anchor + mov ax, imm16; ret"
4438,PIDFOAONNIF,57141,0xE85FAB0,AEGNNPENLNM,mov-ax-imm16-ret,static-candidate,"same 7.1 GetCmdId method identity as verified 26105 anchor + mov ax, imm16; ret"
4449,KPHEMHIJLLJ,62010,0x835E5E0,AEGNNPENLNM,mov-ax-imm16-ret,static-candidate,"same 7.1 GetCmdId method identity as verified 26105 anchor + mov ax, imm16; ret"
4458,EGJFJFIOLMG,46607,0xD3F6750,AEGNNPENLNM,mov-ax-imm16-ret,static-candidate,"same 7.1 GetCmdId method identity as verified 26105 anchor + mov ax, imm16; ret"
4461,KKDNGIAJJCI,44189,0xA984860,AEGNNPENLNM,mov-ax-imm16-ret,static-candidate,"same 7.1 GetCmdId method identity as verified 26105 anchor + mov ax, imm16; ret"
4463,OEOKFOEJIPE,83768,0x10B4F0D0,AEGNNPENLNM,mov-ax-imm16-ret,static-candidate,"same 7.1 GetCmdId method identity as verified 26105 anchor + mov ax, imm16; ret"
4465,NHGPOBPCFOD,58138,0xE6C53A0,AEGNNPENLNM,mov-ax-imm16-ret,static-candidate,"same 7.1 GetCmdId method identity as verified 26105 anchor + mov ax, imm16; ret"
4467,IKCIMNLDDLN,42125,0xB2E6190,AEGNNPENLNM,mov-ax-imm16-ret,static-candidate,"same 7.1 GetCmdId method identity as verified 26105 anchor + mov ax, imm16; ret"
4469,JFGHLHIJLBC,21179,0xCC56AB0,AEGNNPENLNM,mov-ax-imm16-ret,static-candidate,"same 7.1 GetCmdId method identity as verified 26105 anchor + mov ax, imm16; ret"
4473,JIEDJKPOMPI,31250,0xB3AE090,AEGNNPENLNM,mov-ax-imm16-ret,static-candidate,"same 7.1 GetCmdId method identity as verified 26105 anchor + mov ax, imm16; ret"
4484,EDHOKIEDIBJ,37111,0x11AB3D80,AEGNNPENLNM,mov-ax-imm16-ret,static-candidate,"same 7.1 GetCmdId method identity as verified 26105 anchor + mov ax, imm16; ret"
4485,OENDNMPHOOH,76826,0x10066F80,AEGNNPENLNM,mov-ax-imm16-ret,static-candidate,"same 7.1 GetCmdId method identity as verified 26105 anchor + mov ax, imm16; ret"
4487,MLIBPOOFHAM,47455,0xFDCF7F0,AEGNNPENLNM,mov-ax-imm16-ret,static-candidate,"same 7.1 GetCmdId method identity as verified 26105 anchor + mov ax, imm16; ret"
4490,OEAHEOEDIPL,80296,0xD129C80,AEGNNPENLNM,mov-ax-imm16-ret,static-candidate,"same 7.1 GetCmdId method identity as verified 26105 anchor + mov ax, imm16; ret"
4506,FCNOACKMHII,19002,0xA276510,AEGNNPENLNM,mov-ax-imm16-ret,static-candidate,"same 7.1 GetCmdId method identity as verified 26105 anchor + mov ax, imm16; ret"
4519,BLNENDJJIPF,20702,0x9B43DE0,AEGNNPENLNM,mov-ax-imm16-ret,static-candidate,"same 7.1 GetCmdId method identity as verified 26105 anchor + mov ax, imm16; ret"
4529,LDEBHBAMNDM,56169,0x107E29E0,AEGNNPENLNM,mov-ax-imm16-ret,static-candidate,"same 7.1 GetCmdId method identity as verified 26105 anchor + mov ax, imm16; ret"
4530,CHIDCPLLELG,82456,0xD2D82A0,AEGNNPENLNM,mov-ax-imm16-ret,static-candidate,"same 7.1 GetCmdId method identity as verified 26105 anchor + mov ax, imm16; ret"
4532,IBGKJAJCIBG,54500,0xBF22960,AEGNNPENLNM,mov-ax-imm16-ret,static-candidate,"same 7.1 GetCmdId method identity as verified 26105 anchor + mov ax, imm16; ret"
4543,ODMFLAOMFBA,37924,0x9350FA0,AEGNNPENLNM,mov-ax-imm16-ret,static-candidate,"same 7.1 GetCmdId method identity as verified 26105 anchor + mov ax, imm16; ret"
4555,IAIFFDKEPPE,48946,0xD6F3C10,AEGNNPENLNM,mov-ax-imm16-ret,static-candidate,"same 7.1 GetCmdId method identity as verified 26105 anchor + mov ax, imm16; ret"
4556,CHJFDHLJLEP,75645,0x87024D0,AEGNNPENLNM,mov-ax-imm16-ret,static-candidate,"same 7.1 GetCmdId method identity as verified 26105 anchor + mov ax, imm16; ret"
4559,LIMKFEPKMFH,21701,0xC21AFA0,AEGNNPENLNM,mov-ax-imm16-ret,static-candidate,"same 7.1 GetCmdId method identity as verified 26105 anchor + mov ax, imm16; ret"
4560,CBPNAMBIIGA,23301,0x118FBEC0,AEGNNPENLNM,mov-ax-imm16-ret,static-candidate,"same 7.1 GetCmdId method identity as verified 26105 anchor + mov ax, imm16; ret"
4562,HILILHIDELC,59845,0x10583B00,AEGNNPENLNM,mov-ax-imm16-ret,static-candidate,"same 7.1 GetCmdId method identity as verified 26105 anchor + mov ax, imm16; ret"
4563,AKDNCGIJEOC,29885,0xEB47C60,AEGNNPENLNM,mov-ax-imm16-ret,static-candidate,"same 7.1 GetCmdId method identity as verified 26105 anchor + mov ax, imm16; ret"
4564,ECJHMCMFNKK,80383,0x7236E30,AEGNNPENLNM,mov-ax-imm16-ret,static-candidate,"same 7.1 GetCmdId method identity as verified 26105 anchor + mov ax, imm16; ret"
4567,GINEHBFGLDC,87808,0xA565760,AEGNNPENLNM,mov-ax-imm16-ret,static-candidate,"same 7.1 GetCmdId method identity as verified 26105 anchor + mov ax, imm16; ret"
4571,GAABFCHKHCI,65698,0x126B9D00,AEGNNPENLNM,mov-ax-imm16-ret,static-candidate,"same 7.1 GetCmdId method identity as verified 26105 anchor + mov ax, imm16; ret"
4573,FMIAOJNNBMD,31882,0x7356A10,AEGNNPENLNM,mov-ax-imm16-ret,static-candidate,"same 7.1 GetCmdId method identity as verified 26105 anchor + mov ax, imm16; ret"
4586,HGMACJEIOII,49399,0x11C9A940,AEGNNPENLNM,mov-ax-imm16-ret,static-candidate,"same 7.1 GetCmdId method identity as verified 26105 anchor + mov ax, imm16; ret"
4590,JMAOAELAMDM,52411,0x112AB590,AEGNNPENLNM,mov-ax-imm16-ret,static-candidate,"same 7.1 GetCmdId method identity as verified 26105 anchor + mov ax, imm16; ret"
4592,KCFIHLAPLAL,51583,0x112FF6F0,AEGNNPENLNM,mov-ax-imm16-ret,static-candidate,"same 7.1 GetCmdId method identity as verified 26105 anchor + mov ax, imm16; ret"
4598,CCCFJGEANGK,78505,0x13369650,AEGNNPENLNM,mov-ax-imm16-ret,static-candidate,"same 7.1 GetCmdId method identity as verified 26105 anchor + mov ax, imm16; ret"
4601,IOKMMMONBFM,14893,0x99F2910,AEGNNPENLNM,mov-ax-imm16-ret,static-candidate,"same 7.1 GetCmdId method identity as verified 26105 anchor + mov ax, imm16; ret"
4602,GKAGPCHPEPO,84777,0x8C104F0,AEGNNPENLNM,mov-ax-imm16-ret,static-candidate,"same 7.1 GetCmdId method identity as verified 26105 anchor + mov ax, imm16; ret"
4607,LCBMFBCIAHK,57121,0xB495200,AEGNNPENLNM,mov-ax-imm16-ret,static-candidate,"same 7.1 GetCmdId method identity as verified 26105 anchor + mov ax, imm16; ret"
4613,CAIJHMLCAPJ,75869,0x123CAF80,AEGNNPENLNM,mov-ax-imm16-ret,static-candidate,"same 7.1 GetCmdId method identity as verified 26105 anchor + mov ax, imm16; ret"
4615,BBNPMDGIDKK,66340,0x7F43EB0,AEGNNPENLNM,mov-ax-imm16-ret,static-candidate,"same 7.1 GetCmdId method identity as verified 26105 anchor + mov ax, imm16; ret"
4616,HBMKNPEOKDK,16379,0xF957DF0,AEGNNPENLNM,mov-ax-imm16-ret,static-candidate,"same 7.1 GetCmdId method identity as verified 26105 anchor + mov ax, imm16; ret"
4622,OPIJNNFDAKP,33983,0x13DA4BF0,AEGNNPENLNM,mov-ax-imm16-ret,static-candidate,"same 7.1 GetCmdId method identity as verified 26105 anchor + mov ax, imm16; ret"
4630,DJNDALCPGDH,69860,0x10DC89C0,AEGNNPENLNM,mov-ax-imm16-ret,static-candidate,"same 7.1 GetCmdId method identity as verified 26105 anchor + mov ax, imm16; ret"
4631,NKHELGLEDFG,21202,0xB7F32E0,AEGNNPENLNM,mov-ax-imm16-ret,static-candidate,"same 7.1 GetCmdId method identity as verified 26105 anchor + mov ax, imm16; ret"
4633,PABPPHKDENE,16934,0xB8CEC30,AEGNNPENLNM,mov-ax-imm16-ret,static-candidate,"same 7.1 GetCmdId method identity as verified 26105 anchor + mov ax, imm16; ret"
4634,BLEJOAACMBF,34869,0xAEF14B0,AEGNNPENLNM,mov-ax-imm16-ret,static-candidate,"same 7.1 GetCmdId method identity as verified 26105 anchor + mov ax, imm16; ret"
4637,GLMKGPKBDKP,71414,0xD62FB10,AEGNNPENLNM,mov-ax-imm16-ret,static-candidate,"same 7.1 GetCmdId method identity as verified 26105 anchor + mov ax, imm16; ret"
4641,LIMCEGFAJAP,26422,0x11434300,AEGNNPENLNM,mov-ax-imm16-ret,static-candidate,"same 7.1 GetCmdId method identity as verified 26105 anchor + mov ax, imm16; ret"
4646,HLCELKDHGMI,85889,0xEDBCC40,AEGNNPENLNM,mov-ax-imm16-ret,static-candidate,"same 7.1 GetCmdId method identity as verified 26105 anchor + mov ax, imm16; ret"
4650,JNNJKFBBILO,44545,0x9AF4150,AEGNNPENLNM,mov-ax-imm16-ret,static-candidate,"same 7.1 GetCmdId method identity as verified 26105 anchor + mov ax, imm16; ret"
4656,GNABCHPEHLN,81604,0x135FFE30,AEGNNPENLNM,mov-ax-imm16-ret,static-candidate,"same 7.1 GetCmdId method identity as verified 26105 anchor + mov ax, imm16; ret"
4675,NAJCMFGOADO,38415,0x92B02A0,AEGNNPENLNM,mov-ax-imm16-ret,static-candidate,"same 7.1 GetCmdId method identity as verified 26105 anchor + mov ax, imm16; ret"
4678,PIKFJAKKPJA,81325,0xA03A370,AEGNNPENLNM,mov-ax-imm16-ret,static-candidate,"same 7.1 GetCmdId method identity as verified 26105 anchor + mov ax, imm16; ret"
4680,LOMKHBCMONE,64780,0x1146D4D0,AEGNNPENLNM,mov-ax-imm16-ret,static-candidate,"same 7.1 GetCmdId method identity as verified 26105 anchor + mov ax, imm16; ret"
4683,NONCMIGKDBO,44054,0x8631BC0,AEGNNPENLNM,mov-ax-imm16-ret,static-candidate,"same 7.1 GetCmdId method identity as verified 26105 anchor + mov ax, imm16; ret"
4692,JMDIAINLOAJ,80233,0xFB73E80,AEGNNPENLNM,mov-ax-imm16-ret,static-candidate,"same 7.1 GetCmdId method identity as verified 26105 anchor + mov ax, imm16; ret"
4693,MJCEOAHFGHI,87227,0xCEC6E00,AEGNNPENLNM,mov-ax-imm16-ret,static-candidate,"same 7.1 GetCmdId method identity as verified 26105 anchor + mov ax, imm16; ret"
4694,DFPJOAKMNEL,72366,0x9568C10,AEGNNPENLNM,mov-ax-imm16-ret,static-candidate,"same 7.1 GetCmdId method identity as verified 26105 anchor + mov ax, imm16; ret"
4695,ACEPPHOFOIF,63378,0xA31D1F0,AEGNNPENLNM,mov-ax-imm16-ret,static-candidate,"same 7.1 GetCmdId method identity as verified 26105 anchor + mov ax, imm16; ret"
4698,FPECKKKGCIG,46562,0xCA059A0,AEGNNPENLNM,mov-ax-imm16-ret,static-candidate,"same 7.1 GetCmdId method identity as verified 26105 anchor + mov ax, imm16; ret"
4699,AFHIJFNIMIC,84722,0x10409850,AEGNNPENLNM,mov-ax-imm16-ret,static-candidate,"same 7.1 GetCmdId method identity as verified 26105 anchor + mov ax, imm16; ret"
4703,KKHOACDMNAK,41085,0x9BDC100,AEGNNPENLNM,mov-ax-imm16-ret,static-candidate,"same 7.1 GetCmdId method identity as verified 26105 anchor + mov ax, imm16; ret"
4704,HPNMJCPHKFH,77456,0x1369D030,AEGNNPENLNM,mov-ax-imm16-ret,static-candidate,"same 7.1 GetCmdId method identity as verified 26105 anchor + mov ax, imm16; ret"
4712,OAFFFEIGCCP,12175,0x863F6E0,AEGNNPENLNM,mov-ax-imm16-ret,static-candidate,"same 7.1 GetCmdId method identity as verified 26105 anchor + mov ax, imm16; ret"
4715,EIGPONKEEMH,66780,0x1400FAE0,AEGNNPENLNM,mov-ax-imm16-ret,static-candidate,"same 7.1 GetCmdId method identity as verified 26105 anchor + mov ax, imm16; ret"
4716,IJPLJCMIEMN,60765,0xEE67290,AEGNNPENLNM,mov-ax-imm16-ret,static-candidate,"same 7.1 GetCmdId method identity as verified 26105 anchor + mov ax, imm16; ret"
4719,IPHODDFPJDM,33321,0x7632DC0,AEGNNPENLNM,mov-ax-imm16-ret,static-candidate,"same 7.1 GetCmdId method identity as verified 26105 anchor + mov ax, imm16; ret"
4721,GLLPIMEOLAK,38114,0x129655E0,AEGNNPENLNM,mov-ax-imm16-ret,static-candidate,"same 7.1 GetCmdId method identity as verified 26105 anchor + mov ax, imm16; ret"
4722,AKBGDPDDJIJ,51200,0x134847A0,AEGNNPENLNM,mov-ax-imm16-ret,static-candidate,"same 7.1 GetCmdId method identity as verified 26105 anchor + mov ax, imm16; ret"
4723,GJECIGHOPNE,35161,0xA567480,AEGNNPENLNM,mov-ax-imm16-ret,static-candidate,"same 7.1 GetCmdId method identity as verified 26105 anchor + mov ax, imm16; ret"
4727,GJKBNPPJBLD,43931,0xD61BFA0,AEGNNPENLNM,mov-ax-imm16-ret,static-candidate,"same 7.1 GetCmdId method identity as verified 26105 anchor + mov ax, imm16; ret"
4735,MGOFAJMFPIE,62958,0x9CFDD60,AEGNNPENLNM,mov-ax-imm16-ret,static-candidate,"same 7.1 GetCmdId method identity as verified 26105 anchor + mov ax, imm16; ret"
4736,NOLJMDLEOMI,31021,0xF384690,AEGNNPENLNM,mov-ax-imm16-ret,static-candidate,"same 7.1 GetCmdId method identity as verified 26105 anchor + mov ax, imm16; ret"
4737,FLLJAIJBMFK,78481,0xA2E2A70,AEGNNPENLNM,mov-ax-imm16-ret,static-candidate,"same 7.1 GetCmdId method identity as verified 26105 anchor + mov ax, imm16; ret"
4742,PLCLNBNGLBN,59595,0xF4E5DF0,AEGNNPENLNM,mov-ax-imm16-ret,static-candidate,"same 7.1 GetCmdId method identity as verified 26105 anchor + mov ax, imm16; ret"
4745,DNGFKJJIHPG,61651,0xF653F30,AEGNNPENLNM,mov-ax-imm16-ret,static-candidate,"same 7.1 GetCmdId method identity as verified 26105 anchor + mov ax, imm16; ret"
4748,CLJEKHNIDJA,81688,0x124EA430,AEGNNPENLNM,mov-ax-imm16-ret,static-candidate,"same 7.1 GetCmdId method identity as verified 26105 anchor + mov ax, imm16; ret"
4750,NMBLLIFKILL,50031,0x10B20270,AEGNNPENLNM,mov-ax-imm16-ret,static-candidate,"same 7.1 GetCmdId method identity as verified 26105 anchor + mov ax, imm16; ret"
4752,JOEANFGMAMO,80909,0xA91DE90,AEGNNPENLNM,mov-ax-imm16-ret,static-candidate,"same 7.1 GetCmdId method identity as verified 26105 anchor + mov ax, imm16; ret"
4758,PNKALCBMELC,76674,0x10CB28C0,AEGNNPENLNM,mov-ax-imm16-ret,static-candidate,"same 7.1 GetCmdId method identity as verified 26105 anchor + mov ax, imm16; ret"
4760,CLFHKOFFIMH,36735,0xF59EBA0,AEGNNPENLNM,mov-ax-imm16-ret,static-candidate,"same 7.1 GetCmdId method identity as verified 26105 anchor + mov ax, imm16; ret"
4761,CHPMLJLBLCB,38358,0xF57DAB0,AEGNNPENLNM,mov-ax-imm16-ret,static-candidate,"same 7.1 GetCmdId method identity as verified 26105 anchor + mov ax, imm16; ret"
4766,IBAGAJPPPLN,21120,0xCB992C0,AEGNNPENLNM,mov-ax-imm16-ret,static-candidate,"same 7.1 GetCmdId method identity as verified 26105 anchor + mov ax, imm16; ret"
4768,LPICIEANEIK,29696,0x10901010,AEGNNPENLNM,mov-ax-imm16-ret,static-candidate,"same 7.1 GetCmdId method identity as verified 26105 anchor + mov ax, imm16; ret"
4772,LHFODJLPDCP,61874,0xAA26290,AEGNNPENLNM,mov-ax-imm16-ret,static-candidate,"same 7.1 GetCmdId method identity as verified 26105 anchor + mov ax, imm16; ret"
4777,GCNHGAJNLCF,46597,0x1108D810,AEGNNPENLNM,mov-ax-imm16-ret,static-candidate,"same 7.1 GetCmdId method identity as verified 26105 anchor + mov ax, imm16; ret"
4779,POINFCKJBMH,22604,0xAE3BCB0,AEGNNPENLNM,mov-ax-imm16-ret,static-candidate,"same 7.1 GetCmdId method identity as verified 26105 anchor + mov ax, imm16; ret"
4784,MPDIOMFJFKP,29871,0x11555730,AEGNNPENLNM,mov-ax-imm16-ret,static-candidate,"same 7.1 GetCmdId method identity as verified 26105 anchor + mov ax, imm16; ret"
4787,MBDLHGGBMKF,18089,0x120B4380,AEGNNPENLNM,mov-ax-imm16-ret,static-candidate,"same 7.1 GetCmdId method identity as verified 26105 anchor + mov ax, imm16; ret"
4792,BFAIBFBELMI,81662,0xAEC83F0,AEGNNPENLNM,mov-ax-imm16-ret,static-candidate,"same 7.1 GetCmdId method identity as verified 26105 anchor + mov ax, imm16; ret"
4801,GLLICNFAPAJ,76042,0x12964D20,AEGNNPENLNM,mov-ax-imm16-ret,static-candidate,"same 7.1 GetCmdId method identity as verified 26105 anchor + mov ax, imm16; ret"
4807,APAGBNIJDCL,75743,0x970FB10,AEGNNPENLNM,mov-ax-imm16-ret,static-candidate,"same 7.1 GetCmdId method identity as verified 26105 anchor + mov ax, imm16; ret"
4811,FCNDCMICBMC,16360,0xA274C50,AEGNNPENLNM,mov-ax-imm16-ret,static-candidate,"same 7.1 GetCmdId method identity as verified 26105 anchor + mov ax, imm16; ret"
4813,NLCDDGDFHJM,54970,0xC58C910,AEGNNPENLNM,mov-ax-imm16-ret,static-candidate,"same 7.1 GetCmdId method identity as verified 26105 anchor + mov ax, imm16; ret"
4815,FKHMGMHKLOD,88027,0x12649C70,AEGNNPENLNM,mov-ax-imm16-ret,static-candidate,"same 7.1 GetCmdId method identity as verified 26105 anchor + mov ax, imm16; ret"
4816,ILBGNCKDBMM,47891,0xEED0060,AEGNNPENLNM,mov-ax-imm16-ret,static-candidate,"same 7.1 GetCmdId method identity as verified 26105 anchor + mov ax, imm16; ret"
4825,HLHFIGKEPAN,83479,0xA6946A0,AEGNNPENLNM,mov-ax-imm16-ret,static-candidate,"same 7.1 GetCmdId method identity as verified 26105 anchor + mov ax, imm16; ret"
4847,HNKGFBABIBO,24869,0x12A3F930,AEGNNPENLNM,mov-ax-imm16-ret,static-candidate,"same 7.1 GetCmdId method identity as verified 26105 anchor + mov ax, imm16; ret"
4851,GAHIJDGHALI,30574,0xD5D7FD0,AEGNNPENLNM,mov-ax-imm16-ret,static-candidate,"same 7.1 GetCmdId method identity as verified 26105 anchor + mov ax, imm16; ret"
4856,FFCANFLHHJM,88734,0x1101AD00,AEGNNPENLNM,mov-ax-imm16-ret,static-candidate,"same 7.1 GetCmdId method identity as verified 26105 anchor + mov ax, imm16; ret"
4859,BCDOFAEAEOK,62702,0x9724370,AEGNNPENLNM,mov-ax-imm16-ret,static-candidate,"same 7.1 GetCmdId method identity as verified 26105 anchor + mov ax, imm16; ret"
4867,HDMJDNKHIPH,76836,0x105486E0,AEGNNPENLNM,mov-ax-imm16-ret,static-candidate,"same 7.1 GetCmdId method identity as verified 26105 anchor + mov ax, imm16; ret"
4871,AOALMBELCLF,45740,0x7F0D150,AEGNNPENLNM,mov-ax-imm16-ret,static-candidate,"same 7.1 GetCmdId method identity as verified 26105 anchor + mov ax, imm16; ret"
4873,FAKLMGMKLNJ,45150,0xD440380,AEGNNPENLNM,mov-ax-imm16-ret,static-candidate,"same 7.1 GetCmdId method identity as verified 26105 anchor + mov ax, imm16; ret"
4879,KPHFPAMCMEM,41504,0xA9C6010,AEGNNPENLNM,mov-ax-imm16-ret,static-candidate,"same 7.1 GetCmdId method identity as verified 26105 anchor + mov ax, imm16; ret"
4881,NBPPKBILPPJ,85960,0xFF4D190,AEGNNPENLNM,mov-ax-imm16-ret,static-candidate,"same 7.1 GetCmdId method identity as verified 26105 anchor + mov ax, imm16; ret"
4898,LHKGJFLJFEM,17453,0xAA27D40,AEGNNPENLNM,mov-ax-imm16-ret,static-candidate,"same 7.1 GetCmdId method identity as verified 26105 anchor + mov ax, imm16; ret"
4899,HEAANOMKGCK,30516,0x8C88D30,AEGNNPENLNM,mov-ax-imm16-ret,static-candidate,"same 7.1 GetCmdId method identity as verified 26105 anchor + mov ax, imm16; ret"
4911,EKLJEMKDGGA,82660,0xF6DC730,AEGNNPENLNM,mov-ax-imm16-ret,static-candidate,"same 7.1 GetCmdId method identity as verified 26105 anchor + mov ax, imm16; ret"
4915,GFHBOEOJHGI,47092,0xA534100,AEGNNPENLNM,mov-ax-imm16-ret,static-candidate,"same 7.1 GetCmdId method identity as verified 26105 anchor + mov ax, imm16; ret"
4920,OKPMJDJMODO,16928,0x13D6EC30,AEGNNPENLNM,mov-ax-imm16-ret,static-candidate,"same 7.1 GetCmdId method identity as verified 26105 anchor + mov ax, imm16; ret"
4921,OOPFDCFJLNH,56374,0xF4420B0,AEGNNPENLNM,mov-ax-imm16-ret,static-candidate,"same 7.1 GetCmdId method identity as verified 26105 anchor + mov ax, imm16; ret"
4926,GGMNINDLGCB,15764,0xF8C6BF0,AEGNNPENLNM,mov-ax-imm16-ret,static-candidate,"same 7.1 GetCmdId method identity as verified 26105 anchor + mov ax, imm16; ret"
4931,KLJFEPAMJEC,33391,0x12C46AB0,AEGNNPENLNM,mov-ax-imm16-ret,static-candidate,"same 7.1 GetCmdId method identity as verified 26105 anchor + mov ax, imm16; ret"
4934,DGEEPOFPEKE,20274,0x13F4E180,AEGNNPENLNM,mov-ax-imm16-ret,static-candidate,"same 7.1 GetCmdId method identity as verified 26105 anchor + mov ax, imm16; ret"
4937,KCOHGKDPPEI,65063,0xE397520,AEGNNPENLNM,mov-ax-imm16-ret,static-candidate,"same 7.1 GetCmdId method identity as verified 26105 anchor + mov ax, imm16; ret"
4939,KHAOCOLGCNM,58484,0x1074C020,AEGNNPENLNM,mov-ax-imm16-ret,static-candidate,"same 7.1 GetCmdId method identity as verified 26105 anchor + mov ax, imm16; ret"
4947,GKDFIGIFNCB,38250,0x135EA490,AEGNNPENLNM,mov-ax-imm16-ret,static-candidate,"same 7.1 GetCmdId method identity as verified 26105 anchor + mov ax, imm16; ret"
4948,BGHMCODPPPK,73107,0xFBFAC90,AEGNNPENLNM,mov-ax-imm16-ret,static-candidate,"same 7.1 GetCmdId method identity as verified 26105 anchor + mov ax, imm16; ret"
4958,BJKGOEGIALD,22512,0xC473D50,AEGNNPENLNM,mov-ax-imm16-ret,static-candidate,"same 7.1 GetCmdId method identity as verified 26105 anchor + mov ax, imm16; ret"
4961,ICKPFDGBAMF,83433,0xFA015D0,AEGNNPENLNM,mov-ax-imm16-ret,static-candidate,"same 7.1 GetCmdId method identity as verified 26105 anchor + mov ax, imm16; ret"
4973,LIEJLEMGMLE,21141,0xAA37E90,AEGNNPENLNM,mov-ax-imm16-ret,static-candidate,"same 7.1 GetCmdId method identity as verified 26105 anchor + mov ax, imm16; ret"
4976,MMMJOBNBAGE,23633,0xF1A6E70,AEGNNPENLNM,mov-ax-imm16-ret,static-candidate,"same 7.1 GetCmdId method identity as verified 26105 anchor + mov ax, imm16; ret"
4977,AMHJDHACEIG,21579,0x10FD0800,AEGNNPENLNM,mov-ax-imm16-ret,static-candidate,"same 7.1 GetCmdId method identity as verified 26105 anchor + mov ax, imm16; ret"
4978,MABELMELNMO,12030,0x9CAB6C0,AEGNNPENLNM,mov-ax-imm16-ret,static-candidate,"same 7.1 GetCmdId method identity as verified 26105 anchor + mov ax, imm16; ret"
4980,BEAKHNGLGFM,29963,0xFBE5DA0,AEGNNPENLNM,mov-ax-imm16-ret,static-candidate,"same 7.1 GetCmdId method identity as verified 26105 anchor + mov ax, imm16; ret"
4982,HPAJPGHEFPI,61920,0x1119B770,AEGNNPENLNM,mov-ax-imm16-ret,static-candidate,"same 7.1 GetCmdId method identity as verified 26105 anchor + mov ax, imm16; ret"
4989,PABNDEKENDO,71685,0x1315CF90,AEGNNPENLNM,mov-ax-imm16-ret,static-candidate,"same 7.1 GetCmdId method identity as verified 26105 anchor + mov ax, imm16; ret"
4991,GCDPNBCHGDO,16940,0xA503D50,AEGNNPENLNM,mov-ax-imm16-ret,static-candidate,"same 7.1 GetCmdId method identity as verified 26105 anchor + mov ax, imm16; ret"
4994,LBKDFAPCINC,54317,0x107D7A00,AEGNNPENLNM,mov-ax-imm16-ret,static-candidate,"same 7.1 GetCmdId method identity as verified 26105 anchor + mov ax, imm16; ret"
4996,GBBAKGFMDGP,59331,0xBDB13D0,AEGNNPENLNM,mov-ax-imm16-ret,static-candidate,"same 7.1 GetCmdId method identity as verified 26105 anchor + mov ax, imm16; ret"
4998,IBCFEKKAKGL,30764,0x9972670,AEGNNPENLNM,mov-ax-imm16-ret,static-candidate,"same 7.1 GetCmdId method identity as verified 26105 anchor + mov ax, imm16; ret"
5003,NFBMAJDGFAA,11840,0xC55DD90,AEGNNPENLNM,mov-ax-imm16-ret,static-candidate,"same 7.1 GetCmdId method identity as verified 26105 anchor + mov ax, imm16; ret"
5008,JKHONMLBPMI,83955,0x8226760,AEGNNPENLNM,mov-ax-imm16-ret,static-candidate,"same 7.1 GetCmdId method identity as verified 26105 anchor + mov ax, imm16; ret"
5009,KBBALIPLFAP,69124,0xCD004E0,AEGNNPENLNM,mov-ax-imm16-ret,static-candidate,"same 7.1 GetCmdId method identity as verified 26105 anchor + mov ax, imm16; ret"
5013,EAOAJLLLCIF,88609,0x8903220,AEGNNPENLNM,mov-ax-imm16-ret,static-candidate,"same 7.1 GetCmdId method identity as verified 26105 anchor + mov ax, imm16; ret"
5023,JOHHLHKMFGD,59179,0x9AFB2E0,AEGNNPENLNM,mov-ax-imm16-ret,static-candidate,"same 7.1 GetCmdId method identity as verified 26105 anchor + mov ax, imm16; ret"
5024,DEENCEJCDGE,27062,0xBAA18F0,AEGNNPENLNM,mov-ax-imm16-ret,static-candidate,"same 7.1 GetCmdId method identity as verified 26105 anchor + mov ax, imm16; ret"
5026,AOICGCMHFAP,80849,0x8E4C0E0,AEGNNPENLNM,mov-ax-imm16-ret,static-candidate,"same 7.1 GetCmdId method identity as verified 26105 anchor + mov ax, imm16; ret"
5031,GFNIEODICJK,37405,0x110A4DC0,AEGNNPENLNM,mov-ax-imm16-ret,static-candidate,"same 7.1 GetCmdId method identity as verified 26105 anchor + mov ax, imm16; ret"
5042,OHMNEDEPELD,36877,0x13D54F70,AEGNNPENLNM,mov-ax-imm16-ret,static-candidate,"same 7.1 GetCmdId method identity as verified 26105 anchor + mov ax, imm16; ret"
5046,DECOGJAPNGA,51308,0x1028D2D0,AEGNNPENLNM,mov-ax-imm16-ret,static-candidate,"same 7.1 GetCmdId method identity as verified 26105 anchor + mov ax, imm16; ret"
5047,DBFECABICCB,48092,0x7D51700,AEGNNPENLNM,mov-ax-imm16-ret,static-candidate,"same 7.1 GetCmdId method identity as verified 26105 anchor + mov ax, imm16; ret"
5050,CBAGAJCNALL,75126,0x123CC8D0,AEGNNPENLNM,mov-ax-imm16-ret,static-candidate,"same 7.1 GetCmdId method identity as verified 26105 anchor + mov ax, imm16; ret"
5054,OGHGEKPOMDD,66686,0xD13C590,AEGNNPENLNM,mov-ax-imm16-ret,static-candidate,"same 7.1 GetCmdId method identity as verified 26105 anchor + mov ax, imm16; ret"
5056,BMHGLKPIDCD,62114,0xAEFDEC0,AEGNNPENLNM,mov-ax-imm16-ret,static-candidate,"same 7.1 GetCmdId method identity as verified 26105 anchor + mov ax, imm16; ret"
5058,PFCAJJLDIMD,33370,0x118511C0,AEGNNPENLNM,mov-ax-imm16-ret,static-candidate,"same 7.1 GetCmdId method identity as verified 26105 anchor + mov ax, imm16; ret"
5063,FGPCJACNEHK,45399,0x7FB8F00,AEGNNPENLNM,mov-ax-imm16-ret,static-candidate,"same 7.1 GetCmdId method identity as verified 26105 anchor + mov ax, imm16; ret"
5065,HAHCJIJOMOB,87719,0x10528A80,AEGNNPENLNM,mov-ax-imm16-ret,static-candidate,"same 7.1 GetCmdId method identity as verified 26105 anchor + mov ax, imm16; ret"
5066,PPFKDFGFAAC,32091,0xD27DBD0,AEGNNPENLNM,mov-ax-imm16-ret,static-candidate,"same 7.1 GetCmdId method identity as verified 26105 anchor + mov ax, imm16; ret"
5080,OLAJOPNPDDO,48922,0xC6491B0,AEGNNPENLNM,mov-ax-imm16-ret,static-candidate,"same 7.1 GetCmdId method identity as verified 26105 anchor + mov ax, imm16; ret"
5088,GPFBPGHFCFA,46206,0x982C320,AEGNNPENLNM,mov-ax-imm16-ret,static-candidate,"same 7.1 GetCmdId method identity as verified 26105 anchor + mov ax, imm16; ret"
5090,PFJMKBJNEKI,16489,0xD245170,AEGNNPENLNM,mov-ax-imm16-ret,static-candidate,"same 7.1 GetCmdId method identity as verified 26105 anchor + mov ax, imm16; ret"
5093,IDFOLHCCKEE,67909,0x7563DE0,AEGNNPENLNM,mov-ax-imm16-ret,static-candidate,"same 7.1 GetCmdId method identity as verified 26105 anchor + mov ax, imm16; ret"
5094,DLCFMOKFFEG,24520,0x11A353C0,AEGNNPENLNM,mov-ax-imm16-ret,static-candidate,"same 7.1 GetCmdId method identity as verified 26105 anchor + mov ax, imm16; ret"
5096,NGLIOKAFJIC,67407,0xB7945B0,AEGNNPENLNM,mov-ax-imm16-ret,static-candidate,"same 7.1 GetCmdId method identity as verified 26105 anchor + mov ax, imm16; ret"
5098,ILIJJBOOFLH,24275,0x137363C0,AEGNNPENLNM,mov-ax-imm16-ret,static-candidate,"same 7.1 GetCmdId method identity as verified 26105 anchor + mov ax, imm16; ret"
5104,ELJHOCKCKFC,18289,0xD40BEB0,AEGNNPENLNM,mov-ax-imm16-ret,static-candidate,"same 7.1 GetCmdId method identity as verified 26105 anchor + mov ax, imm16; ret"
5106,GKKPOMPGJDO,67269,0xD620270,AEGNNPENLNM,mov-ax-imm16-ret,static-candidate,"same 7.1 GetCmdId method identity as verified 26105 anchor + mov ax, imm16; ret"
5107,EMGPJOOAAHL,77054,0xEA727F0,AEGNNPENLNM,mov-ax-imm16-ret,static-candidate,"same 7.1 GetCmdId method identity as verified 26105 anchor + mov ax, imm16; ret"
5111,OOPBGADLOON,76591,0xB8AEE70,AEGNNPENLNM,mov-ax-imm16-ret,static-candidate,"same 7.1 GetCmdId method identity as verified 26105 anchor + mov ax, imm16; ret"
5116,JDKKOHIGABI,13688,0x106AB380,AEGNNPENLNM,mov-ax-imm16-ret,static-candidate,"same 7.1 GetCmdId method identity as verified 26105 anchor + mov ax, imm16; ret"
5118,DDIMBKENDPF,59403,0x10289020,AEGNNPENLNM,mov-ax-imm16-ret,static-candidate,"same 7.1 GetCmdId method identity as verified 26105 anchor + mov ax, imm16; ret"
5119,JEFKILMBNFP,57991,0x12AF3910,AEGNNPENLNM,mov-ax-imm16-ret,static-candidate,"same 7.1 GetCmdId method identity as verified 26105 anchor + mov ax, imm16; ret"
5126,MBFNMGKOJNF,82714,0x120B4520,AEGNNPENLNM,mov-ax-imm16-ret,static-candidate,"same 7.1 GetCmdId method identity as verified 26105 anchor + mov ax, imm16; ret"
5132,AEFNNEGILEB,79042,0xD4D74C0,AEGNNPENLNM,mov-ax-imm16-ret,static-candidate,"same 7.1 GetCmdId method identity as verified 26105 anchor + mov ax, imm16; ret"
5170,BMCBIPOECPK,73528,0x108780D0,AEGNNPENLNM,mov-ax-imm16-ret,static-candidate,"same 7.1 GetCmdId method identity as verified 26105 anchor + mov ax, imm16; ret"
5177,NIMBCIIKONH,69462,0x7B16FA0,AEGNNPENLNM,mov-ax-imm16-ret,static-candidate,"same 7.1 GetCmdId method identity as verified 26105 anchor + mov ax, imm16; ret"
5180,MGGENBHJMAC,47231,0x1150E6F0,AEGNNPENLNM,mov-ax-imm16-ret,static-candidate,"same 7.1 GetCmdId method identity as verified 26105 anchor + mov ax, imm16; ret"
5181,LALOKPDBJCI,36010,0xA9CE000,AEGNNPENLNM,mov-ax-imm16-ret,static-candidate,"same 7.1 GetCmdId method identity as verified 26105 anchor + mov ax, imm16; ret"
5194,FAOBOAHDOLK,73395,0xA42AB30,AEGNNPENLNM,mov-ax-imm16-ret,static-candidate,"same 7.1 GetCmdId method identity as verified 26105 anchor + mov ax, imm16; ret"
5198,HOPBLBEHONK,65683,0xEDE5460,AEGNNPENLNM,mov-ax-imm16-ret,static-candidate,"same 7.1 GetCmdId method identity as verified 26105 anchor + mov ax, imm16; ret"
5199,NJEIOEACPAE,18586,0xE6E0920,AEGNNPENLNM,mov-ax-imm16-ret,static-candidate,"same 7.1 GetCmdId method identity as verified 26105 anchor + mov ax, imm16; ret"
5202,PGIHIPIDGGL,79886,0xE7EAF90,AEGNNPENLNM,mov-ax-imm16-ret,static-candidate,"same 7.1 GetCmdId method identity as verified 26105 anchor + mov ax, imm16; ret"
5207,EKNFPLDJKDN,19918,0x72AD670,AEGNNPENLNM,mov-ax-imm16-ret,static-candidate,"same 7.1 GetCmdId method identity as verified 26105 anchor + mov ax, imm16; ret"
5210,GHEEOHDPODJ,65916,0xD607AA0,AEGNNPENLNM,mov-ax-imm16-ret,static-candidate,"same 7.1 GetCmdId method identity as verified 26105 anchor + mov ax, imm16; ret"
5213,LOKEANIJGEN,44154,0x1146B8A0,AEGNNPENLNM,mov-ax-imm16-ret,static-candidate,"same 7.1 GetCmdId method identity as verified 26105 anchor + mov ax, imm16; ret"
5224,FGFEKDJHLHD,71138,0x7FAF9C0,AEGNNPENLNM,mov-ax-imm16-ret,static-candidate,"same 7.1 GetCmdId method identity as verified 26105 anchor + mov ax, imm16; ret"
5230,AAHCONBLEDG,54956,0x126CE4B0,AEGNNPENLNM,mov-ax-imm16-ret,static-candidate,"same 7.1 GetCmdId method identity as verified 26105 anchor + mov ax, imm16; ret"
5232,OCEMECOHKDK,63557,0xE7431E0,AEGNNPENLNM,mov-ax-imm16-ret,static-candidate,"same 7.1 GetCmdId method identity as verified 26105 anchor + mov ax, imm16; ret"
5234,HMGAANKLAJI,43119,0x11DB3F80,AEGNNPENLNM,mov-ax-imm16-ret,static-candidate,"same 7.1 GetCmdId method identity as verified 26105 anchor + mov ax, imm16; ret"
5240,EOPBHJMCFNE,51433,0x1406AE50,AEGNNPENLNM,mov-ax-imm16-ret,static-candidate,"same 7.1 GetCmdId method identity as verified 26105 anchor + mov ax, imm16; ret"
5241,LDMNBMLDJBH,80813,0xB49D750,AEGNNPENLNM,mov-ax-imm16-ret,static-candidate,"same 7.1 GetCmdId method identity as verified 26105 anchor + mov ax, imm16; ret"
5247,HLGFJDJMGIP,36260,0x1114D230,AEGNNPENLNM,mov-ax-imm16-ret,static-candidate,"same 7.1 GetCmdId method identity as verified 26105 anchor + mov ax, imm16; ret"
5250,HMJFMEHFABE,31990,0x98F0CE0,AEGNNPENLNM,mov-ax-imm16-ret,static-candidate,"same 7.1 GetCmdId method identity as verified 26105 anchor + mov ax, imm16; ret"
5252,FOCPHCFJJAL,85917,0xBBF34E0,AEGNNPENLNM,mov-ax-imm16-ret,static-candidate,"same 7.1 GetCmdId method identity as verified 26105 anchor + mov ax, imm16; ret"
5257,OEMFGJBAMMH,55320,0x93628B0,AEGNNPENLNM,mov-ax-imm16-ret,static-candidate,"same 7.1 GetCmdId method identity as verified 26105 anchor + mov ax, imm16; ret"
5266,GMDIEGLAJEG,45547,0x135FA280,AEGNNPENLNM,mov-ax-imm16-ret,static-candidate,"same 7.1 GetCmdId method identity as verified 26105 anchor + mov ax, imm16; ret"
5268,LHODLIBKEAI,81117,0x1204CC80,AEGNNPENLNM,mov-ax-imm16-ret,static-candidate,"same 7.1 GetCmdId method identity as verified 26105 anchor + mov ax, imm16; ret"
5269,LPMOLNCIGAG,31989,0xFD62070,AEGNNPENLNM,mov-ax-imm16-ret,static-candidate,"same 7.1 GetCmdId method identity as verified 26105 anchor + mov ax, imm16; ret"
5271,CCGCNPDPCNO,17339,0x11905AA0,AEGNNPENLNM,mov-ax-imm16-ret,static-candidate,"same 7.1 GetCmdId method identity as verified 26105 anchor + mov ax, imm16; ret"
5274,ILIEIMPGLCI,18378,0x12ABAAA0,AEGNNPENLNM,mov-ax-imm16-ret,static-candidate,"same 7.1 GetCmdId method identity as verified 26105 anchor + mov ax, imm16; ret"
5289,CNLCNFIIFAC,46472,0x125053C0,AEGNNPENLNM,mov-ax-imm16-ret,static-candidate,"same 7.1 GetCmdId method identity as verified 26105 anchor + mov ax, imm16; ret"
5291,AOPILMOJMCB,46761,0x11BD19B0,AEGNNPENLNM,mov-ax-imm16-ret,static-candidate,"same 7.1 GetCmdId method identity as verified 26105 anchor + mov ax, imm16; ret"
5293,PPOGKOFODED,51992,0x10193460,AEGNNPENLNM,mov-ax-imm16-ret,static-candidate,"same 7.1 GetCmdId method identity as verified 26105 anchor + mov ax, imm16; ret"
5298,DKIDICACNHK,28403,0xE9A1940,AEGNNPENLNM,mov-ax-imm16-ret,static-candidate,"same 7.1 GetCmdId method identity as verified 26105 anchor + mov ax, imm16; ret"
5299,CAOFHCNKEJM,35053,0xAF520C0,AEGNNPENLNM,mov-ax-imm16-ret,static-candidate,"same 7.1 GetCmdId method identity as verified 26105 anchor + mov ax, imm16; ret"
5300,NHBBCNJPMLG,61741,0x13C65D20,AEGNNPENLNM,mov-ax-imm16-ret,static-candidate,"same 7.1 GetCmdId method identity as verified 26105 anchor + mov ax, imm16; ret"
5307,JEPIBOGCNKE,68325,0x8DFCAC0,AEGNNPENLNM,mov-ax-imm16-ret,static-candidate,"same 7.1 GetCmdId method identity as verified 26105 anchor + mov ax, imm16; ret"
5320,KMGBIEJAIIA,19236,0xCD4E640,AEGNNPENLNM,mov-ax-imm16-ret,static-candidate,"same 7.1 GetCmdId method identity as verified 26105 anchor + mov ax, imm16; ret"
5333,LAAFDMNHJMN,12618,0x13921DC0,AEGNNPENLNM,mov-ax-imm16-ret,static-candidate,"same 7.1 GetCmdId method identity as verified 26105 anchor + mov ax, imm16; ret"
5336,DPJGAFDFEBD,26102,0xE9D45B0,AEGNNPENLNM,mov-ax-imm16-ret,static-candidate,"same 7.1 GetCmdId method identity as verified 26105 anchor + mov ax, imm16; ret"
5349,AMIHNDJLMLE,29537,0xF7DD3F0,AEGNNPENLNM,mov-ax-imm16-ret,static-candidate,"same 7.1 GetCmdId method identity as verified 26105 anchor + mov ax, imm16; ret"
5351,MLIOFMPFNBF,32452,0x12D5DE40,AEGNNPENLNM,mov-ax-imm16-ret,static-candidate,"same 7.1 GetCmdId method identity as verified 26105 anchor + mov ax, imm16; ret"
5358,BCKNJABIAKI,31698,0x7F48960,AEGNNPENLNM,mov-ax-imm16-ret,static-candidate,"same 7.1 GetCmdId method identity as verified 26105 anchor + mov ax, imm16; ret"
5359,NIEODNBLHMG,81705,0x116E7380,AEGNNPENLNM,mov-ax-imm16-ret,static-candidate,"same 7.1 GetCmdId method identity as verified 26105 anchor + mov ax, imm16; ret"
5369,ICLMHEHJPHG,48364,0xFA015F0,AEGNNPENLNM,mov-ax-imm16-ret,static-candidate,"same 7.1 GetCmdId method identity as verified 26105 anchor + mov ax, imm16; ret"
5370,AMHDFICDJNE,61434,0xC9BB7B0,AEGNNPENLNM,mov-ax-imm16-ret,static-candidate,"same 7.1 GetCmdId method identity as verified 26105 anchor + mov ax, imm16; ret"
5371,HHALHABDIBH,41550,0xBEAF380,AEGNNPENLNM,mov-ax-imm16-ret,static-candidate,"same 7.1 GetCmdId method identity as verified 26105 anchor + mov ax, imm16; ret"
5374,JHIPPNEEJLE,13223,0x11ED4BE0,AEGNNPENLNM,mov-ax-imm16-ret,static-candidate,"same 7.1 GetCmdId method identity as verified 26105 anchor + mov ax, imm16; ret"
5375,BICHDKEOPNI,27207,0x82BB090,AEGNNPENLNM,mov-ax-imm16-ret,static-candidate,"same 7.1 GetCmdId method identity as verified 26105 anchor + mov ax, imm16; ret"
5376,MNJOAPIBONA,49382,0x12130490,AEGNNPENLNM,mov-ax-imm16-ret,static-candidate,"same 7.1 GetCmdId method identity as verified 26105 anchor + mov ax, imm16; ret"
5386,KGMNKIEHEFN,81993,0x9BB3110,AEGNNPENLNM,mov-ax-imm16-ret,static-candidate,"same 7.1 GetCmdId method identity as verified 26105 anchor + mov ax, imm16; ret"
5395,OPNGIIMFDOO,39091,0x1182B380,AEGNNPENLNM,mov-ax-imm16-ret,static-candidate,"same 7.1 GetCmdId method identity as verified 26105 anchor + mov ax, imm16; ret"
5397,MMHLLILAPNA,21924,0xE570290,AEGNNPENLNM,mov-ax-imm16-ret,static-candidate,"same 7.1 GetCmdId method identity as verified 26105 anchor + mov ax, imm16; ret"
5400,MMPPFFOHPBD,26677,0xE5727D0,AEGNNPENLNM,mov-ax-imm16-ret,static-candidate,"same 7.1 GetCmdId method identity as verified 26105 anchor + mov ax, imm16; ret"
5404,KHBMNIIPIFO,74491,0x12C24010,AEGNNPENLNM,mov-ax-imm16-ret,static-candidate,"same 7.1 GetCmdId method identity as verified 26105 anchor + mov ax, imm16; ret"
5406,IHJOLJGFOKL,72599,0x13707320,AEGNNPENLNM,mov-ax-imm16-ret,static-candidate,"same 7.1 GetCmdId method identity as verified 26105 anchor + mov ax, imm16; ret"
5408,LHKHKOANGBG,85761,0x1204B150,AEGNNPENLNM,mov-ax-imm16-ret,static-candidate,"same 7.1 GetCmdId method identity as verified 26105 anchor + mov ax, imm16; ret"
5419,ELKCIAFAEAB,13196,0x10348E40,AEGNNPENLNM,mov-ax-imm16-ret,static-candidate,"same 7.1 GetCmdId method identity as verified 26105 anchor + mov ax, imm16; ret"
5425,FPEFAHKDFDF,27695,0xBBF8F90,AEGNNPENLNM,mov-ax-imm16-ret,static-candidate,"same 7.1 GetCmdId method identity as verified 26105 anchor + mov ax, imm16; ret"
5431,NLGDCGMGBPF,51588,0x9ED1040,AEGNNPENLNM,mov-ax-imm16-ret,static-candidate,"same 7.1 GetCmdId method identity as verified 26105 anchor + mov ax, imm16; ret"
5433,HPHFPOPBNNB,47632,0x8D19CD0,AEGNNPENLNM,mov-ax-imm16-ret,static-candidate,"same 7.1 GetCmdId method identity as verified 26105 anchor + mov ax, imm16; ret"
5436,BFPHJNOJMNH,20040,0xFBF6E50,AEGNNPENLNM,mov-ax-imm16-ret,static-candidate,"same 7.1 GetCmdId method identity as verified 26105 anchor + mov ax, imm16; ret"
5451,OCBIKGCIONN,74963,0xAD63A80,AEGNNPENLNM,mov-ax-imm16-ret,static-candidate,"same 7.1 GetCmdId method identity as verified 26105 anchor + mov ax, imm16; ret"
5465,ALFMMBNLIFO,20090,0x12732400,AEGNNPENLNM,mov-ax-imm16-ret,static-candidate,"same 7.1 GetCmdId method identity as verified 26105 anchor + mov ax, imm16; ret"
5473,FMPDCFLKJPP,33427,0x97777E0,AEGNNPENLNM,mov-ax-imm16-ret,static-candidate,"same 7.1 GetCmdId method identity as verified 26105 anchor + mov ax, imm16; ret"
5476,JNANFJGMPIL,69868,0x112B8A30,AEGNNPENLNM,mov-ax-imm16-ret,static-candidate,"same 7.1 GetCmdId method identity as verified 26105 anchor + mov ax, imm16; ret"
5479,GBMBEFCKCDD,85858,0x104A4D50,AEGNNPENLNM,mov-ax-imm16-ret,static-candidate,"same 7.1 GetCmdId method identity as verified 26105 anchor + mov ax, imm16; ret"
5480,BJHIFKDFGJB,57609,0x123A02D0,AEGNNPENLNM,mov-ax-imm16-ret,static-candidate,"same 7.1 GetCmdId method identity as verified 26105 anchor + mov ax, imm16; ret"
5483,GABNIJKHBJN,67070,0x13586A60,AEGNNPENLNM,mov-ax-imm16-ret,static-candidate,"same 7.1 GetCmdId method identity as verified 26105 anchor + mov ax, imm16; ret"
5484,HFMFDOOFJEA,75238,0x80AE2E0,AEGNNPENLNM,mov-ax-imm16-ret,static-candidate,"same 7.1 GetCmdId method identity as verified 26105 anchor + mov ax, imm16; ret"
5489,LGGINAGMHMC,17908,0x83AE7D0,AEGNNPENLNM,mov-ax-imm16-ret,static-candidate,"same 7.1 GetCmdId method identity as verified 26105 anchor + mov ax, imm16; ret"
5491,GPIIDOGHGOJ,64918,0x129A8AD0,AEGNNPENLNM,mov-ax-imm16-ret,static-candidate,"same 7.1 GetCmdId method identity as verified 26105 anchor + mov ax, imm16; ret"
5495,EPAGNKFMKHD,37866,0x10E8DE10,AEGNNPENLNM,mov-ax-imm16-ret,static-candidate,"same 7.1 GetCmdId method identity as verified 26105 anchor + mov ax, imm16; ret"
5496,KMBHKPAHPAA,14362,0xA997630,AEGNNPENLNM,mov-ax-imm16-ret,static-candidate,"same 7.1 GetCmdId method identity as verified 26105 anchor + mov ax, imm16; ret"
5504,EONLOKEOJBK,26413,0x128160E0,AEGNNPENLNM,mov-ax-imm16-ret,static-candidate,"same 7.1 GetCmdId method identity as verified 26105 anchor + mov ax, imm16; ret"
5505,GMAOGFGJBGM,19593,0x805E9E0,AEGNNPENLNM,mov-ax-imm16-ret,static-candidate,"same 7.1 GetCmdId method identity as verified 26105 anchor + mov ax, imm16; ret"
5511,LIIIPJHKDAC,61580,0xE4BB640,AEGNNPENLNM,mov-ax-imm16-ret,static-candidate,"same 7.1 GetCmdId method identity as verified 26105 anchor + mov ax, imm16; ret"
5512,NGAHIKCCMFC,83281,0x13C600B0,AEGNNPENLNM,mov-ax-imm16-ret,static-candidate,"same 7.1 GetCmdId method identity as verified 26105 anchor + mov ax, imm16; ret"
5513,BJMMFJKCBOJ,21563,0xE45C240,AEGNNPENLNM,mov-ax-imm16-ret,static-candidate,"same 7.1 GetCmdId method identity as verified 26105 anchor + mov ax, imm16; ret"
5521,PPMOHHMNIAA,31667,0x118B1A40,AEGNNPENLNM,mov-ax-imm16-ret,static-candidate,"same 7.1 GetCmdId method identity as verified 26105 anchor + mov ax, imm16; ret"
5526,BPBNOGCGNMJ,53015,0xE809BA0,AEGNNPENLNM,mov-ax-imm16-ret,static-candidate,"same 7.1 GetCmdId method identity as verified 26105 anchor + mov ax, imm16; ret"
5528,NMAOJNDKAFA,44426,0xB80B750,AEGNNPENLNM,mov-ax-imm16-ret,static-candidate,"same 7.1 GetCmdId method identity as verified 26105 anchor + mov ax, imm16; ret"
5538,LGMIJACMJDF,27398,0xC206170,AEGNNPENLNM,mov-ax-imm16-ret,static-candidate,"same 7.1 GetCmdId method identity as verified 26105 anchor + mov ax, imm16; ret"
5548,NFEFFJBCLOD,27241,0xD057960,AEGNNPENLNM,mov-ax-imm16-ret,static-candidate,"same 7.1 GetCmdId method identity as verified 26105 anchor + mov ax, imm16; ret"
5549,CCEMFFDGBFG,61464,0xF5483D0,AEGNNPENLNM,mov-ax-imm16-ret,static-candidate,"same 7.1 GetCmdId method identity as verified 26105 anchor + mov ax, imm16; ret"
5556,AGEKDDMLLAN,45483,0x10412E70,AEGNNPENLNM,mov-ax-imm16-ret,static-candidate,"same 7.1 GetCmdId method identity as verified 26105 anchor + mov ax, imm16; ret"
5558,LBKPNBFIEBM,33342,0x9C1DB60,AEGNNPENLNM,mov-ax-imm16-ret,static-candidate,"same 7.1 GetCmdId method identity as verified 26105 anchor + mov ax, imm16; ret"
5559,DKKNMANIHCK,67964,0x13F81EB0,AEGNNPENLNM,mov-ax-imm16-ret,static-candidate,"same 7.1 GetCmdId method identity as verified 26105 anchor + mov ax, imm16; ret"
5564,IGKHKMHJOBK,58171,0x81415C0,AEGNNPENLNM,mov-ax-imm16-ret,static-candidate,"same 7.1 GetCmdId method identity as verified 26105 anchor + mov ax, imm16; ret"
5569,ODOJPFDCPOH,27151,0x117413D0,AEGNNPENLNM,mov-ax-imm16-ret,static-candidate,"same 7.1 GetCmdId method identity as verified 26105 anchor + mov ax, imm16; ret"
5570,LDAHDPGJLOD,83537,0x780CCB0,AEGNNPENLNM,mov-ax-imm16-ret,static-candidate,"same 7.1 GetCmdId method identity as verified 26105 anchor + mov ax, imm16; ret"
5571,OMOAMDKOCGM,76333,0xE79A200,AEGNNPENLNM,mov-ax-imm16-ret,static-candidate,"same 7.1 GetCmdId method identity as verified 26105 anchor + mov ax, imm16; ret"
5579,DEDBJEHOIOB,17074,0xF5F2DE0,AEGNNPENLNM,mov-ax-imm16-ret,static-candidate,"same 7.1 GetCmdId method identity as verified 26105 anchor + mov ax, imm16; ret"
5584,MNICEFNNLHF,67758,0xB605750,AEGNNPENLNM,mov-ax-imm16-ret,static-candidate,"same 7.1 GetCmdId method identity as verified 26105 anchor + mov ax, imm16; ret"
5595,ALOIMKJJOJJ,70691,0xD522820,AEGNNPENLNM,mov-ax-imm16-ret,static-candidate,"same 7.1 GetCmdId method identity as verified 26105 anchor + mov ax, imm16; ret"
5598,FKJKCOFCGKM,44913,0x10F1FD50,AEGNNPENLNM,mov-ax-imm16-ret,static-candidate,"same 7.1 GetCmdId method identity as verified 26105 anchor + mov ax, imm16; ret"
5605,MPBGJEBJNPK,19326,0x9103CC0,AEGNNPENLNM,mov-ax-imm16-ret,static-candidate,"same 7.1 GetCmdId method identity as verified 26105 anchor + mov ax, imm16; ret"
5613,MPDKJNDPOBH,81749,0xC3384A0,AEGNNPENLNM,mov-ax-imm16-ret,static-candidate,"same 7.1 GetCmdId method identity as verified 26105 anchor + mov ax, imm16; ret"
5614,CHEOPDGKCOA,29087,0xD2C5830,AEGNNPENLNM,mov-ax-imm16-ret,static-candidate,"same 7.1 GetCmdId method identity as verified 26105 anchor + mov ax, imm16; ret"
5616,MOJMMANBCKB,36797,0xB6177F0,AEGNNPENLNM,mov-ax-imm16-ret,static-candidate,"same 7.1 GetCmdId method identity as verified 26105 anchor + mov ax, imm16; ret"
5617,DDPGFDCDGIK,38118,0x12543650,AEGNNPENLNM,mov-ax-imm16-ret,static-candidate,"same 7.1 GetCmdId method identity as verified 26105 anchor + mov ax, imm16; ret"
5618,DBMGKPGEBBL,18559,0x13F20E60,AEGNNPENLNM,mov-ax-imm16-ret,static-candidate,"same 7.1 GetCmdId method identity as verified 26105 anchor + mov ax, imm16; ret"
5619,DDNBBDKIKDH,25243,0xAFFB5A0,AEGNNPENLNM,mov-ax-imm16-ret,static-candidate,"same 7.1 GetCmdId method identity as verified 26105 anchor + mov ax, imm16; ret"
5620,BMHCKIOGOOI,29075,0xC49B410,AEGNNPENLNM,mov-ax-imm16-ret,static-candidate,"same 7.1 GetCmdId method identity as verified 26105 anchor + mov ax, imm16; ret"
5626,PPLHEBIKNHD,23542,0x943D6F0,AEGNNPENLNM,mov-ax-imm16-ret,static-candidate,"same 7.1 GetCmdId method identity as verified 26105 anchor + mov ax, imm16; ret"
5627,NCABHNICKDG,36122,0x92B8E60,AEGNNPENLNM,mov-ax-imm16-ret,static-candidate,"same 7.1 GetCmdId method identity as verified 26105 anchor + mov ax, imm16; ret"
5628,KBDECJOOOCG,36073,0x1383C110,AEGNNPENLNM,mov-ax-imm16-ret,static-candidate,"same 7.1 GetCmdId method identity as verified 26105 anchor + mov ax, imm16; ret"
5630,GNLDJFLBGGA,52002,0x13606D50,AEGNNPENLNM,mov-ax-imm16-ret,static-candidate,"same 7.1 GetCmdId method identity as verified 26105 anchor + mov ax, imm16; ret"
5633,DKHGBMBLDIB,72812,0x7EA6AF0,AEGNNPENLNM,mov-ax-imm16-ret,static-candidate,"same 7.1 GetCmdId method identity as verified 26105 anchor + mov ax, imm16; ret"
5641,OMBJILEFGFB,74566,0xE794500,AEGNNPENLNM,mov-ax-imm16-ret,static-candidate,"same 7.1 GetCmdId method identity as verified 26105 anchor + mov ax, imm16; ret"
5642,JLCNFFOFMCN,47260,0x13809A90,AEGNNPENLNM,mov-ax-imm16-ret,static-candidate,"same 7.1 GetCmdId method identity as verified 26105 anchor + mov ax, imm16; ret"
5649,ADHCHPMJIJD,71659,0xB0E7BD0,AEGNNPENLNM,mov-ax-imm16-ret,static-candidate,"same 7.1 GetCmdId method identity as verified 26105 anchor + mov ax, imm16; ret"
5652,NMJMJIHOCDE,30611,0x11712100,AEGNNPENLNM,mov-ax-imm16-ret,static-candidate,"same 7.1 GetCmdId method identity as verified 26105 anchor + mov ax, imm16; ret"
5662,ECDPBGCNPPE,83159,0xF67B030,AEGNNPENLNM,mov-ax-imm16-ret,static-candidate,"same 7.1 GetCmdId method identity as verified 26105 anchor + mov ax, imm16; ret"
5672,OFLKDNNGNCL,50252,0x10B5B880,AEGNNPENLNM,mov-ax-imm16-ret,static-candidate,"same 7.1 GetCmdId method identity as verified 26105 anchor + mov ax, imm16; ret"
5679,BBCOCGJIMCA,64355,0xC05BE50,AEGNNPENLNM,mov-ax-imm16-ret,static-candidate,"same 7.1 GetCmdId method identity as verified 26105 anchor + mov ax, imm16; ret"
5682,PJBGKKBIKNG,54481,0x13DEC2B0,AEGNNPENLNM,mov-ax-imm16-ret,static-candidate,"same 7.1 GetCmdId method identity as verified 26105 anchor + mov ax, imm16; ret"
5683,OCLEKCLPLAL,77031,0x9346450,AEGNNPENLNM,mov-ax-imm16-ret,static-candidate,"same 7.1 GetCmdId method identity as verified 26105 anchor + mov ax, imm16; ret"
5687,HPKHMAIHPHC,73243,0xD6EDAE0,AEGNNPENLNM,mov-ax-imm16-ret,static-candidate,"same 7.1 GetCmdId method identity as verified 26105 anchor + mov ax, imm16; ret"
5693,KPHBIHBHFBC,32412,0x11F89F60,AEGNNPENLNM,mov-ax-imm16-ret,static-candidate,"same 7.1 GetCmdId method identity as verified 26105 anchor + mov ax, imm16; ret"
5699,EFKOBDGLDGK,11893,0xB0BE700,AEGNNPENLNM,mov-ax-imm16-ret,static-candidate,"same 7.1 GetCmdId method identity as verified 26105 anchor + mov ax, imm16; ret"
5700,ONOALPOPGJB,73863,0xE7A0870,AEGNNPENLNM,mov-ax-imm16-ret,static-candidate,"same 7.1 GetCmdId method identity as verified 26105 anchor + mov ax, imm16; ret"
5706,BGCKCMENFEM,64788,0x71FD070,AEGNNPENLNM,mov-ax-imm16-ret,static-candidate,"same 7.1 GetCmdId method identity as verified 26105 anchor + mov ax, imm16; ret"
5708,CGEBEFIHBIA,53579,0xBA0A9B0,AEGNNPENLNM,mov-ax-imm16-ret,static-candidate,"same 7.1 GetCmdId method identity as verified 26105 anchor + mov ax, imm16; ret"
5712,CIOHPGFFJBL,81059,0xAF7E2D0,AEGNNPENLNM,mov-ax-imm16-ret,static-candidate,"same 7.1 GetCmdId method identity as verified 26105 anchor + mov ax, imm16; ret"
5720,DOCGPBPHBCK,38835,0xB065E40,AEGNNPENLNM,mov-ax-imm16-ret,static-candidate,"same 7.1 GetCmdId method identity as verified 26105 anchor + mov ax, imm16; ret"
5726,HGPJMENIHHD,76321,0xCB04A30,AEGNNPENLNM,mov-ax-imm16-ret,static-candidate,"same 7.1 GetCmdId method identity as verified 26105 anchor + mov ax, imm16; ret"
5729,INNLOCEGCPC,82371,0x8186820,AEGNNPENLNM,mov-ax-imm16-ret,static-candidate,"same 7.1 GetCmdId method identity as verified 26105 anchor + mov ax, imm16; ret"
5731,KNPDFPDIJOB,38300,0x833C0E0,AEGNNPENLNM,mov-ax-imm16-ret,static-candidate,"same 7.1 GetCmdId method identity as verified 26105 anchor + mov ax, imm16; ret"
5738,JDPCBOAOBHE,25387,0xE318730,AEGNNPENLNM,mov-ax-imm16-ret,static-candidate,"same 7.1 GetCmdId method identity as verified 26105 anchor + mov ax, imm16; ret"
5745,OKIHNIEAABJ,66527,0xE788DD0,AEGNNPENLNM,mov-ax-imm16-ret,static-candidate,"same 7.1 GetCmdId method identity as verified 26105 anchor + mov ax, imm16; ret"
5746,DHPEGMILCEJ,38106,0xD36DFD0,AEGNNPENLNM,mov-ax-imm16-ret,static-candidate,"same 7.1 GetCmdId method identity as verified 26105 anchor + mov ax, imm16; ret"
5748,DGDOKMPCAOJ,67720,0x956AD30,AEGNNPENLNM,mov-ax-imm16-ret,static-candidate,"same 7.1 GetCmdId method identity as verified 26105 anchor + mov ax, imm16; ret"
5753,LHBHBLOEAMD,54393,0x12CA9350,AEGNNPENLNM,mov-ax-imm16-ret,static-candidate,"same 7.1 GetCmdId method identity as verified 26105 anchor + mov ax, imm16; ret"
5754,FIJICJJNLJJ,60542,0x135504D0,AEGNNPENLNM,mov-ax-imm16-ret,static-candidate,"same 7.1 GetCmdId method identity as verified 26105 anchor + mov ax, imm16; ret"
5759,FAGBLBIMBLK,12188,0xF74E640,AEGNNPENLNM,mov-ax-imm16-ret,static-candidate,"same 7.1 GetCmdId method identity as verified 26105 anchor + mov ax, imm16; ret"
5765,DLKHFKHOJAB,61865,0xF641330,AEGNNPENLNM,mov-ax-imm16-ret,static-candidate,"same 7.1 GetCmdId method identity as verified 26105 anchor + mov ax, imm16; ret"
5775,MMEDFBEGJNE,68959,0xAAF65F0,AEGNNPENLNM,mov-ax-imm16-ret,static-candidate,"same 7.1 GetCmdId method identity as verified 26105 anchor + mov ax, imm16; ret"
5787,JPMLMBGLPEG,76992,0xC0E9970,AEGNNPENLNM,mov-ax-imm16-ret,static-candidate,"same 7.1 GetCmdId method identity as verified 26105 anchor + mov ax, imm16; ret"
5792,HCNECALKKBO,78128,0xB20B650,AEGNNPENLNM,mov-ax-imm16-ret,static-candidate,"same 7.1 GetCmdId method identity as verified 26105 anchor + mov ax, imm16; ret"
5799,HADHBFLMLGL,32582,0xA5BBA30,AEGNNPENLNM,mov-ax-imm16-ret,static-candidate,"same 7.1 GetCmdId method identity as verified 26105 anchor + mov ax, imm16; ret"
5802,KIMOEJPEEBD,70122,0x8FB4FF0,AEGNNPENLNM,mov-ax-imm16-ret,static-candidate,"same 7.1 GetCmdId method identity as verified 26105 anchor + mov ax, imm16; ret"
5810,OMEIJCLFLGG,72191,0xD1850F0,AEGNNPENLNM,mov-ax-imm16-ret,static-candidate,"same 7.1 GetCmdId method identity as verified 26105 anchor + mov ax, imm16; ret"
5811,FCMEKDMJKKG,36364,0x1260DAE0,AEGNNPENLNM,mov-ax-imm16-ret,static-candidate,"same 7.1 GetCmdId method identity as verified 26105 anchor + mov ax, imm16; ret"
5824,MIFOGPCJGFE,46480,0xB5D00C0,AEGNNPENLNM,mov-ax-imm16-ret,static-candidate,"same 7.1 GetCmdId method identity as verified 26105 anchor + mov ax, imm16; ret"
5825,HFAGPPLJAHP,56177,0xD67D720,AEGNNPENLNM,mov-ax-imm16-ret,static-candidate,"same 7.1 GetCmdId method identity as verified 26105 anchor + mov ax, imm16; ret"
5827,NCLKJOIAHGB,29749,0x13BF26B0,AEGNNPENLNM,mov-ax-imm16-ret,static-candidate,"same 7.1 GetCmdId method identity as verified 26105 anchor + mov ax, imm16; ret"
5831,LCMFJAEJGGP,14938,0x12002AC0,AEGNNPENLNM,mov-ax-imm16-ret,static-candidate,"same 7.1 GetCmdId method identity as verified 26105 anchor + mov ax, imm16; ret"
5836,MBIEGLMDEGE,58516,0xFD78D90,AEGNNPENLNM,mov-ax-imm16-ret,static-candidate,"same 7.1 GetCmdId method identity as verified 26105 anchor + mov ax, imm16; ret"
5837,AAGINKDIBED,24174,0xBC13600,AEGNNPENLNM,mov-ax-imm16-ret,static-candidate,"same 7.1 GetCmdId method identity as verified 26105 anchor + mov ax, imm16; ret"
5840,OIJMKNLJKPP,37803,0xF3F0CE0,AEGNNPENLNM,mov-ax-imm16-ret,static-candidate,"same 7.1 GetCmdId method identity as verified 26105 anchor + mov ax, imm16; ret"
5849,DKCKKPGEEEH,47407,0xB03D4F0,AEGNNPENLNM,mov-ax-imm16-ret,static-candidate,"same 7.1 GetCmdId method identity as verified 26105 anchor + mov ax, imm16; ret"
5865,PHIGGDGMJPG,68548,0x7C5D7C0,AEGNNPENLNM,mov-ax-imm16-ret,static-candidate,"same 7.1 GetCmdId method identity as verified 26105 anchor + mov ax, imm16; ret"
5872,EPFKAOAIOIP,13062,0x11B09730,AEGNNPENLNM,mov-ax-imm16-ret,static-candidate,"same 7.1 GetCmdId method identity as verified 26105 anchor + mov ax, imm16; ret"
5880,FGGABKDMBCO,78207,0x11020840,AEGNNPENLNM,mov-ax-imm16-ret,static-candidate,"same 7.1 GetCmdId method identity as verified 26105 anchor + mov ax, imm16; ret"
5886,OGEECADDNNJ,29765,0xB8589B0,AEGNNPENLNM,mov-ax-imm16-ret,static-candidate,"same 7.1 GetCmdId method identity as verified 26105 anchor + mov ax, imm16; ret"
5893,EKFEHBKAPKF,53584,0x1033B400,AEGNNPENLNM,mov-ax-imm16-ret,static-candidate,"same 7.1 GetCmdId method identity as verified 26105 anchor + mov ax, imm16; ret"
5894,BPOFHBECHHD,75944,0xFFE5D90,AEGNNPENLNM,mov-ax-imm16-ret,static-candidate,"same 7.1 GetCmdId method identity as verified 26105 anchor + mov ax, imm16; ret"
5895,OBAOGGIJLHM,22949,0x86480A0,AEGNNPENLNM,mov-ax-imm16-ret,static-candidate,"same 7.1 GetCmdId method identity as verified 26105 anchor + mov ax, imm16; ret"
5896,FMKPGFLKHLE,12690,0x9755FF0,AEGNNPENLNM,mov-ax-imm16-ret,static-candidate,"same 7.1 GetCmdId method identity as verified 26105 anchor + mov ax, imm16; ret"
5902,FIOOENJECBK,71366,0x733F5D0,AEGNNPENLNM,mov-ax-imm16-ret,static-candidate,"same 7.1 GetCmdId method identity as verified 26105 anchor + mov ax, imm16; ret"
5903,KKOAFFKHOFD,88455,0x7774760,AEGNNPENLNM,mov-ax-imm16-ret,static-candidate,"same 7.1 GetCmdId method identity as verified 26105 anchor + mov ax, imm16; ret"
5905,FLAINPNNJNG,50476,0x7350240,AEGNNPENLNM,mov-ax-imm16-ret,static-candidate,"same 7.1 GetCmdId method identity as verified 26105 anchor + mov ax, imm16; ret"
5909,JJBCNABKBMN,79305,0xC0414F0,AEGNNPENLNM,mov-ax-imm16-ret,static-candidate,"same 7.1 GetCmdId method identity as verified 26105 anchor + mov ax, imm16; ret"
5919,MJHIDMHBOHD,33831,0xE540550,AEGNNPENLNM,mov-ax-imm16-ret,static-candidate,"same 7.1 GetCmdId method identity as verified 26105 anchor + mov ax, imm16; ret"
5923,PHBICGAIPPF,31180,0x93FD790,AEGNNPENLNM,mov-ax-imm16-ret,static-candidate,"same 7.1 GetCmdId method identity as verified 26105 anchor + mov ax, imm16; ret"
5926,DLMKPEDPAIG,75955,0x13F92510,AEGNNPENLNM,mov-ax-imm16-ret,static-candidate,"same 7.1 GetCmdId method identity as verified 26105 anchor + mov ax, imm16; ret"
5928,AOMDPLJIJLL,67263,0xAEA94F0,AEGNNPENLNM,mov-ax-imm16-ret,static-candidate,"same 7.1 GetCmdId method identity as verified 26105 anchor + mov ax, imm16; ret"
5930,CBKLBOPBKGH,39704,0xB937940,AEGNNPENLNM,mov-ax-imm16-ret,static-candidate,"same 7.1 GetCmdId method identity as verified 26105 anchor + mov ax, imm16; ret"
5934,GJJNKNBCJKO,55155,0x804AB50,AEGNNPENLNM,mov-ax-imm16-ret,static-candidate,"same 7.1 GetCmdId method identity as verified 26105 anchor + mov ax, imm16; ret"
5937,GAPGNMBEJJE,53074,0xA5000B0,AEGNNPENLNM,mov-ax-imm16-ret,static-candidate,"same 7.1 GetCmdId method identity as verified 26105 anchor + mov ax, imm16; ret"
5940,CKKIKJGDKDB,47580,0xF593130,AEGNNPENLNM,mov-ax-imm16-ret,static-candidate,"same 7.1 GetCmdId method identity as verified 26105 anchor + mov ax, imm16; ret"
5946,JIABPCIGPGA,41291,0x106C75D0,AEGNNPENLNM,mov-ax-imm16-ret,static-candidate,"same 7.1 GetCmdId method identity as verified 26105 anchor + mov ax, imm16; ret"
5960,KPGOJJPCEME,50457,0xE3F3DC0,AEGNNPENLNM,mov-ax-imm16-ret,static-candidate,"same 7.1 GetCmdId method identity as verified 26105 anchor + mov ax, imm16; ret"
5962,MJGIIIDNCGC,82490,0x9D11F30,AEGNNPENLNM,mov-ax-imm16-ret,static-candidate,"same 7.1 GetCmdId method identity as verified 26105 anchor + mov ax, imm16; ret"
5963,GLIHKBGFALC,50277,0xA580740,AEGNNPENLNM,mov-ax-imm16-ret,static-candidate,"same 7.1 GetCmdId method identity as verified 26105 anchor + mov ax, imm16; ret"
5965,JKOJIBBFHCK,71652,0xB3C2550,AEGNNPENLNM,mov-ax-imm16-ret,static-candidate,"same 7.1 GetCmdId method identity as verified 26105 anchor + mov ax, imm16; ret"
5967,AINEIHINFMK,83533,0x718CD00,AEGNNPENLNM,mov-ax-imm16-ret,static-candidate,"same 7.1 GetCmdId method identity as verified 26105 anchor + mov ax, imm16; ret"
5968,KCNABLECOEB,37943,0x9B9B080,AEGNNPENLNM,mov-ax-imm16-ret,static-candidate,"same 7.1 GetCmdId method identity as verified 26105 anchor + mov ax, imm16; ret"
5970,JMDJADIPOKI,86992,0x8F4BCC0,AEGNNPENLNM,mov-ax-imm16-ret,static-candidate,"same 7.1 GetCmdId method identity as verified 26105 anchor + mov ax, imm16; ret"
5975,JPFEFEBPECF,79530,0x1382C860,AEGNNPENLNM,mov-ax-imm16-ret,static-candidate,"same 7.1 GetCmdId method identity as verified 26105 anchor + mov ax, imm16; ret"
5979,PGGBPMLJKNM,61466,0xF49E4F0,AEGNNPENLNM,mov-ax-imm16-ret,static-candidate,"same 7.1 GetCmdId method identity as verified 26105 anchor + mov ax, imm16; ret"
5980,OOMOPMCPCHM,46232,0x10BA5E60,AEGNNPENLNM,mov-ax-imm16-ret,static-candidate,"same 7.1 GetCmdId method identity as verified 26105 anchor + mov ax, imm16; ret"
5985,MEOOHCLKGBF,21684,0x13A11560,AEGNNPENLNM,mov-ax-imm16-ret,static-candidate,"same 7.1 GetCmdId method identity as verified 26105 anchor + mov ax, imm16; ret"
5988,LPCELEGFHJK,82784,0x9CA8530,AEGNNPENLNM,mov-ax-imm16-ret,static-candidate,"same 7.1 GetCmdId method identity as verified 26105 anchor + mov ax, imm16; ret"
5991,KEPNBJHGNKE,23884,0x12C11ED0,AEGNNPENLNM,mov-ax-imm16-ret,static-candidate,"same 7.1 GetCmdId method identity as verified 26105 anchor + mov ax, imm16; ret"
5992,LDKPICJDIPO,68873,0x11406770,AEGNNPENLNM,mov-ax-imm16-ret,static-candidate,"same 7.1 GetCmdId method identity as verified 26105 anchor + mov ax, imm16; ret"
5993,CKKNCOOPKGN,70356,0xBA2EB00,AEGNNPENLNM,mov-ax-imm16-ret,static-candidate,"same 7.1 GetCmdId method identity as verified 26105 anchor + mov ax, imm16; ret"
6001,MJMEHLHJCOH,64337,0x1096D300,AEGNNPENLNM,mov-ax-imm16-ret,static-candidate,"same 7.1 GetCmdId method identity as verified 26105 anchor + mov ax, imm16; ret"
6003,EEOGFEFBMJB,22483,0xBB15D10,AEGNNPENLNM,mov-ax-imm16-ret,static-candidate,"same 7.1 GetCmdId method identity as verified 26105 anchor + mov ax, imm16; ret"
6007,GKKKBHJFDDK,12886,0xCA855A0,AEGNNPENLNM,mov-ax-imm16-ret,static-candidate,"same 7.1 GetCmdId method identity as verified 26105 anchor + mov ax, imm16; ret"
6008,DBPMFOLAAJG,15475,0xAFECA20,AEGNNPENLNM,mov-ax-imm16-ret,static-candidate,"same 7.1 GetCmdId method identity as verified 26105 anchor + mov ax, imm16; ret"
6009,HELECBOMKOK,38713,0x8C897E0,AEGNNPENLNM,mov-ax-imm16-ret,static-candidate,"same 7.1 GetCmdId method identity as verified 26105 anchor + mov ax, imm16; ret"
6010,ENEBPOBJHKI,33820,0xA22C250,AEGNNPENLNM,mov-ax-imm16-ret,static-candidate,"same 7.1 GetCmdId method identity as verified 26105 anchor + mov ax, imm16; ret"
6012,CDMIDGLJIOK,43086,0x101BAD40,AEGNNPENLNM,mov-ax-imm16-ret,static-candidate,"same 7.1 GetCmdId method identity as verified 26105 anchor + mov ax, imm16; ret"
6015,HLJKGJBNBOK,12091,0xBECB0B0,AEGNNPENLNM,mov-ax-imm16-ret,static-candidate,"same 7.1 GetCmdId method identity as verified 26105 anchor + mov ax, imm16; ret"
6024,COFLAMIJLPB,20834,0x10D6A800,AEGNNPENLNM,mov-ax-imm16-ret,static-candidate,"same 7.1 GetCmdId method identity as verified 26105 anchor + mov ax, imm16; ret"
6026,HMEDCOMGEKM,61235,0xCB376E0,AEGNNPENLNM,mov-ax-imm16-ret,static-candidate,"same 7.1 GetCmdId method identity as verified 26105 anchor + mov ax, imm16; ret"
6031,NLCHHKGGNKE,48906,0x86174F0,AEGNNPENLNM,mov-ax-imm16-ret,static-candidate,"same 7.1 GetCmdId method identity as verified 26105 anchor + mov ax, imm16; ret"
6039,BMCJHDACDCO,38137,0x9B47810,AEGNNPENLNM,mov-ax-imm16-ret,static-candidate,"same 7.1 GetCmdId method identity as verified 26105 anchor + mov ax, imm16; ret"
6041,FDNGIPGPMPG,51723,0xBD3F9C0,AEGNNPENLNM,mov-ax-imm16-ret,static-candidate,"same 7.1 GetCmdId method identity as verified 26105 anchor + mov ax, imm16; ret"
6046,CIKNPHDGEHD,61957,0x124DAFD0,AEGNNPENLNM,mov-ax-imm16-ret,static-candidate,"same 7.1 GetCmdId method identity as verified 26105 anchor + mov ax, imm16; ret"
6047,JICMLKOEOBM,46819,0xE331E90,AEGNNPENLNM,mov-ax-imm16-ret,static-candidate,"same 7.1 GetCmdId method identity as verified 26105 anchor + mov ax, imm16; ret"
6050,MDBEGNFHMKK,74314,0xE51E140,AEGNNPENLNM,mov-ax-imm16-ret,static-candidate,"same 7.1 GetCmdId method identity as verified 26105 anchor + mov ax, imm16; ret"
6059,CPKHMPIPIOD,32128,0x12522710,AEGNNPENLNM,mov-ax-imm16-ret,static-candidate,"same 7.1 GetCmdId method identity as verified 26105 anchor + mov ax, imm16; ret"
6061,JBIILNHHBDI,57764,0x12AD2500,AEGNNPENLNM,mov-ax-imm16-ret,static-candidate,"same 7.1 GetCmdId method identity as verified 26105 anchor + mov ax, imm16; ret"
6087,NBNNCNGDEEC,40489,0xE691B20,AEGNNPENLNM,mov-ax-imm16-ret,static-candidate,"same 7.1 GetCmdId method identity as verified 26105 anchor + mov ax, imm16; ret"
6091,AKAGFJOODEK,46245,0x12728CA0,AEGNNPENLNM,mov-ax-imm16-ret,static-candidate,"same 7.1 GetCmdId method identity as verified 26105 anchor + mov ax, imm16; ret"
6092,LLJACDMKGHE,43148,0xAA53790,AEGNNPENLNM,mov-ax-imm16-ret,static-candidate,"same 7.1 GetCmdId method identity as verified 26105 anchor + mov ax, imm16; ret"
6095,PDCNLPCOFKA,73398,0xD233520,AEGNNPENLNM,mov-ax-imm16-ret,static-candidate,"same 7.1 GetCmdId method identity as verified 26105 anchor + mov ax, imm16; ret"
6099,BAELNICKAED,28050,0x971E270,AEGNNPENLNM,mov-ax-imm16-ret,static-candidate,"same 7.1 GetCmdId method identity as verified 26105 anchor + mov ax, imm16; ret"
6101,DNJHCNHGLMA,21601,0x11A55100,AEGNNPENLNM,mov-ax-imm16-ret,static-candidate,"same 7.1 GetCmdId method identity as verified 26105 anchor + mov ax, imm16; ret"
6103,DLNGLHJPKGN,17174,0xF641C70,AEGNNPENLNM,mov-ax-imm16-ret,static-candidate,"same 7.1 GetCmdId method identity as verified 26105 anchor + mov ax, imm16; ret"
6105,DIECLKFLIKM,18582,0x13F6D380,AEGNNPENLNM,mov-ax-imm16-ret,static-candidate,"same 7.1 GetCmdId method identity as verified 26105 anchor + mov ax, imm16; ret"
6111,EGNBAHKBOIF,71711,0x11ABECE0,AEGNNPENLNM,mov-ax-imm16-ret,static-candidate,"same 7.1 GetCmdId method identity as verified 26105 anchor + mov ax, imm16; ret"
6112,MCPDCEPCOOH,68267,0x120C3C60,AEGNNPENLNM,mov-ax-imm16-ret,static-candidate,"same 7.1 GetCmdId method identity as verified 26105 anchor + mov ax, imm16; ret"
6114,CPPCFFIHFOH,84606,0x133E6A80,AEGNNPENLNM,mov-ax-imm16-ret,static-candidate,"same 7.1 GetCmdId method identity as verified 26105 anchor + mov ax, imm16; ret"
6120,JOGIIFKIJPG,18184,0x12BC3A70,AEGNNPENLNM,mov-ax-imm16-ret,static-candidate,"same 7.1 GetCmdId method identity as verified 26105 anchor + mov ax, imm16; ret"
6123,DOPBFGFDCOP,58174,0x10DFAB20,AEGNNPENLNM,mov-ax-imm16-ret,static-candidate,"same 7.1 GetCmdId method identity as verified 26105 anchor + mov ax, imm16; ret"
6130,MHGFAHBCCPE,73532,0x13A2A0B0,AEGNNPENLNM,mov-ax-imm16-ret,static-candidate,"same 7.1 GetCmdId method identity as verified 26105 anchor + mov ax, imm16; ret"
6132,GJFJCDFHAOB,42039,0x97F4A40,AEGNNPENLNM,mov-ax-imm16-ret,static-candidate,"same 7.1 GetCmdId method identity as verified 26105 anchor + mov ax, imm16; ret"
6133,ANHFCEPPAEC,21587,0x10FD8AA0,AEGNNPENLNM,mov-ax-imm16-ret,static-candidate,"same 7.1 GetCmdId method identity as verified 26105 anchor + mov ax, imm16; ret"
6135,MNNKNMIGNLG,73098,0x846FAD0,AEGNNPENLNM,mov-ax-imm16-ret,static-candidate,"same 7.1 GetCmdId method identity as verified 26105 anchor + mov ax, imm16; ret"
6152,IGKNEICNAAE,28235,0x7578780,AEGNNPENLNM,mov-ax-imm16-ret,static-candidate,"same 7.1 GetCmdId method identity as verified 26105 anchor + mov ax, imm16; ret"
6155,NPAEEMJFIBA,71902,0x1002B0C0,AEGNNPENLNM,mov-ax-imm16-ret,static-candidate,"same 7.1 GetCmdId method identity as verified 26105 anchor + mov ax, imm16; ret"
6162,OKJDKDADMMA,29049,0x9FBDD00,AEGNNPENLNM,mov-ax-imm16-ret,static-candidate,"same 7.1 GetCmdId method identity as verified 26105 anchor + mov ax, imm16; ret"
6164,PANADALJHLH,87634,0x11831680,AEGNNPENLNM,mov-ax-imm16-ret,static-candidate,"same 7.1 GetCmdId method identity as verified 26105 anchor + mov ax, imm16; ret"
6167,LCGNPHBIDCM,52392,0xC1C4040,AEGNNPENLNM,mov-ax-imm16-ret,static-candidate,"same 7.1 GetCmdId method identity as verified 26105 anchor + mov ax, imm16; ret"
6178,DGEGDLPIKOM,30060,0xD360E00,AEGNNPENLNM,mov-ax-imm16-ret,static-candidate,"same 7.1 GetCmdId method identity as verified 26105 anchor + mov ax, imm16; ret"
6182,HDLMIJPJPGO,20115,0xF96CC00,AEGNNPENLNM,mov-ax-imm16-ret,static-candidate,"same 7.1 GetCmdId method identity as verified 26105 anchor + mov ax, imm16; ret"
6185,EPMIGECEJBM,64441,0xA241B40,AEGNNPENLNM,mov-ax-imm16-ret,static-candidate,"same 7.1 GetCmdId method identity as verified 26105 anchor + mov ax, imm16; ret"
6188,CEKMDCEADDP,80945,0x86ED520,AEGNNPENLNM,mov-ax-imm16-ret,static-candidate,"same 7.1 GetCmdId method identity as verified 26105 anchor + mov ax, imm16; ret"
6189,KFMIAONJNCN,16052,0xEFFCB30,AEGNNPENLNM,mov-ax-imm16-ret,static-candidate,"same 7.1 GetCmdId method identity as verified 26105 anchor + mov ax, imm16; ret"
6190,OPHMMOIAKIK,19290,0x13DA4830,AEGNNPENLNM,mov-ax-imm16-ret,static-candidate,"same 7.1 GetCmdId method identity as verified 26105 anchor + mov ax, imm16; ret"
6192,PJCPKALHLFK,52331,0xA040C10,AEGNNPENLNM,mov-ax-imm16-ret,static-candidate,"same 7.1 GetCmdId method identity as verified 26105 anchor + mov ax, imm16; ret"
6200,JJELNPEEJAL,67601,0xA8ECCE0,AEGNNPENLNM,mov-ax-imm16-ret,static-candidate,"same 7.1 GetCmdId method identity as verified 26105 anchor + mov ax, imm16; ret"
6204,IOBCNKKAHIJ,21484,0xA857600,AEGNNPENLNM,mov-ax-imm16-ret,static-candidate,"same 7.1 GetCmdId method identity as verified 26105 anchor + mov ax, imm16; ret"
6206,AKGPLIAKPHE,74785,0x1272DB60,AEGNNPENLNM,mov-ax-imm16-ret,static-candidate,"same 7.1 GetCmdId method identity as verified 26105 anchor + mov ax, imm16; ret"
6215,MLACCEJCGOD,23025,0xC30B3D0,AEGNNPENLNM,mov-ax-imm16-ret,static-candidate,"same 7.1 GetCmdId method identity as verified 26105 anchor + mov ax, imm16; ret"
6217,DFBCCIBLMGO,44497,0x1254B8C0,AEGNNPENLNM,mov-ax-imm16-ret,static-candidate,"same 7.1 GetCmdId method identity as verified 26105 anchor + mov ax, imm16; ret"
6218,MHIIGPFPLOH,85024,0x8440580,AEGNNPENLNM,mov-ax-imm16-ret,static-candidate,"same 7.1 GetCmdId method identity as verified 26105 anchor + mov ax, imm16; ret"
6225,JKAJLHFLADN,39198,0xFB4F6C0,AEGNNPENLNM,mov-ax-imm16-ret,static-candidate,"same 7.1 GetCmdId method identity as verified 26105 anchor + mov ax, imm16; ret"
6226,FNFDGIKFKIJ,88350,0xBBE8610,AEGNNPENLNM,mov-ax-imm16-ret,static-candidate,"same 7.1 GetCmdId method identity as verified 26105 anchor + mov ax, imm16; ret"
6233,AJNHFNFHGMD,20773,0x12721E20,AEGNNPENLNM,mov-ax-imm16-ret,static-candidate,"same 7.1 GetCmdId method identity as verified 26105 anchor + mov ax, imm16; ret"
6241,DCCOGMLHACC,41798,0x7D5F420,AEGNNPENLNM,mov-ax-imm16-ret,static-candidate,"same 7.1 GetCmdId method identity as verified 26105 anchor + mov ax, imm16; ret"
6253,LDMLHMLKOJE,71961,0x9C38E10,AEGNNPENLNM,mov-ax-imm16-ret,static-candidate,"same 7.1 GetCmdId method identity as verified 26105 anchor + mov ax, imm16; ret"
6254,ECJJLGOIDCG,42472,0xD3C03F0,AEGNNPENLNM,mov-ax-imm16-ret,static-candidate,"same 7.1 GetCmdId method identity as verified 26105 anchor + mov ax, imm16; ret"
6257,BJLHPCEEKCI,84499,0xEEB9AE0,AEGNNPENLNM,mov-ax-imm16-ret,static-candidate,"same 7.1 GetCmdId method identity as verified 26105 anchor + mov ax, imm16; ret"
6260,DCKMENPGNKD,19445,0xE92D160,AEGNNPENLNM,mov-ax-imm16-ret,static-candidate,"same 7.1 GetCmdId method identity as verified 26105 anchor + mov ax, imm16; ret"
6261,CFBFLDENIGB,40930,0x9F352E0,AEGNNPENLNM,mov-ax-imm16-ret,static-candidate,"same 7.1 GetCmdId method identity as verified 26105 anchor + mov ax, imm16; ret"
6262,CELOKBDLGBE,85607,0xC76C3E0,AEGNNPENLNM,mov-ax-imm16-ret,static-candidate,"same 7.1 GetCmdId method identity as verified 26105 anchor + mov ax, imm16; ret"
6263,LHJIPDDJEDA,56618,0x12CAC330,AEGNNPENLNM,mov-ax-imm16-ret,static-candidate,"same 7.1 GetCmdId method identity as verified 26105 anchor + mov ax, imm16; ret"
6264,FNCLJGGJICG,13320,0x128BE240,AEGNNPENLNM,mov-ax-imm16-ret,static-candidate,"same 7.1 GetCmdId method identity as verified 26105 anchor + mov ax, imm16; ret"
6265,MAPFKOHIHCP,81261,0x78A6020,AEGNNPENLNM,mov-ax-imm16-ret,static-candidate,"same 7.1 GetCmdId method identity as verified 26105 anchor + mov ax, imm16; ret"
6266,NIHNHCDKNIC,75878,0xD07DCE0,AEGNNPENLNM,mov-ax-imm16-ret,static-candidate,"same 7.1 GetCmdId method identity as verified 26105 anchor + mov ax, imm16; ret"
6272,JLKNGOOFKOA,37028,0x106E8B10,AEGNNPENLNM,mov-ax-imm16-ret,static-candidate,"same 7.1 GetCmdId method identity as verified 26105 anchor + mov ax, imm16; ret"
6273,FOFABMIKBHN,34251,0x104924A0,AEGNNPENLNM,mov-ax-imm16-ret,static-candidate,"same 7.1 GetCmdId method identity as verified 26105 anchor + mov ax, imm16; ret"
6278,ACECIELCEFC,33495,0x103E0010,AEGNNPENLNM,mov-ax-imm16-ret,static-candidate,"same 7.1 GetCmdId method identity as verified 26105 anchor + mov ax, imm16; ret"
6279,MCPIAIIHOCB,34812,0x78C03E0,AEGNNPENLNM,mov-ax-imm16-ret,static-candidate,"same 7.1 GetCmdId method identity as verified 26105 anchor + mov ax, imm16; ret"
6280,DJIOPHHKMOK,13178,0x13F7CFE0,AEGNNPENLNM,mov-ax-imm16-ret,static-candidate,"same 7.1 GetCmdId method identity as verified 26105 anchor + mov ax, imm16; ret"
6297,IKHOKIOKMJF,41306,0xBF9A3B0,AEGNNPENLNM,mov-ax-imm16-ret,static-candidate,"same 7.1 GetCmdId method identity as verified 26105 anchor + mov ax, imm16; ret"
6301,JBPNOFNNJFF,63046,0x9A58F10,AEGNNPENLNM,mov-ax-imm16-ret,static-candidate,"same 7.1 GetCmdId method identity as verified 26105 anchor + mov ax, imm16; ret"
6304,PGHMNEBDGAP,81811,0x13DC7CC0,AEGNNPENLNM,mov-ax-imm16-ret,static-candidate,"same 7.1 GetCmdId method identity as verified 26105 anchor + mov ax, imm16; ret"
6306,APJCFFFGGOJ,77353,0x11371180,AEGNNPENLNM,mov-ax-imm16-ret,static-candidate,"same 7.1 GetCmdId method identity as verified 26105 anchor + mov ax, imm16; ret"
6307,NHMACLNOGOF,22807,0x13C694B0,AEGNNPENLNM,mov-ax-imm16-ret,static-candidate,"same 7.1 GetCmdId method identity as verified 26105 anchor + mov ax, imm16; ret"
6308,FODCOBPDPHA,27882,0xA4CFFB0,AEGNNPENLNM,mov-ax-imm16-ret,static-candidate,"same 7.1 GetCmdId method identity as verified 26105 anchor + mov ax, imm16; ret"
6311,GGFLJEFPPLM,74940,0xA543390,AEGNNPENLNM,mov-ax-imm16-ret,static-candidate,"same 7.1 GetCmdId method identity as verified 26105 anchor + mov ax, imm16; ret"
6314,LGHPMINIPPF,48851,0xB4AB550,AEGNNPENLNM,mov-ax-imm16-ret,static-candidate,"same 7.1 GetCmdId method identity as verified 26105 anchor + mov ax, imm16; ret"
6316,KCCBLAGFICF,71206,0xC1091D0,AEGNNPENLNM,mov-ax-imm16-ret,static-candidate,"same 7.1 GetCmdId method identity as verified 26105 anchor + mov ax, imm16; ret"
6318,ADCIIBIPBEI,12663,0xEAD6D30,AEGNNPENLNM,mov-ax-imm16-ret,static-candidate,"same 7.1 GetCmdId method identity as verified 26105 anchor + mov ax, imm16; ret"
6322,EMKOHDBHCFG,67637,0x1034DF70,AEGNNPENLNM,mov-ax-imm16-ret,static-candidate,"same 7.1 GetCmdId method identity as verified 26105 anchor + mov ax, imm16; ret"
6324,DFAFGDPDNGB,13710,0x1028FEA0,AEGNNPENLNM,mov-ax-imm16-ret,static-candidate,"same 7.1 GetCmdId method identity as verified 26105 anchor + mov ax, imm16; ret"
6325,BENKAAJCJAI,21052,0xAEC7730,AEGNNPENLNM,mov-ax-imm16-ret,static-candidate,"same 7.1 GetCmdId method identity as verified 26105 anchor + mov ax, imm16; ret"
6326,EEIIJMDHNNE,66573,0xBB12F70,AEGNNPENLNM,mov-ax-imm16-ret,static-candidate,"same 7.1 GetCmdId method identity as verified 26105 anchor + mov ax, imm16; ret"
6345,NBOKGCIEKBD,62242,0x92B7FB0,AEGNNPENLNM,mov-ax-imm16-ret,static-candidate,"same 7.1 GetCmdId method identity as verified 26105 anchor + mov ax, imm16; ret"
6349,HBIKGKNGMBN,41029,0x10537CB0,AEGNNPENLNM,mov-ax-imm16-ret,static-candidate,"same 7.1 GetCmdId method identity as verified 26105 anchor + mov ax, imm16; ret"
6351,MFHKBIBCCFB,84426,0xC2DC9B0,AEGNNPENLNM,mov-ax-imm16-ret,static-candidate,"same 7.1 GetCmdId method identity as verified 26105 anchor + mov ax, imm16; ret"
6356,PLOIAKKHLOM,45139,0x1188C690,AEGNNPENLNM,mov-ax-imm16-ret,static-candidate,"same 7.1 GetCmdId method identity as verified 26105 anchor + mov ax, imm16; ret"
6358,ONHJOEMKNFE,65840,0x7C00900,AEGNNPENLNM,mov-ax-imm16-ret,static-candidate,"same 7.1 GetCmdId method identity as verified 26105 anchor + mov ax, imm16; ret"
6362,AGIPHPIGHKF,24058,0x10413440,AEGNNPENLNM,mov-ax-imm16-ret,static-candidate,"same 7.1 GetCmdId method identity as verified 26105 anchor + mov ax, imm16; ret"
6363,OIGPMCFFOCH,17733,0x117DE300,AEGNNPENLNM,mov-ax-imm16-ret,static-candidate,"same 7.1 GetCmdId method identity as verified 26105 anchor + mov ax, imm16; ret"
6373,AAAOKHAONPA,55698,0x11B1EAA0,AEGNNPENLNM,mov-ax-imm16-ret,static-candidate,"same 7.1 GetCmdId method identity as verified 26105 anchor + mov ax, imm16; ret"
6374,GCKHPPCCCKI,30338,0xB197590,AEGNNPENLNM,mov-ax-imm16-ret,static-candidate,"same 7.1 GetCmdId method identity as verified 26105 anchor + mov ax, imm16; ret"
6382,CCBPFOBPJAN,70287,0x123CDB70,AEGNNPENLNM,mov-ax-imm16-ret,static-candidate,"same 7.1 GetCmdId method identity as verified 26105 anchor + mov ax, imm16; ret"
6390,KMEHDBAGDDF,44422,0xB465560,AEGNNPENLNM,mov-ax-imm16-ret,static-candidate,"same 7.1 GetCmdId method identity as verified 26105 anchor + mov ax, imm16; ret"
6392,BOMFGEGGJLO,64375,0x9473C80,AEGNNPENLNM,mov-ax-imm16-ret,static-candidate,"same 7.1 GetCmdId method identity as verified 26105 anchor + mov ax, imm16; ret"
6394,ELCLLFPHPDO,37746,0xBB43AB0,AEGNNPENLNM,mov-ax-imm16-ret,static-candidate,"same 7.1 GetCmdId method identity as verified 26105 anchor + mov ax, imm16; ret"
6395,LGKDMJMLJKI,77951,0xAA24240,AEGNNPENLNM,mov-ax-imm16-ret,static-candidate,"same 7.1 GetCmdId method identity as verified 26105 anchor + mov ax, imm16; ret"
6402,COIPOAPDINA,59671,0xF5C1F60,AEGNNPENLNM,mov-ax-imm16-ret,static-candidate,"same 7.1 GetCmdId method identity as verified 26105 anchor + mov ax, imm16; ret"
6404,DIPBOGELPOP,47368,0x9599E00,AEGNNPENLNM,mov-ax-imm16-ret,static-candidate,"same 7.1 GetCmdId method identity as verified 26105 anchor + mov ax, imm16; ret"
6416,MPJDEOLCJNF,21824,0x7967230,AEGNNPENLNM,mov-ax-imm16-ret,static-candidate,"same 7.1 GetCmdId method identity as verified 26105 anchor + mov ax, imm16; ret"
6418,DGIBEJIGJGJ,60164,0xBAA7850,AEGNNPENLNM,mov-ax-imm16-ret,static-candidate,"same 7.1 GetCmdId method identity as verified 26105 anchor + mov ax, imm16; ret"
6419,AAEPOJPOMEP,61331,0xF7543C0,AEGNNPENLNM,mov-ax-imm16-ret,static-candidate,"same 7.1 GetCmdId method identity as verified 26105 anchor + mov ax, imm16; ret"
6425,BIAEHJGPABI,14194,0x75C81B0,AEGNNPENLNM,mov-ax-imm16-ret,static-candidate,"same 7.1 GetCmdId method identity as verified 26105 anchor + mov ax, imm16; ret"
6427,GBKMJCKDPLB,70206,0x979A880,AEGNNPENLNM,mov-ax-imm16-ret,static-candidate,"same 7.1 GetCmdId method identity as verified 26105 anchor + mov ax, imm16; ret"
6428,LBEIMPOLDKF,30102,0x11F9A490,AEGNNPENLNM,mov-ax-imm16-ret,static-candidate,"same 7.1 GetCmdId method identity as verified 26105 anchor + mov ax, imm16; ret"
6432,IKCMIFKIFNG,86156,0xB2E6360,AEGNNPENLNM,mov-ax-imm16-ret,static-candidate,"same 7.1 GetCmdId method identity as verified 26105 anchor + mov ax, imm16; ret"
6435,EFAANAJIFNJ,29430,0xEA0D480,AEGNNPENLNM,mov-ax-imm16-ret,static-candidate,"same 7.1 GetCmdId method identity as verified 26105 anchor + mov ax, imm16; ret"
6439,CDGEHONMBJD,40362,0x11916ED0,AEGNNPENLNM,mov-ax-imm16-ret,static-candidate,"same 7.1 GetCmdId method identity as verified 26105 anchor + mov ax, imm16; ret"
6440,GHLIJOGLPCB,31571,0xD60DB00,AEGNNPENLNM,mov-ax-imm16-ret,static-candidate,"same 7.1 GetCmdId method identity as verified 26105 anchor + mov ax, imm16; ret"
6441,EBLMJCLCKHB,74454,0xE9EA510,AEGNNPENLNM,mov-ax-imm16-ret,static-candidate,"same 7.1 GetCmdId method identity as verified 26105 anchor + mov ax, imm16; ret"
6447,JLHGHMFMCOI,45323,0x8F425E0,AEGNNPENLNM,mov-ax-imm16-ret,static-candidate,"same 7.1 GetCmdId method identity as verified 26105 anchor + mov ax, imm16; ret"
6448,HFBICBIFCGA,83940,0x11119DD0,AEGNNPENLNM,mov-ax-imm16-ret,static-candidate,"same 7.1 GetCmdId method identity as verified 26105 anchor + mov ax, imm16; ret"
6450,CCOPIPMNFDM,46519,0x9F1B950,AEGNNPENLNM,mov-ax-imm16-ret,static-candidate,"same 7.1 GetCmdId method identity as verified 26105 anchor + mov ax, imm16; ret"
6453,NIEFBCCDPJF,63735,0xC575690,AEGNNPENLNM,mov-ax-imm16-ret,static-candidate,"same 7.1 GetCmdId method identity as verified 26105 anchor + mov ax, imm16; ret"
6454,GIJFEGHILNE,50898,0xEC1F5F0,AEGNNPENLNM,mov-ax-imm16-ret,static-candidate,"same 7.1 GetCmdId method identity as verified 26105 anchor + mov ax, imm16; ret"
6455,JANHPLFAEAM,69638,0xBFDBF90,AEGNNPENLNM,mov-ax-imm16-ret,static-candidate,"same 7.1 GetCmdId method identity as verified 26105 anchor + mov ax, imm16; ret"
6456,EACMAEBBKBH,67171,0x95E2510,AEGNNPENLNM,mov-ax-imm16-ret,static-candidate,"same 7.1 GetCmdId method identity as verified 26105 anchor + mov ax, imm16; ret"
6463,EDDNIMKIBEN,54454,0xA1A7760,AEGNNPENLNM,mov-ax-imm16-ret,static-candidate,"same 7.1 GetCmdId method identity as verified 26105 anchor + mov ax, imm16; ret"
6467,ADCMLHMDKFI,68523,0x7EC72B0,AEGNNPENLNM,mov-ax-imm16-ret,static-candidate,"same 7.1 GetCmdId method identity as verified 26105 anchor + mov ax, imm16; ret"
6472,MCAGADGANOB,61596,0xE512890,AEGNNPENLNM,mov-ax-imm16-ret,static-candidate,"same 7.1 GetCmdId method identity as verified 26105 anchor + mov ax, imm16; ret"
6473,GOEGODGPBFE,33761,0x11C49FB0,AEGNNPENLNM,mov-ax-imm16-ret,static-candidate,"same 7.1 GetCmdId method identity as verified 26105 anchor + mov ax, imm16; ret"
6474,AFHEMPENDCD,40371,0x11B655C0,AEGNNPENLNM,mov-ax-imm16-ret,static-candidate,"same 7.1 GetCmdId method identity as verified 26105 anchor + mov ax, imm16; ret"
6477,NCEPMPPLJCN,65650,0x92BAD90,AEGNNPENLNM,mov-ax-imm16-ret,static-candidate,"same 7.1 GetCmdId method identity as verified 26105 anchor + mov ax, imm16; ret"
6481,OEMBNKKNJPA,14009,0x11746680,AEGNNPENLNM,mov-ax-imm16-ret,static-candidate,"same 7.1 GetCmdId method identity as verified 26105 anchor + mov ax, imm16; ret"
6486,BMJEEJILAJE,17615,0x133094F0,AEGNNPENLNM,mov-ax-imm16-ret,static-candidate,"same 7.1 GetCmdId method identity as verified 26105 anchor + mov ax, imm16; ret"
6494,OLEFGGCPGDF,43547,0x10B7BE80,AEGNNPENLNM,mov-ax-imm16-ret,static-candidate,"same 7.1 GetCmdId method identity as verified 26105 anchor + mov ax, imm16; ret"
6504,GHNLHIMEDGJ,83021,0xF8CF380,AEGNNPENLNM,mov-ax-imm16-ret,static-candidate,"same 7.1 GetCmdId method identity as verified 26105 anchor + mov ax, imm16; ret"
6506,ANJJHHKHELD,43282,0x7F02BF0,AEGNNPENLNM,mov-ax-imm16-ret,static-candidate,"same 7.1 GetCmdId method identity as verified 26105 anchor + mov ax, imm16; ret"
6508,CMFCLJDMPIJ,36504,0x10D39710,AEGNNPENLNM,mov-ax-imm16-ret,static-candidate,"same 7.1 GetCmdId method identity as verified 26105 anchor + mov ax, imm16; ret"
6509,GBOKAAGEBKD,80900,0xBDB46C0,AEGNNPENLNM,mov-ax-imm16-ret,static-candidate,"same 7.1 GetCmdId method identity as verified 26105 anchor + mov ax, imm16; ret"
6512,GEBLLIFJODE,30128,0x11BE59D0,AEGNNPENLNM,mov-ax-imm16-ret,static-candidate,"same 7.1 GetCmdId method identity as verified 26105 anchor + mov ax, imm16; ret"
6515,BOKAPNDJBCM,49201,0xE8076B0,AEGNNPENLNM,mov-ax-imm16-ret,static-candidate,"same 7.1 GetCmdId method identity as verified 26105 anchor + mov ax, imm16; ret"
6516,JGDNAAMONPO,82879,0x137BB0F0,AEGNNPENLNM,mov-ax-imm16-ret,static-candidate,"same 7.1 GetCmdId method identity as verified 26105 anchor + mov ax, imm16; ret"
6522,PCGOJGGAOPD,71400,0x873C010,AEGNNPENLNM,mov-ax-imm16-ret,static-candidate,"same 7.1 GetCmdId method identity as verified 26105 anchor + mov ax, imm16; ret"
6526,JBJHIEOFJBK,43459,0xCC42E60,AEGNNPENLNM,mov-ax-imm16-ret,static-candidate,"same 7.1 GetCmdId method identity as verified 26105 anchor + mov ax, imm16; ret"
6527,JFIJFNNNOEO,87314,0x137B55F0,AEGNNPENLNM,mov-ax-imm16-ret,static-candidate,"same 7.1 GetCmdId method identity as verified 26105 anchor + mov ax, imm16; ret"
6539,EEJDANGLIDK,50700,0x10E17650,AEGNNPENLNM,mov-ax-imm16-ret,static-candidate,"same 7.1 GetCmdId method identity as verified 26105 anchor + mov ax, imm16; ret"
6547,OAAGLIGPBHA,28808,0x1003C4D0,AEGNNPENLNM,mov-ax-imm16-ret,static-candidate,"same 7.1 GetCmdId method identity as verified 26105 anchor + mov ax, imm16; ret"
6548,DIAGKLAKIGN,16755,0x958E770,AEGNNPENLNM,mov-ax-imm16-ret,static-candidate,"same 7.1 GetCmdId method identity as verified 26105 anchor + mov ax, imm16; ret"
6553,FCINACKJIMA,85885,0xEB7A0E0,AEGNNPENLNM,mov-ax-imm16-ret,static-candidate,"same 7.1 GetCmdId method identity as verified 26105 anchor + mov ax, imm16; ret"
6555,MEPDGIDOMHP,80560,0x10947390,AEGNNPENLNM,mov-ax-imm16-ret,static-candidate,"same 7.1 GetCmdId method identity as verified 26105 anchor + mov ax, imm16; ret"
6559,CGHDGNAHOOJ,71647,0x11938590,AEGNNPENLNM,mov-ax-imm16-ret,static-candidate,"same 7.1 GetCmdId method identity as verified 26105 anchor + mov ax, imm16; ret"
6560,FEDHAHBJNLA,37029,0x8B45990,AEGNNPENLNM,mov-ax-imm16-ret,static-candidate,"same 7.1 GetCmdId method identity as verified 26105 anchor + mov ax, imm16; ret"
6561,ACGEONJPBPL,19371,0x7EBDA70,AEGNNPENLNM,mov-ax-imm16-ret,static-candidate,"same 7.1 GetCmdId method identity as verified 26105 anchor + mov ax, imm16; ret"
6562,EHFHIJCCBEJ,45405,0xBB28620,AEGNNPENLNM,mov-ax-imm16-ret,static-candidate,"same 7.1 GetCmdId method identity as verified 26105 anchor + mov ax, imm16; ret"
6572,BMFBKEIBEBH,63534,0x13C941B0,AEGNNPENLNM,mov-ax-imm16-ret,static-candidate,"same 7.1 GetCmdId method identity as verified 26105 anchor + mov ax, imm16; ret"
6579,JONAGHOAMLH,79541,0x11F08EB0,AEGNNPENLNM,mov-ax-imm16-ret,static-candidate,"same 7.1 GetCmdId method identity as verified 26105 anchor + mov ax, imm16; ret"
6586,PFDLCJOCAFD,47097,0x123FB9C0,AEGNNPENLNM,mov-ax-imm16-ret,static-candidate,"same 7.1 GetCmdId method identity as verified 26105 anchor + mov ax, imm16; ret"
6589,KOOCBDFENLN,32330,0xE3F0940,AEGNNPENLNM,mov-ax-imm16-ret,static-candidate,"same 7.1 GetCmdId method identity as verified 26105 anchor + mov ax, imm16; ret"
6593,HGGLENEOPCH,72369,0x1056E130,AEGNNPENLNM,mov-ax-imm16-ret,static-candidate,"same 7.1 GetCmdId method identity as verified 26105 anchor + mov ax, imm16; ret"
6598,GGBCMOAIPJM,61637,0x8BF5570,AEGNNPENLNM,mov-ax-imm16-ret,static-candidate,"same 7.1 GetCmdId method identity as verified 26105 anchor + mov ax, imm16; ret"
6601,EJMOLEJJJDP,88408,0x72A7C40,AEGNNPENLNM,mov-ax-imm16-ret,static-candidate,"same 7.1 GetCmdId method identity as verified 26105 anchor + mov ax, imm16; ret"
6602,HKMEDGFOLMO,18634,0xF9B2840,AEGNNPENLNM,mov-ax-imm16-ret,static-candidate,"same 7.1 GetCmdId method identity as verified 26105 anchor + mov ax, imm16; ret"
6607,LBIICNMLEHI,88097,0x107D7850,AEGNNPENLNM,mov-ax-imm16-ret,static-candidate,"same 7.1 GetCmdId method identity as verified 26105 anchor + mov ax, imm16; ret"
6608,MBAOMGPAGIO,23410,0xB586550,AEGNNPENLNM,mov-ax-imm16-ret,static-candidate,"same 7.1 GetCmdId method identity as verified 26105 anchor + mov ax, imm16; ret"
6610,AKBLFBKEKBM,24391,0x8A8E5F0,AEGNNPENLNM,mov-ax-imm16-ret,static-candidate,"same 7.1 GetCmdId method identity as verified 26105 anchor + mov ax, imm16; ret"
6622,ALPCFFANJPJ,52230,0x8AA5D30,AEGNNPENLNM,mov-ax-imm16-ret,static-candidate,"same 7.1 GetCmdId method identity as verified 26105 anchor + mov ax, imm16; ret"
6623,POJKGKBLJBL,32068,0x87B68C0,AEGNNPENLNM,mov-ax-imm16-ret,static-candidate,"same 7.1 GetCmdId method identity as verified 26105 anchor + mov ax, imm16; ret"
6628,OMNFPIOOHPL,80564,0x1314EBE0,AEGNNPENLNM,mov-ax-imm16-ret,static-candidate,"same 7.1 GetCmdId method identity as verified 26105 anchor + mov ax, imm16; ret"
6634,DGNIHPJBOLA,27605,0x1029A410,AEGNNPENLNM,mov-ax-imm16-ret,static-candidate,"same 7.1 GetCmdId method identity as verified 26105 anchor + mov ax, imm16; ret"
6644,AIOMDJCLJDE,81661,0x8A749B0,AEGNNPENLNM,mov-ax-imm16-ret,static-candidate,"same 7.1 GetCmdId method identity as verified 26105 anchor + mov ax, imm16; ret"
6648,KDKFCBOBKKB,85375,0x8292590,AEGNNPENLNM,mov-ax-imm16-ret,static-candidate,"same 7.1 GetCmdId method identity as verified 26105 anchor + mov ax, imm16; ret"
6649,CKBCMBHDLBK,22145,0x10D305E0,AEGNNPENLNM,mov-ax-imm16-ret,static-candidate,"same 7.1 GetCmdId method identity as verified 26105 anchor + mov ax, imm16; ret"
6651,BLGCEGDHKPC,31655,0xC494B90,AEGNNPENLNM,mov-ax-imm16-ret,static-candidate,"same 7.1 GetCmdId method identity as verified 26105 anchor + mov ax, imm16; ret"
6657,KNHKFEPHEDF,31027,0x778B880,AEGNNPENLNM,mov-ax-imm16-ret,static-candidate,"same 7.1 GetCmdId method identity as verified 26105 anchor + mov ax, imm16; ret"
6659,CIHJBDHLFNB,52311,0x124DAD10,AEGNNPENLNM,mov-ax-imm16-ret,static-candidate,"same 7.1 GetCmdId method identity as verified 26105 anchor + mov ax, imm16; ret"
6668,AEOCGDMLMNC,65245,0x126F4C70,AEGNNPENLNM,mov-ax-imm16-ret,static-candidate,"same 7.1 GetCmdId method identity as verified 26105 anchor + mov ax, imm16; ret"
6671,KFBPHGOGIBC,13655,0xC129D00,AEGNNPENLNM,mov-ax-imm16-ret,static-candidate,"same 7.1 GetCmdId method identity as verified 26105 anchor + mov ax, imm16; ret"
6674,GONMGADLNNI,45063,0x8076890,AEGNNPENLNM,mov-ax-imm16-ret,static-candidate,"same 7.1 GetCmdId method identity as verified 26105 anchor + mov ax, imm16; ret"
6676,BKBCILCNLNN,53893,0xAEEA250,AEGNNPENLNM,mov-ax-imm16-ret,static-candidate,"same 7.1 GetCmdId method identity as verified 26105 anchor + mov ax, imm16; ret"
6677,BJMOMCFJHOP,25802,0x75D9BE0,AEGNNPENLNM,mov-ax-imm16-ret,static-candidate,"same 7.1 GetCmdId method identity as verified 26105 anchor + mov ax, imm16; ret"
6680,LCBMIPFBMNJ,72231,0x77DA670,AEGNNPENLNM,mov-ax-imm16-ret,static-candidate,"same 7.1 GetCmdId method identity as verified 26105 anchor + mov ax, imm16; ret"
6682,KABBEJCDGOE,75650,0x8280740,AEGNNPENLNM,mov-ax-imm16-ret,static-candidate,"same 7.1 GetCmdId method identity as verified 26105 anchor + mov ax, imm16; ret"
6686,AAOFPNFBFHH,79239,0x8A032C0,AEGNNPENLNM,mov-ax-imm16-ret,static-candidate,"same 7.1 GetCmdId method identity as verified 26105 anchor + mov ax, imm16; ret"
6691,PGENMCEMNAK,13616,0x7C359C0,AEGNNPENLNM,mov-ax-imm16-ret,static-candidate,"same 7.1 GetCmdId method identity as verified 26105 anchor + mov ax, imm16; ret"
6695,BKHEBBFBEKL,73896,0x9B37F00,AEGNNPENLNM,mov-ax-imm16-ret,static-candidate,"same 7.1 GetCmdId method identity as verified 26105 anchor + mov ax, imm16; ret"
6698,PJGPPLEPPAP,49372,0x7C6C720,AEGNNPENLNM,mov-ax-imm16-ret,static-candidate,"same 7.1 GetCmdId method identity as verified 26105 anchor + mov ax, imm16; ret"
6702,CEOFCFJKHCE,33717,0x94D4950,AEGNNPENLNM,mov-ax-imm16-ret,static-candidate,"same 7.1 GetCmdId method identity as verified 26105 anchor + mov ax, imm16; ret"
6713,JCEGEFAADBF,68115,0xB37EC90,AEGNNPENLNM,mov-ax-imm16-ret,static-candidate,"same 7.1 GetCmdId method identity as verified 26105 anchor + mov ax, imm16; ret"
6714,HBPECLJEFKJ,63110,0x11C6FC00,AEGNNPENLNM,mov-ax-imm16-ret,static-candidate,"same 7.1 GetCmdId method identity as verified 26105 anchor + mov ax, imm16; ret"
6717,ENLOCAHBFAH,79554,0x10363D80,AEGNNPENLNM,mov-ax-imm16-ret,static-candidate,"same 7.1 GetCmdId method identity as verified 26105 anchor + mov ax, imm16; ret"
6719,PJGNPAGPDHI,23654,0x124239E0,AEGNNPENLNM,mov-ax-imm16-ret,static-candidate,"same 7.1 GetCmdId method identity as verified 26105 anchor + mov ax, imm16; ret"
6733,NCGKIGEHLCH,57315,0xB770200,AEGNNPENLNM,mov-ax-imm16-ret,static-candidate,"same 7.1 GetCmdId method identity as verified 26105 anchor + mov ax, imm16; ret"
6743,ABJOMOIIDHH,81959,0x103DAB10,AEGNNPENLNM,mov-ax-imm16-ret,static-candidate,"same 7.1 GetCmdId method identity as verified 26105 anchor + mov ax, imm16; ret"
6747,EOBPAHPINJP,80189,0xBD15AB0,AEGNNPENLNM,mov-ax-imm16-ret,static-candidate,"same 7.1 GetCmdId method identity as verified 26105 anchor + mov ax, imm16; ret"
6748,GKILAJGCAHE,87919,0xD61F2C0,AEGNNPENLNM,mov-ax-imm16-ret,static-candidate,"same 7.1 GetCmdId method identity as verified 26105 anchor + mov ax, imm16; ret"
6750,LNJHKHEDBEF,66369,0xAA60500,AEGNNPENLNM,mov-ax-imm16-ret,static-candidate,"same 7.1 GetCmdId method identity as verified 26105 anchor + mov ax, imm16; ret"
6752,KBKJHBLBLJO,65257,0x9B1DF70,AEGNNPENLNM,mov-ax-imm16-ret,static-candidate,"same 7.1 GetCmdId method identity as verified 26105 anchor + mov ax, imm16; ret"
6768,EEDPCIBEGFA,32877,0xBCC7590,AEGNNPENLNM,mov-ax-imm16-ret,static-candidate,"same 7.1 GetCmdId method identity as verified 26105 anchor + mov ax, imm16; ret"
6771,KAKOGKMNDAM,63799,0xCCFF830,AEGNNPENLNM,mov-ax-imm16-ret,static-candidate,"same 7.1 GetCmdId method identity as verified 26105 anchor + mov ax, imm16; ret"
6774,ICMCPHPFIKJ,83231,0x136E72D0,AEGNNPENLNM,mov-ax-imm16-ret,static-candidate,"same 7.1 GetCmdId method identity as verified 26105 anchor + mov ax, imm16; ret"
6776,MLNLMLKHFFG,85717,0xC31A8A0,AEGNNPENLNM,mov-ax-imm16-ret,static-candidate,"same 7.1 GetCmdId method identity as verified 26105 anchor + mov ax, imm16; ret"
6780,DPIOMKPBEHJ,13210,0x13FB8770,AEGNNPENLNM,mov-ax-imm16-ret,static-candidate,"same 7.1 GetCmdId method identity as verified 26105 anchor + mov ax, imm16; ret"
6791,CNMGKDHJOHD,85192,0x1025C1D0,AEGNNPENLNM,mov-ax-imm16-ret,static-candidate,"same 7.1 GetCmdId method identity as verified 26105 anchor + mov ax, imm16; ret"
6792,NOLOJHAGFHJ,84575,0xF3848A0,AEGNNPENLNM,mov-ax-imm16-ret,static-candidate,"same 7.1 GetCmdId method identity as verified 26105 anchor + mov ax, imm16; ret"
6793,NHDEPCPMIFI,33535,0xFF7D750,AEGNNPENLNM,mov-ax-imm16-ret,static-candidate,"same 7.1 GetCmdId method identity as verified 26105 anchor + mov ax, imm16; ret"
6794,DHEGDOFDOBL,21096,0xB013520,AEGNNPENLNM,mov-ax-imm16-ret,static-candidate,"same 7.1 GetCmdId method identity as verified 26105 anchor + mov ax, imm16; ret"
6798,MCKBBFDOIJJ,53416,0x139FC310,AEGNNPENLNM,mov-ax-imm16-ret,static-candidate,"same 7.1 GetCmdId method identity as verified 26105 anchor + mov ax, imm16; ret"
6799,ODAMJNAHDHC,18248,0x130F2880,AEGNNPENLNM,mov-ax-imm16-ret,static-candidate,"same 7.1 GetCmdId method identity as verified 26105 anchor + mov ax, imm16; ret"
6800,HDFFEFBJCFK,24074,0xB20BA60,AEGNNPENLNM,mov-ax-imm16-ret,static-candidate,"same 7.1 GetCmdId method identity as verified 26105 anchor + mov ax, imm16; ret"
6801,ALIBNMJJCEC,16475,0x12737D90,AEGNNPENLNM,mov-ax-imm16-ret,static-candidate,"same 7.1 GetCmdId method identity as verified 26105 anchor + mov ax, imm16; ret"
6803,HNMHOKJFDKK,86144,0x1059FFA0,AEGNNPENLNM,mov-ax-imm16-ret,static-candidate,"same 7.1 GetCmdId method identity as verified 26105 anchor + mov ax, imm16; ret"
6804,DNMEHNOCEMM,84054,0x102D2490,AEGNNPENLNM,mov-ax-imm16-ret,static-candidate,"same 7.1 GetCmdId method identity as verified 26105 anchor + mov ax, imm16; ret"
6809,LNGGKLGMNGA,45607,0x1145E670,AEGNNPENLNM,mov-ax-imm16-ret,static-candidate,"same 7.1 GetCmdId method identity as verified 26105 anchor + mov ax, imm16; ret"
6812,DAHNIAGIPJO,80708,0xF5D2260,AEGNNPENLNM,mov-ax-imm16-ret,static-candidate,"same 7.1 GetCmdId method identity as verified 26105 anchor + mov ax, imm16; ret"
6817,LEFCEINNLJI,16044,0xAA0B810,AEGNNPENLNM,mov-ax-imm16-ret,static-candidate,"same 7.1 GetCmdId method identity as verified 26105 anchor + mov ax, imm16; ret"
6825,BLBKEPBEJPP,36656,0xF295940,AEGNNPENLNM,mov-ax-imm16-ret,static-candidate,"same 7.1 GetCmdId method identity as verified 26105 anchor + mov ax, imm16; ret"
6831,PPEHKINDBIB,60667,0xAE4D990,AEGNNPENLNM,mov-ax-imm16-ret,static-candidate,"same 7.1 GetCmdId method identity as verified 26105 anchor + mov ax, imm16; ret"
6839,LCMNMMBLHIM,22230,0x9C29AE0,AEGNNPENLNM,mov-ax-imm16-ret,static-candidate,"same 7.1 GetCmdId method identity as verified 26105 anchor + mov ax, imm16; ret"
6840,AGOFKAIKFDA,45071,0xC988F60,AEGNNPENLNM,mov-ax-imm16-ret,static-candidate,"same 7.1 GetCmdId method identity as verified 26105 anchor + mov ax, imm16; ret"
6852,FIDOAAFAAGF,57891,0x1102F5C0,AEGNNPENLNM,mov-ax-imm16-ret,static-candidate,"same 7.1 GetCmdId method identity as verified 26105 anchor + mov ax, imm16; ret"
6862,JKDIPECIMDK,49637,0x106D3130,AEGNNPENLNM,mov-ax-imm16-ret,static-candidate,"same 7.1 GetCmdId method identity as verified 26105 anchor + mov ax, imm16; ret"
6863,LANDKBBPGBA,47313,0x8368340,AEGNNPENLNM,mov-ax-imm16-ret,static-candidate,"same 7.1 GetCmdId method identity as verified 26105 anchor + mov ax, imm16; ret"
6868,FNNGKBHFEOG,82479,0xEBD9A00,AEGNNPENLNM,mov-ax-imm16-ret,static-candidate,"same 7.1 GetCmdId method identity as verified 26105 anchor + mov ax, imm16; ret"
6875,ABECMIJPFFB,31066,0x9695880,AEGNNPENLNM,mov-ax-imm16-ret,static-candidate,"same 7.1 GetCmdId method identity as verified 26105 anchor + mov ax, imm16; ret"
6876,HOGNDKBGGIL,49738,0x12A45A00,AEGNNPENLNM,mov-ax-imm16-ret,static-candidate,"same 7.1 GetCmdId method identity as verified 26105 anchor + mov ax, imm16; ret"
6880,EKBNELNINOI,64748,0xD408390,AEGNNPENLNM,mov-ax-imm16-ret,static-candidate,"same 7.1 GetCmdId method identity as verified 26105 anchor + mov ax, imm16; ret"
6889,DFJPOGCDNDJ,72892,0x1341C100,AEGNNPENLNM,mov-ax-imm16-ret,static-candidate,"same 7.1 GetCmdId method identity as verified 26105 anchor + mov ax, imm16; ret"
6893,KGOMOOEOFHB,59328,0xA96C0C0,AEGNNPENLNM,mov-ax-imm16-ret,static-candidate,"same 7.1 GetCmdId method identity as verified 26105 anchor + mov ax, imm16; ret"
6896,PGFEJBPCBHO,80660,0xF49E380,AEGNNPENLNM,mov-ax-imm16-ret,static-candidate,"same 7.1 GetCmdId method identity as verified 26105 anchor + mov ax, imm16; ret"
6899,IOIAGINPEJF,63462,0xFADF8B0,AEGNNPENLNM,mov-ax-imm16-ret,static-candidate,"same 7.1 GetCmdId method identity as verified 26105 anchor + mov ax, imm16; ret"
6900,HFJPDNNGPDD,27838,0xF9754D0,AEGNNPENLNM,mov-ax-imm16-ret,static-candidate,"same 7.1 GetCmdId method identity as verified 26105 anchor + mov ax, imm16; ret"
6901,ELGEJFGBCPH,37053,0xBCF0BB0,AEGNNPENLNM,mov-ax-imm16-ret,static-candidate,"same 7.1 GetCmdId method identity as verified 26105 anchor + mov ax, imm16; ret"
6902,JAKKEODPEOO,12270,0xE2FACE0,AEGNNPENLNM,mov-ax-imm16-ret,static-candidate,"same 7.1 GetCmdId method identity as verified 26105 anchor + mov ax, imm16; ret"
6912,POEAPMMAGGB,16800,0x87B2100,AEGNNPENLNM,mov-ax-imm16-ret,static-candidate,"same 7.1 GetCmdId method identity as verified 26105 anchor + mov ax, imm16; ret"
6914,BHIDEAOCBCN,54230,0x82B6D00,AEGNNPENLNM,mov-ax-imm16-ret,static-candidate,"same 7.1 GetCmdId method identity as verified 26105 anchor + mov ax, imm16; ret"
6915,DHGNCMNOAIL,33781,0x10DBB130,AEGNNPENLNM,mov-ax-imm16-ret,static-candidate,"same 7.1 GetCmdId method identity as verified 26105 anchor + mov ax, imm16; ret"
6919,FEPEAOBFJHI,41344,0x8B4A0C0,AEGNNPENLNM,mov-ax-imm16-ret,static-candidate,"same 7.1 GetCmdId method identity as verified 26105 anchor + mov ax, imm16; ret"
6920,HPEHNILPANH,69877,0xF9E1450,AEGNNPENLNM,mov-ax-imm16-ret,static-candidate,"same 7.1 GetCmdId method identity as verified 26105 anchor + mov ax, imm16; ret"
6922,CFNDMBLGEOG,65849,0x133962F0,AEGNNPENLNM,mov-ax-imm16-ret,static-candidate,"same 7.1 GetCmdId method identity as verified 26105 anchor + mov ax, imm16; ret"
6930,EFCDMHMAMJN,19348,0xBB16B70,AEGNNPENLNM,mov-ax-imm16-ret,static-candidate,"same 7.1 GetCmdId method identity as verified 26105 anchor + mov ax, imm16; ret"
6935,GDPLCHKMDOP,40097,0x104B5580,AEGNNPENLNM,mov-ax-imm16-ret,static-candidate,"same 7.1 GetCmdId method identity as verified 26105 anchor + mov ax, imm16; ret"
6936,NBMCHLIACNN,74236,0x9E97170,AEGNNPENLNM,mov-ax-imm16-ret,static-candidate,"same 7.1 GetCmdId method identity as verified 26105 anchor + mov ax, imm16; ret"
6949,BALLGAHHJOE,78150,0xF7F3F90,AEGNNPENLNM,mov-ax-imm16-ret,static-candidate,"same 7.1 GetCmdId method identity as verified 26105 anchor + mov ax, imm16; ret"
6954,LNIPKKOAGNH,51584,0xAA5F890,AEGNNPENLNM,mov-ax-imm16-ret,static-candidate,"same 7.1 GetCmdId method identity as verified 26105 anchor + mov ax, imm16; ret"
6956,PKKDBGAFABA,52055,0x11883510,AEGNNPENLNM,mov-ax-imm16-ret,static-candidate,"same 7.1 GetCmdId method identity as verified 26105 anchor + mov ax, imm16; ret"
6968,CPKAIPMCLED,17734,0x10266930,AEGNNPENLNM,mov-ax-imm16-ret,static-candidate,"same 7.1 GetCmdId method identity as verified 26105 anchor + mov ax, imm16; ret"
6969,MLHHHHIAGOF,63682,0x12129780,AEGNNPENLNM,mov-ax-imm16-ret,static-candidate,"same 7.1 GetCmdId method identity as verified 26105 anchor + mov ax, imm16; ret"
6973,AOHNIOCICJO,68863,0xC9C9D30,AEGNNPENLNM,mov-ax-imm16-ret,static-candidate,"same 7.1 GetCmdId method identity as verified 26105 anchor + mov ax, imm16; ret"
6978,BILHKFJMCOM,59217,0x82BB990,AEGNNPENLNM,mov-ax-imm16-ret,static-candidate,"same 7.1 GetCmdId method identity as verified 26105 anchor + mov ax, imm16; ret"
6982,PAOLDDHGJMN,46703,0x13DAC180,AEGNNPENLNM,mov-ax-imm16-ret,static-candidate,"same 7.1 GetCmdId method identity as verified 26105 anchor + mov ax, imm16; ret"
6983,DFMMAFCBEHI,62857,0x10DABDD0,AEGNNPENLNM,mov-ax-imm16-ret,static-candidate,"same 7.1 GetCmdId method identity as verified 26105 anchor + mov ax, imm16; ret"
6986,NPCOLABIDID,76205,0x13D22580,AEGNNPENLNM,mov-ax-imm16-ret,static-candidate,"same 7.1 GetCmdId method identity as verified 26105 anchor + mov ax, imm16; ret"
6989,NJCICIJEFMA,48855,0xD092130,AEGNNPENLNM,mov-ax-imm16-ret,static-candidate,"same 7.1 GetCmdId method identity as verified 26105 anchor + mov ax, imm16; ret"
6991,AFOIKPIKDNK,38192,0xC986BF0,AEGNNPENLNM,mov-ax-imm16-ret,static-candidate,"same 7.1 GetCmdId method identity as verified 26105 anchor + mov ax, imm16; ret"
6993,LCJIKGHHFNO,29773,0x113FD7C0,AEGNNPENLNM,mov-ax-imm16-ret,static-candidate,"same 7.1 GetCmdId method identity as verified 26105 anchor + mov ax, imm16; ret"
6994,NPGFNGEPLGO,23102,0xF38A320,AEGNNPENLNM,mov-ax-imm16-ret,static-candidate,"same 7.1 GetCmdId method identity as verified 26105 anchor + mov ax, imm16; ret"
6997,PJNBFLAEDGP,74039,0xF4D29F0,AEGNNPENLNM,mov-ax-imm16-ret,static-candidate,"same 7.1 GetCmdId method identity as verified 26105 anchor + mov ax, imm16; ret"
6999,MPFOIDOCKKI,32125,0xCF116E0,AEGNNPENLNM,mov-ax-imm16-ret,static-candidate,"same 7.1 GetCmdId method identity as verified 26105 anchor + mov ax, imm16; ret"
7003,GFPMFMJPNMA,30947,0xA5374C0,AEGNNPENLNM,mov-ax-imm16-ret,static-candidate,"same 7.1 GetCmdId method identity as verified 26105 anchor + mov ax, imm16; ret"
7005,IPCCFMNDOJK,69518,0x1122EFB0,AEGNNPENLNM,mov-ax-imm16-ret,static-candidate,"same 7.1 GetCmdId method identity as verified 26105 anchor + mov ax, imm16; ret"
7009,EADJGLBJBJH,16496,0xB086D80,AEGNNPENLNM,mov-ax-imm16-ret,static-candidate,"same 7.1 GetCmdId method identity as verified 26105 anchor + mov ax, imm16; ret"
7013,MOMDNCPFABL,37577,0xCF09830,AEGNNPENLNM,mov-ax-imm16-ret,static-candidate,"same 7.1 GetCmdId method identity as verified 26105 anchor + mov ax, imm16; ret"
7016,HJGKEIHKGKK,56530,0x1113FBD0,AEGNNPENLNM,mov-ax-imm16-ret,static-candidate,"same 7.1 GetCmdId method identity as verified 26105 anchor + mov ax, imm16; ret"
7023,ALJGEIKANEH,60998,0x1349B4B0,AEGNNPENLNM,mov-ax-imm16-ret,static-candidate,"same 7.1 GetCmdId method identity as verified 26105 anchor + mov ax, imm16; ret"
7025,BBDAOLNNNFP,86386,0xB17AB30,AEGNNPENLNM,mov-ax-imm16-ret,static-candidate,"same 7.1 GetCmdId method identity as verified 26105 anchor + mov ax, imm16; ret"
7026,KNGFKGJAMMH,16208,0xA9AF160,AEGNNPENLNM,mov-ax-imm16-ret,static-candidate,"same 7.1 GetCmdId method identity as verified 26105 anchor + mov ax, imm16; ret"
7027,CHAPIHBOGOB,63102,0x1193BD90,AEGNNPENLNM,mov-ax-imm16-ret,static-candidate,"same 7.1 GetCmdId method identity as verified 26105 anchor + mov ax, imm16; ret"
7028,IOPCAHOHAKL,35033,0x12ACBA90,AEGNNPENLNM,mov-ax-imm16-ret,static-candidate,"same 7.1 GetCmdId method identity as verified 26105 anchor + mov ax, imm16; ret"
7034,KIPLEMGLBOF,58344,0x11F5E410,AEGNNPENLNM,mov-ax-imm16-ret,static-candidate,"same 7.1 GetCmdId method identity as verified 26105 anchor + mov ax, imm16; ret"
7038,AABPPLGIHHE,25777,0x11B1F7D0,AEGNNPENLNM,mov-ax-imm16-ret,static-candidate,"same 7.1 GetCmdId method identity as verified 26105 anchor + mov ax, imm16; ret"
7039,BNMIGEEJMHA,74470,0x82E5B40,AEGNNPENLNM,mov-ax-imm16-ret,static-candidate,"same 7.1 GetCmdId method identity as verified 26105 anchor + mov ax, imm16; ret"
7042,OGBJKLKAPAN,36826,0x9FAC330,AEGNNPENLNM,mov-ax-imm16-ret,static-candidate,"same 7.1 GetCmdId method identity as verified 26105 anchor + mov ax, imm16; ret"
7051,FGIBKMNFMOK,29350,0xBD58FE0,AEGNNPENLNM,mov-ax-imm16-ret,static-candidate,"same 7.1 GetCmdId method identity as verified 26105 anchor + mov ax, imm16; ret"
7052,HNNGPAJOOHM,38724,0x8D01FB0,AEGNNPENLNM,mov-ax-imm16-ret,static-candidate,"same 7.1 GetCmdId method identity as verified 26105 anchor + mov ax, imm16; ret"
7054,IENFDFPHIHF,33272,0x12A7B1C0,AEGNNPENLNM,mov-ax-imm16-ret,static-candidate,"same 7.1 GetCmdId method identity as verified 26105 anchor + mov ax, imm16; ret"
7055,FCPLNJIAOKD,24251,0xBD3DC00,AEGNNPENLNM,mov-ax-imm16-ret,static-candidate,"same 7.1 GetCmdId method identity as verified 26105 anchor + mov ax, imm16; ret"
7062,EMDPNAEKIGG,37027,0x127FF420,AEGNNPENLNM,mov-ax-imm16-ret,static-candidate,"same 7.1 GetCmdId method identity as verified 26105 anchor + mov ax, imm16; ret"
7063,FKMBMEHKLIO,30118,0x7FD8480,AEGNNPENLNM,mov-ax-imm16-ret,static-candidate,"same 7.1 GetCmdId method identity as verified 26105 anchor + mov ax, imm16; ret"
7064,ALNDPFOPBLP,23108,0x1273C930,AEGNNPENLNM,mov-ax-imm16-ret,static-candidate,"same 7.1 GetCmdId method identity as verified 26105 anchor + mov ax, imm16; ret"
7065,FNFNEKNCFCM,54808,0xD5AA820,AEGNNPENLNM,mov-ax-imm16-ret,static-candidate,"same 7.1 GetCmdId method identity as verified 26105 anchor + mov ax, imm16; ret"
7080,EOIEEABMGNA,53581,0xBB64F40,AEGNNPENLNM,mov-ax-imm16-ret,static-candidate,"same 7.1 GetCmdId method identity as verified 26105 anchor + mov ax, imm16; ret"
7082,FPMEJJAHANH,86974,0x126B8F50,AEGNNPENLNM,mov-ax-imm16-ret,static-candidate,"same 7.1 GetCmdId method identity as verified 26105 anchor + mov ax, imm16; ret"
7083,BBAAKJMJECP,13392,0xBCC0E60,AEGNNPENLNM,mov-ax-imm16-ret,static-candidate,"same 7.1 GetCmdId method identity as verified 26105 anchor + mov ax, imm16; ret"
7098,PBMMABAAJKN,44541,0xB8D9260,AEGNNPENLNM,mov-ax-imm16-ret,static-candidate,"same 7.1 GetCmdId method identity as verified 26105 anchor + mov ax, imm16; ret"
7104,CPLELCNGMNN,25836,0xE91B5D0,AEGNNPENLNM,mov-ax-imm16-ret,static-candidate,"same 7.1 GetCmdId method identity as verified 26105 anchor + mov ax, imm16; ret"
7113,NGDAPMAMMKD,49511,0xFF72C70,AEGNNPENLNM,mov-ax-imm16-ret,static-candidate,"same 7.1 GetCmdId method identity as verified 26105 anchor + mov ax, imm16; ret"
7115,ENOLNIJAFLF,30953,0xBD157E0,AEGNNPENLNM,mov-ax-imm16-ret,static-candidate,"same 7.1 GetCmdId method identity as verified 26105 anchor + mov ax, imm16; ret"
7116,BGBIAOPDLIO,24874,0x921DDC0,AEGNNPENLNM,mov-ax-imm16-ret,static-candidate,"same 7.1 GetCmdId method identity as verified 26105 anchor + mov ax, imm16; ret"
7123,IDFGMIIAECJ,16659,0x7563990,AEGNNPENLNM,mov-ax-imm16-ret,static-candidate,"same 7.1 GetCmdId method identity as verified 26105 anchor + mov ax, imm16; ret"
7127,AELHCDKILHB,26657,0x96AF3D0,AEGNNPENLNM,mov-ax-imm16-ret,static-candidate,"same 7.1 GetCmdId method identity as verified 26105 anchor + mov ax, imm16; ret"
7128,NANBPFKNHFK,63643,0x92B0700,AEGNNPENLNM,mov-ax-imm16-ret,static-candidate,"same 7.1 GetCmdId method identity as verified 26105 anchor + mov ax, imm16; ret"
7131,KBMBAFOKHAE,40882,0x8288010,AEGNNPENLNM,mov-ax-imm16-ret,static-candidate,"same 7.1 GetCmdId method identity as verified 26105 anchor + mov ax, imm16; ret"
7134,NHEBEODOKBP,15166,0xB796A10,AEGNNPENLNM,mov-ax-imm16-ret,static-candidate,"same 7.1 GetCmdId method identity as verified 26105 anchor + mov ax, imm16; ret"
7136,MOHHJAEHOBA,72375,0x90FFBF0,AEGNNPENLNM,mov-ax-imm16-ret,static-candidate,"same 7.1 GetCmdId method identity as verified 26105 anchor + mov ax, imm16; ret"
7138,AAGIMOIIOMI,71132,0xA2F5B50,AEGNNPENLNM,mov-ax-imm16-ret,static-candidate,"same 7.1 GetCmdId method identity as verified 26105 anchor + mov ax, imm16; ret"
7141,CAIGBCLCPHP,54802,0xAF4E990,AEGNNPENLNM,mov-ax-imm16-ret,static-candidate,"same 7.1 GetCmdId method identity as verified 26105 anchor + mov ax, imm16; ret"
7145,GOEOJKJAIGF,56473,0x8074160,AEGNNPENLNM,mov-ax-imm16-ret,static-candidate,"same 7.1 GetCmdId method identity as verified 26105 anchor + mov ax, imm16; ret"
7153,COBCDHLPLCK,41670,0xC7E6E40,AEGNNPENLNM,mov-ax-imm16-ret,static-candidate,"same 7.1 GetCmdId method identity as verified 26105 anchor + mov ax, imm16; ret"
7154,EJPGPOFKHPG,73677,0xA3E4FA0,AEGNNPENLNM,mov-ax-imm16-ret,static-candidate,"same 7.1 GetCmdId method identity as verified 26105 anchor + mov ax, imm16; ret"
7161,JLDKFNFCMCK,15738,0x112A7220,AEGNNPENLNM,mov-ax-imm16-ret,static-candidate,"same 7.1 GetCmdId method identity as verified 26105 anchor + mov ax, imm16; ret"
7164,MKEMFDIPNEK,20923,0x12D4C4F0,AEGNNPENLNM,mov-ax-imm16-ret,static-candidate,"same 7.1 GetCmdId method identity as verified 26105 anchor + mov ax, imm16; ret"
7165,BNAECJEFBMC,40848,0xE801020,AEGNNPENLNM,mov-ax-imm16-ret,static-candidate,"same 7.1 GetCmdId method identity as verified 26105 anchor + mov ax, imm16; ret"
7167,MINHGNPHEOF,36063,0xCEBFEC0,AEGNNPENLNM,mov-ax-imm16-ret,static-candidate,"same 7.1 GetCmdId method identity as verified 26105 anchor + mov ax, imm16; ret"
7173,FAGOMOMNCBB,74753,0x8B21F90,AEGNNPENLNM,mov-ax-imm16-ret,static-candidate,"same 7.1 GetCmdId method identity as verified 26105 anchor + mov ax, imm16; ret"
7175,EBADFDMFLFH,32805,0xA189A10,AEGNNPENLNM,mov-ax-imm16-ret,static-candidate,"same 7.1 GetCmdId method identity as verified 26105 anchor + mov ax, imm16; ret"
7176,BMJMHOGFICK,41421,0xB910A00,AEGNNPENLNM,mov-ax-imm16-ret,static-candidate,"same 7.1 GetCmdId method identity as verified 26105 anchor + mov ax, imm16; ret"
7179,APILGBOGPPK,85712,0x9719520,AEGNNPENLNM,mov-ax-imm16-ret,static-candidate,"same 7.1 GetCmdId method identity as verified 26105 anchor + mov ax, imm16; ret"
7201,JJLNHAIBCBC,48779,0x9AD2480,AEGNNPENLNM,mov-ax-imm16-ret,static-candidate,"same 7.1 GetCmdId method identity as verified 26105 anchor + mov ax, imm16; ret"
7203,APDBMBCINAE,85639,0x8E567A0,AEGNNPENLNM,mov-ax-imm16-ret,static-candidate,"same 7.1 GetCmdId method identity as verified 26105 anchor + mov ax, imm16; ret"
7204,IPPDHFKFHMG,82032,0x8199400,AEGNNPENLNM,mov-ax-imm16-ret,static-candidate,"same 7.1 GetCmdId method identity as verified 26105 anchor + mov ax, imm16; ret"
7205,NOHIKPIBPFL,58055,0x7B4B350,AEGNNPENLNM,mov-ax-imm16-ret,static-candidate,"same 7.1 GetCmdId method identity as verified 26105 anchor + mov ax, imm16; ret"
7210,KKFIJPKCMIH,16709,0xB453C10,AEGNNPENLNM,mov-ax-imm16-ret,static-candidate,"same 7.1 GetCmdId method identity as verified 26105 anchor + mov ax, imm16; ret"
7212,DCKINJDDKEE,30984,0xA117C10,AEGNNPENLNM,mov-ax-imm16-ret,static-candidate,"same 7.1 GetCmdId method identity as verified 26105 anchor + mov ax, imm16; ret"
7214,LDMIAFEJKKP,22276,0xAA07450,AEGNNPENLNM,mov-ax-imm16-ret,static-candidate,"same 7.1 GetCmdId method identity as verified 26105 anchor + mov ax, imm16; ret"
7216,HBNFOFMMMHD,80445,0xED7E450,AEGNNPENLNM,mov-ax-imm16-ret,static-candidate,"same 7.1 GetCmdId method identity as verified 26105 anchor + mov ax, imm16; ret"
7222,BGMAMABGCGI,73520,0xAED1040,AEGNNPENLNM,mov-ax-imm16-ret,static-candidate,"same 7.1 GetCmdId method identity as verified 26105 anchor + mov ax, imm16; ret"
7226,LLLBPMOGANH,50474,0x906B190,AEGNNPENLNM,mov-ax-imm16-ret,static-candidate,"same 7.1 GetCmdId method identity as verified 26105 anchor + mov ax, imm16; ret"
7234,BLHOEOICBJD,42061,0xAEF2590,AEGNNPENLNM,mov-ax-imm16-ret,static-candidate,"same 7.1 GetCmdId method identity as verified 26105 anchor + mov ax, imm16; ret"
7235,DDIHMMNPOOA,25366,0x10288BE0,AEGNNPENLNM,mov-ax-imm16-ret,static-candidate,"same 7.1 GetCmdId method identity as verified 26105 anchor + mov ax, imm16; ret"
7237,IDKEILNDGHK,80384,0x812C700,AEGNNPENLNM,mov-ax-imm16-ret,static-candidate,"same 7.1 GetCmdId method identity as verified 26105 anchor + mov ax, imm16; ret"
7240,AMLFAJGEPCO,72422,0x8AC1270,AEGNNPENLNM,mov-ax-imm16-ret,static-candidate,"same 7.1 GetCmdId method identity as verified 26105 anchor + mov ax, imm16; ret"
7242,KPJMNEGNMJH,70214,0xF08C990,AEGNNPENLNM,mov-ax-imm16-ret,static-candidate,"same 7.1 GetCmdId method identity as verified 26105 anchor + mov ax, imm16; ret"
7243,FFBELAIOPHN,66352,0x13515AB0,AEGNNPENLNM,mov-ax-imm16-ret,static-candidate,"same 7.1 GetCmdId method identity as verified 26105 anchor + mov ax, imm16; ret"
7244,BACIKJPHPOA,51898,0x10488FB0,AEGNNPENLNM,mov-ax-imm16-ret,static-candidate,"same 7.1 GetCmdId method identity as verified 26105 anchor + mov ax, imm16; ret"
7253,OMDJFBLKFGI,27500,0x93AC7A0,AEGNNPENLNM,mov-ax-imm16-ret,static-candidate,"same 7.1 GetCmdId method identity as verified 26105 anchor + mov ax, imm16; ret"
7254,PMEFEOIEEPB,67745,0xAE1C750,AEGNNPENLNM,mov-ax-imm16-ret,static-candidate,"same 7.1 GetCmdId method identity as verified 26105 anchor + mov ax, imm16; ret"
7262,DOAOAEANHMN,15079,0xD39B2B0,AEGNNPENLNM,mov-ax-imm16-ret,static-candidate,"same 7.1 GetCmdId method identity as verified 26105 anchor + mov ax, imm16; ret"
7263,KCAHNKFNNKI,59735,0xEFBBCD0,AEGNNPENLNM,mov-ax-imm16-ret,static-candidate,"same 7.1 GetCmdId method identity as verified 26105 anchor + mov ax, imm16; ret"
7265,DBIBDHGGFAJ,47101,0xAFE8790,AEGNNPENLNM,mov-ax-imm16-ret,static-candidate,"same 7.1 GetCmdId method identity as verified 26105 anchor + mov ax, imm16; ret"
7266,FAOBJOKIAMH,47591,0x7F7A4A0,AEGNNPENLNM,mov-ax-imm16-ret,static-candidate,"same 7.1 GetCmdId method identity as verified 26105 anchor + mov ax, imm16; ret"
7272,PDHJMJJLFDP,77777,0xF490360,AEGNNPENLNM,mov-ax-imm16-ret,static-candidate,"same 7.1 GetCmdId method identity as verified 26105 anchor + mov ax, imm16; ret"
7277,JIHKPMDBGEM,83032,0x7693140,AEGNNPENLNM,mov-ax-imm16-ret,static-candidate,"same 7.1 GetCmdId method identity as verified 26105 anchor + mov ax, imm16; ret"
7280,EFGMLCCHNAN,33030,0x125BCBB0,AEGNNPENLNM,mov-ax-imm16-ret,static-candidate,"same 7.1 GetCmdId method identity as verified 26105 anchor + mov ax, imm16; ret"
7282,KAEKKDBAMNO,20336,0x11F0FAD0,AEGNNPENLNM,mov-ax-imm16-ret,static-candidate,"same 7.1 GetCmdId method identity as verified 26105 anchor + mov ax, imm16; ret"
7288,BHOEGLPBOND,45830,0x1238D340,AEGNNPENLNM,mov-ax-imm16-ret,static-candidate,"same 7.1 GetCmdId method identity as verified 26105 anchor + mov ax, imm16; ret"
7292,KDFIPMOOINM,13845,0x7728C90,AEGNNPENLNM,mov-ax-imm16-ret,static-candidate,"same 7.1 GetCmdId method identity as verified 26105 anchor + mov ax, imm16; ret"
7294,FDEDFDHHGID,54804,0x103ABEE0,AEGNNPENLNM,mov-ax-imm16-ret,static-candidate,"same 7.1 GetCmdId method identity as verified 26105 anchor + mov ax, imm16; ret"
7302,HBMHJBKBDIP,52612,0xBE69580,AEGNNPENLNM,mov-ax-imm16-ret,static-candidate,"same 7.1 GetCmdId method identity as verified 26105 anchor + mov ax, imm16; ret"
7308,MKBIDJFANCJ,35973,0x845CEE0,AEGNNPENLNM,mov-ax-imm16-ret,static-candidate,"same 7.1 GetCmdId method identity as verified 26105 anchor + mov ax, imm16; ret"
7315,PNNFECAPCNM,30958,0x10182990,AEGNNPENLNM,mov-ax-imm16-ret,static-candidate,"same 7.1 GetCmdId method identity as verified 26105 anchor + mov ax, imm16; ret"
7320,BMHFIPNMOEK,32693,0xF29CA40,AEGNNPENLNM,mov-ax-imm16-ret,static-candidate,"same 7.1 GetCmdId method identity as verified 26105 anchor + mov ax, imm16; ret"
7321,OMHILMLENCC,32366,0x93AEF70,AEGNNPENLNM,mov-ax-imm16-ret,static-candidate,"same 7.1 GetCmdId method identity as verified 26105 anchor + mov ax, imm16; ret"
7329,HILDGHLGIPD,56234,0xA68A880,AEGNNPENLNM,mov-ax-imm16-ret,static-candidate,"same 7.1 GetCmdId method identity as verified 26105 anchor + mov ax, imm16; ret"
7332,JLDLJIMPEPH,53043,0xA8FE1F0,AEGNNPENLNM,mov-ax-imm16-ret,static-candidate,"same 7.1 GetCmdId method identity as verified 26105 anchor + mov ax, imm16; ret"
7335,LDBGBKNNBLK,36573,0x107E2490,AEGNNPENLNM,mov-ax-imm16-ret,static-candidate,"same 7.1 GetCmdId method identity as verified 26105 anchor + mov ax, imm16; ret"
7351,OOPEGLNHMMG,29645,0xE7A6320,AEGNNPENLNM,mov-ax-imm16-ret,static-candidate,"same 7.1 GetCmdId method identity as verified 26105 anchor + mov ax, imm16; ret"
7364,DLPPGFIFFGE,69666,0x12580D20,AEGNNPENLNM,mov-ax-imm16-ret,static-candidate,"same 7.1 GetCmdId method identity as verified 26105 anchor + mov ax, imm16; ret"
7378,BHIODBEOIIG,53465,0x113BD8A0,AEGNNPENLNM,mov-ax-imm16-ret,static-candidate,"same 7.1 GetCmdId method identity as verified 26105 anchor + mov ax, imm16; ret"
7382,JGDMGEMEIAH,48515,0x11ECC8B0,AEGNNPENLNM,mov-ax-imm16-ret,static-candidate,"same 7.1 GetCmdId method identity as verified 26105 anchor + mov ax, imm16; ret"
7385,OBONAMCMKFE,46580,0x11732420,AEGNNPENLNM,mov-ax-imm16-ret,static-candidate,"same 7.1 GetCmdId method identity as verified 26105 anchor + mov ax, imm16; ret"
7392,BODMENFBDFC,13271,0x1330C870,AEGNNPENLNM,mov-ax-imm16-ret,static-candidate,"same 7.1 GetCmdId method identity as verified 26105 anchor + mov ax, imm16; ret"
7393,EPJHNHIINIM,15586,0xA241230,AEGNNPENLNM,mov-ax-imm16-ret,static-candidate,"same 7.1 GetCmdId method identity as verified 26105 anchor + mov ax, imm16; ret"
7399,IAJEDJAHMII,74426,0x7549470,AEGNNPENLNM,mov-ax-imm16-ret,static-candidate,"same 7.1 GetCmdId method identity as verified 26105 anchor + mov ax, imm16; ret"
7401,EHDGHBNNKJB,74515,0xEA2E720,AEGNNPENLNM,mov-ax-imm16-ret,static-candidate,"same 7.1 GetCmdId method identity as verified 26105 anchor + mov ax, imm16; ret"
7402,IHMDBCLBKFJ,86113,0x137074B0,AEGNNPENLNM,mov-ax-imm16-ret,static-candidate,"same 7.1 GetCmdId method identity as verified 26105 anchor + mov ax, imm16; ret"
7404,MBMMIABBKMI,82213,0xF15D2F0,AEGNNPENLNM,mov-ax-imm16-ret,static-candidate,"same 7.1 GetCmdId method identity as verified 26105 anchor + mov ax, imm16; ret"
7407,ECNHECOJPAF,23027,0xA19BD00,AEGNNPENLNM,mov-ax-imm16-ret,static-candidate,"same 7.1 GetCmdId method identity as verified 26105 anchor + mov ax, imm16; ret"
7413,HKGMNPDLDMN,42374,0x98DFE50,AEGNNPENLNM,mov-ax-imm16-ret,static-candidate,"same 7.1 GetCmdId method identity as verified 26105 anchor + mov ax, imm16; ret"
7414,AKGJNAHCPFP,88324,0x10FBB080,AEGNNPENLNM,mov-ax-imm16-ret,static-candidate,"same 7.1 GetCmdId method identity as verified 26105 anchor + mov ax, imm16; ret"
7417,OLHIBEGOFBC,60079,0x10B7C8A0,AEGNNPENLNM,mov-ax-imm16-ret,static-candidate,"same 7.1 GetCmdId method identity as verified 26105 anchor + mov ax, imm16; ret"
7428,IBDBOLMCNJI,63377,0x12A531A0,AEGNNPENLNM,mov-ax-imm16-ret,static-candidate,"same 7.1 GetCmdId method identity as verified 26105 anchor + mov ax, imm16; ret"
7433,BKNDGNNGHKO,88414,0x92430B0,AEGNNPENLNM,mov-ax-imm16-ret,static-candidate,"same 7.1 GetCmdId method identity as verified 26105 anchor + mov ax, imm16; ret"
7435,OAMNGDGPLEK,54657,0x8645E10,AEGNNPENLNM,mov-ax-imm16-ret,static-candidate,"same 7.1 GetCmdId method identity as verified 26105 anchor + mov ax, imm16; ret"
7437,AHNHLAJFPFO,36061,0xF7B6580,AEGNNPENLNM,mov-ax-imm16-ret,static-candidate,"same 7.1 GetCmdId method identity as verified 26105 anchor + mov ax, imm16; ret"
7445,HDMEPOOOFEE,61237,0x11C86D60,AEGNNPENLNM,mov-ax-imm16-ret,static-candidate,"same 7.1 GetCmdId method identity as verified 26105 anchor + mov ax, imm16; ret"
7459,NADEKMKGAKF,19224,0x85CA410,AEGNNPENLNM,mov-ax-imm16-ret,static-candidate,"same 7.1 GetCmdId method identity as verified 26105 anchor + mov ax, imm16; ret"
7462,MIBBBPCJEJC,24862,0x12D3B8A0,AEGNNPENLNM,mov-ax-imm16-ret,static-candidate,"same 7.1 GetCmdId method identity as verified 26105 anchor + mov ax, imm16; ret"
7466,DOAICPJFFCL,21837,0xC894EB0,AEGNNPENLNM,mov-ax-imm16-ret,static-candidate,"same 7.1 GetCmdId method identity as verified 26105 anchor + mov ax, imm16; ret"
7475,LNNLMJBFMLP,53025,0x12CEF300,AEGNNPENLNM,mov-ax-imm16-ret,static-candidate,"same 7.1 GetCmdId method identity as verified 26105 anchor + mov ax, imm16; ret"
7476,GMMBNHGFOPA,57822,0x11C27860,AEGNNPENLNM,mov-ax-imm16-ret,static-candidate,"same 7.1 GetCmdId method identity as verified 26105 anchor + mov ax, imm16; ret"
7487,ABEJFGAPANH,15575,0xA307180,AEGNNPENLNM,mov-ax-imm16-ret,static-candidate,"same 7.1 GetCmdId method identity as verified 26105 anchor + mov ax, imm16; ret"
7494,PHLFHDCMOJE,43245,0xB9778F0,AEGNNPENLNM,mov-ax-imm16-ret,static-candidate,"same 7.1 GetCmdId method identity as verified 26105 anchor + mov ax, imm16; ret"
7497,AIDMHLODAEN,85497,0xB118EF0,AEGNNPENLNM,mov-ax-imm16-ret,static-candidate,"same 7.1 GetCmdId method identity as verified 26105 anchor + mov ax, imm16; ret"
7500,NGIOGDNFOGM,69441,0x92D4950,AEGNNPENLNM,mov-ax-imm16-ret,static-candidate,"same 7.1 GetCmdId method identity as verified 26105 anchor + mov ax, imm16; ret"
7502,PPMAKFAIFKH,21479,0xB9C4010,AEGNNPENLNM,mov-ax-imm16-ret,static-candidate,"same 7.1 GetCmdId method identity as verified 26105 anchor + mov ax, imm16; ret"
7504,CNKAFPJFLAN,36817,0x133CAA80,AEGNNPENLNM,mov-ax-imm16-ret,static-candidate,"same 7.1 GetCmdId method identity as verified 26105 anchor + mov ax, imm16; ret"
7509,FLBHPFMAIFF,61104,0xBD81530,AEGNNPENLNM,mov-ax-imm16-ret,static-candidate,"same 7.1 GetCmdId method identity as verified 26105 anchor + mov ax, imm16; ret"
7515,JBCCBIJAMEC,40424,0x9A518B0,AEGNNPENLNM,mov-ax-imm16-ret,static-candidate,"same 7.1 GetCmdId method identity as verified 26105 anchor + mov ax, imm16; ret"
7520,NKHGFCGANDM,60851,0xFF9FFC0,AEGNNPENLNM,mov-ax-imm16-ret,static-candidate,"same 7.1 GetCmdId method identity as verified 26105 anchor + mov ax, imm16; ret"
7526,CHBDEPPIOOG,24243,0xE845B00,AEGNNPENLNM,mov-ax-imm16-ret,static-candidate,"same 7.1 GetCmdId method identity as verified 26105 anchor + mov ax, imm16; ret"
7534,FCHMLIIONLK,72930,0x1100A910,AEGNNPENLNM,mov-ax-imm16-ret,static-candidate,"same 7.1 GetCmdId method identity as verified 26105 anchor + mov ax, imm16; ret"
7536,IOGLMHCHCFM,63206,0xFADF230,AEGNNPENLNM,mov-ax-imm16-ret,static-candidate,"same 7.1 GetCmdId method identity as verified 26105 anchor + mov ax, imm16; ret"
7538,MKPDJMDJAPJ,52524,0xFDBB030,AEGNNPENLNM,mov-ax-imm16-ret,static-candidate,"same 7.1 GetCmdId method identity as verified 26105 anchor + mov ax, imm16; ret"
7541,IPDAKDMKEJF,77869,0x1122F580,AEGNNPENLNM,mov-ax-imm16-ret,static-candidate,"same 7.1 GetCmdId method identity as verified 26105 anchor + mov ax, imm16; ret"
7542,FLHNCNKJLPI,82066,0xD4A5D10,AEGNNPENLNM,mov-ax-imm16-ret,static-candidate,"same 7.1 GetCmdId method identity as verified 26105 anchor + mov ax, imm16; ret"
7547,LIFJELNKAGF,65367,0xE4B8A20,AEGNNPENLNM,mov-ax-imm16-ret,static-candidate,"same 7.1 GetCmdId method identity as verified 26105 anchor + mov ax, imm16; ret"
7551,KDKIHMDONCG,52525,0xB426650,AEGNNPENLNM,mov-ax-imm16-ret,static-candidate,"same 7.1 GetCmdId method identity as verified 26105 anchor + mov ax, imm16; ret"
7553,GJBINIKDOLI,80102,0x110C3E20,AEGNNPENLNM,mov-ax-imm16-ret,static-candidate,"same 7.1 GetCmdId method identity as verified 26105 anchor + mov ax, imm16; ret"
7564,LBKHBDCMPBD,53827,0xE403FF0,AEGNNPENLNM,mov-ax-imm16-ret,static-candidate,"same 7.1 GetCmdId method identity as verified 26105 anchor + mov ax, imm16; ret"
7573,ANJANPPOELM,17162,0x7F029F0,AEGNNPENLNM,mov-ax-imm16-ret,static-candidate,"same 7.1 GetCmdId method identity as verified 26105 anchor + mov ax, imm16; ret"
7577,IKAGDOMIJPH,21183,0xCC04BC0,AEGNNPENLNM,mov-ax-imm16-ret,static-candidate,"same 7.1 GetCmdId method identity as verified 26105 anchor + mov ax, imm16; ret"
7578,NGKKMGAEOAM,54794,0x10AE5210,AEGNNPENLNM,mov-ax-imm16-ret,static-candidate,"same 7.1 GetCmdId method identity as verified 26105 anchor + mov ax, imm16; ret"
7584,LEGFENKCFNI,57831,0x12C8AA20,AEGNNPENLNM,mov-ax-imm16-ret,static-candidate,"same 7.1 GetCmdId method identity as verified 26105 anchor + mov ax, imm16; ret"
7586,KFNNMKIAGPI,32497,0x10743E20,AEGNNPENLNM,mov-ax-imm16-ret,static-candidate,"same 7.1 GetCmdId method identity as verified 26105 anchor + mov ax, imm16; ret"
7588,LKCKGKJKPGG,65015,0x83CB0C0,AEGNNPENLNM,mov-ax-imm16-ret,static-candidate,"same 7.1 GetCmdId method identity as verified 26105 anchor + mov ax, imm16; ret"
7589,INLMDBGAEOL,56068,0x99ED830,AEGNNPENLNM,mov-ax-imm16-ret,static-candidate,"same 7.1 GetCmdId method identity as verified 26105 anchor + mov ax, imm16; ret"
7590,AKKCMFBMNEC,54492,0x8A992C0,AEGNNPENLNM,mov-ax-imm16-ret,static-candidate,"same 7.1 GetCmdId method identity as verified 26105 anchor + mov ax, imm16; ret"
7599,KDGBGPIMDGE,17409,0x13849A40,AEGNNPENLNM,mov-ax-imm16-ret,static-candidate,"same 7.1 GetCmdId method identity as verified 26105 anchor + mov ax, imm16; ret"
7609,ADBHDELBAHI,88085,0x96A61B0,AEGNNPENLNM,mov-ax-imm16-ret,static-candidate,"same 7.1 GetCmdId method identity as verified 26105 anchor + mov ax, imm16; ret"
7611,FBGEJPIAGHF,48356,0xA2675D0,AEGNNPENLNM,mov-ax-imm16-ret,static-candidate,"same 7.1 GetCmdId method identity as verified 26105 anchor + mov ax, imm16; ret"
7613,HBAKNGDBHHP,61626,0x13626990,AEGNNPENLNM,mov-ax-imm16-ret,static-candidate,"same 7.1 GetCmdId method identity as verified 26105 anchor + mov ax, imm16; ret"
7618,OOIEDGLPFPK,67223,0x13D99570,AEGNNPENLNM,mov-ax-imm16-ret,static-candidate,"same 7.1 GetCmdId method identity as verified 26105 anchor + mov ax, imm16; ret"
7619,HDJCJNGKIJH,65827,0xBE7B520,AEGNNPENLNM,mov-ax-imm16-ret,static-candidate,"same 7.1 GetCmdId method identity as verified 26105 anchor + mov ax, imm16; ret"
7620,BKBFIBOPNGB,81330,0x12B58E00,AEGNNPENLNM,mov-ax-imm16-ret,static-candidate,"same 7.1 GetCmdId method identity as verified 26105 anchor + mov ax, imm16; ret"
7621,ABHEHFALLDO,20719,0x1344B500,AEGNNPENLNM,mov-ax-imm16-ret,static-candidate,"same 7.1 GetCmdId method identity as verified 26105 anchor + mov ax, imm16; ret"
7622,EHKKAAPMFAM,51426,0x9648E00,AEGNNPENLNM,mov-ax-imm16-ret,static-candidate,"same 7.1 GetCmdId method identity as verified 26105 anchor + mov ax, imm16; ret"
7623,IBCKFAJINMJ,43043,0x8D4C9A0,AEGNNPENLNM,mov-ax-imm16-ret,static-candidate,"same 7.1 GetCmdId method identity as verified 26105 anchor + mov ax, imm16; ret"
7626,KGANBHICCNK,76349,0xB43E8F0,AEGNNPENLNM,mov-ax-imm16-ret,static-candidate,"same 7.1 GetCmdId method identity as verified 26105 anchor + mov ax, imm16; ret"
7631,HNANMMICJLC,59195,0x11182590,AEGNNPENLNM,mov-ax-imm16-ret,static-candidate,"same 7.1 GetCmdId method identity as verified 26105 anchor + mov ax, imm16; ret"
7634,JLFHDCAKFAG,85746,0x8F41D90,AEGNNPENLNM,mov-ax-imm16-ret,static-candidate,"same 7.1 GetCmdId method identity as verified 26105 anchor + mov ax, imm16; ret"
7636,HGAFPHEAIOK,46021,0xBE95BB0,AEGNNPENLNM,mov-ax-imm16-ret,static-candidate,"same 7.1 GetCmdId method identity as verified 26105 anchor + mov ax, imm16; ret"
7638,MBABEMAMDEM,33775,0xB584BD0,AEGNNPENLNM,mov-ax-imm16-ret,static-candidate,"same 7.1 GetCmdId method identity as verified 26105 anchor + mov ax, imm16; ret"
7639,JBOCIHDOJLE,54489,0x9A58790,AEGNNPENLNM,mov-ax-imm16-ret,static-candidate,"same 7.1 GetCmdId method identity as verified 26105 anchor + mov ax, imm16; ret"
7640,EONBIFEKNGF,60236,0xD422B20,AEGNNPENLNM,mov-ax-imm16-ret,static-candidate,"same 7.1 GetCmdId method identity as verified 26105 anchor + mov ax, imm16; ret"
7643,PIAIEHDFJMN,82179,0xAE050E0,AEGNNPENLNM,mov-ax-imm16-ret,static-candidate,"same 7.1 GetCmdId method identity as verified 26105 anchor + mov ax, imm16; ret"
7645,KLHLECBLJBC,30457,0x11F721A0,AEGNNPENLNM,mov-ax-imm16-ret,static-candidate,"same 7.1 GetCmdId method identity as verified 26105 anchor + mov ax, imm16; ret"
7646,JNLMKKANIHB,63266,0x10708F00,AEGNNPENLNM,mov-ax-imm16-ret,static-candidate,"same 7.1 GetCmdId method identity as verified 26105 anchor + mov ax, imm16; ret"
7648,JDJCOBGNFKJ,86323,0xA8AA6F0,AEGNNPENLNM,mov-ax-imm16-ret,static-candidate,"same 7.1 GetCmdId method identity as verified 26105 anchor + mov ax, imm16; ret"
7649,HECGHHCMEJL,79861,0xB213BB0,AEGNNPENLNM,mov-ax-imm16-ret,static-candidate,"same 7.1 GetCmdId method identity as verified 26105 anchor + mov ax, imm16; ret"
7654,CHNNCDCMMHJ,21494,0x101FA330,AEGNNPENLNM,mov-ax-imm16-ret,static-candidate,"same 7.1 GetCmdId method identity as verified 26105 anchor + mov ax, imm16; ret"
7656,GPGGINPFCON,78400,0x7462870,AEGNNPENLNM,mov-ax-imm16-ret,static-candidate,"same 7.1 GetCmdId method identity as verified 26105 anchor + mov ax, imm16; ret"
7661,CGLONNKLMCD,54589,0x10C5FE10,AEGNNPENLNM,mov-ax-imm16-ret,static-candidate,"same 7.1 GetCmdId method identity as verified 26105 anchor + mov ax, imm16; ret"
7662,GNMOGMIGELJ,32891,0x105071A0,AEGNNPENLNM,mov-ax-imm16-ret,static-candidate,"same 7.1 GetCmdId method identity as verified 26105 anchor + mov ax, imm16; ret"
7664,MACPHEMDOIA,11862,0x120AE4E0,AEGNNPENLNM,mov-ax-imm16-ret,static-candidate,"same 7.1 GetCmdId method identity as verified 26105 anchor + mov ax, imm16; ret"
7666,CIHPNBFGCMH,64827,0x133A1940,AEGNNPENLNM,mov-ax-imm16-ret,static-candidate,"same 7.1 GetCmdId method identity as verified 26105 anchor + mov ax, imm16; ret"
7669,GENAJPBFAPN,13898,0xA530740,AEGNNPENLNM,mov-ax-imm16-ret,static-candidate,"same 7.1 GetCmdId method identity as verified 26105 anchor + mov ax, imm16; ret"
7670,NOPAKMFJHJD,44796,0x10B2A330,AEGNNPENLNM,mov-ax-imm16-ret,static-candidate,"same 7.1 GetCmdId method identity as verified 26105 anchor + mov ax, imm16; ret"
7672,LNOHNMFIFJO,21851,0xE4E6B10,AEGNNPENLNM,mov-ax-imm16-ret,static-candidate,"same 7.1 GetCmdId method identity as verified 26105 anchor + mov ax, imm16; ret"
7675,GBMLINIIJNH,58293,0x8BD98A0,AEGNNPENLNM,mov-ax-imm16-ret,static-candidate,"same 7.1 GetCmdId method identity as verified 26105 anchor + mov ax, imm16; ret"
7676,NHNMLJHPMNC,19110,0xFF83E80,AEGNNPENLNM,mov-ax-imm16-ret,static-candidate,"same 7.1 GetCmdId method identity as verified 26105 anchor + mov ax, imm16; ret"
7677,JDEKLCPKDID,13049,0x9A62070,AEGNNPENLNM,mov-ax-imm16-ret,static-candidate,"same 7.1 GetCmdId method identity as verified 26105 anchor + mov ax, imm16; ret"
7679,LFAGJFDFKLJ,82210,0x12C8C3A0,AEGNNPENLNM,mov-ax-imm16-ret,static-candidate,"same 7.1 GetCmdId method identity as verified 26105 anchor + mov ax, imm16; ret"
7680,ANGIHLNILDK,41733,0x134C6390,AEGNNPENLNM,mov-ax-imm16-ret,static-candidate,"same 7.1 GetCmdId method identity as verified 26105 anchor + mov ax, imm16; ret"
7684,MPPNENILOGE,25542,0x13A97B00,AEGNNPENLNM,mov-ax-imm16-ret,static-candidate,"same 7.1 GetCmdId method identity as verified 26105 anchor + mov ax, imm16; ret"
7688,NOBGCLMKKEN,48494,0x9EDADA0,AEGNNPENLNM,mov-ax-imm16-ret,static-candidate,"same 7.1 GetCmdId method identity as verified 26105 anchor + mov ax, imm16; ret"
7692,AFHGLDANNLE,24341,0x96B0B80,AEGNNPENLNM,mov-ax-imm16-ret,static-candidate,"same 7.1 GetCmdId method identity as verified 26105 anchor + mov ax, imm16; ret"
7694,HPCBDBLHJAP,75224,0xEDE66D0,AEGNNPENLNM,mov-ax-imm16-ret,static-candidate,"same 7.1 GetCmdId method identity as verified 26105 anchor + mov ax, imm16; ret"
7697,NAMOFOLPHBE,83808,0xFF48A40,AEGNNPENLNM,mov-ax-imm16-ret,static-candidate,"same 7.1 GetCmdId method identity as verified 26105 anchor + mov ax, imm16; ret"
7698,PLHCECNJAMC,87606,0xF4E6840,AEGNNPENLNM,mov-ax-imm16-ret,static-candidate,"same 7.1 GetCmdId method identity as verified 26105 anchor + mov ax, imm16; ret"
7703,HNJFGJDJLKD,28079,0x80DD5D0,AEGNNPENLNM,mov-ax-imm16-ret,static-candidate,"same 7.1 GetCmdId method identity as verified 26105 anchor + mov ax, imm16; ret"
7704,FPIENHJGEBO,34127,0x800B3B0,AEGNNPENLNM,mov-ax-imm16-ret,static-candidate,"same 7.1 GetCmdId method identity as verified 26105 anchor + mov ax, imm16; ret"
7720,IADOCEOBOGI,59606,0x105ADAD0,AEGNNPENLNM,mov-ax-imm16-ret,static-candidate,"same 7.1 GetCmdId method identity as verified 26105 anchor + mov ax, imm16; ret"
7723,OAPIFCDPFEP,45890,0x9F03FB0,AEGNNPENLNM,mov-ax-imm16-ret,static-candidate,"same 7.1 GetCmdId method identity as verified 26105 anchor + mov ax, imm16; ret"
7726,EEKNCOLBOCJ,80848,0xB0A9090,AEGNNPENLNM,mov-ax-imm16-ret,static-candidate,"same 7.1 GetCmdId method identity as verified 26105 anchor + mov ax, imm16; ret"
7730,CPPHOEGLLHD,49213,0x10D75620,AEGNNPENLNM,mov-ax-imm16-ret,static-candidate,"same 7.1 GetCmdId method identity as verified 26105 anchor + mov ax, imm16; ret"
7732,FPLNPPJLKBK,28426,0xD5BEE20,AEGNNPENLNM,mov-ax-imm16-ret,static-candidate,"same 7.1 GetCmdId method identity as verified 26105 anchor + mov ax, imm16; ret"
7734,LPIELGNHGGN,58264,0xFD5F020,AEGNNPENLNM,mov-ax-imm16-ret,static-candidate,"same 7.1 GetCmdId method identity as verified 26105 anchor + mov ax, imm16; ret"
7739,HDMFLGEPJOK,35528,0xB20DB80,AEGNNPENLNM,mov-ax-imm16-ret,static-candidate,"same 7.1 GetCmdId method identity as verified 26105 anchor + mov ax, imm16; ret"
7750,ECFLBJIONFG,84171,0x125A5630,AEGNNPENLNM,mov-ax-imm16-ret,static-candidate,"same 7.1 GetCmdId method identity as verified 26105 anchor + mov ax, imm16; ret"
7754,KOBNCAMEOCK,40062,0x1079EE00,AEGNNPENLNM,mov-ax-imm16-ret,static-candidate,"same 7.1 GetCmdId method identity as verified 26105 anchor + mov ax, imm16; ret"
7756,ACLGNLFJJJO,40789,0x10F69DD0,AEGNNPENLNM,mov-ax-imm16-ret,static-candidate,"same 7.1 GetCmdId method identity as verified 26105 anchor + mov ax, imm16; ret"
7758,PNOOOFMADKF,26364,0xD274C30,AEGNNPENLNM,mov-ax-imm16-ret,static-candidate,"same 7.1 GetCmdId method identity as verified 26105 anchor + mov ax, imm16; ret"
7777,ALJNCBCLPLL,77789,0xC9B4330,AEGNNPENLNM,mov-ax-imm16-ret,static-candidate,"same 7.1 GetCmdId method identity as verified 26105 anchor + mov ax, imm16; ret"
7778,LHCLLLAMEME,84657,0xFD1EC40,AEGNNPENLNM,mov-ax-imm16-ret,static-candidate,"same 7.1 GetCmdId method identity as verified 26105 anchor + mov ax, imm16; ret"
7780,LJENKNIDPOB,45916,0xF0F19E0,AEGNNPENLNM,mov-ax-imm16-ret,static-candidate,"same 7.1 GetCmdId method identity as verified 26105 anchor + mov ax, imm16; ret"
7788,LCLAHIGLAME,52106,0x107DD480,AEGNNPENLNM,mov-ax-imm16-ret,static-candidate,"same 7.1 GetCmdId method identity as verified 26105 anchor + mov ax, imm16; ret"
7789,PAEGLNCJKBJ,15817,0x9FE8C70,AEGNNPENLNM,mov-ax-imm16-ret,static-candidate,"same 7.1 GetCmdId method identity as verified 26105 anchor + mov ax, imm16; ret"
7815,BCEONCLPEFB,18984,0xC068CA0,AEGNNPENLNM,mov-ax-imm16-ret,static-candidate,"same 7.1 GetCmdId method identity as verified 26105 anchor + mov ax, imm16; ret"
7818,NBJKEPEECGH,59855,0xD029B20,AEGNNPENLNM,mov-ax-imm16-ret,static-candidate,"same 7.1 GetCmdId method identity as verified 26105 anchor + mov ax, imm16; ret"
7819,BHABCLEFMOD,21868,0xFBFDA20,AEGNNPENLNM,mov-ax-imm16-ret,static-candidate,"same 7.1 GetCmdId method identity as verified 26105 anchor + mov ax, imm16; ret"
7828,PFBNGADHOPO,20881,0x8763320,AEGNNPENLNM,mov-ax-imm16-ret,static-candidate,"same 7.1 GetCmdId method identity as verified 26105 anchor + mov ax, imm16; ret"
7829,GBNMIEPPHIK,33410,0x979D910,AEGNNPENLNM,mov-ax-imm16-ret,static-candidate,"same 7.1 GetCmdId method identity as verified 26105 anchor + mov ax, imm16; ret"
7830,PCHDJMDOHKG,72595,0xB8E0230,AEGNNPENLNM,mov-ax-imm16-ret,static-candidate,"same 7.1 GetCmdId method identity as verified 26105 anchor + mov ax, imm16; ret"
7831,DAIKEAPCBDL,87605,0x133F79A0,AEGNNPENLNM,mov-ax-imm16-ret,static-candidate,"same 7.1 GetCmdId method identity as verified 26105 anchor + mov ax, imm16; ret"
7838,GOGFNPPFHON,67194,0x745E250,AEGNNPENLNM,mov-ax-imm16-ret,static-candidate,"same 7.1 GetCmdId method identity as verified 26105 anchor + mov ax, imm16; ret"
7845,BENIAPLEJKK,71724,0xAEC7060,AEGNNPENLNM,mov-ax-imm16-ret,static-candidate,"same 7.1 GetCmdId method identity as verified 26105 anchor + mov ax, imm16; ret"
7851,PHHAPOBMANG,60208,0xADFF840,AEGNNPENLNM,mov-ax-imm16-ret,static-candidate,"same 7.1 GetCmdId method identity as verified 26105 anchor + mov ax, imm16; ret"
7852,KGDFKFPKDLA,23252,0x82A4670,AEGNNPENLNM,mov-ax-imm16-ret,static-candidate,"same 7.1 GetCmdId method identity as verified 26105 anchor + mov ax, imm16; ret"
7854,GLNGBICHKME,26463,0xA5831E0,AEGNNPENLNM,mov-ax-imm16-ret,static-candidate,"same 7.1 GetCmdId method identity as verified 26105 anchor + mov ax, imm16; ret"
7858,LMFAMOHINLL,23477,0xF105010,AEGNNPENLNM,mov-ax-imm16-ret,static-candidate,"same 7.1 GetCmdId method identity as verified 26105 anchor + mov ax, imm16; ret"
7862,BLGPCHNLNNH,46418,0x12B613D0,AEGNNPENLNM,mov-ax-imm16-ret,static-candidate,"same 7.1 GetCmdId method identity as verified 26105 anchor + mov ax, imm16; ret"
7867,BCPFLFHJJJF,72569,0xD5520E0,AEGNNPENLNM,mov-ax-imm16-ret,static-candidate,"same 7.1 GetCmdId method identity as verified 26105 anchor + mov ax, imm16; ret"
7869,FKMCMNKHJKI,29780,0x8B9F7E0,AEGNNPENLNM,mov-ax-imm16-ret,static-candidate,"same 7.1 GetCmdId method identity as verified 26105 anchor + mov ax, imm16; ret"
7886,PGLLAAOCNDE,60393,0x8770470,AEGNNPENLNM,mov-ax-imm16-ret,static-candidate,"same 7.1 GetCmdId method identity as verified 26105 anchor + mov ax, imm16; ret"
7902,KENKIODOMCH,18793,0xEFE4410,AEGNNPENLNM,mov-ax-imm16-ret,static-candidate,"same 7.1 GetCmdId method identity as verified 26105 anchor + mov ax, imm16; ret"
7905,EEPPPGINPFI,75870,0x125BA3C0,AEGNNPENLNM,mov-ax-imm16-ret,static-candidate,"same 7.1 GetCmdId method identity as verified 26105 anchor + mov ax, imm16; ret"
7910,ILPBIBNCBBD,85883,0x8DBDBE0,AEGNNPENLNM,mov-ax-imm16-ret,static-candidate,"same 7.1 GetCmdId method identity as verified 26105 anchor + mov ax, imm16; ret"
7912,GADDAPABHPM,44367,0xA4F96C0,AEGNNPENLNM,mov-ax-imm16-ret,static-candidate,"same 7.1 GetCmdId method identity as verified 26105 anchor + mov ax, imm16; ret"
7913,EPMKKDKPCHB,88853,0xF747690,AEGNNPENLNM,mov-ax-imm16-ret,static-candidate,"same 7.1 GetCmdId method identity as verified 26105 anchor + mov ax, imm16; ret"
7915,BJFOLACFLPH,65649,0x1085B3A0,AEGNNPENLNM,mov-ax-imm16-ret,static-candidate,"same 7.1 GetCmdId method identity as verified 26105 anchor + mov ax, imm16; ret"
7916,OKHABLGHMDH,20487,0x13D6DFF0,AEGNNPENLNM,mov-ax-imm16-ret,static-candidate,"same 7.1 GetCmdId method identity as verified 26105 anchor + mov ax, imm16; ret"
7926,EMGJCNEPFLP,56042,0xA408330,AEGNNPENLNM,mov-ax-imm16-ret,static-candidate,"same 7.1 GetCmdId method identity as verified 26105 anchor + mov ax, imm16; ret"
7933,PHBPCODGBJC,72513,0xADF1030,AEGNNPENLNM,mov-ax-imm16-ret,static-candidate,"same 7.1 GetCmdId method identity as verified 26105 anchor + mov ax, imm16; ret"
7934,ICBGOALOGAC,83712,0x111B53D0,AEGNNPENLNM,mov-ax-imm16-ret,static-candidate,"same 7.1 GetCmdId method identity as verified 26105 anchor + mov ax, imm16; ret"
7935,FDBCMBAEIOG,40071,0x1100F910,AEGNNPENLNM,mov-ax-imm16-ret,static-candidate,"same 7.1 GetCmdId method identity as verified 26105 anchor + mov ax, imm16; ret"
7937,EGPLEOPCFPJ,83516,0x96284E0,AEGNNPENLNM,mov-ax-imm16-ret,static-candidate,"same 7.1 GetCmdId method identity as verified 26105 anchor + mov ax, imm16; ret"
7940,OBAKMAEIPCF,33510,0xC5D0B30,AEGNNPENLNM,mov-ax-imm16-ret,static-candidate,"same 7.1 GetCmdId method identity as verified 26105 anchor + mov ax, imm16; ret"
7942,FANKFMCMMCB,54123,0x1037D770,AEGNNPENLNM,mov-ax-imm16-ret,static-candidate,"same 7.1 GetCmdId method identity as verified 26105 anchor + mov ax, imm16; ret"
7945,NLGAPHPIFNB,70464,0xF36BE40,AEGNNPENLNM,mov-ax-imm16-ret,static-candidate,"same 7.1 GetCmdId method identity as verified 26105 anchor + mov ax, imm16; ret"
7949,IHHFCDPBPJP,25475,0xA702730,AEGNNPENLNM,mov-ax-imm16-ret,static-candidate,"same 7.1 GetCmdId method identity as verified 26105 anchor + mov ax, imm16; ret"
7961,EFJKADLDMBL,43850,0x14000D40,AEGNNPENLNM,mov-ax-imm16-ret,static-candidate,"same 7.1 GetCmdId method identity as verified 26105 anchor + mov ax, imm16; ret"
7962,NAHOGPHHHKP,26577,0xB756F90,AEGNNPENLNM,mov-ax-imm16-ret,static-candidate,"same 7.1 GetCmdId method identity as verified 26105 anchor + mov ax, imm16; ret"
7965,KIEPFKPJFIH,30993,0xFC73CF0,AEGNNPENLNM,mov-ax-imm16-ret,static-candidate,"same 7.1 GetCmdId method identity as verified 26105 anchor + mov ax, imm16; ret"
7969,OBFLHADCNIO,47509,0x7B757C0,AEGNNPENLNM,mov-ax-imm16-ret,static-candidate,"same 7.1 GetCmdId method identity as verified 26105 anchor + mov ax, imm16; ret"
7971,AOPHNKOIJLE,12043,0x970F770,AEGNNPENLNM,mov-ax-imm16-ret,static-candidate,"same 7.1 GetCmdId method identity as verified 26105 anchor + mov ax, imm16; ret"
7972,BAEPMAJIEHD,49207,0xB176490,AEGNNPENLNM,mov-ax-imm16-ret,static-candidate,"same 7.1 GetCmdId method identity as verified 26105 anchor + mov ax, imm16; ret"
7976,BGHDPNBLAAG,33057,0x9222C50,AEGNNPENLNM,mov-ax-imm16-ret,static-candidate,"same 7.1 GetCmdId method identity as verified 26105 anchor + mov ax, imm16; ret"
7981,EOJLDPONANP,78242,0x125E7E50,AEGNNPENLNM,mov-ax-imm16-ret,static-candidate,"same 7.1 GetCmdId method identity as verified 26105 anchor + mov ax, imm16; ret"
7986,HIPHDOEEMBA,29711,0xB243030,AEGNNPENLNM,mov-ax-imm16-ret,static-candidate,"same 7.1 GetCmdId method identity as verified 26105 anchor + mov ax, imm16; ret"
7988,KFOKOPNJGHK,28453,0xB4398F0,AEGNNPENLNM,mov-ax-imm16-ret,static-candidate,"same 7.1 GetCmdId method identity as verified 26105 anchor + mov ax, imm16; ret"
8001,NIHLHJOKKCB,75039,0x7B01DC0,AEGNNPENLNM,mov-ax-imm16-ret,static-candidate,"same 7.1 GetCmdId method identity as verified 26105 anchor + mov ax, imm16; ret"
8003,GFDLJECHCOO,61414,0x110A2790,AEGNNPENLNM,mov-ax-imm16-ret,static-candidate,"same 7.1 GetCmdId method identity as verified 26105 anchor + mov ax, imm16; ret"
8009,EJIOAGEKOBJ,68129,0x89B9720,AEGNNPENLNM,mov-ax-imm16-ret,static-candidate,"same 7.1 GetCmdId method identity as verified 26105 anchor + mov ax, imm16; ret"
8018,NNPPIBBDDFK,31290,0x130AAFC0,AEGNNPENLNM,mov-ax-imm16-ret,static-candidate,"same 7.1 GetCmdId method identity as verified 26105 anchor + mov ax, imm16; ret"
8020,AOMKDMOJEHO,84198,0x11BBF4F0,AEGNNPENLNM,mov-ax-imm16-ret,static-candidate,"same 7.1 GetCmdId method identity as verified 26105 anchor + mov ax, imm16; ret"
8033,JDGEKOLIKBP,38678,0xB381850,AEGNNPENLNM,mov-ax-imm16-ret,static-candidate,"same 7.1 GetCmdId method identity as verified 26105 anchor + mov ax, imm16; ret"
8036,NAGHGJIDNLD,65627,0xB756BE0,AEGNNPENLNM,mov-ax-imm16-ret,static-candidate,"same 7.1 GetCmdId method identity as verified 26105 anchor + mov ax, imm16; ret"
8039,EJOHDLGJDPJ,66968,0x14018620,AEGNNPENLNM,mov-ax-imm16-ret,static-candidate,"same 7.1 GetCmdId method identity as verified 26105 anchor + mov ax, imm16; ret"
8042,KFFAHBNHACE,51404,0x9BB0190,AEGNNPENLNM,mov-ax-imm16-ret,static-candidate,"same 7.1 GetCmdId method identity as verified 26105 anchor + mov ax, imm16; ret"
8051,IJFPLLPHCIG,88117,0x13718740,AEGNNPENLNM,mov-ax-imm16-ret,static-candidate,"same 7.1 GetCmdId method identity as verified 26105 anchor + mov ax, imm16; ret"
8054,JIKHNMMLMMH,69071,0x137E15A0,AEGNNPENLNM,mov-ax-imm16-ret,static-candidate,"same 7.1 GetCmdId method identity as verified 26105 anchor + mov ax, imm16; ret"
8056,CFEDMCCHIPB,22743,0x9F36120,AEGNNPENLNM,mov-ax-imm16-ret,static-candidate,"same 7.1 GetCmdId method identity as verified 26105 anchor + mov ax, imm16; ret"
8058,NKFGGNENCJG,79844,0xE6E84E0,AEGNNPENLNM,mov-ax-imm16-ret,static-candidate,"same 7.1 GetCmdId method identity as verified 26105 anchor + mov ax, imm16; ret"
8059,EHKMLNMLLOG,75927,0x728BAC0,AEGNNPENLNM,mov-ax-imm16-ret,static-candidate,"same 7.1 GetCmdId method identity as verified 26105 anchor + mov ax, imm16; ret"
8061,PAOCLKDLECO,31791,0x123E4E80,AEGNNPENLNM,mov-ax-imm16-ret,static-candidate,"same 7.1 GetCmdId method identity as verified 26105 anchor + mov ax, imm16; ret"
8063,JGIJBMBIOMN,65636,0x8E05290,AEGNNPENLNM,mov-ax-imm16-ret,static-candidate,"same 7.1 GetCmdId method identity as verified 26105 anchor + mov ax, imm16; ret"
8067,MCHIOMAOABO,33978,0x120C3170,AEGNNPENLNM,mov-ax-imm16-ret,static-candidate,"same 7.1 GetCmdId method identity as verified 26105 anchor + mov ax, imm16; ret"
8085,MAHFMBDHBAB,18627,0xFD64EE0,AEGNNPENLNM,mov-ax-imm16-ret,static-candidate,"same 7.1 GetCmdId method identity as verified 26105 anchor + mov ax, imm16; ret"
8094,PMPJDKPELOD,83750,0xC6E3270,AEGNNPENLNM,mov-ax-imm16-ret,static-candidate,"same 7.1 GetCmdId method identity as verified 26105 anchor + mov ax, imm16; ret"
8095,PBBJGBBFCBB,87235,0xADCB6A0,AEGNNPENLNM,mov-ax-imm16-ret,static-candidate,"same 7.1 GetCmdId method identity as verified 26105 anchor + mov ax, imm16; ret"
8097,GKGPILPHKMJ,28719,0x110CF110,AEGNNPENLNM,mov-ax-imm16-ret,static-candidate,"same 7.1 GetCmdId method identity as verified 26105 anchor + mov ax, imm16; ret"
8099,HEDCEHAAIFB,20177,0x1054C070,AEGNNPENLNM,mov-ax-imm16-ret,static-candidate,"same 7.1 GetCmdId method identity as verified 26105 anchor + mov ax, imm16; ret"
8101,AKFEOHAMFIG,69897,0xBC8D470,AEGNNPENLNM,mov-ax-imm16-ret,static-candidate,"same 7.1 GetCmdId method identity as verified 26105 anchor + mov ax, imm16; ret"
8105,EFPILLLHFJC,12632,0x727B1B0,AEGNNPENLNM,mov-ax-imm16-ret,static-candidate,"same 7.1 GetCmdId method identity as verified 26105 anchor + mov ax, imm16; ret"
8113,IKJBFENNIKH,18455,0xE2B6070,AEGNNPENLNM,mov-ax-imm16-ret,static-candidate,"same 7.1 GetCmdId method identity as verified 26105 anchor + mov ax, imm16; ret"
8117,ENICHDFAGJB,15922,0xA230780,AEGNNPENLNM,mov-ax-imm16-ret,static-candidate,"same 7.1 GetCmdId method identity as verified 26105 anchor + mov ax, imm16; ret"
8119,DDALMNPOCCO,57345,0x1027F8F0,AEGNNPENLNM,mov-ax-imm16-ret,static-candidate,"same 7.1 GetCmdId method identity as verified 26105 anchor + mov ax, imm16; ret"
8120,CJCMOOPLIBO,34370,0x124DE660,AEGNNPENLNM,mov-ax-imm16-ret,static-candidate,"same 7.1 GetCmdId method identity as verified 26105 anchor + mov ax, imm16; ret"
8123,BDOCOIPHBOE,81859,0x11FE3C90,AEGNNPENLNM,mov-ax-imm16-ret,static-candidate,"same 7.1 GetCmdId method identity as verified 26105 anchor + mov ax, imm16; ret"
8125,EKHINIFOCEO,36514,0x125D60B0,AEGNNPENLNM,mov-ax-imm16-ret,static-candidate,"same 7.1 GetCmdId method identity as verified 26105 anchor + mov ax, imm16; ret"
8126,JJBECCFMFIN,54117,0x821C920,AEGNNPENLNM,mov-ax-imm16-ret,static-candidate,"same 7.1 GetCmdId method identity as verified 26105 anchor + mov ax, imm16; ret"
8127,DAOKHKNKJIO,11997,0x1026E6A0,AEGNNPENLNM,mov-ax-imm16-ret,static-candidate,"same 7.1 GetCmdId method identity as verified 26105 anchor + mov ax, imm16; ret"
8129,OPBCMBIKELP,85710,0xADBEE60,AEGNNPENLNM,mov-ax-imm16-ret,static-candidate,"same 7.1 GetCmdId method identity as verified 26105 anchor + mov ax, imm16; ret"
8139,AEKKGHINNPI,78660,0xC971D30,AEGNNPENLNM,mov-ax-imm16-ret,static-candidate,"same 7.1 GetCmdId method identity as verified 26105 anchor + mov ax, imm16; ret"
8146,BBCEJADBOMI,69657,0xEE74F60,AEGNNPENLNM,mov-ax-imm16-ret,static-candidate,"same 7.1 GetCmdId method identity as verified 26105 anchor + mov ax, imm16; ret"
8151,KHOEGENMGCP,87495,0xFC6F540,AEGNNPENLNM,mov-ax-imm16-ret,static-candidate,"same 7.1 GetCmdId method identity as verified 26105 anchor + mov ax, imm16; ret"
8155,DEIPCLAJCGE,82502,0xF5F5340,AEGNNPENLNM,mov-ax-imm16-ret,static-candidate,"same 7.1 GetCmdId method identity as verified 26105 anchor + mov ax, imm16; ret"
8160,ICNMBCMJONP,40724,0x105E55D0,AEGNNPENLNM,mov-ax-imm16-ret,static-candidate,"same 7.1 GetCmdId method identity as verified 26105 anchor + mov ax, imm16; ret"
8172,MAIBLMOFJBP,36428,0x120B0C60,AEGNNPENLNM,mov-ax-imm16-ret,static-candidate,"same 7.1 GetCmdId method identity as verified 26105 anchor + mov ax, imm16; ret"
8175,AIKAOALKANH,68540,0xAB8D290,AEGNNPENLNM,mov-ax-imm16-ret,static-candidate,"same 7.1 GetCmdId method identity as verified 26105 anchor + mov ax, imm16; ret"
8177,PKIBMAKKPEE,55997,0xC6D0350,AEGNNPENLNM,mov-ax-imm16-ret,static-candidate,"same 7.1 GetCmdId method identity as verified 26105 anchor + mov ax, imm16; ret"
8181,NKLBOLHAFMB,68588,0x86149A0,AEGNNPENLNM,mov-ax-imm16-ret,static-candidate,"same 7.1 GetCmdId method identity as verified 26105 anchor + mov ax, imm16; ret"
8184,KLNFAFNPDBC,41781,0x8331C70,AEGNNPENLNM,mov-ax-imm16-ret,static-candidate,"same 7.1 GetCmdId method identity as verified 26105 anchor + mov ax, imm16; ret"
8186,GCABPICIIJB,56889,0xD5E3120,AEGNNPENLNM,mov-ax-imm16-ret,static-candidate,"same 7.1 GetCmdId method identity as verified 26105 anchor + mov ax, imm16; ret"
8198,PHDMJNBLNNC,86367,0x1240D6B0,AEGNNPENLNM,mov-ax-imm16-ret,static-candidate,"same 7.1 GetCmdId method identity as verified 26105 anchor + mov ax, imm16; ret"
8203,BMHLLILODNJ,29318,0x9266460,AEGNNPENLNM,mov-ax-imm16-ret,static-candidate,"same 7.1 GetCmdId method identity as verified 26105 anchor + mov ax, imm16; ret"
8213,IBIKCMLJLMO,55348,0xBF22C40,AEGNNPENLNM,mov-ax-imm16-ret,static-candidate,"same 7.1 GetCmdId method identity as verified 26105 anchor + mov ax, imm16; ret"
8223,LOGPEGIEACK,42197,0x83E84C0,AEGNNPENLNM,mov-ax-imm16-ret,static-candidate,"same 7.1 GetCmdId method identity as verified 26105 anchor + mov ax, imm16; ret"
8226,ALIJAPOFLCF,40819,0x8AA2AA0,AEGNNPENLNM,mov-ax-imm16-ret,static-candidate,"same 7.1 GetCmdId method identity as verified 26105 anchor + mov ax, imm16; ret"
8227,PGDALPGNGCA,57011,0xF49E0A0,AEGNNPENLNM,mov-ax-imm16-ret,static-candidate,"same 7.1 GetCmdId method identity as verified 26105 anchor + mov ax, imm16; ret"
8229,PEHMKBAFKNB,84406,0x13DB8AB0,AEGNNPENLNM,mov-ax-imm16-ret,static-candidate,"same 7.1 GetCmdId method identity as verified 26105 anchor + mov ax, imm16; ret"
8236,NENIGAOGGCB,80363,0x1227D1F0,AEGNNPENLNM,mov-ax-imm16-ret,static-candidate,"same 7.1 GetCmdId method identity as verified 26105 anchor + mov ax, imm16; ret"
8239,BLBIJPDBACI,46987,0x9244E30,AEGNNPENLNM,mov-ax-imm16-ret,static-candidate,"same 7.1 GetCmdId method identity as verified 26105 anchor + mov ax, imm16; ret"
8240,DKCLDLHPPHP,21219,0x10DCB220,AEGNNPENLNM,mov-ax-imm16-ret,static-candidate,"same 7.1 GetCmdId method identity as verified 26105 anchor + mov ax, imm16; ret"
8241,KBNKLANIHMP,81320,0x13843780,AEGNNPENLNM,mov-ax-imm16-ret,static-candidate,"same 7.1 GetCmdId method identity as verified 26105 anchor + mov ax, imm16; ret"
8243,GKBMPBJNLBF,33999,0xB1C95D0,AEGNNPENLNM,mov-ax-imm16-ret,static-candidate,"same 7.1 GetCmdId method identity as verified 26105 anchor + mov ax, imm16; ret"
8255,BIPKBPMFFKJ,40196,0xB5407D0,AEGNNPENLNM,mov-ax-imm16-ret,static-candidate,"same 7.1 GetCmdId method identity as verified 26105 anchor + mov ax, imm16; ret"
8256,KEGPAJLHAJB,81454,0x8F9B800,AEGNNPENLNM,mov-ax-imm16-ret,static-candidate,"same 7.1 GetCmdId method identity as verified 26105 anchor + mov ax, imm16; ret"
8258,BNHNEGBJCDB,41052,0x946D5F0,AEGNNPENLNM,mov-ax-imm16-ret,static-candidate,"same 7.1 GetCmdId method identity as verified 26105 anchor + mov ax, imm16; ret"
8259,IJKJNMDCJGI,73864,0x99C2200,AEGNNPENLNM,mov-ax-imm16-ret,static-candidate,"same 7.1 GetCmdId method identity as verified 26105 anchor + mov ax, imm16; ret"
8267,IPGCFIEHNCK,41561,0x76323B0,AEGNNPENLNM,mov-ax-imm16-ret,static-candidate,"same 7.1 GetCmdId method identity as verified 26105 anchor + mov ax, imm16; ret"
8281,IICGNHBPNKO,81841,0x99AFAD0,AEGNNPENLNM,mov-ax-imm16-ret,static-candidate,"same 7.1 GetCmdId method identity as verified 26105 anchor + mov ax, imm16; ret"
8283,LAAECPGDCPC,19016,0xB486220,AEGNNPENLNM,mov-ax-imm16-ret,static-candidate,"same 7.1 GetCmdId method identity as verified 26105 anchor + mov ax, imm16; ret"
8284,HOIKFJJIAFK,68559,0x9952510,AEGNNPENLNM,mov-ax-imm16-ret,static-candidate,"same 7.1 GetCmdId method identity as verified 26105 anchor + mov ax, imm16; ret"
8286,AGPCPFFOGON,24109,0x717F470,AEGNNPENLNM,mov-ax-imm16-ret,static-candidate,"same 7.1 GetCmdId method identity as verified 26105 anchor + mov ax, imm16; ret"
8291,GPNCMHOFODN,35893,0xBE46600,AEGNNPENLNM,mov-ax-imm16-ret,static-candidate,"same 7.1 GetCmdId method identity as verified 26105 anchor + mov ax, imm16; ret"
8294,LGGIFPOOHKK,52921,0xF0DA840,AEGNNPENLNM,mov-ax-imm16-ret,static-candidate,"same 7.1 GetCmdId method identity as verified 26105 anchor + mov ax, imm16; ret"
8298,BBIEKAKFPPI,62638,0x8E83510,AEGNNPENLNM,mov-ax-imm16-ret,static-candidate,"same 7.1 GetCmdId method identity as verified 26105 anchor + mov ax, imm16; ret"
8301,FIKNAMGKBML,43692,0x7FC1D80,AEGNNPENLNM,mov-ax-imm16-ret,static-candidate,"same 7.1 GetCmdId method identity as verified 26105 anchor + mov ax, imm16; ret"
8307,EPDOAJCGICO,49833,0x89F5120,AEGNNPENLNM,mov-ax-imm16-ret,static-candidate,"same 7.1 GetCmdId method identity as verified 26105 anchor + mov ax, imm16; ret"
8312,MAIMKDHLDLF,85535,0xF152E80,AEGNNPENLNM,mov-ax-imm16-ret,static-candidate,"same 7.1 GetCmdId method identity as verified 26105 anchor + mov ax, imm16; ret"
8313,OBMKLBMMBDD,87494,0x1230B5B0,AEGNNPENLNM,mov-ax-imm16-ret,static-candidate,"same 7.1 GetCmdId method identity as verified 26105 anchor + mov ax, imm16; ret"
8314,DJOABBEEDHK,69227,0xD379F10,AEGNNPENLNM,mov-ax-imm16-ret,static-candidate,"same 7.1 GetCmdId method identity as verified 26105 anchor + mov ax, imm16; ret"
8316,BCJLKAODLAO,65122,0x1082EB80,AEGNNPENLNM,mov-ax-imm16-ret,static-candidate,"same 7.1 GetCmdId method identity as verified 26105 anchor + mov ax, imm16; ret"
8325,NNKLOHCEJFJ,74535,0x122E2A00,AEGNNPENLNM,mov-ax-imm16-ret,static-candidate,"same 7.1 GetCmdId method identity as verified 26105 anchor + mov ax, imm16; ret"
8326,AAFHBJFEDEL,13972,0xC94CCE0,AEGNNPENLNM,mov-ax-imm16-ret,static-candidate,"same 7.1 GetCmdId method identity as verified 26105 anchor + mov ax, imm16; ret"
8328,BGOBMGMBEFA,29863,0x7F63C20,AEGNNPENLNM,mov-ax-imm16-ret,static-candidate,"same 7.1 GetCmdId method identity as verified 26105 anchor + mov ax, imm16; ret"
8329,CHNADNMBJPD,48502,0x101F9D10,AEGNNPENLNM,mov-ax-imm16-ret,static-candidate,"same 7.1 GetCmdId method identity as verified 26105 anchor + mov ax, imm16; ret"
8331,FOGKCNJGFJJ,51883,0xA4E4710,AEGNNPENLNM,mov-ax-imm16-ret,static-candidate,"same 7.1 GetCmdId method identity as verified 26105 anchor + mov ax, imm16; ret"
8332,FONDCHOMFEG,82798,0x8004A40,AEGNNPENLNM,mov-ax-imm16-ret,static-candidate,"same 7.1 GetCmdId method identity as verified 26105 anchor + mov ax, imm16; ret"
8335,MBELPJJHLPC,37860,0x841E2C0,AEGNNPENLNM,mov-ax-imm16-ret,static-candidate,"same 7.1 GetCmdId method identity as verified 26105 anchor + mov ax, imm16; ret"
8337,NLHNAMBAHBE,77516,0xAD24B30,AEGNNPENLNM,mov-ax-imm16-ret,static-candidate,"same 7.1 GetCmdId method identity as verified 26105 anchor + mov ax, imm16; ret"
8341,MOKBIABMMHJ,42611,0x12D7E570,AEGNNPENLNM,mov-ax-imm16-ret,static-candidate,"same 7.1 GetCmdId method identity as verified 26105 anchor + mov ax, imm16; ret"
8344,KIGHGCDIHCK,83140,0x8FB2710,AEGNNPENLNM,mov-ax-imm16-ret,static-candidate,"same 7.1 GetCmdId method identity as verified 26105 anchor + mov ax, imm16; ret"
8352,OJHBLOKBKAG,62761,0x938E390,AEGNNPENLNM,mov-ax-imm16-ret,static-candidate,"same 7.1 GetCmdId method identity as verified 26105 anchor + mov ax, imm16; ret"
8353,BHJGLKMLNPK,16895,0x12B4C9F0,AEGNNPENLNM,mov-ax-imm16-ret,static-candidate,"same 7.1 GetCmdId method identity as verified 26105 anchor + mov ax, imm16; ret"
8355,PDLJOOPKJKP,17788,0xB8EBC10,AEGNNPENLNM,mov-ax-imm16-ret,static-candidate,"same 7.1 GetCmdId method identity as verified 26105 anchor + mov ax, imm16; ret"
8359,OOLGPMJDIGP,35030,0x93C1550,AEGNNPENLNM,mov-ax-imm16-ret,static-candidate,"same 7.1 GetCmdId method identity as verified 26105 anchor + mov ax, imm16; ret"
8360,EEFADLIKPIM,26759,0x13FF11E0,AEGNNPENLNM,mov-ax-imm16-ret,static-candidate,"same 7.1 GetCmdId method identity as verified 26105 anchor + mov ax, imm16; ret"
8371,JICIPCIGEIM,29876,0x768FC20,AEGNNPENLNM,mov-ax-imm16-ret,static-candidate,"same 7.1 GetCmdId method identity as verified 26105 anchor + mov ax, imm16; ret"
8375,JPAONOALOCO,30391,0xE377F40,AEGNNPENLNM,mov-ax-imm16-ret,static-candidate,"same 7.1 GetCmdId method identity as verified 26105 anchor + mov ax, imm16; ret"
8378,JEPFGPCKOGK,39964,0x7668440,AEGNNPENLNM,mov-ax-imm16-ret,static-candidate,"same 7.1 GetCmdId method identity as verified 26105 anchor + mov ax, imm16; ret"
8383,EACBCCEEKEF,51419,0xF66B300,AEGNNPENLNM,mov-ax-imm16-ret,static-candidate,"same 7.1 GetCmdId method identity as verified 26105 anchor + mov ax, imm16; ret"
8389,NEEIGGNPCHD,87413,0xB786970,AEGNNPENLNM,mov-ax-imm16-ret,static-candidate,"same 7.1 GetCmdId method identity as verified 26105 anchor + mov ax, imm16; ret"
8393,ICGNEPLAHMD,42505,0x998AD80,AEGNNPENLNM,mov-ax-imm16-ret,static-candidate,"same 7.1 GetCmdId method identity as verified 26105 anchor + mov ax, imm16; ret"
8397,FOEHEMKIPFB,36848,0x1357DDC0,AEGNNPENLNM,mov-ax-imm16-ret,static-candidate,"same 7.1 GetCmdId method identity as verified 26105 anchor + mov ax, imm16; ret"
8399,OEDMILAPGHK,83262,0x9F9DB60,AEGNNPENLNM,mov-ax-imm16-ret,static-candidate,"same 7.1 GetCmdId method identity as verified 26105 anchor + mov ax, imm16; ret"
8402,EINNDADFLNC,38600,0xEA3CCA0,AEGNNPENLNM,mov-ax-imm16-ret,static-candidate,"same 7.1 GetCmdId method identity as verified 26105 anchor + mov ax, imm16; ret"
8406,BOMFDNHLDEI,86381,0xAF44720,AEGNNPENLNM,mov-ax-imm16-ret,static-candidate,"same 7.1 GetCmdId method identity as verified 26105 anchor + mov ax, imm16; ret"
8432,ACDHFEBHCIC,41713,0x11B2F820,AEGNNPENLNM,mov-ax-imm16-ret,static-candidate,"same 7.1 GetCmdId method identity as verified 26105 anchor + mov ax, imm16; ret"
8436,DPHEMHHFABI,16362,0x12592E40,AEGNNPENLNM,mov-ax-imm16-ret,static-candidate,"same 7.1 GetCmdId method identity as verified 26105 anchor + mov ax, imm16; ret"
8437,HMILBLBOEHF,78521,0xF9CE270,AEGNNPENLNM,mov-ax-imm16-ret,static-candidate,"same 7.1 GetCmdId method identity as verified 26105 anchor + mov ax, imm16; ret"
8446,DGAJPPAOOMC,54279,0x7D7A630,AEGNNPENLNM,mov-ax-imm16-ret,static-candidate,"same 7.1 GetCmdId method identity as verified 26105 anchor + mov ax, imm16; ret"
8447,GOIKIANBBKA,32421,0x110E9FD0,AEGNNPENLNM,mov-ax-imm16-ret,static-candidate,"same 7.1 GetCmdId method identity as verified 26105 anchor + mov ax, imm16; ret"
8449,NCLAKGFKMJJ,43530,0xFF521D0,AEGNNPENLNM,mov-ax-imm16-ret,static-candidate,"same 7.1 GetCmdId method identity as verified 26105 anchor + mov ax, imm16; ret"
8458,BCIGLJJBFCB,43515,0xEE84310,AEGNNPENLNM,mov-ax-imm16-ret,static-candidate,"same 7.1 GetCmdId method identity as verified 26105 anchor + mov ax, imm16; ret"
8459,ODAELBMNEDF,56939,0x9348320,AEGNNPENLNM,mov-ax-imm16-ret,static-candidate,"same 7.1 GetCmdId method identity as verified 26105 anchor + mov ax, imm16; ret"
8462,LGCJMOLOKCH,61100,0x12024950,AEGNNPENLNM,mov-ax-imm16-ret,static-candidate,"same 7.1 GetCmdId method identity as verified 26105 anchor + mov ax, imm16; ret"
8463,LOICHFIOLPE,18472,0x83E9100,AEGNNPENLNM,mov-ax-imm16-ret,static-candidate,"same 7.1 GetCmdId method identity as verified 26105 anchor + mov ax, imm16; ret"
8465,NPODHOKKBJC,18930,0xD0F8D50,AEGNNPENLNM,mov-ax-imm16-ret,static-candidate,"same 7.1 GetCmdId method identity as verified 26105 anchor + mov ax, imm16; ret"
8466,LLOHPKHJOMP,71449,0xAA53DB0,AEGNNPENLNM,mov-ax-imm16-ret,static-candidate,"same 7.1 GetCmdId method identity as verified 26105 anchor + mov ax, imm16; ret"
8469,OALEJKKLAGG,60259,0x130C6C70,AEGNNPENLNM,mov-ax-imm16-ret,static-candidate,"same 7.1 GetCmdId method identity as verified 26105 anchor + mov ax, imm16; ret"
8475,MNLCNMANFAC,82269,0x10991FF0,AEGNNPENLNM,mov-ax-imm16-ret,static-candidate,"same 7.1 GetCmdId method identity as verified 26105 anchor + mov ax, imm16; ret"
8482,LNBKGHMJMDC,35579,0x1145C9C0,AEGNNPENLNM,mov-ax-imm16-ret,static-candidate,"same 7.1 GetCmdId method identity as verified 26105 anchor + mov ax, imm16; ret"
8484,GJJPMBOLCKP,56440,0x110C7270,AEGNNPENLNM,mov-ax-imm16-ret,static-candidate,"same 7.1 GetCmdId method identity as verified 26105 anchor + mov ax, imm16; ret"
8486,PAKONJFGDND,27888,0x9FEBAC0,AEGNNPENLNM,mov-ax-imm16-ret,static-candidate,"same 7.1 GetCmdId method identity as verified 26105 anchor + mov ax, imm16; ret"
8494,DDNAKNFMOJP,38036,0x954E740,AEGNNPENLNM,mov-ax-imm16-ret,static-candidate,"same 7.1 GetCmdId method identity as verified 26105 anchor + mov ax, imm16; ret"
8500,OBJICDFHPNL,21319,0xC5D3D40,AEGNNPENLNM,mov-ax-imm16-ret,static-candidate,"same 7.1 GetCmdId method identity as verified 26105 anchor + mov ax, imm16; ret"
8507,AFJGMNDKPMK,23676,0xB0F2F20,AEGNNPENLNM,mov-ax-imm16-ret,static-candidate,"same 7.1 GetCmdId method identity as verified 26105 anchor + mov ax, imm16; ret"
8516,ALGOBJLDOFB,84030,0xB132A30,AEGNNPENLNM,mov-ax-imm16-ret,static-candidate,"same 7.1 GetCmdId method identity as verified 26105 anchor + mov ax, imm16; ret"
8524,PCFGCBPGCMF,62022,0x13173040,AEGNNPENLNM,mov-ax-imm16-ret,static-candidate,"same 7.1 GetCmdId method identity as verified 26105 anchor + mov ax, imm16; ret"
8529,CMJFAFEFKBI,16432,0xA0CFF70,AEGNNPENLNM,mov-ax-imm16-ret,static-candidate,"same 7.1 GetCmdId method identity as verified 26105 anchor + mov ax, imm16; ret"
8531,CGBMHMPHJPO,62604,0xE83E0E0,AEGNNPENLNM,mov-ax-imm16-ret,static-candidate,"same 7.1 GetCmdId method identity as verified 26105 anchor + mov ax, imm16; ret"
8532,HMGDBPDHKHK,69201,0xB253950,AEGNNPENLNM,mov-ax-imm16-ret,static-candidate,"same 7.1 GetCmdId method identity as verified 26105 anchor + mov ax, imm16; ret"
8535,DBKNGHFIAGB,80379,0x1252B050,AEGNNPENLNM,mov-ax-imm16-ret,static-candidate,"same 7.1 GetCmdId method identity as verified 26105 anchor + mov ax, imm16; ret"
8549,JOMJECDLLDA,82423,0xCCF3370,AEGNNPENLNM,mov-ax-imm16-ret,static-candidate,"same 7.1 GetCmdId method identity as verified 26105 anchor + mov ax, imm16; ret"
8551,DBFBCDEAFII,45641,0x10D7EBC0,AEGNNPENLNM,mov-ax-imm16-ret,static-candidate,"same 7.1 GetCmdId method identity as verified 26105 anchor + mov ax, imm16; ret"
8552,PFNIHLOPFJJ,60757,0xF499A70,AEGNNPENLNM,mov-ax-imm16-ret,static-candidate,"same 7.1 GetCmdId method identity as verified 26105 anchor + mov ax, imm16; ret"
8557,MMMBAAKJIBK,51385,0x793C430,AEGNNPENLNM,mov-ax-imm16-ret,static-candidate,"same 7.1 GetCmdId method identity as verified 26105 anchor + mov ax, imm16; ret"
8558,MICDLCIJGMH,17489,0xFDA5F80,AEGNNPENLNM,mov-ax-imm16-ret,static-candidate,"same 7.1 GetCmdId method identity as verified 26105 anchor + mov ax, imm16; ret"
8564,PEPNECPPLKF,29221,0x10BE22F0,AEGNNPENLNM,mov-ax-imm16-ret,static-candidate,"same 7.1 GetCmdId method identity as verified 26105 anchor + mov ax, imm16; ret"
8568,LHAJFMHAJDK,41703,0x11420CD0,AEGNNPENLNM,mov-ax-imm16-ret,static-candidate,"same 7.1 GetCmdId method identity as verified 26105 anchor + mov ax, imm16; ret"
8571,MPJPAILCKNN,23117,0x9D70BC0,AEGNNPENLNM,mov-ax-imm16-ret,static-candidate,"same 7.1 GetCmdId method identity as verified 26105 anchor + mov ax, imm16; ret"
8573,FPMFHJDJFDI,15555,0x8BC4FC0,AEGNNPENLNM,mov-ax-imm16-ret,static-candidate,"same 7.1 GetCmdId method identity as verified 26105 anchor + mov ax, imm16; ret"
8578,MHILDIGIGJB,38367,0xAAC3040,AEGNNPENLNM,mov-ax-imm16-ret,static-candidate,"same 7.1 GetCmdId method identity as verified 26105 anchor + mov ax, imm16; ret"
8583,MBAIFHCIPKH,13875,0x120B3A50,AEGNNPENLNM,mov-ax-imm16-ret,static-candidate,"same 7.1 GetCmdId method identity as verified 26105 anchor + mov ax, imm16; ret"
8587,BIMDOCJKEML,72535,0x10854490,AEGNNPENLNM,mov-ax-imm16-ret,static-candidate,"same 7.1 GetCmdId method identity as verified 26105 anchor + mov ax, imm16; ret"
8590,KMIODPIJKKM,40476,0x11F760D0,AEGNNPENLNM,mov-ax-imm16-ret,static-candidate,"same 7.1 GetCmdId method identity as verified 26105 anchor + mov ax, imm16; ret"
8592,JJKFGDAOLGK,59127,0x76D9EC0,AEGNNPENLNM,mov-ax-imm16-ret,static-candidate,"same 7.1 GetCmdId method identity as verified 26105 anchor + mov ax, imm16; ret"
8593,EEEGHDDJODD,42546,0xD3DAFC0,AEGNNPENLNM,mov-ax-imm16-ret,static-candidate,"same 7.1 GetCmdId method identity as verified 26105 anchor + mov ax, imm16; ret"
8596,JHLHOHEGLOO,72750,0xCC7E4B0,AEGNNPENLNM,mov-ax-imm16-ret,static-candidate,"same 7.1 GetCmdId method identity as verified 26105 anchor + mov ax, imm16; ret"
8597,IEAGMNGJFAO,57522,0x136EC470,AEGNNPENLNM,mov-ax-imm16-ret,static-candidate,"same 7.1 GetCmdId method identity as verified 26105 anchor + mov ax, imm16; ret"
8602,MMPGKNJMCKA,54698,0x12D77250,AEGNNPENLNM,mov-ax-imm16-ret,static-candidate,"same 7.1 GetCmdId method identity as verified 26105 anchor + mov ax, imm16; ret"
8603,ANIAGCIPFPP,36568,0xBCB0A10,AEGNNPENLNM,mov-ax-imm16-ret,static-candidate,"same 7.1 GetCmdId method identity as verified 26105 anchor + mov ax, imm16; ret"
8604,DOABAJDLKME,57596,0x11A56C70,AEGNNPENLNM,mov-ax-imm16-ret,static-candidate,"same 7.1 GetCmdId method identity as verified 26105 anchor + mov ax, imm16; ret"
8606,AGMNJFGFOJO,81017,0x11B70A90,AEGNNPENLNM,mov-ax-imm16-ret,static-candidate,"same 7.1 GetCmdId method identity as verified 26105 anchor + mov ax, imm16; ret"
8609,LMPOLPMJMBO,76505,0x108C67D0,AEGNNPENLNM,mov-ax-imm16-ret,static-candidate,"same 7.1 GetCmdId method identity as verified 26105 anchor + mov ax, imm16; ret"
8615,GCCJHNGELOA,36093,0x8BDB7B0,AEGNNPENLNM,mov-ax-imm16-ret,static-candidate,"same 7.1 GetCmdId method identity as verified 26105 anchor + mov ax, imm16; ret"
8616,BKFEIEINDML,84558,0xAEEBB20,AEGNNPENLNM,mov-ax-imm16-ret,static-candidate,"same 7.1 GetCmdId method identity as verified 26105 anchor + mov ax, imm16; ret"
8626,DJIFAFFMHBM,85666,0x13F7CA90,AEGNNPENLNM,mov-ax-imm16-ret,static-candidate,"same 7.1 GetCmdId method identity as verified 26105 anchor + mov ax, imm16; ret"
8627,CGDLHHEGMJM,42369,0x79ED850,AEGNNPENLNM,mov-ax-imm16-ret,static-candidate,"same 7.1 GetCmdId method identity as verified 26105 anchor + mov ax, imm16; ret"
8628,CBDKEADNEKP,32590,0x13CCB030,AEGNNPENLNM,mov-ax-imm16-ret,static-candidate,"same 7.1 GetCmdId method identity as verified 26105 anchor + mov ax, imm16; ret"
8632,KDFBALFMBPG,51919,0x10728110,AEGNNPENLNM,mov-ax-imm16-ret,static-candidate,"same 7.1 GetCmdId method identity as verified 26105 anchor + mov ax, imm16; ret"
8633,JCLJGJFDEBA,48416,0x106A3F80,AEGNNPENLNM,mov-ax-imm16-ret,static-candidate,"same 7.1 GetCmdId method identity as verified 26105 anchor + mov ax, imm16; ret"
8644,KBJNMJCJGNI,48872,0x11F25D80,AEGNNPENLNM,mov-ax-imm16-ret,static-candidate,"same 7.1 GetCmdId method identity as verified 26105 anchor + mov ax, imm16; ret"
8648,NBCEHKPAOPI,55721,0x13BEA8F0,AEGNNPENLNM,mov-ax-imm16-ret,static-candidate,"same 7.1 GetCmdId method identity as verified 26105 anchor + mov ax, imm16; ret"
8651,IGBPBCIAPHD,30305,0xE28E8B0,AEGNNPENLNM,mov-ax-imm16-ret,static-candidate,"same 7.1 GetCmdId method identity as verified 26105 anchor + mov ax, imm16; ret"
8652,HDKJCAOHMLI,54948,0x984E0A0,AEGNNPENLNM,mov-ax-imm16-ret,static-candidate,"same 7.1 GetCmdId method identity as verified 26105 anchor + mov ax, imm16; ret"
8657,EKNBHNFIKIC,45898,0xF6DEE80,AEGNNPENLNM,mov-ax-imm16-ret,static-candidate,"same 7.1 GetCmdId method identity as verified 26105 anchor + mov ax, imm16; ret"
8659,LPDFIFGDPPC,50927,0x83EF1A0,AEGNNPENLNM,mov-ax-imm16-ret,static-candidate,"same 7.1 GetCmdId method identity as verified 26105 anchor + mov ax, imm16; ret"
8674,DNEKCCEEIIK,16891,0x88A0C00,AEGNNPENLNM,mov-ax-imm16-ret,static-candidate,"same 7.1 GetCmdId method identity as verified 26105 anchor + mov ax, imm16; ret"
8676,HKAHOEBIHFH,37346,0xA68FB00,AEGNNPENLNM,mov-ax-imm16-ret,static-candidate,"same 7.1 GetCmdId method identity as verified 26105 anchor + mov ax, imm16; ret"
8678,NCEOLMKDOJC,82409,0xE6936E0,AEGNNPENLNM,mov-ax-imm16-ret,static-candidate,"same 7.1 GetCmdId method identity as verified 26105 anchor + mov ax, imm16; ret"
8687,FCJPPFDEBBD,52203,0x1100AF80,AEGNNPENLNM,mov-ax-imm16-ret,static-candidate,"same 7.1 GetCmdId method identity as verified 26105 anchor + mov ax, imm16; ret"
8693,KCGKELLFOMB,58754,0x112FFDC0,AEGNNPENLNM,mov-ax-imm16-ret,static-candidate,"same 7.1 GetCmdId method identity as verified 26105 anchor + mov ax, imm16; ret"
8701,EMBBCHPGGKJ,65616,0x125DCF90,AEGNNPENLNM,mov-ax-imm16-ret,static-candidate,"same 7.1 GetCmdId method identity as verified 26105 anchor + mov ax, imm16; ret"
8705,BBJDNHALNMB,13447,0xC9E35A0,AEGNNPENLNM,mov-ax-imm16-ret,static-candidate,"same 7.1 GetCmdId method identity as verified 26105 anchor + mov ax, imm16; ret"
8710,CGDNCPHPCPG,74890,0x11937890,AEGNNPENLNM,mov-ax-imm16-ret,static-candidate,"same 7.1 GetCmdId method identity as verified 26105 anchor + mov ax, imm16; ret"
8719,AJKBPGDKJPK,17941,0x1043B930,AEGNNPENLNM,mov-ax-imm16-ret,static-candidate,"same 7.1 GetCmdId method identity as verified 26105 anchor + mov ax, imm16; ret"
8721,APJPFFKIOOJ,28933,0x97199A0,AEGNNPENLNM,mov-ax-imm16-ret,static-candidate,"same 7.1 GetCmdId method identity as verified 26105 anchor + mov ax, imm16; ret"
8727,GIJIPDNNFDN,48397,0x104DA350,AEGNNPENLNM,mov-ax-imm16-ret,static-candidate,"same 7.1 GetCmdId method identity as verified 26105 anchor + mov ax, imm16; ret"
8728,OCMEMEGBMMN,19535,0x9F792C0,AEGNNPENLNM,mov-ax-imm16-ret,static-candidate,"same 7.1 GetCmdId method identity as verified 26105 anchor + mov ax, imm16; ret"
8730,KAILJBKNPGF,83453,0x11F13DE0,AEGNNPENLNM,mov-ax-imm16-ret,static-candidate,"same 7.1 GetCmdId method identity as verified 26105 anchor + mov ax, imm16; ret"
8733,DEMAGHMGPPL,60841,0x13F410F0,AEGNNPENLNM,mov-ax-imm16-ret,static-candidate,"same 7.1 GetCmdId method identity as verified 26105 anchor + mov ax, imm16; ret"
8735,ALLOBAPPNLA,80845,0xD520DB0,AEGNNPENLNM,mov-ax-imm16-ret,static-candidate,"same 7.1 GetCmdId method identity as verified 26105 anchor + mov ax, imm16; ret"
8748,HNEHHIPGHAA,33654,0xBEDE210,AEGNNPENLNM,mov-ax-imm16-ret,static-candidate,"same 7.1 GetCmdId method identity as verified 26105 anchor + mov ax, imm16; ret"
8750,LBNLNMPDFHE,46850,0x9C20DE0,AEGNNPENLNM,mov-ax-imm16-ret,static-candidate,"same 7.1 GetCmdId method identity as verified 26105 anchor + mov ax, imm16; ret"
8757,GCBAAAEOMDG,60963,0x1359B370,AEGNNPENLNM,mov-ax-imm16-ret,static-candidate,"same 7.1 GetCmdId method identity as verified 26105 anchor + mov ax, imm16; ret"
8762,MCFFAIOIJHL,87131,0xCE7C430,AEGNNPENLNM,mov-ax-imm16-ret,static-candidate,"same 7.1 GetCmdId method identity as verified 26105 anchor + mov ax, imm16; ret"
8763,FJCOPGGAKFC,55735,0xBD769F0,AEGNNPENLNM,mov-ax-imm16-ret,static-candidate,"same 7.1 GetCmdId method identity as verified 26105 anchor + mov ax, imm16; ret"
8765,JFIHEOFFOJH,35736,0x9AC19D0,AEGNNPENLNM,mov-ax-imm16-ret,static-candidate,"same 7.1 GetCmdId method identity as verified 26105 anchor + mov ax, imm16; ret"
8766,PMKOOBIFNNP,63594,0x10CAED50,AEGNNPENLNM,mov-ax-imm16-ret,static-candidate,"same 7.1 GetCmdId method identity as verified 26105 anchor + mov ax, imm16; ret"
8777,BBNNEJJHLPG,44716,0xAEBC960,AEGNNPENLNM,mov-ax-imm16-ret,static-candidate,"same 7.1 GetCmdId method identity as verified 26105 anchor + mov ax, imm16; ret"
8778,EHNCBLCMCKE,24564,0xBCE0CB0,AEGNNPENLNM,mov-ax-imm16-ret,static-candidate,"same 7.1 GetCmdId method identity as verified 26105 anchor + mov ax, imm16; ret"
8781,HAFHAEMGCDL,38365,0xB1F6920,AEGNNPENLNM,mov-ax-imm16-ret,static-candidate,"same 7.1 GetCmdId method identity as verified 26105 anchor + mov ax, imm16; ret"
8782,LIEIJIOCFMJ,43132,0xFD229C0,AEGNNPENLNM,mov-ax-imm16-ret,static-candidate,"same 7.1 GetCmdId method identity as verified 26105 anchor + mov ax, imm16; ret"
8786,JHMGPPKIMKA,61935,0xA8E3F90,AEGNNPENLNM,mov-ax-imm16-ret,static-candidate,"same 7.1 GetCmdId method identity as verified 26105 anchor + mov ax, imm16; ret"
8789,EMHLLNEJEJE,46163,0x12802340,AEGNNPENLNM,mov-ax-imm16-ret,static-candidate,"same 7.1 GetCmdId method identity as verified 26105 anchor + mov ax, imm16; ret"
8790,FACLKAOMNHM,41031,0x1037BEE0,AEGNNPENLNM,mov-ax-imm16-ret,static-candidate,"same 7.1 GetCmdId method identity as verified 26105 anchor + mov ax, imm16; ret"
8799,PGHCCLFPNKA,37135,0x93F82A0,AEGNNPENLNM,mov-ax-imm16-ret,static-candidate,"same 7.1 GetCmdId method identity as verified 26105 anchor + mov ax, imm16; ret"
8800,BLIBKDDJEBC,68877,0x1178B030,AEGNNPENLNM,mov-ax-imm16-ret,static-candidate,"same 7.1 GetCmdId method identity as verified 26105 anchor + mov ax, imm16; ret"
8801,NBPGLHGKMLL,51686,0x7AD2410,AEGNNPENLNM,mov-ax-imm16-ret,static-candidate,"same 7.1 GetCmdId method identity as verified 26105 anchor + mov ax, imm16; ret"
8805,LOKCOEGGNOF,35158,0x108EC3E0,AEGNNPENLNM,mov-ax-imm16-ret,static-candidate,"same 7.1 GetCmdId method identity as verified 26105 anchor + mov ax, imm16; ret"
8808,JLIHIMCDILG,72856,0x106E5D80,AEGNNPENLNM,mov-ax-imm16-ret,static-candidate,"same 7.1 GetCmdId method identity as verified 26105 anchor + mov ax, imm16; ret"
8811,HJDPGFEOLBE,69920,0xCB25180,AEGNNPENLNM,mov-ax-imm16-ret,static-candidate,"same 7.1 GetCmdId method identity as verified 26105 anchor + mov ax, imm16; ret"
8814,LNLBPIENAAL,43594,0xAA60C90,AEGNNPENLNM,mov-ax-imm16-ret,static-candidate,"same 7.1 GetCmdId method identity as verified 26105 anchor + mov ax, imm16; ret"
8817,HHDPCDCGCOL,20082,0x105781A0,AEGNNPENLNM,mov-ax-imm16-ret,static-candidate,"same 7.1 GetCmdId method identity as verified 26105 anchor + mov ax, imm16; ret"
8829,DEHEMPBKEOM,71331,0x13F3E3B0,AEGNNPENLNM,mov-ax-imm16-ret,static-candidate,"same 7.1 GetCmdId method identity as verified 26105 anchor + mov ax, imm16; ret"
8831,MHPOOKGABPB,71416,0x8441470,AEGNNPENLNM,mov-ax-imm16-ret,static-candidate,"same 7.1 GetCmdId method identity as verified 26105 anchor + mov ax, imm16; ret"
8833,EHAAIHJLFOL,22020,0x897C930,AEGNNPENLNM,mov-ax-imm16-ret,static-candidate,"same 7.1 GetCmdId method identity as verified 26105 anchor + mov ax, imm16; ret"
8840,KCKLCEMJMHM,18589,0x8F91FC0,AEGNNPENLNM,mov-ax-imm16-ret,static-candidate,"same 7.1 GetCmdId method identity as verified 26105 anchor + mov ax, imm16; ret"
8841,PECLOBLIJCM,53276,0xD23B150,AEGNNPENLNM,mov-ax-imm16-ret,static-candidate,"same 7.1 GetCmdId method identity as verified 26105 anchor + mov ax, imm16; ret"
8842,AEGHNGFJEPK,60918,0x126EEEE0,AEGNNPENLNM,mov-ax-imm16-ret,static-candidate,"same 7.1 GetCmdId method identity as verified 26105 anchor + mov ax, imm16; ret"
8843,LJKLFAPBIBJ,19319,0x12CB7290,AEGNNPENLNM,mov-ax-imm16-ret,static-candidate,"same 7.1 GetCmdId method identity as verified 26105 anchor + mov ax, imm16; ret"
8847,CAOALLBBBBO,51840,0x13CC7DD0,AEGNNPENLNM,mov-ax-imm16-ret,static-candidate,"same 7.1 GetCmdId method identity as verified 26105 anchor + mov ax, imm16; ret"
8849,GCPPJLJGPFB,40610,0x11BDF720,AEGNNPENLNM,mov-ax-imm16-ret,static-candidate,"same 7.1 GetCmdId method identity as verified 26105 anchor + mov ax, imm16; ret"
8869,AGGKGGOBFIH,45870,0xF7AC5A0,AEGNNPENLNM,mov-ax-imm16-ret,static-candidate,"same 7.1 GetCmdId method identity as verified 26105 anchor + mov ax, imm16; ret"
8878,INBALCMIJFH,58939,0xE2CCA60,AEGNNPENLNM,mov-ax-imm16-ret,static-candidate,"same 7.1 GetCmdId method identity as verified 26105 anchor + mov ax, imm16; ret"
8880,JBCMLDGKPDD,55427,0xE302D90,AEGNNPENLNM,mov-ax-imm16-ret,static-candidate,"same 7.1 GetCmdId method identity as verified 26105 anchor + mov ax, imm16; ret"
8885,HCHEGPIOGPL,51331,0xB2096A0,AEGNNPENLNM,mov-ax-imm16-ret,static-candidate,"same 7.1 GetCmdId method identity as verified 26105 anchor + mov ax, imm16; ret"
8887,FJKPMHHIINF,78833,0xD49CA20,AEGNNPENLNM,mov-ax-imm16-ret,static-candidate,"same 7.1 GetCmdId method identity as verified 26105 anchor + mov ax, imm16; ret"
8890,LPOPDIIOPIJ,15346,0x12CFA460,AEGNNPENLNM,mov-ax-imm16-ret,static-candidate,"same 7.1 GetCmdId method identity as verified 26105 anchor + mov ax, imm16; ret"
8896,KKFAHCDFFGO,36635,0xA984D10,AEGNNPENLNM,mov-ax-imm16-ret,static-candidate,"same 7.1 GetCmdId method identity as verified 26105 anchor + mov ax, imm16; ret"
8900,IEOMEOIENOK,32929,0xCBDBE50,AEGNNPENLNM,mov-ax-imm16-ret,static-candidate,"same 7.1 GetCmdId method identity as verified 26105 anchor + mov ax, imm16; ret"
8908,AALHDMKIEKI,80488,0xD4BC1B0,AEGNNPENLNM,mov-ax-imm16-ret,static-candidate,"same 7.1 GetCmdId method identity as verified 26105 anchor + mov ax, imm16; ret"
8911,LBPOMGMADGF,52588,0xC1C1FD0,AEGNNPENLNM,mov-ax-imm16-ret,static-candidate,"same 7.1 GetCmdId method identity as verified 26105 anchor + mov ax, imm16; ret"
8913,BGBHBEEOIIP,24845,0xFBF73C0,AEGNNPENLNM,mov-ax-imm16-ret,static-candidate,"same 7.1 GetCmdId method identity as verified 26105 anchor + mov ax, imm16; ret"
8915,DOMBGHNDAJM,28659,0x95D2DB0,AEGNNPENLNM,mov-ax-imm16-ret,static-candidate,"same 7.1 GetCmdId method identity as verified 26105 anchor + mov ax, imm16; ret"
8918,OMDENGBFIBI,69142,0xD1842F0,AEGNNPENLNM,mov-ax-imm16-ret,static-candidate,"same 7.1 GetCmdId method identity as verified 26105 anchor + mov ax, imm16; ret"
8922,DODFDLFAACC,16817,0x7210560,AEGNNPENLNM,mov-ax-imm16-ret,static-candidate,"same 7.1 GetCmdId method identity as verified 26105 anchor + mov ax, imm16; ret"
8923,DEHNJLMPDFJ,12734,0x884D9B0,AEGNNPENLNM,mov-ax-imm16-ret,static-candidate,"same 7.1 GetCmdId method identity as verified 26105 anchor + mov ax, imm16; ret"
8927,JBBAJHIOJCN,30779,0x9A51220,AEGNNPENLNM,mov-ax-imm16-ret,static-candidate,"same 7.1 GetCmdId method identity as verified 26105 anchor + mov ax, imm16; ret"
8928,LECHCBGKHIO,74972,0x1140DB30,AEGNNPENLNM,mov-ax-imm16-ret,static-candidate,"same 7.1 GetCmdId method identity as verified 26105 anchor + mov ax, imm16; ret"
8930,IFBKFLLGGLD,69863,0x111D1200,AEGNNPENLNM,mov-ax-imm16-ret,static-candidate,"same 7.1 GetCmdId method identity as verified 26105 anchor + mov ax, imm16; ret"
8934,LMCJGOKJGNM,76420,0x1207A7E0,AEGNNPENLNM,mov-ax-imm16-ret,static-candidate,"same 7.1 GetCmdId method identity as verified 26105 anchor + mov ax, imm16; ret"
8938,CBPIGEJHCIK,38105,0x13368D50,AEGNNPENLNM,mov-ax-imm16-ret,static-candidate,"same 7.1 GetCmdId method identity as verified 26105 anchor + mov ax, imm16; ret"
8946,FFNPCIOFKAG,12806,0xBD4EDB0,AEGNNPENLNM,mov-ax-imm16-ret,static-candidate,"same 7.1 GetCmdId method identity as verified 26105 anchor + mov ax, imm16; ret"
8947,GDNAOPHMBBP,56916,0x129110D0,AEGNNPENLNM,mov-ax-imm16-ret,static-candidate,"same 7.1 GetCmdId method identity as verified 26105 anchor + mov ax, imm16; ret"
8948,LIMHNCBAGGP,85962,0xFD31310,AEGNNPENLNM,mov-ax-imm16-ret,static-candidate,"same 7.1 GetCmdId method identity as verified 26105 anchor + mov ax, imm16; ret"
8951,CJDKGCMEHEE,74577,0xC78BE50,AEGNNPENLNM,mov-ax-imm16-ret,static-candidate,"same 7.1 GetCmdId method identity as verified 26105 anchor + mov ax, imm16; ret"
8955,CMGGMCEBGCL,59721,0xA0C7780,AEGNNPENLNM,mov-ax-imm16-ret,static-candidate,"same 7.1 GetCmdId method identity as verified 26105 anchor + mov ax, imm16; ret"
8956,LIBACEMHOOF,54805,0xF0E8890,AEGNNPENLNM,mov-ax-imm16-ret,static-candidate,"same 7.1 GetCmdId method identity as verified 26105 anchor + mov ax, imm16; ret"
8969,CLFDBGMNKCM,14031,0xC7B2690,AEGNNPENLNM,mov-ax-imm16-ret,static-candidate,"same 7.1 GetCmdId method identity as verified 26105 anchor + mov ax, imm16; ret"
8988,AHOGGAOFHDH,43942,0xAB88990,AEGNNPENLNM,mov-ax-imm16-ret,static-candidate,"same 7.1 GetCmdId method identity as verified 26105 anchor + mov ax, imm16; ret"
8990,IDOCAIKBMOI,27672,0x7565B20,AEGNNPENLNM,mov-ax-imm16-ret,static-candidate,"same 7.1 GetCmdId method identity as verified 26105 anchor + mov ax, imm16; ret"
8991,GGJMEJHDMHF,36994,0xCA58B50,AEGNNPENLNM,mov-ax-imm16-ret,static-candidate,"same 7.1 GetCmdId method identity as verified 26105 anchor + mov ax, imm16; ret"
8992,AFNHKEPJNOG,18902,0x11B69EB0,AEGNNPENLNM,mov-ax-imm16-ret,static-candidate,"same 7.1 GetCmdId method identity as verified 26105 anchor + mov ax, imm16; ret"
8996,HEJDDLDJHOI,88487,0x9863070,AEGNNPENLNM,mov-ax-imm16-ret,static-candidate,"same 7.1 GetCmdId method identity as verified 26105 anchor + mov ax, imm16; ret"
8999,DJJCLDHJHPC,81509,0x125643F0,AEGNNPENLNM,mov-ax-imm16-ret,static-candidate,"same 7.1 GetCmdId method identity as verified 26105 anchor + mov ax, imm16; ret"
9006,CDOMFJFCJIP,24958,0x1338CB40,AEGNNPENLNM,mov-ax-imm16-ret,static-candidate,"same 7.1 GetCmdId method identity as verified 26105 anchor + mov ax, imm16; ret"
9013,NOBILGLGEFA,81118,0xE70A2C0,AEGNNPENLNM,mov-ax-imm16-ret,static-candidate,"same 7.1 GetCmdId method identity as verified 26105 anchor + mov ax, imm16; ret"
9016,OEFMEEEDCGP,21343,0x10066070,AEGNNPENLNM,mov-ax-imm16-ret,static-candidate,"same 7.1 GetCmdId method identity as verified 26105 anchor + mov ax, imm16; ret"
9018,OJCOHDADFII,83216,0x938B410,AEGNNPENLNM,mov-ax-imm16-ret,static-candidate,"same 7.1 GetCmdId method identity as verified 26105 anchor + mov ax, imm16; ret"
9020,BKLNJANCNMM,64554,0x82C86F0,AEGNNPENLNM,mov-ax-imm16-ret,static-candidate,"same 7.1 GetCmdId method identity as verified 26105 anchor + mov ax, imm16; ret"
9021,CGDMCDEBJLH,37508,0xD2BB2D0,AEGNNPENLNM,mov-ax-imm16-ret,static-candidate,"same 7.1 GetCmdId method identity as verified 26105 anchor + mov ax, imm16; ret"
9023,OPHGFGILNAB,38291,0x7C0C8E0,AEGNNPENLNM,mov-ax-imm16-ret,static-candidate,"same 7.1 GetCmdId method identity as verified 26105 anchor + mov ax, imm16; ret"
9024,AFFAAPEPAFI,44080,0xC97BE40,AEGNNPENLNM,mov-ax-imm16-ret,static-candidate,"same 7.1 GetCmdId method identity as verified 26105 anchor + mov ax, imm16; ret"
9033,DOMPCDGFLDN,34238,0x10DFA630,AEGNNPENLNM,mov-ax-imm16-ret,static-candidate,"same 7.1 GetCmdId method identity as verified 26105 anchor + mov ax, imm16; ret"
9036,DMBHPHKJCPH,34262,0x95AFE80,AEGNNPENLNM,mov-ax-imm16-ret,static-candidate,"same 7.1 GetCmdId method identity as verified 26105 anchor + mov ax, imm16; ret"
9037,FPEDEDBJKFA,68173,0xD5BD7E0,AEGNNPENLNM,mov-ax-imm16-ret,static-candidate,"same 7.1 GetCmdId method identity as verified 26105 anchor + mov ax, imm16; ret"
9044,ALKOIKBODFM,16486,0xBC9A750,AEGNNPENLNM,mov-ax-imm16-ret,static-candidate,"same 7.1 GetCmdId method identity as verified 26105 anchor + mov ax, imm16; ret"
9057,GBNENNOLDIN,57144,0x8BD9CE0,AEGNNPENLNM,mov-ax-imm16-ret,static-candidate,"same 7.1 GetCmdId method identity as verified 26105 anchor + mov ax, imm16; ret"
9064,PGLKLPBINJK,40322,0xA01ADA0,AEGNNPENLNM,mov-ax-imm16-ret,static-candidate,"same 7.1 GetCmdId method identity as verified 26105 anchor + mov ax, imm16; ret"
9069,DKEEGOLICKB,23681,0x13F7EAE0,AEGNNPENLNM,mov-ax-imm16-ret,static-candidate,"same 7.1 GetCmdId method identity as verified 26105 anchor + mov ax, imm16; ret"
9071,OFIPPCNHCJG,17450,0x10070F80,AEGNNPENLNM,mov-ax-imm16-ret,static-candidate,"same 7.1 GetCmdId method identity as verified 26105 anchor + mov ax, imm16; ret"
9075,CFIBCJDEGMJ,30282,0xAF6B5E0,AEGNNPENLNM,mov-ax-imm16-ret,static-candidate,"same 7.1 GetCmdId method identity as verified 26105 anchor + mov ax, imm16; ret"
9077,JNCOMIKLCJC,30402,0x10701D30,AEGNNPENLNM,mov-ax-imm16-ret,static-candidate,"same 7.1 GetCmdId method identity as verified 26105 anchor + mov ax, imm16; ret"
9081,OFMAAENAJNA,60848,0xE76C6F0,AEGNNPENLNM,mov-ax-imm16-ret,static-candidate,"same 7.1 GetCmdId method identity as verified 26105 anchor + mov ax, imm16; ret"
9084,HFMDKLMAJFK,62033,0xBE94B00,AEGNNPENLNM,mov-ax-imm16-ret,static-candidate,"same 7.1 GetCmdId method identity as verified 26105 anchor + mov ax, imm16; ret"
9092,GNKHPOPIDFI,64522,0x11C2DAD0,AEGNNPENLNM,mov-ax-imm16-ret,static-candidate,"same 7.1 GetCmdId method identity as verified 26105 anchor + mov ax, imm16; ret"
9113,BNKEKGLBGEB,67304,0x13CAC610,AEGNNPENLNM,mov-ax-imm16-ret,static-candidate,"same 7.1 GetCmdId method identity as verified 26105 anchor + mov ax, imm16; ret"
9119,LCNLDPPHANN,69132,0x83746A0,AEGNNPENLNM,mov-ax-imm16-ret,static-candidate,"same 7.1 GetCmdId method identity as verified 26105 anchor + mov ax, imm16; ret"
9122,PAHPCONDNFE,75355,0x1315DEA0,AEGNNPENLNM,mov-ax-imm16-ret,static-candidate,"same 7.1 GetCmdId method identity as verified 26105 anchor + mov ax, imm16; ret"
9129,INDKHBFONJA,26307,0x761E4E0,AEGNNPENLNM,mov-ax-imm16-ret,static-candidate,"same 7.1 GetCmdId method identity as verified 26105 anchor + mov ax, imm16; ret"
9135,NNDIPIDMMGL,64348,0x9ED90D0,AEGNNPENLNM,mov-ax-imm16-ret,static-candidate,"same 7.1 GetCmdId method identity as verified 26105 anchor + mov ax, imm16; ret"
9140,JFLGJBGNHGB,24573,0x11EC7F60,AEGNNPENLNM,mov-ax-imm16-ret,static-candidate,"same 7.1 GetCmdId method identity as verified 26105 anchor + mov ax, imm16; ret"
9141,LHENKLHGMCH,28612,0x9C598E0,AEGNNPENLNM,mov-ax-imm16-ret,static-candidate,"same 7.1 GetCmdId method identity as verified 26105 anchor + mov ax, imm16; ret"
9144,FPDJDMFONNN,58955,0x128C4290,AEGNNPENLNM,mov-ax-imm16-ret,static-candidate,"same 7.1 GetCmdId method identity as verified 26105 anchor + mov ax, imm16; ret"
9146,BPOIDDIEBME,18764,0x13CB9430,AEGNNPENLNM,mov-ax-imm16-ret,static-candidate,"same 7.1 GetCmdId method identity as verified 26105 anchor + mov ax, imm16; ret"
9147,DGOOFJACOIL,39956,0xD363130,AEGNNPENLNM,mov-ax-imm16-ret,static-candidate,"same 7.1 GetCmdId method identity as verified 26105 anchor + mov ax, imm16; ret"
9150,HOJGNLABDKB,23514,0xCB65D30,AEGNNPENLNM,mov-ax-imm16-ret,static-candidate,"same 7.1 GetCmdId method identity as verified 26105 anchor + mov ax, imm16; ret"
9153,JGMLGOIJGOL,51678,0x11286FA0,AEGNNPENLNM,mov-ax-imm16-ret,static-candidate,"same 7.1 GetCmdId method identity as verified 26105 anchor + mov ax, imm16; ret"
9158,ODGDLGCBDOB,31907,0xF3C4550,AEGNNPENLNM,mov-ax-imm16-ret,static-candidate,"same 7.1 GetCmdId method identity as verified 26105 anchor + mov ax, imm16; ret"
9160,HDONFCDHBPF,22147,0xED91D70,AEGNNPENLNM,mov-ax-imm16-ret,static-candidate,"same 7.1 GetCmdId method identity as verified 26105 anchor + mov ax, imm16; ret"
9162,GHMLHJBOFNN,33216,0x740BDA0,AEGNNPENLNM,mov-ax-imm16-ret,static-candidate,"same 7.1 GetCmdId method identity as verified 26105 anchor + mov ax, imm16; ret"
9168,JJALMCNEDCH,45452,0x76937C0,AEGNNPENLNM,mov-ax-imm16-ret,static-candidate,"same 7.1 GetCmdId method identity as verified 26105 anchor + mov ax, imm16; ret"
9179,AJAEONMGGAN,59474,0x10434FE0,AEGNNPENLNM,mov-ax-imm16-ret,static-candidate,"same 7.1 GetCmdId method identity as verified 26105 anchor + mov ax, imm16; ret"
9185,GMGMANMAKNK,82737,0xD633440,AEGNNPENLNM,mov-ax-imm16-ret,static-candidate,"same 7.1 GetCmdId method identity as verified 26105 anchor + mov ax, imm16; ret"
9195,BLIOFILOOEE,55974,0x9B3CEA0,AEGNNPENLNM,mov-ax-imm16-ret,static-candidate,"same 7.1 GetCmdId method identity as verified 26105 anchor + mov ax, imm16; ret"
9200,JHFKFGNEJNJ,41740,0xFB3A5E0,AEGNNPENLNM,mov-ax-imm16-ret,static-candidate,"same 7.1 GetCmdId method identity as verified 26105 anchor + mov ax, imm16; ret"
9202,IMJDMNKBFFH,63701,0xCC24700,AEGNNPENLNM,mov-ax-imm16-ret,static-candidate,"same 7.1 GetCmdId method identity as verified 26105 anchor + mov ax, imm16; ret"
9208,CKMJGKEJFPD,73209,0x7D10200,AEGNNPENLNM,mov-ax-imm16-ret,static-candidate,"same 7.1 GetCmdId method identity as verified 26105 anchor + mov ax, imm16; ret"
9209,KINLLOHHOHL,32793,0x7762190,AEGNNPENLNM,mov-ax-imm16-ret,static-candidate,"same 7.1 GetCmdId method identity as verified 26105 anchor + mov ax, imm16; ret"
9216,BKAELBDIFGH,19911,0xF271D20,AEGNNPENLNM,mov-ax-imm16-ret,static-candidate,"same 7.1 GetCmdId method identity as verified 26105 anchor + mov ax, imm16; ret"
9219,OOPEOLEBADL,32218,0x7C0A940,AEGNNPENLNM,mov-ax-imm16-ret,static-candidate,"same 7.1 GetCmdId method identity as verified 26105 anchor + mov ax, imm16; ret"
9221,EDMGHAFILEJ,74166,0xE9FD220,AEGNNPENLNM,mov-ax-imm16-ret,static-candidate,"same 7.1 GetCmdId method identity as verified 26105 anchor + mov ax, imm16; ret"
9232,HJFMPHIFKDB,23930,0x129FC590,AEGNNPENLNM,mov-ax-imm16-ret,static-candidate,"same 7.1 GetCmdId method identity as verified 26105 anchor + mov ax, imm16; ret"
9237,HLKBIFLIBIF,16591,0xF9BD450,AEGNNPENLNM,mov-ax-imm16-ret,static-candidate,"same 7.1 GetCmdId method identity as verified 26105 anchor + mov ax, imm16; ret"
9239,IDBOEABEFDL,79015,0x75637E0,AEGNNPENLNM,mov-ax-imm16-ret,static-candidate,"same 7.1 GetCmdId method identity as verified 26105 anchor + mov ax, imm16; ret"
9252,LCDDFFGKAAI,65938,0x11FF8FA0,AEGNNPENLNM,mov-ax-imm16-ret,static-candidate,"same 7.1 GetCmdId method identity as verified 26105 anchor + mov ax, imm16; ret"
9255,LCMBIDAGMBP,41184,0xC1C77D0,AEGNNPENLNM,mov-ax-imm16-ret,static-candidate,"same 7.1 GetCmdId method identity as verified 26105 anchor + mov ax, imm16; ret"
9256,ANHLEBCJBOH,33742,0x7F022C0,AEGNNPENLNM,mov-ax-imm16-ret,static-candidate,"same 7.1 GetCmdId method identity as verified 26105 anchor + mov ax, imm16; ret"
9262,KCKIMPLAMEK,20642,0x9B957B0,AEGNNPENLNM,mov-ax-imm16-ret,static-candidate,"same 7.1 GetCmdId method identity as verified 26105 anchor + mov ax, imm16; ret"
9267,KDIDOCIGGNN,56159,0xB426400,AEGNNPENLNM,mov-ax-imm16-ret,static-candidate,"same 7.1 GetCmdId method identity as verified 26105 anchor + mov ax, imm16; ret"
9268,NBALOJEGINA,26163,0xB75E470,AEGNNPENLNM,mov-ax-imm16-ret,static-candidate,"same 7.1 GetCmdId method identity as verified 26105 anchor + mov ax, imm16; ret"
9270,PIMOFMFHJPC,28681,0xC6BA1C0,AEGNNPENLNM,mov-ax-imm16-ret,static-candidate,"same 7.1 GetCmdId method identity as verified 26105 anchor + mov ax, imm16; ret"
9271,ENIFJOFLNHM,71230,0x14054E00,AEGNNPENLNM,mov-ax-imm16-ret,static-candidate,"same 7.1 GetCmdId method identity as verified 26105 anchor + mov ax, imm16; ret"
9278,CIECMOIGFOH,53766,0xC77F4A0,AEGNNPENLNM,mov-ax-imm16-ret,static-candidate,"same 7.1 GetCmdId method identity as verified 26105 anchor + mov ax, imm16; ret"
9279,CFJNOAJNPMG,37311,0x9F3C650,AEGNNPENLNM,mov-ax-imm16-ret,static-candidate,"same 7.1 GetCmdId method identity as verified 26105 anchor + mov ax, imm16; ret"
9281,JFDEGOEJGBN,73755,0xEF2AC40,AEGNNPENLNM,mov-ax-imm16-ret,static-candidate,"same 7.1 GetCmdId method identity as verified 26105 anchor + mov ax, imm16; ret"
9282,PPKFCJJDEGK,36882,0x1018BAF0,AEGNNPENLNM,mov-ax-imm16-ret,static-candidate,"same 7.1 GetCmdId method identity as verified 26105 anchor + mov ax, imm16; ret"
9288,LCPNMGGCHCA,16244,0x13932050,AEGNNPENLNM,mov-ax-imm16-ret,static-candidate,"same 7.1 GetCmdId method identity as verified 26105 anchor + mov ax, imm16; ret"
9292,BBBJJFELMLD,17296,0xF7F7BC0,AEGNNPENLNM,mov-ax-imm16-ret,static-candidate,"same 7.1 GetCmdId method identity as verified 26105 anchor + mov ax, imm16; ret"
9296,MENFGOLOCKB,87033,0xB5AC5F0,AEGNNPENLNM,mov-ax-imm16-ret,static-candidate,"same 7.1 GetCmdId method identity as verified 26105 anchor + mov ax, imm16; ret"
9297,BHFINIIKEIC,37401,0x7F6B2C0,AEGNNPENLNM,mov-ax-imm16-ret,static-candidate,"same 7.1 GetCmdId method identity as verified 26105 anchor + mov ax, imm16; ret"
9301,BNJHLEMDDFE,51899,0x1330C210,AEGNNPENLNM,mov-ax-imm16-ret,static-candidate,"same 7.1 GetCmdId method identity as verified 26105 anchor + mov ax, imm16; ret"
9304,AFKFEOGOOCJ,19457,0xB0F33C0,AEGNNPENLNM,mov-ax-imm16-ret,static-candidate,"same 7.1 GetCmdId method identity as verified 26105 anchor + mov ax, imm16; ret"
9314,BGLAIJBKLAJ,12827,0x9742140,AEGNNPENLNM,mov-ax-imm16-ret,static-candidate,"same 7.1 GetCmdId method identity as verified 26105 anchor + mov ax, imm16; ret"
9315,IGCEBDBADMB,49660,0xA6FF2D0,AEGNNPENLNM,mov-ax-imm16-ret,static-candidate,"same 7.1 GetCmdId method identity as verified 26105 anchor + mov ax, imm16; ret"
9321,GBNLACHCMPB,51402,0x104A5230,AEGNNPENLNM,mov-ax-imm16-ret,static-candidate,"same 7.1 GetCmdId method identity as verified 26105 anchor + mov ax, imm16; ret"
9327,NPAJBAJBIJI,16477,0x9EEADF0,AEGNNPENLNM,mov-ax-imm16-ret,static-candidate,"same 7.1 GetCmdId method identity as verified 26105 anchor + mov ax, imm16; ret"
9334,LKIBGEJBDLP,40179,0x11449920,AEGNNPENLNM,mov-ax-imm16-ret,static-candidate,"same 7.1 GetCmdId method identity as verified 26105 anchor + mov ax, imm16; ret"
9336,JJLKKINIEAC,83376,0xEF4FD70,AEGNNPENLNM,mov-ax-imm16-ret,static-candidate,"same 7.1 GetCmdId method identity as verified 26105 anchor + mov ax, imm16; ret"
9338,MDOEONFHJEP,58034,0xB5A3E50,AEGNNPENLNM,mov-ax-imm16-ret,static-candidate,"same 7.1 GetCmdId method identity as verified 26105 anchor + mov ax, imm16; ret"
9344,LMDPLPMBLPK,23299,0xAA54AB0,AEGNNPENLNM,mov-ax-imm16-ret,static-candidate,"same 7.1 GetCmdId method identity as verified 26105 anchor + mov ax, imm16; ret"
9346,JNNAMLDDLMD,13715,0x8267ED0,AEGNNPENLNM,mov-ax-imm16-ret,static-candidate,"same 7.1 GetCmdId method identity as verified 26105 anchor + mov ax, imm16; ret"
9347,OPOIBHPNMJP,76353,0x9FE5E00,AEGNNPENLNM,mov-ax-imm16-ret,static-candidate,"same 7.1 GetCmdId method identity as verified 26105 anchor + mov ax, imm16; ret"
9353,FDGAJCIHDOB,84634,0x103ACA30,AEGNNPENLNM,mov-ax-imm16-ret,static-candidate,"same 7.1 GetCmdId method identity as verified 26105 anchor + mov ax, imm16; ret"
9354,EICAAMGJOIP,16754,0x1400EA20,AEGNNPENLNM,mov-ax-imm16-ret,static-candidate,"same 7.1 GetCmdId method identity as verified 26105 anchor + mov ax, imm16; ret"
9362,MHGDEBLNHML,82097,0x13A29710,AEGNNPENLNM,mov-ax-imm16-ret,static-candidate,"same 7.1 GetCmdId method identity as verified 26105 anchor + mov ax, imm16; ret"
9365,ODDFIMHPKIF,62763,0x10B46DD0,AEGNNPENLNM,mov-ax-imm16-ret,static-candidate,"same 7.1 GetCmdId method identity as verified 26105 anchor + mov ax, imm16; ret"
9369,DMMJNICDOHM,84249,0xC87EA60,AEGNNPENLNM,mov-ax-imm16-ret,static-candidate,"same 7.1 GetCmdId method identity as verified 26105 anchor + mov ax, imm16; ret"
9370,NCFJCKADMKB,21513,0xB76F9C0,AEGNNPENLNM,mov-ax-imm16-ret,static-candidate,"same 7.1 GetCmdId method identity as verified 26105 anchor + mov ax, imm16; ret"
9371,GENAPALKOON,79469,0xBDC8380,AEGNNPENLNM,mov-ax-imm16-ret,static-candidate,"same 7.1 GetCmdId method identity as verified 26105 anchor + mov ax, imm16; ret"
9375,JCBPLPBDGKP,22372,0x11EB38E0,AEGNNPENLNM,mov-ax-imm16-ret,static-candidate,"same 7.1 GetCmdId method identity as verified 26105 anchor + mov ax, imm16; ret"
9376,DJCFDLIHAFB,11814,0xF61BA60,AEGNNPENLNM,mov-ax-imm16-ret,static-candidate,"same 7.1 GetCmdId method identity as verified 26105 anchor + mov ax, imm16; ret"
9380,FPEFEOAEPKD,84464,0x135836F0,AEGNNPENLNM,mov-ax-imm16-ret,static-candidate,"same 7.1 GetCmdId method identity as verified 26105 anchor + mov ax, imm16; ret"
9381,BBDBBGFGGIN,70286,0x134DBFE0,AEGNNPENLNM,mov-ax-imm16-ret,static-candidate,"same 7.1 GetCmdId method identity as verified 26105 anchor + mov ax, imm16; ret"
9389,KNAMFADJGEL,19148,0xCD57900,AEGNNPENLNM,mov-ax-imm16-ret,static-candidate,"same 7.1 GetCmdId method identity as verified 26105 anchor + mov ax, imm16; ret"
9392,OAPCLDEEHEE,43847,0xD10FBC0,AEGNNPENLNM,mov-ax-imm16-ret,static-candidate,"same 7.1 GetCmdId method identity as verified 26105 anchor + mov ax, imm16; ret"
9394,JIHEBNIJGGL,64101,0xC033A70,AEGNNPENLNM,mov-ax-imm16-ret,static-candidate,"same 7.1 GetCmdId method identity as verified 26105 anchor + mov ax, imm16; ret"
9399,IJLEOHFLEFE,66178,0x111F0540,AEGNNPENLNM,mov-ax-imm16-ret,static-candidate,"same 7.1 GetCmdId method identity as verified 26105 anchor + mov ax, imm16; ret"
9402,OHGCBPIMKKD,26933,0x13118460,AEGNNPENLNM,mov-ax-imm16-ret,static-candidate,"same 7.1 GetCmdId method identity as verified 26105 anchor + mov ax, imm16; ret"
9413,HDJCGNNDIDP,66124,0x7492C20,AEGNNPENLNM,mov-ax-imm16-ret,static-candidate,"same 7.1 GetCmdId method identity as verified 26105 anchor + mov ax, imm16; ret"
9419,FPGEBLLBOOJ,47099,0xBD9F360,AEGNNPENLNM,mov-ax-imm16-ret,static-candidate,"same 7.1 GetCmdId method identity as verified 26105 anchor + mov ax, imm16; ret"
9421,KOPLKHODOEB,57311,0x9021470,AEGNNPENLNM,mov-ax-imm16-ret,static-candidate,"same 7.1 GetCmdId method identity as verified 26105 anchor + mov ax, imm16; ret"
9425,OMEHNNDMDKB,86954,0x93AC9B0,AEGNNPENLNM,mov-ax-imm16-ret,static-candidate,"same 7.1 GetCmdId method identity as verified 26105 anchor + mov ax, imm16; ret"
9426,JOEFJDKNIMM,23250,0xFB84310,AEGNNPENLNM,mov-ax-imm16-ret,static-candidate,"same 7.1 GetCmdId method identity as verified 26105 anchor + mov ax, imm16; ret"
9427,LACDHJNMLDP,36753,0xB486A90,AEGNNPENLNM,mov-ax-imm16-ret,static-candidate,"same 7.1 GetCmdId method identity as verified 26105 anchor + mov ax, imm16; ret"
9431,HIECOENDJFK,39307,0x11D93620,AEGNNPENLNM,mov-ax-imm16-ret,static-candidate,"same 7.1 GetCmdId method identity as verified 26105 anchor + mov ax, imm16; ret"
9435,CEPIFDHDMKA,44104,0x86EF100,AEGNNPENLNM,mov-ax-imm16-ret,static-candidate,"same 7.1 GetCmdId method identity as verified 26105 anchor + mov ax, imm16; ret"
9444,BBHIMKINOLF,81787,0xC9E2100,AEGNNPENLNM,mov-ax-imm16-ret,static-candidate,"same 7.1 GetCmdId method identity as verified 26105 anchor + mov ax, imm16; ret"
9450,KNDCKMIAPBH,69115,0xB46F210,AEGNNPENLNM,mov-ax-imm16-ret,static-candidate,"same 7.1 GetCmdId method identity as verified 26105 anchor + mov ax, imm16; ret"
9457,PGCLAFLNPFP,59716,0x131983F0,AEGNNPENLNM,mov-ax-imm16-ret,static-candidate,"same 7.1 GetCmdId method identity as verified 26105 anchor + mov ax, imm16; ret"
9459,MHDKOBAFDDP,85025,0xCE9FDC0,AEGNNPENLNM,mov-ax-imm16-ret,static-candidate,"same 7.1 GetCmdId method identity as verified 26105 anchor + mov ax, imm16; ret"
9475,BJJHIHIMFGA,85251,0x9B331A0,AEGNNPENLNM,mov-ax-imm16-ret,static-candidate,"same 7.1 GetCmdId method identity as verified 26105 anchor + mov ax, imm16; ret"
9477,KJPAPMLMGGF,22502,0xA9845A0,AEGNNPENLNM,mov-ax-imm16-ret,static-candidate,"same 7.1 GetCmdId method identity as verified 26105 anchor + mov ax, imm16; ret"
9479,DLGDIKGMBJB,85943,0x125740A0,AEGNNPENLNM,mov-ax-imm16-ret,static-candidate,"same 7.1 GetCmdId method identity as verified 26105 anchor + mov ax, imm16; ret"
9480,DJGFINOKFHJ,14467,0xF61CB60,AEGNNPENLNM,mov-ax-imm16-ret,static-candidate,"same 7.1 GetCmdId method identity as verified 26105 anchor + mov ax, imm16; ret"
9487,FIAAAGMIEIJ,13284,0x103C8600,AEGNNPENLNM,mov-ax-imm16-ret,static-candidate,"same 7.1 GetCmdId method identity as verified 26105 anchor + mov ax, imm16; ret"
9488,DCHNOJIAFKK,21424,0xD348720,AEGNNPENLNM,mov-ax-imm16-ret,static-candidate,"same 7.1 GetCmdId method identity as verified 26105 anchor + mov ax, imm16; ret"
9498,KLDJGEAGIFO,27229,0xCD3D530,AEGNNPENLNM,mov-ax-imm16-ret,static-candidate,"same 7.1 GetCmdId method identity as verified 26105 anchor + mov ax, imm16; ret"
9504,GNCHILKIEGD,43702,0x13602180,AEGNNPENLNM,mov-ax-imm16-ret,static-candidate,"same 7.1 GetCmdId method identity as verified 26105 anchor + mov ax, imm16; ret"
9509,PGBEFHAGKNI,58423,0xD248610,AEGNNPENLNM,mov-ax-imm16-ret,static-candidate,"same 7.1 GetCmdId method identity as verified 26105 anchor + mov ax, imm16; ret"
9510,PBCKHENNAJL,82740,0xE7B52D0,AEGNNPENLNM,mov-ax-imm16-ret,static-candidate,"same 7.1 GetCmdId method identity as verified 26105 anchor + mov ax, imm16; ret"
9513,CHIMKAEMNLM,38528,0x10C638B0,AEGNNPENLNM,mov-ax-imm16-ret,static-candidate,"same 7.1 GetCmdId method identity as verified 26105 anchor + mov ax, imm16; ret"
9517,AILLMPFMPNB,34185,0x8A74420,AEGNNPENLNM,mov-ax-imm16-ret,static-candidate,"same 7.1 GetCmdId method identity as verified 26105 anchor + mov ax, imm16; ret"
9520,LLCAGGPGAAK,14066,0xAA4E480,AEGNNPENLNM,mov-ax-imm16-ret,static-candidate,"same 7.1 GetCmdId method identity as verified 26105 anchor + mov ax, imm16; ret"
9539,CEOGMKOJDBL,51277,0x79DE450,AEGNNPENLNM,mov-ax-imm16-ret,static-candidate,"same 7.1 GetCmdId method identity as verified 26105 anchor + mov ax, imm16; ret"
9540,HDJMJCEABPD,57157,0x1363E080,AEGNNPENLNM,mov-ax-imm16-ret,static-candidate,"same 7.1 GetCmdId method identity as verified 26105 anchor + mov ax, imm16; ret"
9541,MKEKGFPBCOG,76430,0x10973830,AEGNNPENLNM,mov-ax-imm16-ret,static-candidate,"same 7.1 GetCmdId method identity as verified 26105 anchor + mov ax, imm16; ret"
9542,OFONLHCGMBI,87437,0xD1391D0,AEGNNPENLNM,mov-ax-imm16-ret,static-candidate,"same 7.1 GetCmdId method identity as verified 26105 anchor + mov ax, imm16; ret"
9546,DLEAHOAMCFK,27659,0xE9A47E0,AEGNNPENLNM,mov-ax-imm16-ret,static-candidate,"same 7.1 GetCmdId method identity as verified 26105 anchor + mov ax, imm16; ret"
9550,BHPJCLMHBIE,72896,0x1084BB10,AEGNNPENLNM,mov-ax-imm16-ret,static-candidate,"same 7.1 GetCmdId method identity as verified 26105 anchor + mov ax, imm16; ret"
9553,IIMFKHKHDPG,76397,0x137108E0,AEGNNPENLNM,mov-ax-imm16-ret,static-candidate,"same 7.1 GetCmdId method identity as verified 26105 anchor + mov ax, imm16; ret"
9556,MIPJHOMKAGF,61313,0x13A41020,AEGNNPENLNM,mov-ax-imm16-ret,static-candidate,"same 7.1 GetCmdId method identity as verified 26105 anchor + mov ax, imm16; ret"
9563,ENJCAMGNKMF,31962,0x72BC820,AEGNNPENLNM,mov-ax-imm16-ret,static-candidate,"same 7.1 GetCmdId method identity as verified 26105 anchor + mov ax, imm16; ret"
9564,DCINELMNIFB,26107,0x119D19F0,AEGNNPENLNM,mov-ax-imm16-ret,static-candidate,"same 7.1 GetCmdId method identity as verified 26105 anchor + mov ax, imm16; ret"
9565,OGIJMPNPJFE,56170,0x11765E00,AEGNNPENLNM,mov-ax-imm16-ret,static-candidate,"same 7.1 GetCmdId method identity as verified 26105 anchor + mov ax, imm16; ret"
9568,NNGPIHJGEDA,13496,0xE7021F0,AEGNNPENLNM,mov-ax-imm16-ret,static-candidate,"same 7.1 GetCmdId method identity as verified 26105 anchor + mov ax, imm16; ret"
9574,IEAPBONNMFK,52459,0x7567590,AEGNNPENLNM,mov-ax-imm16-ret,static-candidate,"same 7.1 GetCmdId method identity as verified 26105 anchor + mov ax, imm16; ret"
9575,ALIILJGIIAF,51196,0xF7CC680,AEGNNPENLNM,mov-ax-imm16-ret,static-candidate,"same 7.1 GetCmdId method identity as verified 26105 anchor + mov ax, imm16; ret"
9579,MACNOLIHLCC,61856,0x1090FF70,AEGNNPENLNM,mov-ax-imm16-ret,static-candidate,"same 7.1 GetCmdId method identity as verified 26105 anchor + mov ax, imm16; ret"
9581,JBGFMLPGCMA,27319,0xE303400,AEGNNPENLNM,mov-ax-imm16-ret,static-candidate,"same 7.1 GetCmdId method identity as verified 26105 anchor + mov ax, imm16; ret"
9582,DGGODBOJHNI,86281,0xF60A170,AEGNNPENLNM,mov-ax-imm16-ret,static-candidate,"same 7.1 GetCmdId method identity as verified 26105 anchor + mov ax, imm16; ret"
9585,GFGCLAIOIAF,64648,0xD5F5510,AEGNNPENLNM,mov-ax-imm16-ret,static-candidate,"same 7.1 GetCmdId method identity as verified 26105 anchor + mov ax, imm16; ret"
9592,CNBNAHKDALN,34168,0xE908580,AEGNNPENLNM,mov-ax-imm16-ret,static-candidate,"same 7.1 GetCmdId method identity as verified 26105 anchor + mov ax, imm16; ret"
9597,ANKHNGFCNOC,33075,0x9704FD0,AEGNNPENLNM,mov-ax-imm16-ret,static-candidate,"same 7.1 GetCmdId method identity as verified 26105 anchor + mov ax, imm16; ret"
9598,OELCIAAENIP,72239,0x86612D0,AEGNNPENLNM,mov-ax-imm16-ret,static-candidate,"same 7.1 GetCmdId method identity as verified 26105 anchor + mov ax, imm16; ret"
9601,LEJFMGJBHOA,62382,0x7817550,AEGNNPENLNM,mov-ax-imm16-ret,static-candidate,"same 7.1 GetCmdId method identity as verified 26105 anchor + mov ax, imm16; ret"
9608,FLNEACBAIMD,26485,0xD5A0730,AEGNNPENLNM,mov-ax-imm16-ret,static-candidate,"same 7.1 GetCmdId method identity as verified 26105 anchor + mov ax, imm16; ret"
9609,OGECKOKGOBE,34595,0x7B99FD0,AEGNNPENLNM,mov-ax-imm16-ret,static-candidate,"same 7.1 GetCmdId method identity as verified 26105 anchor + mov ax, imm16; ret"
9613,GMKGAHNKOLA,76907,0x8069D00,AEGNNPENLNM,mov-ax-imm16-ret,static-candidate,"same 7.1 GetCmdId method identity as verified 26105 anchor + mov ax, imm16; ret"
9618,MMHLFBLDNHC,82143,0x12D74600,AEGNNPENLNM,mov-ax-imm16-ret,static-candidate,"same 7.1 GetCmdId method identity as verified 26105 anchor + mov ax, imm16; ret"
9633,JMGHBDINLGF,80526,0xFB74740,AEGNNPENLNM,mov-ax-imm16-ret,static-candidate,"same 7.1 GetCmdId method identity as verified 26105 anchor + mov ax, imm16; ret"
9639,EEEEIIOHAGF,87130,0x125B2750,AEGNNPENLNM,mov-ax-imm16-ret,static-candidate,"same 7.1 GetCmdId method identity as verified 26105 anchor + mov ax, imm16; ret"
9640,PFINFBHOJAP,13649,0xB8FE380,AEGNNPENLNM,mov-ax-imm16-ret,static-candidate,"same 7.1 GetCmdId method identity as verified 26105 anchor + mov ax, imm16; ret"
9644,CIHPIMKENDD,35080,0xD2DEDD0,AEGNNPENLNM,mov-ax-imm16-ret,static-candidate,"same 7.1 GetCmdId method identity as verified 26105 anchor + mov ax, imm16; ret"
9648,DLLOIKCINFE,64434,0xF641A50,AEGNNPENLNM,mov-ax-imm16-ret,static-candidate,"same 7.1 GetCmdId method identity as verified 26105 anchor + mov ax, imm16; ret"
9652,GDLBGAEIFKF,19109,0x11BE42F0,AEGNNPENLNM,mov-ax-imm16-ret,static-candidate,"same 7.1 GetCmdId method identity as verified 26105 anchor + mov ax, imm16; ret"
9655,PIIEFPIJBNK,86909,0x10C8D360,AEGNNPENLNM,mov-ax-imm16-ret,static-candidate,"same 7.1 GetCmdId method identity as verified 26105 anchor + mov ax, imm16; ret"
9656,OAPNNAAEFEL,23798,0xC5D06E0,AEGNNPENLNM,mov-ax-imm16-ret,static-candidate,"same 7.1 GetCmdId method identity as verified 26105 anchor + mov ax, imm16; ret"
9657,APHEGGPHNNE,35959,0xB16F5E0,AEGNNPENLNM,mov-ax-imm16-ret,static-candidate,"same 7.1 GetCmdId method identity as verified 26105 anchor + mov ax, imm16; ret"
9659,OEPKLLNNMPO,41454,0x9FA1610,AEGNNPENLNM,mov-ax-imm16-ret,static-candidate,"same 7.1 GetCmdId method identity as verified 26105 anchor + mov ax, imm16; ret"
9661,KAINBMJKEOL,45801,0x1071D220,AEGNNPENLNM,mov-ax-imm16-ret,static-candidate,"same 7.1 GetCmdId method identity as verified 26105 anchor + mov ax, imm16; ret"
9664,OOIFNJCCFMD,33049,0x1237C4F0,AEGNNPENLNM,mov-ax-imm16-ret,static-candidate,"same 7.1 GetCmdId method identity as verified 26105 anchor + mov ax, imm16; ret"
9667,JDDMEKNCALC,47198,0x9A61820,AEGNNPENLNM,mov-ax-imm16-ret,static-candidate,"same 7.1 GetCmdId method identity as verified 26105 anchor + mov ax, imm16; ret"
9674,BJHIAPBFFBH,61197,0x138C89A0,AEGNNPENLNM,mov-ax-imm16-ret,static-candidate,"same 7.1 GetCmdId method identity as verified 26105 anchor + mov ax, imm16; ret"
9677,JLBDBAPDMOJ,87815,0x822D8E0,AEGNNPENLNM,mov-ax-imm16-ret,static-candidate,"same 7.1 GetCmdId method identity as verified 26105 anchor + mov ax, imm16; ret"
9680,KHEEELPIJLO,68145,0x11334DA0,AEGNNPENLNM,mov-ax-imm16-ret,static-candidate,"same 7.1 GetCmdId method identity as verified 26105 anchor + mov ax, imm16; ret"
9681,CIFGDHJILOO,21925,0xAF79F00,AEGNNPENLNM,mov-ax-imm16-ret,static-candidate,"same 7.1 GetCmdId method identity as verified 26105 anchor + mov ax, imm16; ret"
9682,IPCKFLEFODA,35081,0x106713A0,AEGNNPENLNM,mov-ax-imm16-ret,static-candidate,"same 7.1 GetCmdId method identity as verified 26105 anchor + mov ax, imm16; ret"
9683,PMNPLBHIOGB,54423,0xA055ED0,AEGNNPENLNM,mov-ax-imm16-ret,static-candidate,"same 7.1 GetCmdId method identity as verified 26105 anchor + mov ax, imm16; ret"
9686,ICNJKGECDHE,56272,0xFA02190,AEGNNPENLNM,mov-ax-imm16-ret,static-candidate,"same 7.1 GetCmdId method identity as verified 26105 anchor + mov ax, imm16; ret"
9687,DKBBEAEPEOD,26441,0xD37C010,AEGNNPENLNM,mov-ax-imm16-ret,static-candidate,"same 7.1 GetCmdId method identity as verified 26105 anchor + mov ax, imm16; ret"
9688,HDNFIBNMFBC,82894,0xD678CA0,AEGNNPENLNM,mov-ax-imm16-ret,static-candidate,"same 7.1 GetCmdId method identity as verified 26105 anchor + mov ax, imm16; ret"
9689,HHENIGIJDIH,30197,0x80B96B0,AEGNNPENLNM,mov-ax-imm16-ret,static-candidate,"same 7.1 GetCmdId method identity as verified 26105 anchor + mov ax, imm16; ret"
9693,CNBALIFEMNC,42021,0x87F9290,AEGNNPENLNM,mov-ax-imm16-ret,static-candidate,"same 7.1 GetCmdId method identity as verified 26105 anchor + mov ax, imm16; ret"
9695,LAJNHIBCDBP,22639,0x12C6F1E0,AEGNNPENLNM,mov-ax-imm16-ret,static-candidate,"same 7.1 GetCmdId method identity as verified 26105 anchor + mov ax, imm16; ret"
9703,HOECELLLAEG,52236,0xD6D84A0,AEGNNPENLNM,mov-ax-imm16-ret,static-candidate,"same 7.1 GetCmdId method identity as verified 26105 anchor + mov ax, imm16; ret"
9706,FMGGFBHABHA,16185,0x128B8C30,AEGNNPENLNM,mov-ax-imm16-ret,static-candidate,"same 7.1 GetCmdId method identity as verified 26105 anchor + mov ax, imm16; ret"
9710,AFBBJLDHABH,50656,0x126F7590,AEGNNPENLNM,mov-ax-imm16-ret,static-candidate,"same 7.1 GetCmdId method identity as verified 26105 anchor + mov ax, imm16; ret"
9715,CDBPNKHBECH,73631,0xAF5FD60,AEGNNPENLNM,mov-ax-imm16-ret,static-candidate,"same 7.1 GetCmdId method identity as verified 26105 anchor + mov ax, imm16; ret"
9726,NGHKNKKKPNA,85859,0x7AF8E50,AEGNNPENLNM,mov-ax-imm16-ret,static-candidate,"same 7.1 GetCmdId method identity as verified 26105 anchor + mov ax, imm16; ret"
9727,CDKFAFAFECJ,50508,0x9F252C0,AEGNNPENLNM,mov-ax-imm16-ret,static-candidate,"same 7.1 GetCmdId method identity as verified 26105 anchor + mov ax, imm16; ret"
9728,HIJAPIMFBOL,63425,0x80BED00,AEGNNPENLNM,mov-ax-imm16-ret,static-candidate,"same 7.1 GetCmdId method identity as verified 26105 anchor + mov ax, imm16; ret"
9731,DCAGJLJCDGF,35202,0x13F26120,AEGNNPENLNM,mov-ax-imm16-ret,static-candidate,"same 7.1 GetCmdId method identity as verified 26105 anchor + mov ax, imm16; ret"
9735,FGIMCABHADP,80319,0xD489180,AEGNNPENLNM,mov-ax-imm16-ret,static-candidate,"same 7.1 GetCmdId method identity as verified 26105 anchor + mov ax, imm16; ret"
9736,KGKAEBNMKEJ,16523,0x12C238F0,AEGNNPENLNM,mov-ax-imm16-ret,static-candidate,"same 7.1 GetCmdId method identity as verified 26105 anchor + mov ax, imm16; ret"
9741,GCJGNEOGMJF,50145,0xCA29A10,AEGNNPENLNM,mov-ax-imm16-ret,static-candidate,"same 7.1 GetCmdId method identity as verified 26105 anchor + mov ax, imm16; ret"
9743,CHPHPJOFLAF,43107,0x94E4AA0,AEGNNPENLNM,mov-ax-imm16-ret,static-candidate,"same 7.1 GetCmdId method identity as verified 26105 anchor + mov ax, imm16; ret"
9746,NKINNMKLPIK,77006,0x122A9960,AEGNNPENLNM,mov-ax-imm16-ret,static-candidate,"same 7.1 GetCmdId method identity as verified 26105 anchor + mov ax, imm16; ret"
9749,MPHLCMIICJG,68539,0x9D6A8A0,AEGNNPENLNM,mov-ax-imm16-ret,static-candidate,"same 7.1 GetCmdId method identity as verified 26105 anchor + mov ax, imm16; ret"
9752,MKGLAAPJDCG,31007,0xFDB95D0,AEGNNPENLNM,mov-ax-imm16-ret,static-candidate,"same 7.1 GetCmdId method identity as verified 26105 anchor + mov ax, imm16; ret"
9762,HGMEBAGCOLD,52139,0x136592F0,AEGNNPENLNM,mov-ax-imm16-ret,static-candidate,"same 7.1 GetCmdId method identity as verified 26105 anchor + mov ax, imm16; ret"
9770,PKBCPECMEKP,83120,0x1187EB20,AEGNNPENLNM,mov-ax-imm16-ret,static-candidate,"same 7.1 GetCmdId method identity as verified 26105 anchor + mov ax, imm16; ret"
9777,HMOCBHAGMID,59899,0xB256DA0,AEGNNPENLNM,mov-ax-imm16-ret,static-candidate,"same 7.1 GetCmdId method identity as verified 26105 anchor + mov ax, imm16; ret"
9779,IOGBLFLPKIA,61855,0xFADEDE0,AEGNNPENLNM,mov-ax-imm16-ret,static-candidate,"same 7.1 GetCmdId method identity as verified 26105 anchor + mov ax, imm16; ret"
9782,IEBBLLEGJKP,40074,0xD711940,AEGNNPENLNM,mov-ax-imm16-ret,static-candidate,"same 7.1 GetCmdId method identity as verified 26105 anchor + mov ax, imm16; ret"
9786,PDDFAKCPDLK,66260,0x123EFDD0,AEGNNPENLNM,mov-ax-imm16-ret,static-candidate,"same 7.1 GetCmdId method identity as verified 26105 anchor + mov ax, imm16; ret"
9787,OIMMMBDMOJP,73425,0xE77EF80,AEGNNPENLNM,mov-ax-imm16-ret,static-candidate,"same 7.1 GetCmdId method identity as verified 26105 anchor + mov ax, imm16; ret"
9791,PKEOJBGDOHG,64515,0x11881190,AEGNNPENLNM,mov-ax-imm16-ret,static-candidate,"same 7.1 GetCmdId method identity as verified 26105 anchor + mov ax, imm16; ret"
9795,FMJJCFOOLMA,80986,0xBBE6B30,AEGNNPENLNM,mov-ax-imm16-ret,static-candidate,"same 7.1 GetCmdId method identity as verified 26105 anchor + mov ax, imm16; ret"
9802,IBKLJJFPGOG,22964,0xA6DBE50,AEGNNPENLNM,mov-ax-imm16-ret,static-candidate,"same 7.1 GetCmdId method identity as verified 26105 anchor + mov ax, imm16; ret"
9803,BAILPDHDPIO,37927,0x8E59B00,AEGNNPENLNM,mov-ax-imm16-ret,static-candidate,"same 7.1 GetCmdId method identity as verified 26105 anchor + mov ax, imm16; ret"
9807,PIMHPPIIDIN,41260,0x11870E30,AEGNNPENLNM,mov-ax-imm16-ret,static-candidate,"same 7.1 GetCmdId method identity as verified 26105 anchor + mov ax, imm16; ret"
9809,GKCFOBIOHIA,76034,0x135EA0D0,AEGNNPENLNM,mov-ax-imm16-ret,static-candidate,"same 7.1 GetCmdId method identity as verified 26105 anchor + mov ax, imm16; ret"
9813,KGIGAJHOGCK,73835,0x10749F70,AEGNNPENLNM,mov-ax-imm16-ret,static-candidate,"same 7.1 GetCmdId method identity as verified 26105 anchor + mov ax, imm16; ret"
9815,JONOPKLPCFO,33246,0xE374F80,AEGNNPENLNM,mov-ax-imm16-ret,static-candidate,"same 7.1 GetCmdId method identity as verified 26105 anchor + mov ax, imm16; ret"
9825,LANIFBBOKFM,55243,0x113F3A30,AEGNNPENLNM,mov-ax-imm16-ret,static-candidate,"same 7.1 GetCmdId method identity as verified 26105 anchor + mov ax, imm16; ret"
9828,MILFAAEEEBI,53539,0x844A7E0,AEGNNPENLNM,mov-ax-imm16-ret,static-candidate,"same 7.1 GetCmdId method identity as verified 26105 anchor + mov ax, imm16; ret"
9829,JHEPOIAGPPE,63498,0xA8E2C00,AEGNNPENLNM,mov-ax-imm16-ret,static-candidate,"same 7.1 GetCmdId method identity as verified 26105 anchor + mov ax, imm16; ret"
9830,DIFGIIBNFEE,16975,0xC84BF40,AEGNNPENLNM,mov-ax-imm16-ret,static-candidate,"same 7.1 GetCmdId method identity as verified 26105 anchor + mov ax, imm16; ret"
9832,MMGNOJOPJEB,54289,0x793A3E0,AEGNNPENLNM,mov-ax-imm16-ret,static-candidate,"same 7.1 GetCmdId method identity as verified 26105 anchor + mov ax, imm16; ret"
9833,CEFILPJIEPD,47780,0x119236C0,AEGNNPENLNM,mov-ax-imm16-ret,static-candidate,"same 7.1 GetCmdId method identity as verified 26105 anchor + mov ax, imm16; ret"
9835,NEHDMCPNEKG,19698,0xF33E2B0,AEGNNPENLNM,mov-ax-imm16-ret,static-candidate,"same 7.1 GetCmdId method identity as verified 26105 anchor + mov ax, imm16; ret"
9836,OLMOIIIDDKN,86833,0x13142A50,AEGNNPENLNM,mov-ax-imm16-ret,static-candidate,"same 7.1 GetCmdId method identity as verified 26105 anchor + mov ax, imm16; ret"
9837,JICAJNHIEJD,54038,0xC032630,AEGNNPENLNM,mov-ax-imm16-ret,static-candidate,"same 7.1 GetCmdId method identity as verified 26105 anchor + mov ax, imm16; ret"
9839,FNLFBHECJGB,24531,0xEBD7000,AEGNNPENLNM,mov-ax-imm16-ret,static-candidate,"same 7.1 GetCmdId method identity as verified 26105 anchor + mov ax, imm16; ret"
9847,HKOFKGLEKEE,54044,0x74DDFE0,AEGNNPENLNM,mov-ax-imm16-ret,static-candidate,"same 7.1 GetCmdId method identity as verified 26105 anchor + mov ax, imm16; ret"
9850,OKJPFKCHMLK,84509,0xADA0710,AEGNNPENLNM,mov-ax-imm16-ret,static-candidate,"same 7.1 GetCmdId method identity as verified 26105 anchor + mov ax, imm16; ret"
9853,FDGEIJBMGKC,39719,0x72F0160,AEGNNPENLNM,mov-ax-imm16-ret,static-candidate,"same 7.1 GetCmdId method identity as verified 26105 anchor + mov ax, imm16; ret"
9857,HLCLOEGFKBJ,26174,0xD6B1F10,AEGNNPENLNM,mov-ax-imm16-ret,static-candidate,"same 7.1 GetCmdId method identity as verified 26105 anchor + mov ax, imm16; ret"
9865,GHMJMJFGCAF,30291,0xA5600D0,AEGNNPENLNM,mov-ax-imm16-ret,static-candidate,"same 7.1 GetCmdId method identity as verified 26105 anchor + mov ax, imm16; ret"
9866,EEPACJMNPCK,45883,0x960EDC0,AEGNNPENLNM,mov-ax-imm16-ret,static-candidate,"same 7.1 GetCmdId method identity as verified 26105 anchor + mov ax, imm16; ret"
9873,JBKJMOHBOLB,40879,0xB37D4F0,AEGNNPENLNM,mov-ax-imm16-ret,static-candidate,"same 7.1 GetCmdId method identity as verified 26105 anchor + mov ax, imm16; ret"
9877,DDGPJODEHFC,24376,0xE93B830,AEGNNPENLNM,mov-ax-imm16-ret,static-candidate,"same 7.1 GetCmdId method identity as verified 26105 anchor + mov ax, imm16; ret"
9879,HGKMANFJHAD,11928,0xD68C160,AEGNNPENLNM,mov-ax-imm16-ret,static-candidate,"same 7.1 GetCmdId method identity as verified 26105 anchor + mov ax, imm16; ret"
9882,HOJEMIKGACD,62050,0x80E1AE0,AEGNNPENLNM,mov-ax-imm16-ret,static-candidate,"same 7.1 GetCmdId method identity as verified 26105 anchor + mov ax, imm16; ret"
9884,DJGNMNKCIMB,47841,0xE994190,AEGNNPENLNM,mov-ax-imm16-ret,static-candidate,"same 7.1 GetCmdId method identity as verified 26105 anchor + mov ax, imm16; ret"
9892,DOEMECGOCPI,68378,0x1258B230,AEGNNPENLNM,mov-ax-imm16-ret,static-candidate,"same 7.1 GetCmdId method identity as verified 26105 anchor + mov ax, imm16; ret"
9900,OLIKKCNMFNI,83310,0x100E2AE0,AEGNNPENLNM,mov-ax-imm16-ret,static-candidate,"same 7.1 GetCmdId method identity as verified 26105 anchor + mov ax, imm16; ret"
9903,GKBNMOKPLBD,27842,0xCA778D0,AEGNNPENLNM,mov-ax-imm16-ret,static-candidate,"same 7.1 GetCmdId method identity as verified 26105 anchor + mov ax, imm16; ret"
9907,GNPBFKHKHEF,35101,0x13611090,AEGNNPENLNM,mov-ax-imm16-ret,static-candidate,"same 7.1 GetCmdId method identity as verified 26105 anchor + mov ax, imm16; ret"
9913,KBMFPCOFGLO,17712,0x8288330,AEGNNPENLNM,mov-ax-imm16-ret,static-candidate,"same 7.1 GetCmdId method identity as verified 26105 anchor + mov ax, imm16; ret"
9923,LOLIJLMKJEN,36911,0xCE615F0,AEGNNPENLNM,mov-ax-imm16-ret,static-candidate,"same 7.1 GetCmdId method identity as verified 26105 anchor + mov ax, imm16; ret"
9926,GFDAMNJDEIP,42046,0x80337F0,AEGNNPENLNM,mov-ax-imm16-ret,static-candidate,"same 7.1 GetCmdId method identity as verified 26105 anchor + mov ax, imm16; ret"
9932,BBBOJEJFJKH,39098,0xD543450,AEGNNPENLNM,mov-ax-imm16-ret,static-candidate,"same 7.1 GetCmdId method identity as verified 26105 anchor + mov ax, imm16; ret"
9935,LDDADMGGGNK,69611,0xCD90EF0,AEGNNPENLNM,mov-ax-imm16-ret,static-candidate,"same 7.1 GetCmdId method identity as verified 26105 anchor + mov ax, imm16; ret"
9942,HBLEEPBCIIA,23981,0xCAD2350,AEGNNPENLNM,mov-ax-imm16-ret,static-candidate,"same 7.1 GetCmdId method identity as verified 26105 anchor + mov ax, imm16; ret"
9945,PDOGADJJOLM,59871,0x7C26C70,AEGNNPENLNM,mov-ax-imm16-ret,static-candidate,"same 7.1 GetCmdId method identity as verified 26105 anchor + mov ax, imm16; ret"
9946,LDNHAMNMKOD,69944,0x11408BF0,AEGNNPENLNM,mov-ax-imm16-ret,static-candidate,"same 7.1 GetCmdId method identity as verified 26105 anchor + mov ax, imm16; ret"
9952,AAMDNLDGDBG,47475,0x11B202C0,AEGNNPENLNM,mov-ax-imm16-ret,static-candidate,"same 7.1 GetCmdId method identity as verified 26105 anchor + mov ax, imm16; ret"
9959,HANNEBKOCJI,22950,0xA5BFC80,AEGNNPENLNM,mov-ax-imm16-ret,static-candidate,"same 7.1 GetCmdId method identity as verified 26105 anchor + mov ax, imm16; ret"
9965,ICOHIAPDOAP,24305,0x755C290,AEGNNPENLNM,mov-ax-imm16-ret,static-candidate,"same 7.1 GetCmdId method identity as verified 26105 anchor + mov ax, imm16; ret"
9968,GLGFKGPOOKK,63472,0x135F9110,AEGNNPENLNM,mov-ax-imm16-ret,static-candidate,"same 7.1 GetCmdId method identity as verified 26105 anchor + mov ax, imm16; ret"
9969,DEHCFNEKPJD,71021,0x13F3DE00,AEGNNPENLNM,mov-ax-imm16-ret,static-candidate,"same 7.1 GetCmdId method identity as verified 26105 anchor + mov ax, imm16; ret"
9971,LHJCIDEIAME,82739,0x1142B240,AEGNNPENLNM,mov-ax-imm16-ret,static-candidate,"same 7.1 GetCmdId method identity as verified 26105 anchor + mov ax, imm16; ret"
9972,HCGMJKOLOJB,30733,0x1053EF90,AEGNNPENLNM,mov-ax-imm16-ret,static-candidate,"same 7.1 GetCmdId method identity as verified 26105 anchor + mov ax, imm16; ret"
9975,MNCPGFGNHNH,62403,0x115476B0,AEGNNPENLNM,mov-ax-imm16-ret,static-candidate,"same 7.1 GetCmdId method identity as verified 26105 anchor + mov ax, imm16; ret"
9980,NHJDAKCDDED,80617,0xFF82230,AEGNNPENLNM,mov-ax-imm16-ret,static-candidate,"same 7.1 GetCmdId method identity as verified 26105 anchor + mov ax, imm16; ret"
9981,OMGKDBGLAJH,86753,0x1180F160,AEGNNPENLNM,mov-ax-imm16-ret,static-candidate,"same 7.1 GetCmdId method identity as verified 26105 anchor + mov ax, imm16; ret"
9988,GBFNPGKFELK,64504,0xBDB1A80,AEGNNPENLNM,mov-ax-imm16-ret,static-candidate,"same 7.1 GetCmdId method identity as verified 26105 anchor + mov ax, imm16; ret"
9991,OKDCPAPGKBD,36795,0xC63CBA0,AEGNNPENLNM,mov-ax-imm16-ret,static-candidate,"same 7.1 GetCmdId method identity as verified 26105 anchor + mov ax, imm16; ret"
9993,PHAJHIBOPIB,83001,0xF4A3CE0,AEGNNPENLNM,mov-ax-imm16-ret,static-candidate,"same 7.1 GetCmdId method identity as verified 26105 anchor + mov ax, imm16; ret"
9995,BMLBIJGDCKF,35774,0x123B48C0,AEGNNPENLNM,mov-ax-imm16-ret,static-candidate,"same 7.1 GetCmdId method identity as verified 26105 anchor + mov ax, imm16; ret"
9997,LBFAPNIFGAG,70351,0x13927020,AEGNNPENLNM,mov-ax-imm16-ret,static-candidate,"same 7.1 GetCmdId method identity as verified 26105 anchor + mov ax, imm16; ret"
10000,GOAGHBLCEFO,20541,0x1299DB60,AEGNNPENLNM,mov-ax-imm16-ret,static-candidate,"same 7.1 GetCmdId method identity as verified 26105 anchor + mov ax, imm16; ret"
20002,DHDENKEFNNE,76577,0xC8472C0,AEGNNPENLNM,mov-ax-imm16-ret,static-candidate,"same 7.1 GetCmdId method identity as verified 26105 anchor + mov ax, imm16; ret"
20005,EAIPCHPJDIM,70096,0xE9DF7B0,AEGNNPENLNM,mov-ax-imm16-ret,static-candidate,"same 7.1 GetCmdId method identity as verified 26105 anchor + mov ax, imm16; ret"
20017,IDBLJGEDHCI,63434,0x11E091A0,AEGNNPENLNM,mov-ax-imm16-ret,static-candidate,"same 7.1 GetCmdId method identity as verified 26105 anchor + mov ax, imm16; ret"
20020,EAJPBHMLIFF,34634,0xA187C60,AEGNNPENLNM,mov-ax-imm16-ret,static-candidate,"same 7.1 GetCmdId method identity as verified 26105 anchor + mov ax, imm16; ret"
20026,KKFJNFDCFMO,59698,0x8FD0380,AEGNNPENLNM,mov-ax-imm16-ret,static-candidate,"same 7.1 GetCmdId method identity as verified 26105 anchor + mov ax, imm16; ret"
20029,MNFPMJIGBPH,56219,0x1212FB00,AEGNNPENLNM,mov-ax-imm16-ret,static-candidate,"same 7.1 GetCmdId method identity as verified 26105 anchor + mov ax, imm16; ret"
20031,FAFBCLFFAPM,21673,0x125F5DD0,AEGNNPENLNM,mov-ax-imm16-ret,static-candidate,"same 7.1 GetCmdId method identity as verified 26105 anchor + mov ax, imm16; ret"
20032,EIKODBNGDKH,23591,0xEA3C4C0,AEGNNPENLNM,mov-ax-imm16-ret,static-candidate,"same 7.1 GetCmdId method identity as verified 26105 anchor + mov ax, imm16; ret"
20044,PJFFCCCAIKK,16740,0x9413C10,AEGNNPENLNM,mov-ax-imm16-ret,static-candidate,"same 7.1 GetCmdId method identity as verified 26105 anchor + mov ax, imm16; ret"
20049,AGCCNKGDEAF,88829,0xBC5DFE0,AEGNNPENLNM,mov-ax-imm16-ret,static-candidate,"same 7.1 GetCmdId method identity as verified 26105 anchor + mov ax, imm16; ret"
20051,JOLALPPKNBA,88885,0xEF939C0,AEGNNPENLNM,mov-ax-imm16-ret,static-candidate,"same 7.1 GetCmdId method identity as verified 26105 anchor + mov ax, imm16; ret"
20052,NKOMJOEJGEK,86885,0x13079440,AEGNNPENLNM,mov-ax-imm16-ret,static-candidate,"same 7.1 GetCmdId method identity as verified 26105 anchor + mov ax, imm16; ret"
20054,LKALIDCHBHH,16410,0x1206C9A0,AEGNNPENLNM,mov-ax-imm16-ret,static-candidate,"same 7.1 GetCmdId method identity as verified 26105 anchor + mov ax, imm16; ret"
20056,KFODMKGMEMF,15184,0x11F49040,AEGNNPENLNM,mov-ax-imm16-ret,static-candidate,"same 7.1 GetCmdId method identity as verified 26105 anchor + mov ax, imm16; ret"
20060,PGCFHFHIHKE,15708,0xADEB910,AEGNNPENLNM,mov-ax-imm16-ret,static-candidate,"same 7.1 GetCmdId method identity as verified 26105 anchor + mov ax, imm16; ret"
20063,EKAKHIKFBDJ,40025,0xD407F50,AEGNNPENLNM,mov-ax-imm16-ret,static-candidate,"same 7.1 GetCmdId method identity as verified 26105 anchor + mov ax, imm16; ret"
20066,HCBLEALNNPE,69563,0x747C590,AEGNNPENLNM,mov-ax-imm16-ret,static-candidate,"same 7.1 GetCmdId method identity as verified 26105 anchor + mov ax, imm16; ret"
20067,HNJKEJAOBEA,16760,0x80DD7F0,AEGNNPENLNM,mov-ax-imm16-ret,static-candidate,"same 7.1 GetCmdId method identity as verified 26105 anchor + mov ax, imm16; ret"
20069,OEEJJMNFOBK,86275,0xE7653C0,AEGNNPENLNM,mov-ax-imm16-ret,static-candidate,"same 7.1 GetCmdId method identity as verified 26105 anchor + mov ax, imm16; ret"
20071,ODHLIBEIKFM,37360,0x1231F010,AEGNNPENLNM,mov-ax-imm16-ret,static-candidate,"same 7.1 GetCmdId method identity as verified 26105 anchor + mov ax, imm16; ret"
20080,KBHOGINOMCJ,82651,0x11F21D40,AEGNNPENLNM,mov-ax-imm16-ret,static-candidate,"same 7.1 GetCmdId method identity as verified 26105 anchor + mov ax, imm16; ret"
20083,JDAFIHNCPGN,54142,0x12AEA590,AEGNNPENLNM,mov-ax-imm16-ret,static-candidate,"same 7.1 GetCmdId method identity as verified 26105 anchor + mov ax, imm16; ret"
20085,IACDPPODJNK,18461,0x7547960,AEGNNPENLNM,mov-ax-imm16-ret,static-candidate,"same 7.1 GetCmdId method identity as verified 26105 anchor + mov ax, imm16; ret"
20086,HJMKCDDGFDF,18272,0xBEB9690,AEGNNPENLNM,mov-ax-imm16-ret,static-candidate,"same 7.1 GetCmdId method identity as verified 26105 anchor + mov ax, imm16; ret"
20091,DJHDIMMMCPP,49883,0x10DC6760,AEGNNPENLNM,mov-ax-imm16-ret,static-candidate,"same 7.1 GetCmdId method identity as verified 26105 anchor + mov ax, imm16; ret"
20094,GHDPDAHBOOA,15186,0xB1BF820,AEGNNPENLNM,mov-ax-imm16-ret,static-candidate,"same 7.1 GetCmdId method identity as verified 26105 anchor + mov ax, imm16; ret"
20098,NKONHIALOPB,80823,0xB7F8740,AEGNNPENLNM,mov-ax-imm16-ret,static-candidate,"same 7.1 GetCmdId method identity as verified 26105 anchor + mov ax, imm16; ret"
20109,NIIENCGMAAA,17595,0x1301BD20,AEGNNPENLNM,mov-ax-imm16-ret,static-candidate,"same 7.1 GetCmdId method identity as verified 26105 anchor + mov ax, imm16; ret"
20113,NHHIOCJPICK,60907,0xB796F90,AEGNNPENLNM,mov-ax-imm16-ret,static-candidate,"same 7.1 GetCmdId method identity as verified 26105 anchor + mov ax, imm16; ret"
20114,KNHBIEFHDFO,61547,0x9BF93B0,AEGNNPENLNM,mov-ax-imm16-ret,static-candidate,"same 7.1 GetCmdId method identity as verified 26105 anchor + mov ax, imm16; ret"
20116,OHGHFELKLDH,77313,0x1009A440,AEGNNPENLNM,mov-ax-imm16-ret,static-candidate,"same 7.1 GetCmdId method identity as verified 26105 anchor + mov ax, imm16; ret"
20117,CKAHPCKMJPL,87812,0x13EC6A10,AEGNNPENLNM,mov-ax-imm16-ret,static-candidate,"same 7.1 GetCmdId method identity as verified 26105 anchor + mov ax, imm16; ret"
20122,MLAHPBPEGAG,66218,0xFDBDF90,AEGNNPENLNM,mov-ax-imm16-ret,static-candidate,"same 7.1 GetCmdId method identity as verified 26105 anchor + mov ax, imm16; ret"
20129,KPOHCKKFHBD,28935,0xFCBB470,AEGNNPENLNM,mov-ax-imm16-ret,static-candidate,"same 7.1 GetCmdId method identity as verified 26105 anchor + mov ax, imm16; ret"
20134,IOJLBMJIMFC,46605,0x11E974E0,AEGNNPENLNM,mov-ax-imm16-ret,static-candidate,"same 7.1 GetCmdId method identity as verified 26105 anchor + mov ax, imm16; ret"
20138,KPDMAILBEGH,47541,0x107C7000,AEGNNPENLNM,mov-ax-imm16-ret,static-candidate,"same 7.1 GetCmdId method identity as verified 26105 anchor + mov ax, imm16; ret"
20145,KNPCPEPNKMO,19604,0x1390E7B0,AEGNNPENLNM,mov-ax-imm16-ret,static-candidate,"same 7.1 GetCmdId method identity as verified 26105 anchor + mov ax, imm16; ret"
20151,MBBHLLNNMGG,65717,0x109245F0,AEGNNPENLNM,mov-ax-imm16-ret,static-candidate,"same 7.1 GetCmdId method identity as verified 26105 anchor + mov ax, imm16; ret"
20152,HDKJEJFHIGF,75726,0x105479C0,AEGNNPENLNM,mov-ax-imm16-ret,static-candidate,"same 7.1 GetCmdId method identity as verified 26105 anchor + mov ax, imm16; ret"
20153,HBMIGDCODHI,60131,0x11100820,AEGNNPENLNM,mov-ax-imm16-ret,static-candidate,"same 7.1 GetCmdId method identity as verified 26105 anchor + mov ax, imm16; ret"
20161,GANJEBFMFGF,36929,0x110741A0,AEGNNPENLNM,mov-ax-imm16-ret,static-candidate,"same 7.1 GetCmdId method identity as verified 26105 anchor + mov ax, imm16; ret"
20166,HNNBNGDGPKN,22461,0x111957C0,AEGNNPENLNM,mov-ax-imm16-ret,static-candidate,"same 7.1 GetCmdId method identity as verified 26105 anchor + mov ax, imm16; ret"
20169,JIPILCHCJNA,38599,0x821C390,AEGNNPENLNM,mov-ax-imm16-ret,static-candidate,"same 7.1 GetCmdId method identity as verified 26105 anchor + mov ax, imm16; ret"
20179,BLHGKDPABDE,46234,0xFC23080,AEGNNPENLNM,mov-ax-imm16-ret,static-candidate,"same 7.1 GetCmdId method identity as verified 26105 anchor + mov ax, imm16; ret"
20184,ABFHJMOILDO,23594,0xB0D8B20,AEGNNPENLNM,mov-ax-imm16-ret,static-candidate,"same 7.1 GetCmdId method identity as verified 26105 anchor + mov ax, imm16; ret"
20188,DHCDIOAFDPO,32790,0xE982220,AEGNNPENLNM,mov-ax-imm16-ret,static-candidate,"same 7.1 GetCmdId method identity as verified 26105 anchor + mov ax, imm16; ret"
20191,KGAEGLIKLJN,26716,0x7735490,AEGNNPENLNM,mov-ax-imm16-ret,static-candidate,"same 7.1 GetCmdId method identity as verified 26105 anchor + mov ax, imm16; ret"
20194,FFJHNLBJEKO,86591,0x8B6E9B0,AEGNNPENLNM,mov-ax-imm16-ret,static-candidate,"same 7.1 GetCmdId method identity as verified 26105 anchor + mov ax, imm16; ret"
20207,EIBGNNHAIJI,85656,0xBB29B10,AEGNNPENLNM,mov-ax-imm16-ret,static-candidate,"same 7.1 GetCmdId method identity as verified 26105 anchor + mov ax, imm16; ret"
20210,JDEMGHOJFCD,20762,0xEF1A030,AEGNNPENLNM,mov-ax-imm16-ret,static-candidate,"same 7.1 GetCmdId method identity as verified 26105 anchor + mov ax, imm16; ret"
20215,GJOLNLCFNCF,83270,0xEC30AF0,AEGNNPENLNM,mov-ax-imm16-ret,static-candidate,"same 7.1 GetCmdId method identity as verified 26105 anchor + mov ax, imm16; ret"
20217,JIPJCJKNIOO,59682,0x12B87990,AEGNNPENLNM,mov-ax-imm16-ret,static-candidate,"same 7.1 GetCmdId method identity as verified 26105 anchor + mov ax, imm16; ret"
20218,LDNLKJNGHBA,18111,0xC1D3780,AEGNNPENLNM,mov-ax-imm16-ret,static-candidate,"same 7.1 GetCmdId method identity as verified 26105 anchor + mov ax, imm16; ret"
20224,HNMMIOAKLOG,23803,0x12A40510,AEGNNPENLNM,mov-ax-imm16-ret,static-candidate,"same 7.1 GetCmdId method identity as verified 26105 anchor + mov ax, imm16; ret"
20229,AMLEOKHNGCB,16561,0x134C08F0,AEGNNPENLNM,mov-ax-imm16-ret,static-candidate,"same 7.1 GetCmdId method identity as verified 26105 anchor + mov ax, imm16; ret"
20230,LDFFLCLPAFC,20021,0x11401290,AEGNNPENLNM,mov-ax-imm16-ret,static-candidate,"same 7.1 GetCmdId method identity as verified 26105 anchor + mov ax, imm16; ret"
20231,HNNMOGPOEPK,23260,0x105A03A0,AEGNNPENLNM,mov-ax-imm16-ret,static-candidate,"same 7.1 GetCmdId method identity as verified 26105 anchor + mov ax, imm16; ret"
20234,KPHNLCMOCLD,87246,0xF08C0A0,AEGNNPENLNM,mov-ax-imm16-ret,static-candidate,"same 7.1 GetCmdId method identity as verified 26105 anchor + mov ax, imm16; ret"
20235,EMBFMNLMEMP,33856,0x1404C2D0,AEGNNPENLNM,mov-ax-imm16-ret,static-candidate,"same 7.1 GetCmdId method identity as verified 26105 anchor + mov ax, imm16; ret"
20241,IHPPEPDBGKF,61311,0x11E59C60,AEGNNPENLNM,mov-ax-imm16-ret,static-candidate,"same 7.1 GetCmdId method identity as verified 26105 anchor + mov ax, imm16; ret"
20244,HILEFEAPCLA,34198,0x11D95560,AEGNNPENLNM,mov-ax-imm16-ret,static-candidate,"same 7.1 GetCmdId method identity as verified 26105 anchor + mov ax, imm16; ret"
20248,MFLLEPEJCHB,12844,0x78D0F50,AEGNNPENLNM,mov-ax-imm16-ret,static-candidate,"same 7.1 GetCmdId method identity as verified 26105 anchor + mov ax, imm16; ret"
20249,KBJDHBLEMNF,57536,0x112F9510,AEGNNPENLNM,mov-ax-imm16-ret,static-candidate,"same 7.1 GetCmdId method identity as verified 26105 anchor + mov ax, imm16; ret"
20269,INCFMKNEKEC,35196,0x8184B60,AEGNNPENLNM,mov-ax-imm16-ret,static-candidate,"same 7.1 GetCmdId method identity as verified 26105 anchor + mov ax, imm16; ret"
20272,PGIBNGLFOFG,20015,0xA0173E0,AEGNNPENLNM,mov-ax-imm16-ret,static-candidate,"same 7.1 GetCmdId method identity as verified 26105 anchor + mov ax, imm16; ret"
20276,KINNKHFPJPG,29737,0x11F5E030,AEGNNPENLNM,mov-ax-imm16-ret,static-candidate,"same 7.1 GetCmdId method identity as verified 26105 anchor + mov ax, imm16; ret"
20282,MHNGOFLNFPD,83678,0xAAC3C60,AEGNNPENLNM,mov-ax-imm16-ret,static-candidate,"same 7.1 GetCmdId method identity as verified 26105 anchor + mov ax, imm16; ret"
20290,MAFFAFNMEBM,76295,0x114767D0,AEGNNPENLNM,mov-ax-imm16-ret,static-candidate,"same 7.1 GetCmdId method identity as verified 26105 anchor + mov ax, imm16; ret"
20292,BNDKJMAJGHK,38113,0xF29EED0,AEGNNPENLNM,mov-ax-imm16-ret,static-candidate,"same 7.1 GetCmdId method identity as verified 26105 anchor + mov ax, imm16; ret"
20299,CMMFIFKNNFM,75153,0xA0D12D0,AEGNNPENLNM,mov-ax-imm16-ret,static-candidate,"same 7.1 GetCmdId method identity as verified 26105 anchor + mov ax, imm16; ret"
20300,IPJOFKGNMHE,50122,0x76337B0,AEGNNPENLNM,mov-ax-imm16-ret,static-candidate,"same 7.1 GetCmdId method identity as verified 26105 anchor + mov ax, imm16; ret"
20302,CIPILGAMHBC,83150,0xF5879F0,AEGNNPENLNM,mov-ax-imm16-ret,static-candidate,"same 7.1 GetCmdId method identity as verified 26105 anchor + mov ax, imm16; ret"
20308,DDNHLGPKIMD,74574,0xD351C10,AEGNNPENLNM,mov-ax-imm16-ret,static-candidate,"same 7.1 GetCmdId method identity as verified 26105 anchor + mov ax, imm16; ret"
20315,LCJICLKAJPE,17076,0xF0A6CF0,AEGNNPENLNM,mov-ax-imm16-ret,static-candidate,"same 7.1 GetCmdId method identity as verified 26105 anchor + mov ax, imm16; ret"
20318,NKCNPOAKMIE,16385,0x11702A00,AEGNNPENLNM,mov-ax-imm16-ret,static-candidate,"same 7.1 GetCmdId method identity as verified 26105 anchor + mov ax, imm16; ret"
20321,KFKKEHKFLCO,49635,0x829B580,AEGNNPENLNM,mov-ax-imm16-ret,static-candidate,"same 7.1 GetCmdId method identity as verified 26105 anchor + mov ax, imm16; ret"
20324,IICNMHHGDHL,48631,0x1370D370,AEGNNPENLNM,mov-ax-imm16-ret,static-candidate,"same 7.1 GetCmdId method identity as verified 26105 anchor + mov ax, imm16; ret"
20333,IHCIOLJBCDJ,26630,0x12A8A2A0,AEGNNPENLNM,mov-ax-imm16-ret,static-candidate,"same 7.1 GetCmdId method identity as verified 26105 anchor + mov ax, imm16; ret"
20335,APPPJKHCMGE,54626,0xC9DDAB0,AEGNNPENLNM,mov-ax-imm16-ret,static-candidate,"same 7.1 GetCmdId method identity as verified 26105 anchor + mov ax, imm16; ret"
20336,KFBGNOCODHO,42495,0x10736F70,AEGNNPENLNM,mov-ax-imm16-ret,static-candidate,"same 7.1 GetCmdId method identity as verified 26105 anchor + mov ax, imm16; ret"
20338,HJOMHGEAIBI,55888,0x8CE6B10,AEGNNPENLNM,mov-ax-imm16-ret,static-candidate,"same 7.1 GetCmdId method identity as verified 26105 anchor + mov ax, imm16; ret"
20343,HAMKEFMHKLG,87353,0x8090360,AEGNNPENLNM,mov-ax-imm16-ret,static-candidate,"same 7.1 GetCmdId method identity as verified 26105 anchor + mov ax, imm16; ret"
20349,DMPCMLHEOAF,63318,0xC87ED30,AEGNNPENLNM,mov-ax-imm16-ret,static-candidate,"same 7.1 GetCmdId method identity as verified 26105 anchor + mov ax, imm16; ret"
20357,HCFLIHMNIDO,18780,0xBE6A6C0,AEGNNPENLNM,mov-ax-imm16-ret,static-candidate,"same 7.1 GetCmdId method identity as verified 26105 anchor + mov ax, imm16; ret"
20374,OBPDLKFFNOD,56375,0x13D39070,AEGNNPENLNM,mov-ax-imm16-ret,static-candidate,"same 7.1 GetCmdId method identity as verified 26105 anchor + mov ax, imm16; ret"
20382,LIIBANNFCDB,48627,0x139612B0,AEGNNPENLNM,mov-ax-imm16-ret,static-candidate,"same 7.1 GetCmdId method identity as verified 26105 anchor + mov ax, imm16; ret"
20388,JHCLDLNDNHC,16576,0x7684100,AEGNNPENLNM,mov-ax-imm16-ret,static-candidate,"same 7.1 GetCmdId method identity as verified 26105 anchor + mov ax, imm16; ret"
20390,PABLEPEOBAP,59691,0x7C119D0,AEGNNPENLNM,mov-ax-imm16-ret,static-candidate,"same 7.1 GetCmdId method identity as verified 26105 anchor + mov ax, imm16; ret"
20393,BOLJOGMIIHA,53075,0x9473610,AEGNNPENLNM,mov-ax-imm16-ret,static-candidate,"same 7.1 GetCmdId method identity as verified 26105 anchor + mov ax, imm16; ret"
20396,BMMBCFHFGCH,81566,0xCDF9140,AEGNNPENLNM,mov-ax-imm16-ret,static-candidate,"same 7.1 GetCmdId method identity as verified 26105 anchor + mov ax, imm16; ret"
20398,JGBLJHBFAKB,80953,0x137B9120,AEGNNPENLNM,mov-ax-imm16-ret,static-candidate,"same 7.1 GetCmdId method identity as verified 26105 anchor + mov ax, imm16; ret"
20402,HOGHHEIDHBK,69637,0x80E0FF0,AEGNNPENLNM,mov-ax-imm16-ret,static-candidate,"same 7.1 GetCmdId method identity as verified 26105 anchor + mov ax, imm16; ret"
20414,MGDJCEJEEFO,38087,0xFD93990,AEGNNPENLNM,mov-ax-imm16-ret,static-candidate,"same 7.1 GetCmdId method identity as verified 26105 anchor + mov ax, imm16; ret"
20415,IGHGDAJCNIB,55261,0x10604970,AEGNNPENLNM,mov-ax-imm16-ret,static-candidate,"same 7.1 GetCmdId method identity as verified 26105 anchor + mov ax, imm16; ret"
20420,DHBHEBCKCOJ,63116,0xBAAABC0,AEGNNPENLNM,mov-ax-imm16-ret,static-candidate,"same 7.1 GetCmdId method identity as verified 26105 anchor + mov ax, imm16; ret"
20424,ONCKBFOJHKP,23371,0x86AEEB0,AEGNNPENLNM,mov-ax-imm16-ret,static-candidate,"same 7.1 GetCmdId method identity as verified 26105 anchor + mov ax, imm16; ret"
20427,KJFCLFBOJEB,66677,0x1076BA20,AEGNNPENLNM,mov-ax-imm16-ret,static-candidate,"same 7.1 GetCmdId method identity as verified 26105 anchor + mov ax, imm16; ret"
20429,FPLBECBFJNO,79293,0x7376C40,AEGNNPENLNM,mov-ax-imm16-ret,static-candidate,"same 7.1 GetCmdId method identity as verified 26105 anchor + mov ax, imm16; ret"
20433,NLIAMCIMLEN,82001,0xB806F30,AEGNNPENLNM,mov-ax-imm16-ret,static-candidate,"same 7.1 GetCmdId method identity as verified 26105 anchor + mov ax, imm16; ret"
20435,KIAMOJEHBIA,49798,0xCD2CEB0,AEGNNPENLNM,mov-ax-imm16-ret,static-candidate,"same 7.1 GetCmdId method identity as verified 26105 anchor + mov ax, imm16; ret"
20441,KAMGGPLGJPG,72967,0xFBAEC80,AEGNNPENLNM,mov-ax-imm16-ret,static-candidate,"same 7.1 GetCmdId method identity as verified 26105 anchor + mov ax, imm16; ret"
20442,HAHDABHOCKH,63423,0x746A1B0,AEGNNPENLNM,mov-ax-imm16-ret,static-candidate,"same 7.1 GetCmdId method identity as verified 26105 anchor + mov ax, imm16; ret"
20444,GOJECBKIOKK,79791,0x11C4A610,AEGNNPENLNM,mov-ax-imm16-ret,static-candidate,"same 7.1 GetCmdId method identity as verified 26105 anchor + mov ax, imm16; ret"
20445,BDOBKCBPPIP,67140,0x71F04E0,AEGNNPENLNM,mov-ax-imm16-ret,static-candidate,"same 7.1 GetCmdId method identity as verified 26105 anchor + mov ax, imm16; ret"
20447,OHMBPKGODAG,35205,0x9386780,AEGNNPENLNM,mov-ax-imm16-ret,static-candidate,"same 7.1 GetCmdId method identity as verified 26105 anchor + mov ax, imm16; ret"
20448,KOMPPINPDEI,12949,0x11F829A0,AEGNNPENLNM,mov-ax-imm16-ret,static-candidate,"same 7.1 GetCmdId method identity as verified 26105 anchor + mov ax, imm16; ret"
20449,MNNMLJFAMIL,60867,0x12D787C0,AEGNNPENLNM,mov-ax-imm16-ret,static-candidate,"same 7.1 GetCmdId method identity as verified 26105 anchor + mov ax, imm16; ret"
20451,EAHKKCCNHHE,13624,0x127989C0,AEGNNPENLNM,mov-ax-imm16-ret,static-candidate,"same 7.1 GetCmdId method identity as verified 26105 anchor + mov ax, imm16; ret"
20454,KDNEJCDOEKN,44051,0xC123A20,AEGNNPENLNM,mov-ax-imm16-ret,static-candidate,"same 7.1 GetCmdId method identity as verified 26105 anchor + mov ax, imm16; ret"
20459,BFJAJPOHIII,24522,0xB52CA90,AEGNNPENLNM,mov-ax-imm16-ret,static-candidate,"same 7.1 GetCmdId method identity as verified 26105 anchor + mov ax, imm16; ret"
20460,CLEJEKGPJIA,72133,0xA0C0070,AEGNNPENLNM,mov-ax-imm16-ret,static-candidate,"same 7.1 GetCmdId method identity as verified 26105 anchor + mov ax, imm16; ret"
20461,JPEBLFNNENK,59584,0x9AFF620,AEGNNPENLNM,mov-ax-imm16-ret,static-candidate,"same 7.1 GetCmdId method identity as verified 26105 anchor + mov ax, imm16; ret"
20462,JFFCBGGLKJN,58920,0xA8B3AF0,AEGNNPENLNM,mov-ax-imm16-ret,static-candidate,"same 7.1 GetCmdId method identity as verified 26105 anchor + mov ax, imm16; ret"
20463,FMKCDBNGDNF,56579,0x7FF4870,AEGNNPENLNM,mov-ax-imm16-ret,static-candidate,"same 7.1 GetCmdId method identity as verified 26105 anchor + mov ax, imm16; ret"
20465,OCOMENAKIAH,49035,0xF3BF770,AEGNNPENLNM,mov-ax-imm16-ret,static-candidate,"same 7.1 GetCmdId method identity as verified 26105 anchor + mov ax, imm16; ret"
20471,FFKDECDIAFF,57165,0x10EC2520,AEGNNPENLNM,mov-ax-imm16-ret,static-candidate,"same 7.1 GetCmdId method identity as verified 26105 anchor + mov ax, imm16; ret"
20475,IOECNENLPCK,18414,0x99F19B0,AEGNNPENLNM,mov-ax-imm16-ret,static-candidate,"same 7.1 GetCmdId method identity as verified 26105 anchor + mov ax, imm16; ret"
20476,BOMOPAMHDEM,35466,0x10C264A0,AEGNNPENLNM,mov-ax-imm16-ret,static-candidate,"same 7.1 GetCmdId method identity as verified 26105 anchor + mov ax, imm16; ret"
20478,ILJDINPJCGE,44231,0x11201900,AEGNNPENLNM,mov-ax-imm16-ret,static-candidate,"same 7.1 GetCmdId method identity as verified 26105 anchor + mov ax, imm16; ret"
20480,GAHPNHFFKOD,20490,0xBDA9D10,AEGNNPENLNM,mov-ax-imm16-ret,static-candidate,"same 7.1 GetCmdId method identity as verified 26105 anchor + mov ax, imm16; ret"
20484,GIIGDONJFPJ,20805,0x740F250,AEGNNPENLNM,mov-ax-imm16-ret,static-candidate,"same 7.1 GetCmdId method identity as verified 26105 anchor + mov ax, imm16; ret"
20488,FBKBEFHNBAF,57069,0xEA9B690,AEGNNPENLNM,mov-ax-imm16-ret,static-candidate,"same 7.1 GetCmdId method identity as verified 26105 anchor + mov ax, imm16; ret"
20490,DHAONOBKEEK,86274,0xA13F2E0,AEGNNPENLNM,mov-ax-imm16-ret,static-candidate,"same 7.1 GetCmdId method identity as verified 26105 anchor + mov ax, imm16; ret"
20497,ILANKJCJCGA,30192,0xFAC78C0,AEGNNPENLNM,mov-ax-imm16-ret,static-candidate,"same 7.1 GetCmdId method identity as verified 26105 anchor + mov ax, imm16; ret"
20499,KJACIFKEDLC,35149,0x1076B4F0,AEGNNPENLNM,mov-ax-imm16-ret,static-candidate,"same 7.1 GetCmdId method identity as verified 26105 anchor + mov ax, imm16; ret"
20510,LMDLMKNAEBD,88720,0xAA54460,AEGNNPENLNM,mov-ax-imm16-ret,static-candidate,"same 7.1 GetCmdId method identity as verified 26105 anchor + mov ax, imm16; ret"
20513,GCNJLOBOIPD,63738,0x1108DCC0,AEGNNPENLNM,mov-ax-imm16-ret,static-candidate,"same 7.1 GetCmdId method identity as verified 26105 anchor + mov ax, imm16; ret"
20514,BJLOAFGGIFJ,42605,0xCDD6CB0,AEGNNPENLNM,mov-ax-imm16-ret,static-candidate,"same 7.1 GetCmdId method identity as verified 26105 anchor + mov ax, imm16; ret"
20517,KFDEONKJIFJ,80386,0xA9571A0,AEGNNPENLNM,mov-ax-imm16-ret,static-candidate,"same 7.1 GetCmdId method identity as verified 26105 anchor + mov ax, imm16; ret"
20520,NIDKDHOGDFO,50146,0xACFCD50,AEGNNPENLNM,mov-ax-imm16-ret,static-candidate,"same 7.1 GetCmdId method identity as verified 26105 anchor + mov ax, imm16; ret"
20522,HGBJBKNJDGB,48016,0xBE962A0,AEGNNPENLNM,mov-ax-imm16-ret,static-candidate,"same 7.1 GetCmdId method identity as verified 26105 anchor + mov ax, imm16; ret"
20526,HGHGGHAFMPD,66689,0x1056FFF0,AEGNNPENLNM,mov-ax-imm16-ret,static-candidate,"same 7.1 GetCmdId method identity as verified 26105 anchor + mov ax, imm16; ret"
20530,BPJHGEKJJDP,25016,0x13315110,AEGNNPENLNM,mov-ax-imm16-ret,static-candidate,"same 7.1 GetCmdId method identity as verified 26105 anchor + mov ax, imm16; ret"
20533,DBHJIOIJLBB,14436,0x102749D0,AEGNNPENLNM,mov-ax-imm16-ret,static-candidate,"same 7.1 GetCmdId method identity as verified 26105 anchor + mov ax, imm16; ret"
20538,MOJCOGFFOEA,27202,0x11550A80,AEGNNPENLNM,mov-ax-imm16-ret,static-candidate,"same 7.1 GetCmdId method identity as verified 26105 anchor + mov ax, imm16; ret"
20546,CAGGNHPBJLC,25119,0x10C306D0,AEGNNPENLNM,mov-ax-imm16-ret,static-candidate,"same 7.1 GetCmdId method identity as verified 26105 anchor + mov ax, imm16; ret"
20550,NIOAJIJCPFN,55407,0x13C6D4E0,AEGNNPENLNM,mov-ax-imm16-ret,static-candidate,"same 7.1 GetCmdId method identity as verified 26105 anchor + mov ax, imm16; ret"
20551,HDFNKFCFEGE,13941,0x1110CC80,AEGNNPENLNM,mov-ax-imm16-ret,static-candidate,"same 7.1 GetCmdId method identity as verified 26105 anchor + mov ax, imm16; ret"
20558,AOMOHMONLOJ,39128,0x7F11DC0,AEGNNPENLNM,mov-ax-imm16-ret,static-candidate,"same 7.1 GetCmdId method identity as verified 26105 anchor + mov ax, imm16; ret"
20560,JMAHGHEMAAJ,59717,0xA90B4F0,AEGNNPENLNM,mov-ax-imm16-ret,static-candidate,"same 7.1 GetCmdId method identity as verified 26105 anchor + mov ax, imm16; ret"
20566,DNFKEPGNPBL,16056,0xB061660,AEGNNPENLNM,mov-ax-imm16-ret,static-candidate,"same 7.1 GetCmdId method identity as verified 26105 anchor + mov ax, imm16; ret"
20572,EHJJAIMEHMK,48353,0x96476B0,AEGNNPENLNM,mov-ax-imm16-ret,static-candidate,"same 7.1 GetCmdId method identity as verified 26105 anchor + mov ax, imm16; ret"
20582,FOAFIKOOPGK,75128,0x128C0C30,AEGNNPENLNM,mov-ax-imm16-ret,static-candidate,"same 7.1 GetCmdId method identity as verified 26105 anchor + mov ax, imm16; ret"
20593,OJFOOCBNPKA,38387,0xF3F6710,AEGNNPENLNM,mov-ax-imm16-ret,static-candidate,"same 7.1 GetCmdId method identity as verified 26105 anchor + mov ax, imm16; ret"
20595,PCHGHGOIHDF,40945,0x873C2C0,AEGNNPENLNM,mov-ax-imm16-ret,static-candidate,"same 7.1 GetCmdId method identity as verified 26105 anchor + mov ax, imm16; ret"
20596,NKOJIEMPAIM,74628,0x8615CA0,AEGNNPENLNM,mov-ax-imm16-ret,static-candidate,"same 7.1 GetCmdId method identity as verified 26105 anchor + mov ax, imm16; ret"
20600,NPAMOBNJDOI,81049,0xD0F7410,AEGNNPENLNM,mov-ax-imm16-ret,static-candidate,"same 7.1 GetCmdId method identity as verified 26105 anchor + mov ax, imm16; ret"
20608,MKMFPJAHOOJ,81119,0xFDBA1C0,AEGNNPENLNM,mov-ax-imm16-ret,static-candidate,"same 7.1 GetCmdId method identity as verified 26105 anchor + mov ax, imm16; ret"
20616,MLJPILAGKAE,11982,0xB5F0F60,AEGNNPENLNM,mov-ax-imm16-ret,static-candidate,"same 7.1 GetCmdId method identity as verified 26105 anchor + mov ax, imm16; ret"
20618,HIDPCHEGNKP,48683,0x1113AB30,AEGNNPENLNM,mov-ax-imm16-ret,static-candidate,"same 7.1 GetCmdId method identity as verified 26105 anchor + mov ax, imm16; ret"
20621,KIBFGMOOICE,70762,0x11F5B0C0,AEGNNPENLNM,mov-ax-imm16-ret,static-candidate,"same 7.1 GetCmdId method identity as verified 26105 anchor + mov ax, imm16; ret"
20622,EBGJHHADPAI,35137,0x102FAF70,AEGNNPENLNM,mov-ax-imm16-ret,static-candidate,"same 7.1 GetCmdId method identity as verified 26105 anchor + mov ax, imm16; ret"
20629,AABHBHPPDDH,55247,0x11B1F1F0,AEGNNPENLNM,mov-ax-imm16-ret,static-candidate,"same 7.1 GetCmdId method identity as verified 26105 anchor + mov ax, imm16; ret"
20630,CPAKBJGMOAC,87827,0x10D704D0,AEGNNPENLNM,mov-ax-imm16-ret,static-candidate,"same 7.1 GetCmdId method identity as verified 26105 anchor + mov ax, imm16; ret"
20635,GIFDEGAAIGO,54875,0x135E2770,AEGNNPENLNM,mov-ax-imm16-ret,static-candidate,"same 7.1 GetCmdId method identity as verified 26105 anchor + mov ax, imm16; ret"
20636,AEEDOAEJJAA,47458,0x11B5F580,AEGNNPENLNM,mov-ax-imm16-ret,static-candidate,"same 7.1 GetCmdId method identity as verified 26105 anchor + mov ax, imm16; ret"
20644,GJFGKBBHGKJ,34873,0xEC2EF70,AEGNNPENLNM,mov-ax-imm16-ret,static-candidate,"same 7.1 GetCmdId method identity as verified 26105 anchor + mov ax, imm16; ret"
20667,DNKEICJKFHB,45206,0x11A551B0,AEGNNPENLNM,mov-ax-imm16-ret,static-candidate,"same 7.1 GetCmdId method identity as verified 26105 anchor + mov ax, imm16; ret"
20671,PLJKFEPAAKF,87250,0x10CA8700,AEGNNPENLNM,mov-ax-imm16-ret,static-candidate,"same 7.1 GetCmdId method identity as verified 26105 anchor + mov ax, imm16; ret"
20674,CBIBOFIHHDE,70913,0x830CA50,AEGNNPENLNM,mov-ax-imm16-ret,static-candidate,"same 7.1 GetCmdId method identity as verified 26105 anchor + mov ax, imm16; ret"
20675,AGNFPPGHNDB,51298,0xD4F55C0,AEGNNPENLNM,mov-ax-imm16-ret,static-candidate,"same 7.1 GetCmdId method identity as verified 26105 anchor + mov ax, imm16; ret"
20676,ABPMMCFHHPG,27834,0x11B27DD0,AEGNNPENLNM,mov-ax-imm16-ret,static-candidate,"same 7.1 GetCmdId method identity as verified 26105 anchor + mov ax, imm16; ret"
20684,DHDKLGMDPBN,83569,0x13F634B0,AEGNNPENLNM,mov-ax-imm16-ret,static-candidate,"same 7.1 GetCmdId method identity as verified 26105 anchor + mov ax, imm16; ret"
20685,ADLGIMPDPHF,36064,0x715B340,AEGNNPENLNM,mov-ax-imm16-ret,static-candidate,"same 7.1 GetCmdId method identity as verified 26105 anchor + mov ax, imm16; ret"
20688,DKLFECOLBII,41037,0x8885640,AEGNNPENLNM,mov-ax-imm16-ret,static-candidate,"same 7.1 GetCmdId method identity as verified 26105 anchor + mov ax, imm16; ret"
20694,FFFEMPILCEO,30853,0x103BA0D0,AEGNNPENLNM,mov-ax-imm16-ret,static-candidate,"same 7.1 GetCmdId method identity as verified 26105 anchor + mov ax, imm16; ret"
20699,IAHJMEIABDL,16371,0x995B6A0,AEGNNPENLNM,mov-ax-imm16-ret,static-candidate,"same 7.1 GetCmdId method identity as verified 26105 anchor + mov ax, imm16; ret"
20702,JPJKEFOLPMJ,87261,0xA921CD0,AEGNNPENLNM,mov-ax-imm16-ret,static-candidate,"same 7.1 GetCmdId method identity as verified 26105 anchor + mov ax, imm16; ret"
20703,HDJIMNAABEN,46090,0xF969600,AEGNNPENLNM,mov-ax-imm16-ret,static-candidate,"same 7.1 GetCmdId method identity as verified 26105 anchor + mov ax, imm16; ret"
20707,CDNCMNCOCJF,88671,0x94BE760,AEGNNPENLNM,mov-ax-imm16-ret,static-candidate,"same 7.1 GetCmdId method identity as verified 26105 anchor + mov ax, imm16; ret"
20717,BANKKGONABC,22963,0x71D8A30,AEGNNPENLNM,mov-ax-imm16-ret,static-candidate,"same 7.1 GetCmdId method identity as verified 26105 anchor + mov ax, imm16; ret"
20730,OHDADODFNEH,80541,0xB85FCD0,AEGNNPENLNM,mov-ax-imm16-ret,static-candidate,"same 7.1 GetCmdId method identity as verified 26105 anchor + mov ax, imm16; ret"
20735,IEIKGHOEIEM,36307,0x111C9450,AEGNNPENLNM,mov-ax-imm16-ret,static-candidate,"same 7.1 GetCmdId method identity as verified 26105 anchor + mov ax, imm16; ret"
20737,AAGMPCLDLEN,81682,0xA2F62F0,AEGNNPENLNM,mov-ax-imm16-ret,static-candidate,"same 7.1 GetCmdId method identity as verified 26105 anchor + mov ax, imm16; ret"
20740,PANDNAECJDN,73594,0xF45A2B0,AEGNNPENLNM,mov-ax-imm16-ret,static-candidate,"same 7.1 GetCmdId method identity as verified 26105 anchor + mov ax, imm16; ret"
20742,JDCCCLFNOIH,68567,0x106A4E10,AEGNNPENLNM,mov-ax-imm16-ret,static-candidate,"same 7.1 GetCmdId method identity as verified 26105 anchor + mov ax, imm16; ret"
20744,BCKFOKOONEA,81532,0x12775A40,AEGNNPENLNM,mov-ax-imm16-ret,static-candidate,"same 7.1 GetCmdId method identity as verified 26105 anchor + mov ax, imm16; ret"
20746,MOGLJHEELOF,26862,0xCF02AE0,AEGNNPENLNM,mov-ax-imm16-ret,static-candidate,"same 7.1 GetCmdId method identity as verified 26105 anchor + mov ax, imm16; ret"
20749,LJPODKEMKBO,74154,0xB4C9250,AEGNNPENLNM,mov-ax-imm16-ret,static-candidate,"same 7.1 GetCmdId method identity as verified 26105 anchor + mov ax, imm16; ret"
20751,HEKEJDCDIFN,12879,0xED9A910,AEGNNPENLNM,mov-ax-imm16-ret,static-candidate,"same 7.1 GetCmdId method identity as verified 26105 anchor + mov ax, imm16; ret"
20753,AAFFLCNBEHF,88465,0x714A270,AEGNNPENLNM,mov-ax-imm16-ret,static-candidate,"same 7.1 GetCmdId method identity as verified 26105 anchor + mov ax, imm16; ret"
20756,BLBLCMEFDEK,54115,0xB567550,AEGNNPENLNM,mov-ax-imm16-ret,static-candidate,"same 7.1 GetCmdId method identity as verified 26105 anchor + mov ax, imm16; ret"
20757,EDHOIMGOPKB,53205,0xF682D20,AEGNNPENLNM,mov-ax-imm16-ret,static-candidate,"same 7.1 GetCmdId method identity as verified 26105 anchor + mov ax, imm16; ret"
20758,ENEHNFGKECO,75330,0x10E8ABC0,AEGNNPENLNM,mov-ax-imm16-ret,static-candidate,"same 7.1 GetCmdId method identity as verified 26105 anchor + mov ax, imm16; ret"
20762,GODECCPBOMM,84334,0x129A2750,AEGNNPENLNM,mov-ax-imm16-ret,static-candidate,"same 7.1 GetCmdId method identity as verified 26105 anchor + mov ax, imm16; ret"
20769,IHNOGOEFBLH,56442,0x99AEAD0,AEGNNPENLNM,mov-ax-imm16-ret,static-candidate,"same 7.1 GetCmdId method identity as verified 26105 anchor + mov ax, imm16; ret"
20783,IBHAFBKGAGL,43382,0x811DCA0,AEGNNPENLNM,mov-ax-imm16-ret,static-candidate,"same 7.1 GetCmdId method identity as verified 26105 anchor + mov ax, imm16; ret"
20786,GEBGKFAJNNL,69195,0xEC07B90,AEGNNPENLNM,mov-ax-imm16-ret,static-candidate,"same 7.1 GetCmdId method identity as verified 26105 anchor + mov ax, imm16; ret"
20790,IDCPPCIJKHM,39991,0xB28D790,AEGNNPENLNM,mov-ax-imm16-ret,static-candidate,"same 7.1 GetCmdId method identity as verified 26105 anchor + mov ax, imm16; ret"
20791,EFHMGKLBEMO,48726,0x7272B60,AEGNNPENLNM,mov-ax-imm16-ret,static-candidate,"same 7.1 GetCmdId method identity as verified 26105 anchor + mov ax, imm16; ret"
20794,FKECFLFIEDO,71476,0xEBC2470,AEGNNPENLNM,mov-ax-imm16-ret,static-candidate,"same 7.1 GetCmdId method identity as verified 26105 anchor + mov ax, imm16; ret"
20795,MCPCIJHDFOP,87313,0x78BFE30,AEGNNPENLNM,mov-ax-imm16-ret,static-candidate,"same 7.1 GetCmdId method identity as verified 26105 anchor + mov ax, imm16; ret"
20802,EDMOCMPHHAK,42773,0x10307B00,AEGNNPENLNM,mov-ax-imm16-ret,static-candidate,"same 7.1 GetCmdId method identity as verified 26105 anchor + mov ax, imm16; ret"
20804,NIJCACAIPDO,59373,0xD07ECD0,AEGNNPENLNM,mov-ax-imm16-ret,static-candidate,"same 7.1 GetCmdId method identity as verified 26105 anchor + mov ax, imm16; ret"
20805,OIPKAHPIEMC,74908,0x7BC6150,AEGNNPENLNM,mov-ax-imm16-ret,static-candidate,"same 7.1 GetCmdId method identity as verified 26105 anchor + mov ax, imm16; ret"
20807,BMAHPEHONGF,24111,0x10877E00,AEGNNPENLNM,mov-ax-imm16-ret,static-candidate,"same 7.1 GetCmdId method identity as verified 26105 anchor + mov ax, imm16; ret"
20812,DFEOCDHBEEN,65445,0x1254BC50,AEGNNPENLNM,mov-ax-imm16-ret,static-candidate,"same 7.1 GetCmdId method identity as verified 26105 anchor + mov ax, imm16; ret"
20813,MMLHGDJNAEN,84293,0xCEECDA0,AEGNNPENLNM,mov-ax-imm16-ret,static-candidate,"same 7.1 GetCmdId method identity as verified 26105 anchor + mov ax, imm16; ret"
20814,CMNGOICPEOK,44272,0x10D4C770,AEGNNPENLNM,mov-ax-imm16-ret,static-candidate,"same 7.1 GetCmdId method identity as verified 26105 anchor + mov ax, imm16; ret"
20815,GPMLILFALOC,44891,0xA5B50F0,AEGNNPENLNM,mov-ax-imm16-ret,static-candidate,"same 7.1 GetCmdId method identity as verified 26105 anchor + mov ax, imm16; ret"
20817,HGJNHKONFNB,65232,0xB22F840,AEGNNPENLNM,mov-ax-imm16-ret,static-candidate,"same 7.1 GetCmdId method identity as verified 26105 anchor + mov ax, imm16; ret"
20818,FBAOIHGNBPI,84726,0x128254E0,AEGNNPENLNM,mov-ax-imm16-ret,static-candidate,"same 7.1 GetCmdId method identity as verified 26105 anchor + mov ax, imm16; ret"
20820,MOBPGNHPBOK,54681,0xF1AF450,AEGNNPENLNM,mov-ax-imm16-ret,static-candidate,"same 7.1 GetCmdId method identity as verified 26105 anchor + mov ax, imm16; ret"
20822,GNCAGCGLBPJ,84301,0x8C2D230,AEGNNPENLNM,mov-ax-imm16-ret,static-candidate,"same 7.1 GetCmdId method identity as verified 26105 anchor + mov ax, imm16; ret"
20823,BEANGMECPAK,30279,0xC0ACC70,AEGNNPENLNM,mov-ax-imm16-ret,static-candidate,"same 7.1 GetCmdId method identity as verified 26105 anchor + mov ax, imm16; ret"
20824,OBOADLPIEPL,62625,0x1230B870,AEGNNPENLNM,mov-ax-imm16-ret,static-candidate,"same 7.1 GetCmdId method identity as verified 26105 anchor + mov ax, imm16; ret"
20827,HPGEHAPECOJ,38896,0x12A48150,AEGNNPENLNM,mov-ax-imm16-ret,static-candidate,"same 7.1 GetCmdId method identity as verified 26105 anchor + mov ax, imm16; ret"
20837,FHCJBHCDCJN,61567,0x1262AC30,AEGNNPENLNM,mov-ax-imm16-ret,static-candidate,"same 7.1 GetCmdId method identity as verified 26105 anchor + mov ax, imm16; ret"
20838,AADKPNDFPOG,58605,0xBC0DC10,AEGNNPENLNM,mov-ax-imm16-ret,static-candidate,"same 7.1 GetCmdId method identity as verified 26105 anchor + mov ax, imm16; ret"
20839,HOPMNACDMGK,46224,0xCB85BA0,AEGNNPENLNM,mov-ax-imm16-ret,static-candidate,"same 7.1 GetCmdId method identity as verified 26105 anchor + mov ax, imm16; ret"
20841,GHJDEHJNNNJ,56699,0x740B3C0,AEGNNPENLNM,mov-ax-imm16-ret,static-candidate,"same 7.1 GetCmdId method identity as verified 26105 anchor + mov ax, imm16; ret"
20842,GKIFJIMCPBL,26886,0x804DEC0,AEGNNPENLNM,mov-ax-imm16-ret,static-candidate,"same 7.1 GetCmdId method identity as verified 26105 anchor + mov ax, imm16; ret"
20847,JPFFAFLAJAC,42225,0x112C9470,AEGNNPENLNM,mov-ax-imm16-ret,static-candidate,"same 7.1 GetCmdId method identity as verified 26105 anchor + mov ax, imm16; ret"
20855,JPCPMMNCCKE,61485,0x8F63D60,AEGNNPENLNM,mov-ax-imm16-ret,static-candidate,"same 7.1 GetCmdId method identity as verified 26105 anchor + mov ax, imm16; ret"
20861,GMIOOLEBBAO,75958,0xB1DF4D0,AEGNNPENLNM,mov-ax-imm16-ret,static-candidate,"same 7.1 GetCmdId method identity as verified 26105 anchor + mov ax, imm16; ret"
20864,DHEGAKPEHCG,22536,0xA13FA90,AEGNNPENLNM,mov-ax-imm16-ret,static-candidate,"same 7.1 GetCmdId method identity as verified 26105 anchor + mov ax, imm16; ret"
20869,OPOMHODNKJE,42241,0x7C0F8F0,AEGNNPENLNM,mov-ax-imm16-ret,static-candidate,"same 7.1 GetCmdId method identity as verified 26105 anchor + mov ax, imm16; ret"
20870,AKIPGHFJADN,54291,0x1272F1B0,AEGNNPENLNM,mov-ax-imm16-ret,static-candidate,"same 7.1 GetCmdId method identity as verified 26105 anchor + mov ax, imm16; ret"
20871,IBJPIHNDJNI,50910,0x105DCE60,AEGNNPENLNM,mov-ax-imm16-ret,static-candidate,"same 7.1 GetCmdId method identity as verified 26105 anchor + mov ax, imm16; ret"
20872,LBAOHJDLMHA,42024,0x11F993B0,AEGNNPENLNM,mov-ax-imm16-ret,static-candidate,"same 7.1 GetCmdId method identity as verified 26105 anchor + mov ax, imm16; ret"
20874,EGOFLECCCCD,20755,0x11ABF720,AEGNNPENLNM,mov-ax-imm16-ret,static-candidate,"same 7.1 GetCmdId method identity as verified 26105 anchor + mov ax, imm16; ret"
20875,JBIGPHPJANN,70839,0x11240D40,AEGNNPENLNM,mov-ax-imm16-ret,static-candidate,"same 7.1 GetCmdId method identity as verified 26105 anchor + mov ax, imm16; ret"
20877,EINKDHJIBDK,86729,0x72A0C90,AEGNNPENLNM,mov-ax-imm16-ret,static-candidate,"same 7.1 GetCmdId method identity as verified 26105 anchor + mov ax, imm16; ret"
20878,BPBFDHNBDEO,43340,0xB91CB50,AEGNNPENLNM,mov-ax-imm16-ret,static-candidate,"same 7.1 GetCmdId method identity as verified 26105 anchor + mov ax, imm16; ret"
20882,OCPJGODBDKF,35963,0xE755300,AEGNNPENLNM,mov-ax-imm16-ret,static-candidate,"same 7.1 GetCmdId method identity as verified 26105 anchor + mov ax, imm16; ret"
20885,IGHOLGCOIPD,79101,0x136FFEF0,AEGNNPENLNM,mov-ax-imm16-ret,static-candidate,"same 7.1 GetCmdId method identity as verified 26105 anchor + mov ax, imm16; ret"
20889,HGHEEDHMBKD,55931,0xCB00B30,AEGNNPENLNM,mov-ax-imm16-ret,static-candidate,"same 7.1 GetCmdId method identity as verified 26105 anchor + mov ax, imm16; ret"
20896,HDHEBGDMIDB,62736,0x11C851D0,AEGNNPENLNM,mov-ax-imm16-ret,static-candidate,"same 7.1 GetCmdId method identity as verified 26105 anchor + mov ax, imm16; ret"
20901,JFPEDFGHKAC,49285,0xB39DA20,AEGNNPENLNM,mov-ax-imm16-ret,static-candidate,"same 7.1 GetCmdId method identity as verified 26105 anchor + mov ax, imm16; ret"
20903,LHIDHLMNNON,66382,0xC210370,AEGNNPENLNM,mov-ax-imm16-ret,static-candidate,"same 7.1 GetCmdId method identity as verified 26105 anchor + mov ax, imm16; ret"
20906,CCFLMJLKDGF,15726,0x119057E0,AEGNNPENLNM,mov-ax-imm16-ret,static-candidate,"same 7.1 GetCmdId method identity as verified 26105 anchor + mov ax, imm16; ret"
20910,ALGMFLOMBIA,86149,0xD517C90,AEGNNPENLNM,mov-ax-imm16-ret,static-candidate,"same 7.1 GetCmdId method identity as verified 26105 anchor + mov ax, imm16; ret"
20917,MIJONMHNENI,78129,0xF195140,AEGNNPENLNM,mov-ax-imm16-ret,static-candidate,"same 7.1 GetCmdId method identity as verified 26105 anchor + mov ax, imm16; ret"
20925,PLFELMILDAB,41495,0x879B100,AEGNNPENLNM,mov-ax-imm16-ret,static-candidate,"same 7.1 GetCmdId method identity as verified 26105 anchor + mov ax, imm16; ret"
20931,LNCHLEMPHNJ,15485,0x12CEB2C0,AEGNNPENLNM,mov-ax-imm16-ret,static-candidate,"same 7.1 GetCmdId method identity as verified 26105 anchor + mov ax, imm16; ret"
20937,KGIODIAJJOM,63320,0xA9686D0,AEGNNPENLNM,mov-ax-imm16-ret,static-candidate,"same 7.1 GetCmdId method identity as verified 26105 anchor + mov ax, imm16; ret"
20938,PNKPOKHLAOC,42751,0xE881F30,AEGNNPENLNM,mov-ax-imm16-ret,static-candidate,"same 7.1 GetCmdId method identity as verified 26105 anchor + mov ax, imm16; ret"
20939,FKAPEHHIKGE,73726,0x128B0980,AEGNNPENLNM,mov-ax-imm16-ret,static-candidate,"same 7.1 GetCmdId method identity as verified 26105 anchor + mov ax, imm16; ret"
20941,EIHFDEDILGP,43960,0x89A87B0,AEGNNPENLNM,mov-ax-imm16-ret,static-candidate,"same 7.1 GetCmdId method identity as verified 26105 anchor + mov ax, imm16; ret"
20944,GEPAIDAFEHH,82954,0x8BF0760,AEGNNPENLNM,mov-ax-imm16-ret,static-candidate,"same 7.1 GetCmdId method identity as verified 26105 anchor + mov ax, imm16; ret"
20946,BJHCAPHOJAB,88516,0x138C8750,AEGNNPENLNM,mov-ax-imm16-ret,static-candidate,"same 7.1 GetCmdId method identity as verified 26105 anchor + mov ax, imm16; ret"
20953,ICGOHGIGCGO,44596,0x998B0C0,AEGNNPENLNM,mov-ax-imm16-ret,static-candidate,"same 7.1 GetCmdId method identity as verified 26105 anchor + mov ax, imm16; ret"
20954,NIKAFHJBBBE,56675,0xAD034F0,AEGNNPENLNM,mov-ax-imm16-ret,static-candidate,"same 7.1 GetCmdId method identity as verified 26105 anchor + mov ax, imm16; ret"
20961,LLLNCCMJCCN,56258,0xCE49C20,AEGNNPENLNM,mov-ax-imm16-ret,static-candidate,"same 7.1 GetCmdId method identity as verified 26105 anchor + mov ax, imm16; ret"
20966,FEHGNLIJJEL,58125,0x10EB6910,AEGNNPENLNM,mov-ax-imm16-ret,static-candidate,"same 7.1 GetCmdId method identity as verified 26105 anchor + mov ax, imm16; ret"
20967,EIHPEKGKADM,63776,0x10E52F80,AEGNNPENLNM,mov-ax-imm16-ret,static-candidate,"same 7.1 GetCmdId method identity as verified 26105 anchor + mov ax, imm16; ret"
20974,BAKKHLDHMKC,29936,0x134D8570,AEGNNPENLNM,mov-ax-imm16-ret,static-candidate,"same 7.1 GetCmdId method identity as verified 26105 anchor + mov ax, imm16; ret"
20978,HOBLDGILHBI,71891,0xA6AFBB0,AEGNNPENLNM,mov-ax-imm16-ret,static-candidate,"same 7.1 GetCmdId method identity as verified 26105 anchor + mov ax, imm16; ret"
20982,OJIFEFAHGDC,44681,0x1312FAE0,AEGNNPENLNM,mov-ax-imm16-ret,static-candidate,"same 7.1 GetCmdId method identity as verified 26105 anchor + mov ax, imm16; ret"
20983,NEOKCJHMLIH,24858,0x92CEF30,AEGNNPENLNM,mov-ax-imm16-ret,static-candidate,"same 7.1 GetCmdId method identity as verified 26105 anchor + mov ax, imm16; ret"
20985,PNHCEKDEFNJ,51234,0xF4EBE50,AEGNNPENLNM,mov-ax-imm16-ret,static-candidate,"same 7.1 GetCmdId method identity as verified 26105 anchor + mov ax, imm16; ret"
20989,BIAPAMDAAGA,82275,0x113C0030,AEGNNPENLNM,mov-ax-imm16-ret,static-candidate,"same 7.1 GetCmdId method identity as verified 26105 anchor + mov ax, imm16; ret"
20993,OCEEFJIIKJI,47405,0x10B401B0,AEGNNPENLNM,mov-ax-imm16-ret,static-candidate,"same 7.1 GetCmdId method identity as verified 26105 anchor + mov ax, imm16; ret"
20995,IMFEDAHGLKE,60982,0xFACD560,AEGNNPENLNM,mov-ax-imm16-ret,static-candidate,"same 7.1 GetCmdId method identity as verified 26105 anchor + mov ax, imm16; ret"
20999,DOLBPBOLOME,65874,0xBADAC40,AEGNNPENLNM,mov-ax-imm16-ret,static-candidate,"same 7.1 GetCmdId method identity as verified 26105 anchor + mov ax, imm16; ret"
21003,NGGEFEDOMIE,46303,0x9EB2C50,AEGNNPENLNM,mov-ax-imm16-ret,static-candidate,"same 7.1 GetCmdId method identity as verified 26105 anchor + mov ax, imm16; ret"
21004,MLDGGGLIBLJ,14593,0xAAF0790,AEGNNPENLNM,mov-ax-imm16-ret,static-candidate,"same 7.1 GetCmdId method identity as verified 26105 anchor + mov ax, imm16; ret"
21007,BPMBFBMCGKL,59756,0x13CB8440,AEGNNPENLNM,mov-ax-imm16-ret,static-candidate,"same 7.1 GetCmdId method identity as verified 26105 anchor + mov ax, imm16; ret"
21009,NPLNKBICHBL,88558,0x1171FA70,AEGNNPENLNM,mov-ax-imm16-ret,static-candidate,"same 7.1 GetCmdId method identity as verified 26105 anchor + mov ax, imm16; ret"
21010,NKEBKFEHHLL,39858,0x122A3960,AEGNNPENLNM,mov-ax-imm16-ret,static-candidate,"same 7.1 GetCmdId method identity as verified 26105 anchor + mov ax, imm16; ret"
21013,CFDBLPEKCKJ,68239,0xD2B7440,AEGNNPENLNM,mov-ax-imm16-ret,static-candidate,"same 7.1 GetCmdId method identity as verified 26105 anchor + mov ax, imm16; ret"
21016,AKKJILCEJKI,17175,0xC9B2300,AEGNNPENLNM,mov-ax-imm16-ret,static-candidate,"same 7.1 GetCmdId method identity as verified 26105 anchor + mov ax, imm16; ret"
21020,GNGAFCFDDDJ,66380,0x12999050,AEGNNPENLNM,mov-ax-imm16-ret,static-candidate,"same 7.1 GetCmdId method identity as verified 26105 anchor + mov ax, imm16; ret"
21025,JLDIJENMJBP,28039,0xC0574B0,AEGNNPENLNM,mov-ax-imm16-ret,static-candidate,"same 7.1 GetCmdId method identity as verified 26105 anchor + mov ax, imm16; ret"
21030,EJPEFIFPDHF,63204,0xA1F3030,AEGNNPENLNM,mov-ax-imm16-ret,static-candidate,"same 7.1 GetCmdId method identity as verified 26105 anchor + mov ax, imm16; ret"
21032,FGIHGFGLDEN,39538,0xBBB20C0,AEGNNPENLNM,mov-ax-imm16-ret,static-candidate,"same 7.1 GetCmdId method identity as verified 26105 anchor + mov ax, imm16; ret"
21033,NMFPKOBGAHE,70061,0x861F620,AEGNNPENLNM,mov-ax-imm16-ret,static-candidate,"same 7.1 GetCmdId method identity as verified 26105 anchor + mov ax, imm16; ret"
21040,FDDGGGNGMKP,71870,0x11014670,AEGNNPENLNM,mov-ax-imm16-ret,static-candidate,"same 7.1 GetCmdId method identity as verified 26105 anchor + mov ax, imm16; ret"
21044,CNBBGAEDHGO,74787,0x951A880,AEGNNPENLNM,mov-ax-imm16-ret,static-candidate,"same 7.1 GetCmdId method identity as verified 26105 anchor + mov ax, imm16; ret"
21048,JOLEEFNOFAN,47485,0x82753B0,AEGNNPENLNM,mov-ax-imm16-ret,static-candidate,"same 7.1 GetCmdId method identity as verified 26105 anchor + mov ax, imm16; ret"
21052,IOIGBHOMMBF,75350,0xA85CA70,AEGNNPENLNM,mov-ax-imm16-ret,static-candidate,"same 7.1 GetCmdId method identity as verified 26105 anchor + mov ax, imm16; ret"
21054,CJAJHAOEAFO,71890,0xD2E5A50,AEGNNPENLNM,mov-ax-imm16-ret,static-candidate,"same 7.1 GetCmdId method identity as verified 26105 anchor + mov ax, imm16; ret"
21056,PPIEACICJPN,78984,0xF4FD4F0,AEGNNPENLNM,mov-ax-imm16-ret,static-candidate,"same 7.1 GetCmdId method identity as verified 26105 anchor + mov ax, imm16; ret"
21059,JMFIJDDBPGH,37631,0xA90BE60,AEGNNPENLNM,mov-ax-imm16-ret,static-candidate,"same 7.1 GetCmdId method identity as verified 26105 anchor + mov ax, imm16; ret"
21068,IMIDPLLOILG,21491,0x75B4C10,AEGNNPENLNM,mov-ax-imm16-ret,static-candidate,"same 7.1 GetCmdId method identity as verified 26105 anchor + mov ax, imm16; ret"
21073,MACDANDECOA,56932,0x120ADBB0,AEGNNPENLNM,mov-ax-imm16-ret,static-candidate,"same 7.1 GetCmdId method identity as verified 26105 anchor + mov ax, imm16; ret"
21078,BEANHNIBGED,73747,0xEE8C980,AEGNNPENLNM,mov-ax-imm16-ret,static-candidate,"same 7.1 GetCmdId method identity as verified 26105 anchor + mov ax, imm16; ret"
21079,CMJHPJEGBHH,37395,0xC7C7F10,AEGNNPENLNM,mov-ax-imm16-ret,static-candidate,"same 7.1 GetCmdId method identity as verified 26105 anchor + mov ax, imm16; ret"
21080,ECJBPFPOCPK,86987,0xD3BE940,AEGNNPENLNM,mov-ax-imm16-ret,static-candidate,"same 7.1 GetCmdId method identity as verified 26105 anchor + mov ax, imm16; ret"
21081,NKAKKJEGOKE,78378,0xD096F90,AEGNNPENLNM,mov-ax-imm16-ret,static-candidate,"same 7.1 GetCmdId method identity as verified 26105 anchor + mov ax, imm16; ret"
21086,INKOEAENILA,87015,0xFAD9C70,AEGNNPENLNM,mov-ax-imm16-ret,static-candidate,"same 7.1 GetCmdId method identity as verified 26105 anchor + mov ax, imm16; ret"
21093,EOLHCNEAOCG,66820,0x14069E20,AEGNNPENLNM,mov-ax-imm16-ret,static-candidate,"same 7.1 GetCmdId method identity as verified 26105 anchor + mov ax, imm16; ret"
21098,FFKLMGJJFLF,32540,0x1284BBC0,AEGNNPENLNM,mov-ax-imm16-ret,static-candidate,"same 7.1 GetCmdId method identity as verified 26105 anchor + mov ax, imm16; ret"
21099,HMHMHMHBOFN,70717,0x11DB9E60,AEGNNPENLNM,mov-ax-imm16-ret,static-candidate,"same 7.1 GetCmdId method identity as verified 26105 anchor + mov ax, imm16; ret"
21109,NKGLPPBAPMD,45774,0x10B15950,AEGNNPENLNM,mov-ax-imm16-ret,static-candidate,"same 7.1 GetCmdId method identity as verified 26105 anchor + mov ax, imm16; ret"
21111,LPLIBCPOKBJ,83337,0x9CA9FE0,AEGNNPENLNM,mov-ax-imm16-ret,static-candidate,"same 7.1 GetCmdId method identity as verified 26105 anchor + mov ax, imm16; ret"
21112,MDCNBPPAELF,25943,0x10935830,AEGNNPENLNM,mov-ax-imm16-ret,static-candidate,"same 7.1 GetCmdId method identity as verified 26105 anchor + mov ax, imm16; ret"
21114,AOABKENFGMP,86736,0x8E4BAC0,AEGNNPENLNM,mov-ax-imm16-ret,static-candidate,"same 7.1 GetCmdId method identity as verified 26105 anchor + mov ax, imm16; ret"
21115,JLKEMCCJJPL,60615,0xB3D0A50,AEGNNPENLNM,mov-ax-imm16-ret,static-candidate,"same 7.1 GetCmdId method identity as verified 26105 anchor + mov ax, imm16; ret"
21118,AMJFAABBHIG,66608,0x104746F0,AEGNNPENLNM,mov-ax-imm16-ret,static-candidate,"same 7.1 GetCmdId method identity as verified 26105 anchor + mov ax, imm16; ret"
21120,LPOPJOEFLAC,52368,0xCE68CE0,AEGNNPENLNM,mov-ax-imm16-ret,static-candidate,"same 7.1 GetCmdId method identity as verified 26105 anchor + mov ax, imm16; ret"
21121,LPEHMEODOFP,30676,0x12CF5890,AEGNNPENLNM,mov-ax-imm16-ret,static-candidate,"same 7.1 GetCmdId method identity as verified 26105 anchor + mov ax, imm16; ret"
21122,GIPJMJJFEKM,64610,0xA566900,AEGNNPENLNM,mov-ax-imm16-ret,static-candidate,"same 7.1 GetCmdId method identity as verified 26105 anchor + mov ax, imm16; ret"
21124,DCDPIGKEOON,79480,0xD3481A0,AEGNNPENLNM,mov-ax-imm16-ret,static-candidate,"same 7.1 GetCmdId method identity as verified 26105 anchor + mov ax, imm16; ret"
21130,KPINGNNGEKP,14588,0x12C6A2D0,AEGNNPENLNM,mov-ax-imm16-ret,static-candidate,"same 7.1 GetCmdId method identity as verified 26105 anchor + mov ax, imm16; ret"
21131,MFKIGAIGFJM,55150,0xCE965B0,AEGNNPENLNM,mov-ax-imm16-ret,static-candidate,"same 7.1 GetCmdId method identity as verified 26105 anchor + mov ax, imm16; ret"
21133,MIHGGHMIPKF,43466,0xB5D05D0,AEGNNPENLNM,mov-ax-imm16-ret,static-candidate,"same 7.1 GetCmdId method identity as verified 26105 anchor + mov ax, imm16; ret"
21136,HPHDHDJHCGO,28680,0x8D19860,AEGNNPENLNM,mov-ax-imm16-ret,static-candidate,"same 7.1 GetCmdId method identity as verified 26105 anchor + mov ax, imm16; ret"
21137,LJPMBJHCPNN,32558,0x9068930,AEGNNPENLNM,mov-ax-imm16-ret,static-candidate,"same 7.1 GetCmdId method identity as verified 26105 anchor + mov ax, imm16; ret"
21139,OHDBMFDAFFD,65061,0x9383F70,AEGNNPENLNM,mov-ax-imm16-ret,static-candidate,"same 7.1 GetCmdId method identity as verified 26105 anchor + mov ax, imm16; ret"
21140,NEBPLMDKLEO,49603,0xD042DB0,AEGNNPENLNM,mov-ax-imm16-ret,static-candidate,"same 7.1 GetCmdId method identity as verified 26105 anchor + mov ax, imm16; ret"
21155,ANNFEEKEOKP,59996,0x8E4BAB0,AEGNNPENLNM,mov-ax-imm16-ret,static-candidate,"same 7.1 GetCmdId method identity as verified 26105 anchor + mov ax, imm16; ret"
21161,INAGHJJHGOG,69275,0x11217F70,AEGNNPENLNM,mov-ax-imm16-ret,static-candidate,"same 7.1 GetCmdId method identity as verified 26105 anchor + mov ax, imm16; ret"
21166,HEPPALPEINC,17776,0x9874C00,AEGNNPENLNM,mov-ax-imm16-ret,static-candidate,"same 7.1 GetCmdId method identity as verified 26105 anchor + mov ax, imm16; ret"
21167,GJFPBKBAEJE,23340,0xB1C88B0,AEGNNPENLNM,mov-ax-imm16-ret,static-candidate,"same 7.1 GetCmdId method identity as verified 26105 anchor + mov ax, imm16; ret"
21171,ALIPLGCFJOG,50821,0x12737F30,AEGNNPENLNM,mov-ax-imm16-ret,static-candidate,"same 7.1 GetCmdId method identity as verified 26105 anchor + mov ax, imm16; ret"
21179,BJCDHOPIDAD,69473,0x82BF5F0,AEGNNPENLNM,mov-ax-imm16-ret,static-candidate,"same 7.1 GetCmdId method identity as verified 26105 anchor + mov ax, imm16; ret"
21180,JCMNHBBDONM,42267,0xCC49330,AEGNNPENLNM,mov-ax-imm16-ret,static-candidate,"same 7.1 GetCmdId method identity as verified 26105 anchor + mov ax, imm16; ret"
21182,IGOPDLHBMLG,25974,0x8D7F790,AEGNNPENLNM,mov-ax-imm16-ret,static-candidate,"same 7.1 GetCmdId method identity as verified 26105 anchor + mov ax, imm16; ret"
21183,IHLCEMJHJMD,55707,0xBF76DB0,AEGNNPENLNM,mov-ax-imm16-ret,static-candidate,"same 7.1 GetCmdId method identity as verified 26105 anchor + mov ax, imm16; ret"
21189,EKMMAMKBLGO,41717,0xF6DD5F0,AEGNNPENLNM,mov-ax-imm16-ret,static-candidate,"same 7.1 GetCmdId method identity as verified 26105 anchor + mov ax, imm16; ret"
21193,EMOEAALLBKB,25558,0x140514E0,AEGNNPENLNM,mov-ax-imm16-ret,static-candidate,"same 7.1 GetCmdId method identity as verified 26105 anchor + mov ax, imm16; ret"
21200,EADEMACANPF,23351,0xA181CE0,AEGNNPENLNM,mov-ax-imm16-ret,static-candidate,"same 7.1 GetCmdId method identity as verified 26105 anchor + mov ax, imm16; ret"
21202,FBACKGODOPP,63648,0x10381EE0,AEGNNPENLNM,mov-ax-imm16-ret,static-candidate,"same 7.1 GetCmdId method identity as verified 26105 anchor + mov ax, imm16; ret"
21205,IELEDJKGDCJ,85112,0xA6FB060,AEGNNPENLNM,mov-ax-imm16-ret,static-candidate,"same 7.1 GetCmdId method identity as verified 26105 anchor + mov ax, imm16; ret"
21206,FBAEKJEGAAJ,25266,0x11007750,AEGNNPENLNM,mov-ax-imm16-ret,static-candidate,"same 7.1 GetCmdId method identity as verified 26105 anchor + mov ax, imm16; ret"
21210,KECINGCAOIO,79569,0x11F3CAE0,AEGNNPENLNM,mov-ax-imm16-ret,static-candidate,"same 7.1 GetCmdId method identity as verified 26105 anchor + mov ax, imm16; ret"
21218,JIDJDCLOAEO,32168,0x7690E10,AEGNNPENLNM,mov-ax-imm16-ret,static-candidate,"same 7.1 GetCmdId method identity as verified 26105 anchor + mov ax, imm16; ret"
21223,LEIHLAHCMPP,11788,0xE48EE70,AEGNNPENLNM,mov-ax-imm16-ret,static-candidate,"same 7.1 GetCmdId method identity as verified 26105 anchor + mov ax, imm16; ret"
21226,BLJFDDNBFNN,67055,0xAEF3790,AEGNNPENLNM,mov-ax-imm16-ret,static-candidate,"same 7.1 GetCmdId method identity as verified 26105 anchor + mov ax, imm16; ret"
21240,ONGHIKFJHPL,49391,0xD19ADC0,AEGNNPENLNM,mov-ax-imm16-ret,static-candidate,"same 7.1 GetCmdId method identity as verified 26105 anchor + mov ax, imm16; ret"
21241,DMDHAEFKEGC,25348,0xF64D570,AEGNNPENLNM,mov-ax-imm16-ret,static-candidate,"same 7.1 GetCmdId method identity as verified 26105 anchor + mov ax, imm16; ret"
21244,LKAJHFFNLIF,82398,0x83CADA0,AEGNNPENLNM,mov-ax-imm16-ret,static-candidate,"same 7.1 GetCmdId method identity as verified 26105 anchor + mov ax, imm16; ret"
21245,HDLLDCALHND,70430,0xED8E760,AEGNNPENLNM,mov-ax-imm16-ret,static-candidate,"same 7.1 GetCmdId method identity as verified 26105 anchor + mov ax, imm16; ret"
21248,EDLOEKHJEEP,38010,0x89548C0,AEGNNPENLNM,mov-ax-imm16-ret,static-candidate,"same 7.1 GetCmdId method identity as verified 26105 anchor + mov ax, imm16; ret"
21250,CKEGHCIEBAC,60100,0x133AE170,AEGNNPENLNM,mov-ax-imm16-ret,static-candidate,"same 7.1 GetCmdId method identity as verified 26105 anchor + mov ax, imm16; ret"
21257,CLLCIPDKKOJ,64336,0xD2FB960,AEGNNPENLNM,mov-ax-imm16-ret,static-candidate,"same 7.1 GetCmdId method identity as verified 26105 anchor + mov ax, imm16; ret"
21258,NEMHLHNCFJA,71464,0xE6AC6D0,AEGNNPENLNM,mov-ax-imm16-ret,static-candidate,"same 7.1 GetCmdId method identity as verified 26105 anchor + mov ax, imm16; ret"
21261,EGAMFPNIJKP,72326,0xBCD2C30,AEGNNPENLNM,mov-ax-imm16-ret,static-candidate,"same 7.1 GetCmdId method identity as verified 26105 anchor + mov ax, imm16; ret"
21267,GPCPAPEAPNM,69890,0xB1EEED0,AEGNNPENLNM,mov-ax-imm16-ret,static-candidate,"same 7.1 GetCmdId method identity as verified 26105 anchor + mov ax, imm16; ret"
21268,BODGALDDLJE,69881,0xFFD1F60,AEGNNPENLNM,mov-ax-imm16-ret,static-candidate,"same 7.1 GetCmdId method identity as verified 26105 anchor + mov ax, imm16; ret"
21274,NDIPLGFCMLL,27829,0xE69B700,AEGNNPENLNM,mov-ax-imm16-ret,static-candidate,"same 7.1 GetCmdId method identity as verified 26105 anchor + mov ax, imm16; ret"
21279,NLKDKAGCAHC,86590,0x9ED1940,AEGNNPENLNM,mov-ax-imm16-ret,static-candidate,"same 7.1 GetCmdId method identity as verified 26105 anchor + mov ax, imm16; ret"
21285,PPMAEPDOJDC,45790,0x87BFF70,AEGNNPENLNM,mov-ax-imm16-ret,static-candidate,"same 7.1 GetCmdId method identity as verified 26105 anchor + mov ax, imm16; ret"
21296,MOBDPPALCNH,46633,0x1213A150,AEGNNPENLNM,mov-ax-imm16-ret,static-candidate,"same 7.1 GetCmdId method identity as verified 26105 anchor + mov ax, imm16; ret"
21302,AGFDHNAFLBL,70883,0xBC62730,AEGNNPENLNM,mov-ax-imm16-ret,static-candidate,"same 7.1 GetCmdId method identity as verified 26105 anchor + mov ax, imm16; ret"
21303,NKLODJHFPEH,72004,0xAD1D830,AEGNNPENLNM,mov-ax-imm16-ret,static-candidate,"same 7.1 GetCmdId method identity as verified 26105 anchor + mov ax, imm16; ret"
21309,BNFNINOGHLB,70716,0x117B1060,AEGNNPENLNM,mov-ax-imm16-ret,static-candidate,"same 7.1 GetCmdId method identity as verified 26105 anchor + mov ax, imm16; ret"
21312,FGIDLEPIPAG,78394,0x8B74CE0,AEGNNPENLNM,mov-ax-imm16-ret,static-candidate,"same 7.1 GetCmdId method identity as verified 26105 anchor + mov ax, imm16; ret"
21324,NODBCAOFGDA,58279,0xC5BB4A0,AEGNNPENLNM,mov-ax-imm16-ret,static-candidate,"same 7.1 GetCmdId method identity as verified 26105 anchor + mov ax, imm16; ret"
21330,MNPMMOOIFBP,42952,0x121390F0,AEGNNPENLNM,mov-ax-imm16-ret,static-candidate,"same 7.1 GetCmdId method identity as verified 26105 anchor + mov ax, imm16; ret"
21331,OKFBJJLECMJ,27533,0x7BCF590,AEGNNPENLNM,mov-ax-imm16-ret,static-candidate,"same 7.1 GetCmdId method identity as verified 26105 anchor + mov ax, imm16; ret"
21333,PJEOGBAEIFF,43893,0xC6BFA50,AEGNNPENLNM,mov-ax-imm16-ret,static-candidate,"same 7.1 GetCmdId method identity as verified 26105 anchor + mov ax, imm16; ret"
21336,AELCNBKNBKG,42621,0x11B61FE0,AEGNNPENLNM,mov-ax-imm16-ret,static-candidate,"same 7.1 GetCmdId method identity as verified 26105 anchor + mov ax, imm16; ret"
21345,FJPDNEBMKGE,33791,0xA498E50,AEGNNPENLNM,mov-ax-imm16-ret,static-candidate,"same 7.1 GetCmdId method identity as verified 26105 anchor + mov ax, imm16; ret"
21355,IDCFHIFENIH,11883,0x12A5DAC0,AEGNNPENLNM,mov-ax-imm16-ret,static-candidate,"same 7.1 GetCmdId method identity as verified 26105 anchor + mov ax, imm16; ret"
21358,DHNGAONNLPG,13671,0x958D960,AEGNNPENLNM,mov-ax-imm16-ret,static-candidate,"same 7.1 GetCmdId method identity as verified 26105 anchor + mov ax, imm16; ret"
21361,ICBBABCKGLO,18544,0x8127D50,AEGNNPENLNM,mov-ax-imm16-ret,static-candidate,"same 7.1 GetCmdId method identity as verified 26105 anchor + mov ax, imm16; ret"
21365,LNFJIPFJJEH,87439,0x1399F480,AEGNNPENLNM,mov-ax-imm16-ret,static-candidate,"same 7.1 GetCmdId method identity as verified 26105 anchor + mov ax, imm16; ret"
21367,IKFGAMJADKH,29677,0xBF96F90,AEGNNPENLNM,mov-ax-imm16-ret,static-candidate,"same 7.1 GetCmdId method identity as verified 26105 anchor + mov ax, imm16; ret"
21369,EIEPPGNCNEI,33842,0xF6CAB50,AEGNNPENLNM,mov-ax-imm16-ret,static-candidate,"same 7.1 GetCmdId method identity as verified 26105 anchor + mov ax, imm16; ret"
21370,OMOHFHCMJIB,82934,0xF416670,AEGNNPENLNM,mov-ax-imm16-ret,static-candidate,"same 7.1 GetCmdId method identity as verified 26105 anchor + mov ax, imm16; ret"
21373,NADIKODCFFI,55152,0x12FAD700,AEGNNPENLNM,mov-ax-imm16-ret,static-candidate,"same 7.1 GetCmdId method identity as verified 26105 anchor + mov ax, imm16; ret"
21375,PLFHBLMHLOG,47792,0x11887E50,AEGNNPENLNM,mov-ax-imm16-ret,static-candidate,"same 7.1 GetCmdId method identity as verified 26105 anchor + mov ax, imm16; ret"
21381,KCKEAOLHLJD,79177,0xB4227F0,AEGNNPENLNM,mov-ax-imm16-ret,static-candidate,"same 7.1 GetCmdId method identity as verified 26105 anchor + mov ax, imm16; ret"
21388,KGDGJNEOMON,82804,0x13851B10,AEGNNPENLNM,mov-ax-imm16-ret,static-candidate,"same 7.1 GetCmdId method identity as verified 26105 anchor + mov ax, imm16; ret"
21392,EFEOCHDALJP,71046,0xD3E1E80,AEGNNPENLNM,mov-ax-imm16-ret,static-candidate,"same 7.1 GetCmdId method identity as verified 26105 anchor + mov ax, imm16; ret"
21395,IGJNGHIBPGI,15017,0xBF71920,AEGNNPENLNM,mov-ax-imm16-ret,static-candidate,"same 7.1 GetCmdId method identity as verified 26105 anchor + mov ax, imm16; ret"
21397,JLNMIJCDEHO,81425,0xC0C9C90,AEGNNPENLNM,mov-ax-imm16-ret,static-candidate,"same 7.1 GetCmdId method identity as verified 26105 anchor + mov ax, imm16; ret"
21401,NIOBBHLDJCP,20059,0x86095E0,AEGNNPENLNM,mov-ax-imm16-ret,static-candidate,"same 7.1 GetCmdId method identity as verified 26105 anchor + mov ax, imm16; ret"
21403,HJKIEOEBEKC,30047,0xEDB2DF0,AEGNNPENLNM,mov-ax-imm16-ret,static-candidate,"same 7.1 GetCmdId method identity as verified 26105 anchor + mov ax, imm16; ret"
21407,IOGJIEHDDCI,47929,0xE2DBC80,AEGNNPENLNM,mov-ax-imm16-ret,static-candidate,"same 7.1 GetCmdId method identity as verified 26105 anchor + mov ax, imm16; ret"
21412,CNPIKEEPMNL,69902,0xAFB0D80,AEGNNPENLNM,mov-ax-imm16-ret,static-candidate,"same 7.1 GetCmdId method identity as verified 26105 anchor + mov ax, imm16; ret"
21414,AGPKPEPBMDF,37651,0xD4F6740,AEGNNPENLNM,mov-ax-imm16-ret,static-candidate,"same 7.1 GetCmdId method identity as verified 26105 anchor + mov ax, imm16; ret"
21415,COAGJIBFOPO,75011,0x7D36C20,AEGNNPENLNM,mov-ax-imm16-ret,static-candidate,"same 7.1 GetCmdId method identity as verified 26105 anchor + mov ax, imm16; ret"
21423,GJAKKOEIPOK,57773,0xCA6A430,AEGNNPENLNM,mov-ax-imm16-ret,static-candidate,"same 7.1 GetCmdId method identity as verified 26105 anchor + mov ax, imm16; ret"
21428,FAFBDPJAPHF,78070,0x8B21C00,AEGNNPENLNM,mov-ax-imm16-ret,static-candidate,"same 7.1 GetCmdId method identity as verified 26105 anchor + mov ax, imm16; ret"
21430,EFANDNFDKLK,15119,0x726EF90,AEGNNPENLNM,mov-ax-imm16-ret,static-candidate,"same 7.1 GetCmdId method identity as verified 26105 anchor + mov ax, imm16; ret"
21432,NDKBINMKIKM,61476,0x12268D90,AEGNNPENLNM,mov-ax-imm16-ret,static-candidate,"same 7.1 GetCmdId method identity as verified 26105 anchor + mov ax, imm16; ret"
21436,FOGJAJADOGP,15237,0xA4E42F0,AEGNNPENLNM,mov-ax-imm16-ret,static-candidate,"same 7.1 GetCmdId method identity as verified 26105 anchor + mov ax, imm16; ret"
21441,GLAANIJFFCE,38133,0xB1CD890,AEGNNPENLNM,mov-ax-imm16-ret,static-candidate,"same 7.1 GetCmdId method identity as verified 26105 anchor + mov ax, imm16; ret"
21447,KEEKLHAJNMO,29496,0xFC477E0,AEGNNPENLNM,mov-ax-imm16-ret,static-candidate,"same 7.1 GetCmdId method identity as verified 26105 anchor + mov ax, imm16; ret"
21449,DDKMLLLIGMI,76322,0x12541C80,AEGNNPENLNM,mov-ax-imm16-ret,static-candidate,"same 7.1 GetCmdId method identity as verified 26105 anchor + mov ax, imm16; ret"
21451,KOFGOHJNJCA,32439,0x9C04A70,AEGNNPENLNM,mov-ax-imm16-ret,static-candidate,"same 7.1 GetCmdId method identity as verified 26105 anchor + mov ax, imm16; ret"
21457,MLFCBLOGOLH,19950,0xB5EE3A0,AEGNNPENLNM,mov-ax-imm16-ret,static-candidate,"same 7.1 GetCmdId method identity as verified 26105 anchor + mov ax, imm16; ret"
21462,IGBHOIHGJOL,17164,0xA6FEB60,AEGNNPENLNM,mov-ax-imm16-ret,static-candidate,"same 7.1 GetCmdId method identity as verified 26105 anchor + mov ax, imm16; ret"
21464,MMDFAHLDGLO,30983,0xAAF3FA0,AEGNNPENLNM,mov-ax-imm16-ret,static-candidate,"same 7.1 GetCmdId method identity as verified 26105 anchor + mov ax, imm16; ret"
21465,EFOIEAELKHD,73160,0x896AEE0,AEGNNPENLNM,mov-ax-imm16-ret,static-candidate,"same 7.1 GetCmdId method identity as verified 26105 anchor + mov ax, imm16; ret"
21467,NBEHPPBAKCA,75961,0x9E96000,AEGNNPENLNM,mov-ax-imm16-ret,static-candidate,"same 7.1 GetCmdId method identity as verified 26105 anchor + mov ax, imm16; ret"
21493,PNAKJICPCCG,84272,0xE87D640,AEGNNPENLNM,mov-ax-imm16-ret,static-candidate,"same 7.1 GetCmdId method identity as verified 26105 anchor + mov ax, imm16; ret"
21498,CCOEHBEIDNC,84491,0xC74AFF0,AEGNNPENLNM,mov-ax-imm16-ret,static-candidate,"same 7.1 GetCmdId method identity as verified 26105 anchor + mov ax, imm16; ret"
21511,ECOOEBOGEGA,56246,0xB0A02C0,AEGNNPENLNM,mov-ax-imm16-ret,static-candidate,"same 7.1 GetCmdId method identity as verified 26105 anchor + mov ax, imm16; ret"
21513,PBDNBHCMOCP,25647,0x101033E0,AEGNNPENLNM,mov-ax-imm16-ret,static-candidate,"same 7.1 GetCmdId method identity as verified 26105 anchor + mov ax, imm16; ret"
21516,HJAKNEHFCHL,30145,0x74C15B0,AEGNNPENLNM,mov-ax-imm16-ret,static-candidate,"same 7.1 GetCmdId method identity as verified 26105 anchor + mov ax, imm16; ret"
21517,IEAEDEPOEHM,23640,0x12A77A10,AEGNNPENLNM,mov-ax-imm16-ret,static-candidate,"same 7.1 GetCmdId method identity as verified 26105 anchor + mov ax, imm16; ret"
21519,GDIFGDDMFEC,29740,0xF8A9430,AEGNNPENLNM,mov-ax-imm16-ret,static-candidate,"same 7.1 GetCmdId method identity as verified 26105 anchor + mov ax, imm16; ret"
21523,GAIOKHKJOAM,79857,0xA4FA8A0,AEGNNPENLNM,mov-ax-imm16-ret,static-candidate,"same 7.1 GetCmdId method identity as verified 26105 anchor + mov ax, imm16; ret"
21531,JBEHLFEAEBD,71611,0x9A52950,AEGNNPENLNM,mov-ax-imm16-ret,static-candidate,"same 7.1 GetCmdId method identity as verified 26105 anchor + mov ax, imm16; ret"
21535,GGMNLFMAGLL,81193,0x8BF75D0,AEGNNPENLNM,mov-ax-imm16-ret,static-candidate,"same 7.1 GetCmdId method identity as verified 26105 anchor + mov ax, imm16; ret"
21538,KIDLCGKCIBP,56897,0xC167C10,AEGNNPENLNM,mov-ax-imm16-ret,static-candidate,"same 7.1 GetCmdId method identity as verified 26105 anchor + mov ax, imm16; ret"
21541,CFDHAKHFEBC,43079,0xE839AC0,AEGNNPENLNM,mov-ax-imm16-ret,static-candidate,"same 7.1 GetCmdId method identity as verified 26105 anchor + mov ax, imm16; ret"
21542,AABOIDNNJCE,76650,0xC94C700,AEGNNPENLNM,mov-ax-imm16-ret,static-candidate,"same 7.1 GetCmdId method identity as verified 26105 anchor + mov ax, imm16; ret"
21544,PPLBHNBAEKF,85323,0xF4FE350,AEGNNPENLNM,mov-ax-imm16-ret,static-candidate,"same 7.1 GetCmdId method identity as verified 26105 anchor + mov ax, imm16; ret"
21545,GCHBCGPDCLC,56351,0x73D0610,AEGNNPENLNM,mov-ax-imm16-ret,static-candidate,"same 7.1 GetCmdId method identity as verified 26105 anchor + mov ax, imm16; ret"
21546,LNPOPFIMKCF,59700,0xE4E7BF0,AEGNNPENLNM,mov-ax-imm16-ret,static-candidate,"same 7.1 GetCmdId method identity as verified 26105 anchor + mov ax, imm16; ret"
21549,BFIBMLMFGJF,63443,0xD55E4E0,AEGNNPENLNM,mov-ax-imm16-ret,static-candidate,"same 7.1 GetCmdId method identity as verified 26105 anchor + mov ax, imm16; ret"
21552,ACLIOLNDKPN,52890,0xEAD04B0,AEGNNPENLNM,mov-ax-imm16-ret,static-candidate,"same 7.1 GetCmdId method identity as verified 26105 anchor + mov ax, imm16; ret"
21555,EIDPEEFJOMC,73363,0x103235F0,AEGNNPENLNM,mov-ax-imm16-ret,static-candidate,"same 7.1 GetCmdId method identity as verified 26105 anchor + mov ax, imm16; ret"
21577,CJPPHFKCJCH,35792,0xC7A34F0,AEGNNPENLNM,mov-ax-imm16-ret,static-candidate,"same 7.1 GetCmdId method identity as verified 26105 anchor + mov ax, imm16; ret"
21580,NKDEGJHELAP,86667,0xB7F1C00,AEGNNPENLNM,mov-ax-imm16-ret,static-candidate,"same 7.1 GetCmdId method identity as verified 26105 anchor + mov ax, imm16; ret"
21584,BNINLEKCDII,68055,0xB9152F0,AEGNNPENLNM,mov-ax-imm16-ret,static-candidate,"same 7.1 GetCmdId method identity as verified 26105 anchor + mov ax, imm16; ret"
21585,MPCACDGMOKI,68465,0xE5846C0,AEGNNPENLNM,mov-ax-imm16-ret,static-candidate,"same 7.1 GetCmdId method identity as verified 26105 anchor + mov ax, imm16; ret"
21587,CDHKKFINGFG,24843,0xF55CB60,AEGNNPENLNM,mov-ax-imm16-ret,static-candidate,"same 7.1 GetCmdId method identity as verified 26105 anchor + mov ax, imm16; ret"
21601,AAJPNFFHJFB,41242,0x134468A0,AEGNNPENLNM,mov-ax-imm16-ret,static-candidate,"same 7.1 GetCmdId method identity as verified 26105 anchor + mov ax, imm16; ret"
21605,OFFGAKLPKPF,64374,0x8669F50,AEGNNPENLNM,mov-ax-imm16-ret,static-candidate,"same 7.1 GetCmdId method identity as verified 26105 anchor + mov ax, imm16; ret"
21608,KJEHLBBDGAK,52563,0xFC866E0,AEGNNPENLNM,mov-ax-imm16-ret,static-candidate,"same 7.1 GetCmdId method identity as verified 26105 anchor + mov ax, imm16; ret"
21621,LDPAGNBHAPI,41664,0xF0B1120,AEGNNPENLNM,mov-ax-imm16-ret,static-candidate,"same 7.1 GetCmdId method identity as verified 26105 anchor + mov ax, imm16; ret"
21623,BFNBHLFPMMC,23819,0x71FC720,AEGNNPENLNM,mov-ax-imm16-ret,static-candidate,"same 7.1 GetCmdId method identity as verified 26105 anchor + mov ax, imm16; ret"
21627,OOODIGOMIPK,80941,0x7C0A120,AEGNNPENLNM,mov-ax-imm16-ret,static-candidate,"same 7.1 GetCmdId method identity as verified 26105 anchor + mov ax, imm16; ret"
21629,KHONCMLPEBO,45076,0xB447890,AEGNNPENLNM,mov-ax-imm16-ret,static-candidate,"same 7.1 GetCmdId method identity as verified 26105 anchor + mov ax, imm16; ret"
21634,HNPNHOGJJNK,56942,0x75307E0,AEGNNPENLNM,mov-ax-imm16-ret,static-candidate,"same 7.1 GetCmdId method identity as verified 26105 anchor + mov ax, imm16; ret"
21638,JFMKBFIBFGG,83217,0xEF32AB0,AEGNNPENLNM,mov-ax-imm16-ret,static-candidate,"same 7.1 GetCmdId method identity as verified 26105 anchor + mov ax, imm16; ret"
21644,JOAJJPHFJFH,82558,0x138268D0,AEGNNPENLNM,mov-ax-imm16-ret,static-candidate,"same 7.1 GetCmdId method identity as verified 26105 anchor + mov ax, imm16; ret"
21646,PIKBFOBOFOA,86033,0x10142820,AEGNNPENLNM,mov-ax-imm16-ret,static-candidate,"same 7.1 GetCmdId method identity as verified 26105 anchor + mov ax, imm16; ret"
21650,CIIAJEIJOLL,55909,0xAF7BA60,AEGNNPENLNM,mov-ax-imm16-ret,static-candidate,"same 7.1 GetCmdId method identity as verified 26105 anchor + mov ax, imm16; ret"
21651,LKIHMNNKLCC,75160,0x1206F630,AEGNNPENLNM,mov-ax-imm16-ret,static-candidate,"same 7.1 GetCmdId method identity as verified 26105 anchor + mov ax, imm16; ret"
21653,PBOLJJPDGCB,85372,0xE7BE890,AEGNNPENLNM,mov-ax-imm16-ret,static-candidate,"same 7.1 GetCmdId method identity as verified 26105 anchor + mov ax, imm16; ret"
21654,NEGFJDDPEPF,48891,0xACCA970,AEGNNPENLNM,mov-ax-imm16-ret,static-candidate,"same 7.1 GetCmdId method identity as verified 26105 anchor + mov ax, imm16; ret"
21655,BHMGBOBKLIO,64867,0xC459DF0,AEGNNPENLNM,mov-ax-imm16-ret,static-candidate,"same 7.1 GetCmdId method identity as verified 26105 anchor + mov ax, imm16; ret"
21657,KKLPLIKNMCI,80194,0xC174240,AEGNNPENLNM,mov-ax-imm16-ret,static-candidate,"same 7.1 GetCmdId method identity as verified 26105 anchor + mov ax, imm16; ret"
21662,MKBLMJEIJOP,82866,0x12115DA0,AEGNNPENLNM,mov-ax-imm16-ret,static-candidate,"same 7.1 GetCmdId method identity as verified 26105 anchor + mov ax, imm16; ret"
21670,BNJIJOEDDPI,66956,0x117C84B0,AEGNNPENLNM,mov-ax-imm16-ret,static-candidate,"same 7.1 GetCmdId method identity as verified 26105 anchor + mov ax, imm16; ret"
21671,NJNCIOOHCPN,85784,0xD0968F0,AEGNNPENLNM,mov-ax-imm16-ret,static-candidate,"same 7.1 GetCmdId method identity as verified 26105 anchor + mov ax, imm16; ret"
21673,EGJIMDLCKNL,48066,0x125C5C70,AEGNNPENLNM,mov-ax-imm16-ret,static-candidate,"same 7.1 GetCmdId method identity as verified 26105 anchor + mov ax, imm16; ret"
21678,INDFOFJKIGI,13698,0xE2CCE60,AEGNNPENLNM,mov-ax-imm16-ret,static-candidate,"same 7.1 GetCmdId method identity as verified 26105 anchor + mov ax, imm16; ret"
21679,IHHJIKLOBNP,40508,0x111E5C10,AEGNNPENLNM,mov-ax-imm16-ret,static-candidate,"same 7.1 GetCmdId method identity as verified 26105 anchor + mov ax, imm16; ret"
21680,JDGELDIJMKP,88703,0x81D2EC0,AEGNNPENLNM,mov-ax-imm16-ret,static-candidate,"same 7.1 GetCmdId method identity as verified 26105 anchor + mov ax, imm16; ret"
21681,EOBEIPDMEFH,13488,0xA233BA0,AEGNNPENLNM,mov-ax-imm16-ret,static-candidate,"same 7.1 GetCmdId method identity as verified 26105 anchor + mov ax, imm16; ret"
21685,ICECKGEMKJG,60582,0x8D58E50,AEGNNPENLNM,mov-ax-imm16-ret,static-candidate,"same 7.1 GetCmdId method identity as verified 26105 anchor + mov ax, imm16; ret"
21687,CHMEIFJKHCO,54887,0x1194D150,AEGNNPENLNM,mov-ax-imm16-ret,static-candidate,"same 7.1 GetCmdId method identity as verified 26105 anchor + mov ax, imm16; ret"
21688,EDCOHLKGBLK,38218,0x723D140,AEGNNPENLNM,mov-ax-imm16-ret,static-candidate,"same 7.1 GetCmdId method identity as verified 26105 anchor + mov ax, imm16; ret"
21693,DIAHDHOEMJB,71526,0xBABA000,AEGNNPENLNM,mov-ax-imm16-ret,static-candidate,"same 7.1 GetCmdId method identity as verified 26105 anchor + mov ax, imm16; ret"
21702,PAOBBKNAOPM,21547,0x8730B30,AEGNNPENLNM,mov-ax-imm16-ret,static-candidate,"same 7.1 GetCmdId method identity as verified 26105 anchor + mov ax, imm16; ret"
21703,OHGCFFIEPBP,47506,0xD13F3A0,AEGNNPENLNM,mov-ax-imm16-ret,static-candidate,"same 7.1 GetCmdId method identity as verified 26105 anchor + mov ax, imm16; ret"
21704,JOBPEDJNGGA,18759,0xEF922D0,AEGNNPENLNM,mov-ax-imm16-ret,static-candidate,"same 7.1 GetCmdId method identity as verified 26105 anchor + mov ax, imm16; ret"
21705,CABAMJPHMOL,87653,0x82FDE20,AEGNNPENLNM,mov-ax-imm16-ret,static-candidate,"same 7.1 GetCmdId method identity as verified 26105 anchor + mov ax, imm16; ret"
21715,LOCLICBDPOI,73450,0x83E7B20,AEGNNPENLNM,mov-ax-imm16-ret,static-candidate,"same 7.1 GetCmdId method identity as verified 26105 anchor + mov ax, imm16; ret"
21724,COLIJGONMOL,68152,0xA0DD540,AEGNNPENLNM,mov-ax-imm16-ret,static-candidate,"same 7.1 GetCmdId method identity as verified 26105 anchor + mov ax, imm16; ret"
21725,KGGPMOBMAMO,15801,0x11F51640,AEGNNPENLNM,mov-ax-imm16-ret,static-candidate,"same 7.1 GetCmdId method identity as verified 26105 anchor + mov ax, imm16; ret"
21738,JJNGGAJBGLK,40482,0x11EE90A0,AEGNNPENLNM,mov-ax-imm16-ret,static-candidate,"same 7.1 GetCmdId method identity as verified 26105 anchor + mov ax, imm16; ret"
21748,IFMFDMDFFHN,87072,0xA6FCF20,AEGNNPENLNM,mov-ax-imm16-ret,static-candidate,"same 7.1 GetCmdId method identity as verified 26105 anchor + mov ax, imm16; ret"
21755,KMIGOGNMBMP,88065,0x83365D0,AEGNNPENLNM,mov-ax-imm16-ret,static-candidate,"same 7.1 GetCmdId method identity as verified 26105 anchor + mov ax, imm16; ret"
21756,GMOKLGMBCMI,43467,0x981BDB0,AEGNNPENLNM,mov-ax-imm16-ret,static-candidate,"same 7.1 GetCmdId method identity as verified 26105 anchor + mov ax, imm16; ret"
21768,GMAFEBGKKPF,35904,0xB1D5BB0,AEGNNPENLNM,mov-ax-imm16-ret,static-candidate,"same 7.1 GetCmdId method identity as verified 26105 anchor + mov ax, imm16; ret"
21769,EPMMHNKDCPI,73803,0x125EC5D0,AEGNNPENLNM,mov-ax-imm16-ret,static-candidate,"same 7.1 GetCmdId method identity as verified 26105 anchor + mov ax, imm16; ret"
21770,CAJGMNDKHJI,37624,0xF53BEA0,AEGNNPENLNM,mov-ax-imm16-ret,static-candidate,"same 7.1 GetCmdId method identity as verified 26105 anchor + mov ax, imm16; ret"
21776,OMEECGOCGKH,76315,0x123585C0,AEGNNPENLNM,mov-ax-imm16-ret,static-candidate,"same 7.1 GetCmdId method identity as verified 26105 anchor + mov ax, imm16; ret"
21778,ACPBPCFFFCP,88569,0xEAD3EA0,AEGNNPENLNM,mov-ax-imm16-ret,static-candidate,"same 7.1 GetCmdId method identity as verified 26105 anchor + mov ax, imm16; ret"
21783,LJCKFMCHPBB,13755,0x12CB4F40,AEGNNPENLNM,mov-ax-imm16-ret,static-candidate,"same 7.1 GetCmdId method identity as verified 26105 anchor + mov ax, imm16; ret"
21786,BKADNMPHLHI,82201,0x12B587B0,AEGNNPENLNM,mov-ax-imm16-ret,static-candidate,"same 7.1 GetCmdId method identity as verified 26105 anchor + mov ax, imm16; ret"
21790,FGNAPEPHABG,40250,0xBD5B5A0,AEGNNPENLNM,mov-ax-imm16-ret,static-candidate,"same 7.1 GetCmdId method identity as verified 26105 anchor + mov ax, imm16; ret"
21794,DGMOMKJBGJI,71822,0x10298530,AEGNNPENLNM,mov-ax-imm16-ret,static-candidate,"same 7.1 GetCmdId method identity as verified 26105 anchor + mov ax, imm16; ret"
21801,BAMJGGCALOL,63103,0xC9E0FB0,AEGNNPENLNM,mov-ax-imm16-ret,static-candidate,"same 7.1 GetCmdId method identity as verified 26105 anchor + mov ax, imm16; ret"
21803,ODJKGFGHFAI,13025,0xE759E60,AEGNNPENLNM,mov-ax-imm16-ret,static-candidate,"same 7.1 GetCmdId method identity as verified 26105 anchor + mov ax, imm16; ret"
21804,JDDCCLKMABF,18099,0x11EB7ED0,AEGNNPENLNM,mov-ax-imm16-ret,static-candidate,"same 7.1 GetCmdId method identity as verified 26105 anchor + mov ax, imm16; ret"
21810,CCBKEHBDFCH,65654,0xC73F060,AEGNNPENLNM,mov-ax-imm16-ret,static-candidate,"same 7.1 GetCmdId method identity as verified 26105 anchor + mov ax, imm16; ret"
21814,PKBICPNLFAA,31557,0xAE128A0,AEGNNPENLNM,mov-ax-imm16-ret,static-candidate,"same 7.1 GetCmdId method identity as verified 26105 anchor + mov ax, imm16; ret"
21818,OMPOFJHDDKG,28677,0xC656080,AEGNNPENLNM,mov-ax-imm16-ret,static-candidate,"same 7.1 GetCmdId method identity as verified 26105 anchor + mov ax, imm16; ret"
21829,PHHNKDHFLOI,25312,0x94024B0,AEGNNPENLNM,mov-ax-imm16-ret,static-candidate,"same 7.1 GetCmdId method identity as verified 26105 anchor + mov ax, imm16; ret"
21830,JFLCAOPMCBP,21166,0x12B0FCC0,AEGNNPENLNM,mov-ax-imm16-ret,static-candidate,"same 7.1 GetCmdId method identity as verified 26105 anchor + mov ax, imm16; ret"
21835,PGHLGNMMPME,46997,0xD24A700,AEGNNPENLNM,mov-ax-imm16-ret,static-candidate,"same 7.1 GetCmdId method identity as verified 26105 anchor + mov ax, imm16; ret"
21838,GKMGMDMMEMK,48807,0x110D0360,AEGNNPENLNM,mov-ax-imm16-ret,static-candidate,"same 7.1 GetCmdId method identity as verified 26105 anchor + mov ax, imm16; ret"
21840,CCPBDJBGEGM,14545,0xF54EA00,AEGNNPENLNM,mov-ax-imm16-ret,static-candidate,"same 7.1 GetCmdId method identity as verified 26105 anchor + mov ax, imm16; ret"
21856,HEHPGJHFNBP,14357,0xB214440,AEGNNPENLNM,mov-ax-imm16-ret,static-candidate,"same 7.1 GetCmdId method identity as verified 26105 anchor + mov ax, imm16; ret"
21863,HHJIAJAALAL,21075,0xF98F880,AEGNNPENLNM,mov-ax-imm16-ret,static-candidate,"same 7.1 GetCmdId method identity as verified 26105 anchor + mov ax, imm16; ret"
21864,CFNADPDHIGG,66083,0x10C50A70,AEGNNPENLNM,mov-ax-imm16-ret,static-candidate,"same 7.1 GetCmdId method identity as verified 26105 anchor + mov ax, imm16; ret"
21866,AFLFNKFKHEE,57469,0xD4EDBA0,AEGNNPENLNM,mov-ax-imm16-ret,static-candidate,"same 7.1 GetCmdId method identity as verified 26105 anchor + mov ax, imm16; ret"
21869,KKENPKKLJJO,15621,0x776CDF0,AEGNNPENLNM,mov-ax-imm16-ret,static-candidate,"same 7.1 GetCmdId method identity as verified 26105 anchor + mov ax, imm16; ret"
21870,IFOBLALHHEO,32146,0xEE4BCF0,AEGNNPENLNM,mov-ax-imm16-ret,static-candidate,"same 7.1 GetCmdId method identity as verified 26105 anchor + mov ax, imm16; ret"
21887,MLOKMFCJKFF,25556,0x8467B20,AEGNNPENLNM,mov-ax-imm16-ret,static-candidate,"same 7.1 GetCmdId method identity as verified 26105 anchor + mov ax, imm16; ret"
21891,IKAFEOALPCO,22574,0x99C28B0,AEGNNPENLNM,mov-ax-imm16-ret,static-candidate,"same 7.1 GetCmdId method identity as verified 26105 anchor + mov ax, imm16; ret"
21894,DANNPMAMKFM,25679,0x8827DA0,AEGNNPENLNM,mov-ax-imm16-ret,static-candidate,"same 7.1 GetCmdId method identity as verified 26105 anchor + mov ax, imm16; ret"
21895,EMCKLOHGCCP,41888,0x89D1650,AEGNNPENLNM,mov-ax-imm16-ret,static-candidate,"same 7.1 GetCmdId method identity as verified 26105 anchor + mov ax, imm16; ret"
21898,CBPBKEHIEDN,36255,0x10C38C60,AEGNNPENLNM,mov-ax-imm16-ret,static-candidate,"same 7.1 GetCmdId method identity as verified 26105 anchor + mov ax, imm16; ret"
21905,AHFPBFIDPJA,86256,0x11B7B150,AEGNNPENLNM,mov-ax-imm16-ret,static-candidate,"same 7.1 GetCmdId method identity as verified 26105 anchor + mov ax, imm16; ret"
21909,EFAMHFDJACA,83497,0x960F190,AEGNNPENLNM,mov-ax-imm16-ret,static-candidate,"same 7.1 GetCmdId method identity as verified 26105 anchor + mov ax, imm16; ret"
21914,FDLICCGDHCB,75822,0xEAA7DD0,AEGNNPENLNM,mov-ax-imm16-ret,static-candidate,"same 7.1 GetCmdId method identity as verified 26105 anchor + mov ax, imm16; ret"
21918,EMEFADHOILO,83598,0xA2193F0,AEGNNPENLNM,mov-ax-imm16-ret,static-candidate,"same 7.1 GetCmdId method identity as verified 26105 anchor + mov ax, imm16; ret"
21920,LJCPIEDKDMM,26324,0xCE374B0,AEGNNPENLNM,mov-ax-imm16-ret,static-candidate,"same 7.1 GetCmdId method identity as verified 26105 anchor + mov ax, imm16; ret"
21937,PHAOBBMLBEA,29497,0xB9029A0,AEGNNPENLNM,mov-ax-imm16-ret,static-candidate,"same 7.1 GetCmdId method identity as verified 26105 anchor + mov ax, imm16; ret"
21951,OBKCLLKIBEK,22725,0x130E2350,AEGNNPENLNM,mov-ax-imm16-ret,static-candidate,"same 7.1 GetCmdId method identity as verified 26105 anchor + mov ax, imm16; ret"
21953,CBHIFFIEFDN,29258,0x7611330,AEGNNPENLNM,mov-ax-imm16-ret,static-candidate,"same 7.1 GetCmdId method identity as verified 26105 anchor + mov ax, imm16; ret"
21954,GJGCECFMOAN,55440,0x12947BE0,AEGNNPENLNM,mov-ax-imm16-ret,static-candidate,"same 7.1 GetCmdId method identity as verified 26105 anchor + mov ax, imm16; ret"
21958,DCMGBKFDGEA,60919,0xD34A5D0,AEGNNPENLNM,mov-ax-imm16-ret,static-candidate,"same 7.1 GetCmdId method identity as verified 26105 anchor + mov ax, imm16; ret"
21960,EGGFDBBLECB,36517,0x14006EF0,AEGNNPENLNM,mov-ax-imm16-ret,static-candidate,"same 7.1 GetCmdId method identity as verified 26105 anchor + mov ax, imm16; ret"
21963,CAECNHLAMHG,76964,0xE8138F0,AEGNNPENLNM,mov-ax-imm16-ret,static-candidate,"same 7.1 GetCmdId method identity as verified 26105 anchor + mov ax, imm16; ret"
21967,KHAHPPDEGMM,83965,0x12C23D90,AEGNNPENLNM,mov-ax-imm16-ret,static-candidate,"same 7.1 GetCmdId method identity as verified 26105 anchor + mov ax, imm16; ret"
21968,OPAGFODMJGG,21840,0x86C3C00,AEGNNPENLNM,mov-ax-imm16-ret,static-candidate,"same 7.1 GetCmdId method identity as verified 26105 anchor + mov ax, imm16; ret"
21974,DACGMNLHBCJ,74113,0xC7FD730,AEGNNPENLNM,mov-ax-imm16-ret,static-candidate,"same 7.1 GetCmdId method identity as verified 26105 anchor + mov ax, imm16; ret"
21976,AMJHEIDLENK,75206,0xD525590,AEGNNPENLNM,mov-ax-imm16-ret,static-candidate,"same 7.1 GetCmdId method identity as verified 26105 anchor + mov ax, imm16; ret"
21977,PENENBFCCOG,46908,0x93EFBB0,AEGNNPENLNM,mov-ax-imm16-ret,static-candidate,"same 7.1 GetCmdId method identity as verified 26105 anchor + mov ax, imm16; ret"
21988,FMPJHMIFBJD,25490,0x1269B940,AEGNNPENLNM,mov-ax-imm16-ret,static-candidate,"same 7.1 GetCmdId method identity as verified 26105 anchor + mov ax, imm16; ret"
21994,LJHKCFHOINL,56930,0x1143AB30,AEGNNPENLNM,mov-ax-imm16-ret,static-candidate,"same 7.1 GetCmdId method identity as verified 26105 anchor + mov ax, imm16; ret"
21997,BGPPGHGFOJP,36542,0x12382360,AEGNNPENLNM,mov-ax-imm16-ret,static-candidate,"same 7.1 GetCmdId method identity as verified 26105 anchor + mov ax, imm16; ret"
22008,BBMLEODDCMG,50415,0xD545730,AEGNNPENLNM,mov-ax-imm16-ret,static-candidate,"same 7.1 GetCmdId method identity as verified 26105 anchor + mov ax, imm16; ret"
22009,LEAKHHCDNKA,30995,0xB49ED40,AEGNNPENLNM,mov-ax-imm16-ret,static-candidate,"same 7.1 GetCmdId method identity as verified 26105 anchor + mov ax, imm16; ret"
22013,EEFEEBLOIIC,52492,0xB0A6E70,AEGNNPENLNM,mov-ax-imm16-ret,static-candidate,"same 7.1 GetCmdId method identity as verified 26105 anchor + mov ax, imm16; ret"
22017,LEKHLAGPHAD,65504,0xC1D6D30,AEGNNPENLNM,mov-ax-imm16-ret,static-candidate,"same 7.1 GetCmdId method identity as verified 26105 anchor + mov ax, imm16; ret"
22026,EMADNEIGBGE,61710,0xA3F7F60,AEGNNPENLNM,mov-ax-imm16-ret,static-candidate,"same 7.1 GetCmdId method identity as verified 26105 anchor + mov ax, imm16; ret"
22031,PINGFGHNEHF,15172,0x10C8D920,AEGNNPENLNM,mov-ax-imm16-ret,static-candidate,"same 7.1 GetCmdId method identity as verified 26105 anchor + mov ax, imm16; ret"
22034,DODKKDNEINC,42860,0xD39B530,AEGNNPENLNM,mov-ax-imm16-ret,static-candidate,"same 7.1 GetCmdId method identity as verified 26105 anchor + mov ax, imm16; ret"
22042,PJAENBIOFPA,78221,0x8783490,AEGNNPENLNM,mov-ax-imm16-ret,static-candidate,"same 7.1 GetCmdId method identity as verified 26105 anchor + mov ax, imm16; ret"
22045,GAKHOOPBPCH,21834,0x1358F200,AEGNNPENLNM,mov-ax-imm16-ret,static-candidate,"same 7.1 GetCmdId method identity as verified 26105 anchor + mov ax, imm16; ret"
22046,CMDJFGBKFIM,56376,0x7D1ABA0,AEGNNPENLNM,mov-ax-imm16-ret,static-candidate,"same 7.1 GetCmdId method identity as verified 26105 anchor + mov ax, imm16; ret"
22054,EEJAFALADJN,27628,0xD3DB550,AEGNNPENLNM,mov-ax-imm16-ret,static-candidate,"same 7.1 GetCmdId method identity as verified 26105 anchor + mov ax, imm16; ret"
22055,GEGJADNLINO,56559,0xEC10960,AEGNNPENLNM,mov-ax-imm16-ret,static-candidate,"same 7.1 GetCmdId method identity as verified 26105 anchor + mov ax, imm16; ret"
22056,ICBABANFGPP,35753,0x8D55A90,AEGNNPENLNM,mov-ax-imm16-ret,static-candidate,"same 7.1 GetCmdId method identity as verified 26105 anchor + mov ax, imm16; ret"
22058,KFKMMMCOJDM,59981,0x829BAF0,AEGNNPENLNM,mov-ax-imm16-ret,static-candidate,"same 7.1 GetCmdId method identity as verified 26105 anchor + mov ax, imm16; ret"
22060,DAKFNDLCAHC,78860,0x13F17FA0,AEGNNPENLNM,mov-ax-imm16-ret,static-candidate,"same 7.1 GetCmdId method identity as verified 26105 anchor + mov ax, imm16; ret"
22065,JKPCLAKKDKB,35613,0xCCD00D0,AEGNNPENLNM,mov-ax-imm16-ret,static-candidate,"same 7.1 GetCmdId method identity as verified 26105 anchor + mov ax, imm16; ret"
22066,NKOOEBDPDAG,20212,0xD09E720,AEGNNPENLNM,mov-ax-imm16-ret,static-candidate,"same 7.1 GetCmdId method identity as verified 26105 anchor + mov ax, imm16; ret"
22067,PFMLCDLBJAE,48021,0x87678A0,AEGNNPENLNM,mov-ax-imm16-ret,static-candidate,"same 7.1 GetCmdId method identity as verified 26105 anchor + mov ax, imm16; ret"
22068,KIKJPKDFDLH,76532,0x77612C0,AEGNNPENLNM,mov-ax-imm16-ret,static-candidate,"same 7.1 GetCmdId method identity as verified 26105 anchor + mov ax, imm16; ret"
22069,BCLGEDHCOAD,76458,0x8E8FD10,AEGNNPENLNM,mov-ax-imm16-ret,static-candidate,"same 7.1 GetCmdId method identity as verified 26105 anchor + mov ax, imm16; ret"
22074,MDPBOEHDCOB,40373,0x9CED560,AEGNNPENLNM,mov-ax-imm16-ret,static-candidate,"same 7.1 GetCmdId method identity as verified 26105 anchor + mov ax, imm16; ret"
22078,CGGOPDMJLNC,84854,0xC77AB00,AEGNNPENLNM,mov-ax-imm16-ret,static-candidate,"same 7.1 GetCmdId method identity as verified 26105 anchor + mov ax, imm16; ret"
22081,KNNPBDDFFLN,23394,0x1079E600,AEGNNPENLNM,mov-ax-imm16-ret,static-candidate,"same 7.1 GetCmdId method identity as verified 26105 anchor + mov ax, imm16; ret"
22085,GGBMBIHNINO,33248,0x803B520,AEGNNPENLNM,mov-ax-imm16-ret,static-candidate,"same 7.1 GetCmdId method identity as verified 26105 anchor + mov ax, imm16; ret"
22086,HGGENKDLBAA,42969,0x74A0CF0,AEGNNPENLNM,mov-ax-imm16-ret,static-candidate,"same 7.1 GetCmdId method identity as verified 26105 anchor + mov ax, imm16; ret"
22087,JEAOJGFODJH,43509,0x9ABACF0,AEGNNPENLNM,mov-ax-imm16-ret,static-candidate,"same 7.1 GetCmdId method identity as verified 26105 anchor + mov ax, imm16; ret"
22089,HOGFFFMEFFG,69912,0x11DD90E0,AEGNNPENLNM,mov-ax-imm16-ret,static-candidate,"same 7.1 GetCmdId method identity as verified 26105 anchor + mov ax, imm16; ret"
22095,OFAOELOHEHA,19694,0x117484C0,AEGNNPENLNM,mov-ax-imm16-ret,static-candidate,"same 7.1 GetCmdId method identity as verified 26105 anchor + mov ax, imm16; ret"
22096,MCNOCPIDJGF,75928,0xB59EDB0,AEGNNPENLNM,mov-ax-imm16-ret,static-candidate,"same 7.1 GetCmdId method identity as verified 26105 anchor + mov ax, imm16; ret"
22099,APNGCLBFGGJ,54127,0x134D1D80,AEGNNPENLNM,mov-ax-imm16-ret,static-candidate,"same 7.1 GetCmdId method identity as verified 26105 anchor + mov ax, imm16; ret"
22102,GJOCNICIAPO,32936,0x104E5460,AEGNNPENLNM,mov-ax-imm16-ret,static-candidate,"same 7.1 GetCmdId method identity as verified 26105 anchor + mov ax, imm16; ret"
22103,JKNCJMNEBFK,78602,0xEF66B60,AEGNNPENLNM,mov-ax-imm16-ret,static-candidate,"same 7.1 GetCmdId method identity as verified 26105 anchor + mov ax, imm16; ret"
22104,PPHNACLCPNF,19681,0x13E45620,AEGNNPENLNM,mov-ax-imm16-ret,static-candidate,"same 7.1 GetCmdId method identity as verified 26105 anchor + mov ax, imm16; ret"
22109,FFOBHJICGMF,12953,0xEB946C0,AEGNNPENLNM,mov-ax-imm16-ret,static-candidate,"same 7.1 GetCmdId method identity as verified 26105 anchor + mov ax, imm16; ret"
22111,ONJHHOPOIFA,13312,0x12361660,AEGNNPENLNM,mov-ax-imm16-ret,static-candidate,"same 7.1 GetCmdId method identity as verified 26105 anchor + mov ax, imm16; ret"
22120,IGNKDDIOJEO,74247,0x10605D10,AEGNNPENLNM,mov-ax-imm16-ret,static-candidate,"same 7.1 GetCmdId method identity as verified 26105 anchor + mov ax, imm16; ret"
22135,ABHPJHPOOIF,72846,0xA310DE0,AEGNNPENLNM,mov-ax-imm16-ret,static-candidate,"same 7.1 GetCmdId method identity as verified 26105 anchor + mov ax, imm16; ret"
22136,BJNGFAEENGC,22580,0x1177ED40,AEGNNPENLNM,mov-ax-imm16-ret,static-candidate,"same 7.1 GetCmdId method identity as verified 26105 anchor + mov ax, imm16; ret"
22137,AOHEOHNHJID,55738,0x10FDCAB0,AEGNNPENLNM,mov-ax-imm16-ret,static-candidate,"same 7.1 GetCmdId method identity as verified 26105 anchor + mov ax, imm16; ret"
22141,GIMJCBGMMDB,39761,0x8046640,AEGNNPENLNM,mov-ax-imm16-ret,static-candidate,"same 7.1 GetCmdId method identity as verified 26105 anchor + mov ax, imm16; ret"
22142,EOBFDACKNMI,70896,0x1405C520,AEGNNPENLNM,mov-ax-imm16-ret,static-candidate,"same 7.1 GetCmdId method identity as verified 26105 anchor + mov ax, imm16; ret"
22143,IEIDBAPHPKC,40014,0xEE3CD50,AEGNNPENLNM,mov-ax-imm16-ret,static-candidate,"same 7.1 GetCmdId method identity as verified 26105 anchor + mov ax, imm16; ret"
22147,ACIACALKFPC,50846,0xA31DBA0,AEGNNPENLNM,mov-ax-imm16-ret,static-candidate,"same 7.1 GetCmdId method identity as verified 26105 anchor + mov ax, imm16; ret"
22153,KCLNMPDBAHH,63271,0x9B9ABE0,AEGNNPENLNM,mov-ax-imm16-ret,static-candidate,"same 7.1 GetCmdId method identity as verified 26105 anchor + mov ax, imm16; ret"
22157,EBABDILAJEO,35491,0xBAE9AF0,AEGNNPENLNM,mov-ax-imm16-ret,static-candidate,"same 7.1 GetCmdId method identity as verified 26105 anchor + mov ax, imm16; ret"
22160,EDFKOABLPOE,43512,0xA1A82B0,AEGNNPENLNM,mov-ax-imm16-ret,static-candidate,"same 7.1 GetCmdId method identity as verified 26105 anchor + mov ax, imm16; ret"
22162,BNNPMHJEMON,39498,0xFFC9C30,AEGNNPENLNM,mov-ax-imm16-ret,static-candidate,"same 7.1 GetCmdId method identity as verified 26105 anchor + mov ax, imm16; ret"
22166,OKLIBJJKCCP,63736,0xC648C60,AEGNNPENLNM,mov-ax-imm16-ret,static-candidate,"same 7.1 GetCmdId method identity as verified 26105 anchor + mov ax, imm16; ret"
22176,MOCCKNPJHBG,44799,0x115490D0,AEGNNPENLNM,mov-ax-imm16-ret,static-candidate,"same 7.1 GetCmdId method identity as verified 26105 anchor + mov ax, imm16; ret"
22177,APDENIPMNGE,25973,0xD539250,AEGNNPENLNM,mov-ax-imm16-ret,static-candidate,"same 7.1 GetCmdId method identity as verified 26105 anchor + mov ax, imm16; ret"
22180,AHGIGABHEAC,14673,0x7EE05E0,AEGNNPENLNM,mov-ax-imm16-ret,static-candidate,"same 7.1 GetCmdId method identity as verified 26105 anchor + mov ax, imm16; ret"
22183,IBBJBFBBLAH,53078,0x99710A0,AEGNNPENLNM,mov-ax-imm16-ret,static-candidate,"same 7.1 GetCmdId method identity as verified 26105 anchor + mov ax, imm16; ret"
22195,OFCPJLDJNIA,56758,0x12326450,AEGNNPENLNM,mov-ax-imm16-ret,static-candidate,"same 7.1 GetCmdId method identity as verified 26105 anchor + mov ax, imm16; ret"
22198,CNEJOIIIDHM,86383,0x87FD310,AEGNNPENLNM,mov-ax-imm16-ret,static-candidate,"same 7.1 GetCmdId method identity as verified 26105 anchor + mov ax, imm16; ret"
22201,NJHLLPACJFF,35027,0x13C772F0,AEGNNPENLNM,mov-ax-imm16-ret,static-candidate,"same 7.1 GetCmdId method identity as verified 26105 anchor + mov ax, imm16; ret"
22203,HJGIBNHEEDG,33746,0xCB25CF0,AEGNNPENLNM,mov-ax-imm16-ret,static-candidate,"same 7.1 GetCmdId method identity as verified 26105 anchor + mov ax, imm16; ret"
22206,MJNKEGHMMEH,79624,0x13A4D410,AEGNNPENLNM,mov-ax-imm16-ret,static-candidate,"same 7.1 GetCmdId method identity as verified 26105 anchor + mov ax, imm16; ret"
22207,NBDAEAEDOFD,84857,0x12259650,AEGNNPENLNM,mov-ax-imm16-ret,static-candidate,"same 7.1 GetCmdId method identity as verified 26105 anchor + mov ax, imm16; ret"
22208,GGINOEPPILA,45891,0x11BF6660,AEGNNPENLNM,mov-ax-imm16-ret,static-candidate,"same 7.1 GetCmdId method identity as verified 26105 anchor + mov ax, imm16; ret"
22209,JDPGOAKCLOK,33681,0x81E3FE0,AEGNNPENLNM,mov-ax-imm16-ret,static-candidate,"same 7.1 GetCmdId method identity as verified 26105 anchor + mov ax, imm16; ret"
22210,HAEMBFFJDNN,48936,0x105285E0,AEGNNPENLNM,mov-ax-imm16-ret,static-candidate,"same 7.1 GetCmdId method identity as verified 26105 anchor + mov ax, imm16; ret"
22215,GBJCIABLDBD,82654,0x73C8E10,AEGNNPENLNM,mov-ax-imm16-ret,static-candidate,"same 7.1 GetCmdId method identity as verified 26105 anchor + mov ax, imm16; ret"
22216,LBJBOBNIHLA,58807,0xC1BE490,AEGNNPENLNM,mov-ax-imm16-ret,static-candidate,"same 7.1 GetCmdId method identity as verified 26105 anchor + mov ax, imm16; ret"
22217,HLANNDOGNIH,32053,0xA693ED0,AEGNNPENLNM,mov-ax-imm16-ret,static-candidate,"same 7.1 GetCmdId method identity as verified 26105 anchor + mov ax, imm16; ret"
22220,AILKMAAEEGO,44030,0x13479C40,AEGNNPENLNM,mov-ax-imm16-ret,static-candidate,"same 7.1 GetCmdId method identity as verified 26105 anchor + mov ax, imm16; ret"
22221,EPFGGNHINBN,82883,0x8B029B0,AEGNNPENLNM,mov-ax-imm16-ret,static-candidate,"same 7.1 GetCmdId method identity as verified 26105 anchor + mov ax, imm16; ret"
22232,BCGFIDDBMBD,64849,0x7F483F0,AEGNNPENLNM,mov-ax-imm16-ret,static-candidate,"same 7.1 GetCmdId method identity as verified 26105 anchor + mov ax, imm16; ret"
22239,LKGECJHPOIJ,39938,0x1206F540,AEGNNPENLNM,mov-ax-imm16-ret,static-candidate,"same 7.1 GetCmdId method identity as verified 26105 anchor + mov ax, imm16; ret"
22241,BNBDNNCBNAM,82494,0xAF00030,AEGNNPENLNM,mov-ax-imm16-ret,static-candidate,"same 7.1 GetCmdId method identity as verified 26105 anchor + mov ax, imm16; ret"
22244,MEDPJMMDOMH,43284,0xF16A730,AEGNNPENLNM,mov-ax-imm16-ret,static-candidate,"same 7.1 GetCmdId method identity as verified 26105 anchor + mov ax, imm16; ret"
22247,GFLJHLOHKJJ,39836,0xB1B2540,AEGNNPENLNM,mov-ax-imm16-ret,static-candidate,"same 7.1 GetCmdId method identity as verified 26105 anchor + mov ax, imm16; ret"
22263,ADCNNGMFIJC,33553,0xC9655E0,AEGNNPENLNM,mov-ax-imm16-ret,static-candidate,"same 7.1 GetCmdId method identity as verified 26105 anchor + mov ax, imm16; ret"
22267,KDPKGGEAHGI,84232,0xC1255B0,AEGNNPENLNM,mov-ax-imm16-ret,static-candidate,"same 7.1 GetCmdId method identity as verified 26105 anchor + mov ax, imm16; ret"
22272,JNGFDPBDPAB,85295,0xB3EE180,AEGNNPENLNM,mov-ax-imm16-ret,static-candidate,"same 7.1 GetCmdId method identity as verified 26105 anchor + mov ax, imm16; ret"
22279,KPNBIMCCBBF,30404,0xCD79580,AEGNNPENLNM,mov-ax-imm16-ret,static-candidate,"same 7.1 GetCmdId method identity as verified 26105 anchor + mov ax, imm16; ret"
22282,DMAHILNNGFO,30016,0xB04A770,AEGNNPENLNM,mov-ax-imm16-ret,static-candidate,"same 7.1 GetCmdId method identity as verified 26105 anchor + mov ax, imm16; ret"
22285,ACGGJCEPFEO,16286,0xD4C2680,AEGNNPENLNM,mov-ax-imm16-ret,static-candidate,"same 7.1 GetCmdId method identity as verified 26105 anchor + mov ax, imm16; ret"
22288,KCACHPMBAJD,62060,0x7722050,AEGNNPENLNM,mov-ax-imm16-ret,static-candidate,"same 7.1 GetCmdId method identity as verified 26105 anchor + mov ax, imm16; ret"
22290,DFGHINKEFEC,59122,0x7D74E90,AEGNNPENLNM,mov-ax-imm16-ret,static-candidate,"same 7.1 GetCmdId method identity as verified 26105 anchor + mov ax, imm16; ret"
22291,HKIIIHLFGED,68884,0xCB2C5C0,AEGNNPENLNM,mov-ax-imm16-ret,static-candidate,"same 7.1 GetCmdId method identity as verified 26105 anchor + mov ax, imm16; ret"
22292,HHBECIIMGJF,88736,0x80B78E0,AEGNNPENLNM,mov-ax-imm16-ret,static-candidate,"same 7.1 GetCmdId method identity as verified 26105 anchor + mov ax, imm16; ret"
22294,GAAEJJLKIGI,60371,0xBDA3AC0,AEGNNPENLNM,mov-ax-imm16-ret,static-candidate,"same 7.1 GetCmdId method identity as verified 26105 anchor + mov ax, imm16; ret"
22295,DIAADMIGMJG,67466,0x102B5B10,AEGNNPENLNM,mov-ax-imm16-ret,static-candidate,"same 7.1 GetCmdId method identity as verified 26105 anchor + mov ax, imm16; ret"
22299,LBOIFAJIMDN,39105,0xA9ED800,AEGNNPENLNM,mov-ax-imm16-ret,static-candidate,"same 7.1 GetCmdId method identity as verified 26105 anchor + mov ax, imm16; ret"
22302,BEPPLAJNFFJ,53193,0x12B2A9C0,AEGNNPENLNM,mov-ax-imm16-ret,static-candidate,"same 7.1 GetCmdId method identity as verified 26105 anchor + mov ax, imm16; ret"
22303,BKNKMKOMONG,75541,0xE468AD0,AEGNNPENLNM,mov-ax-imm16-ret,static-candidate,"same 7.1 GetCmdId method identity as verified 26105 anchor + mov ax, imm16; ret"
22306,ACGOEINAIOI,83196,0xEACFCF0,AEGNNPENLNM,mov-ax-imm16-ret,static-candidate,"same 7.1 GetCmdId method identity as verified 26105 anchor + mov ax, imm16; ret"
22309,DNPCCBGBPFA,39472,0xBAD9430,AEGNNPENLNM,mov-ax-imm16-ret,static-candidate,"same 7.1 GetCmdId method identity as verified 26105 anchor + mov ax, imm16; ret"
22317,HBGAHEIKJCH,12959,0xF955280,AEGNNPENLNM,mov-ax-imm16-ret,static-candidate,"same 7.1 GetCmdId method identity as verified 26105 anchor + mov ax, imm16; ret"
22319,HHOMGHHPLKI,69483,0x11D89620,AEGNNPENLNM,mov-ax-imm16-ret,static-candidate,"same 7.1 GetCmdId method identity as verified 26105 anchor + mov ax, imm16; ret"
22321,DNPDAPDNCKN,59153,0x95C6630,AEGNNPENLNM,mov-ax-imm16-ret,static-candidate,"same 7.1 GetCmdId method identity as verified 26105 anchor + mov ax, imm16; ret"
22322,CIIFJOBCOIJ,30209,0xD2DF950,AEGNNPENLNM,mov-ax-imm16-ret,static-candidate,"same 7.1 GetCmdId method identity as verified 26105 anchor + mov ax, imm16; ret"
22326,GIPMIFFEKKE,62855,0x8C04600,AEGNNPENLNM,mov-ax-imm16-ret,static-candidate,"same 7.1 GetCmdId method identity as verified 26105 anchor + mov ax, imm16; ret"
22331,JPNNDKGFDJB,38078,0xB40AB10,AEGNNPENLNM,mov-ax-imm16-ret,static-candidate,"same 7.1 GetCmdId method identity as verified 26105 anchor + mov ax, imm16; ret"
22336,BCLEBPBKDCK,63393,0xB51C900,AEGNNPENLNM,mov-ax-imm16-ret,static-candidate,"same 7.1 GetCmdId method identity as verified 26105 anchor + mov ax, imm16; ret"
22345,BNOFDGMHEHH,84164,0xB9195D0,AEGNNPENLNM,mov-ax-imm16-ret,static-candidate,"same 7.1 GetCmdId method identity as verified 26105 anchor + mov ax, imm16; ret"
22348,OPEIAHIBMAI,64425,0x131582B0,AEGNNPENLNM,mov-ax-imm16-ret,static-candidate,"same 7.1 GetCmdId method identity as verified 26105 anchor + mov ax, imm16; ret"
22352,HAPIAGGNMCI,72248,0xA5C0820,AEGNNPENLNM,mov-ax-imm16-ret,static-candidate,"same 7.1 GetCmdId method identity as verified 26105 anchor + mov ax, imm16; ret"
22355,EPNKNKALEHM,44601,0xBD1B780,AEGNNPENLNM,mov-ax-imm16-ret,static-candidate,"same 7.1 GetCmdId method identity as verified 26105 anchor + mov ax, imm16; ret"
22359,CEOCEICAGLB,20049,0xD2B5390,AEGNNPENLNM,mov-ax-imm16-ret,static-candidate,"same 7.1 GetCmdId method identity as verified 26105 anchor + mov ax, imm16; ret"
22369,IJBGCJIBGON,44641,0xE2ABFD0,AEGNNPENLNM,mov-ax-imm16-ret,static-candidate,"same 7.1 GetCmdId method identity as verified 26105 anchor + mov ax, imm16; ret"
22382,MGOAFCOMOLD,60256,0x90C4C00,AEGNNPENLNM,mov-ax-imm16-ret,static-candidate,"same 7.1 GetCmdId method identity as verified 26105 anchor + mov ax, imm16; ret"
22391,KLGKCDJDGIE,42766,0x9BEC790,AEGNNPENLNM,mov-ax-imm16-ret,static-candidate,"same 7.1 GetCmdId method identity as verified 26105 anchor + mov ax, imm16; ret"
22395,IBCJKEJJLNL,66504,0x105BB720,AEGNNPENLNM,mov-ax-imm16-ret,static-candidate,"same 7.1 GetCmdId method identity as verified 26105 anchor + mov ax, imm16; ret"
22397,CBBKFBCOOMA,23061,0xE815DB0,AEGNNPENLNM,mov-ax-imm16-ret,static-candidate,"same 7.1 GetCmdId method identity as verified 26105 anchor + mov ax, imm16; ret"
22399,GCGFPKIDION,28444,0x11081020,AEGNNPENLNM,mov-ax-imm16-ret,static-candidate,"same 7.1 GetCmdId method identity as verified 26105 anchor + mov ax, imm16; ret"
22400,FPLPBIOAFEJ,82649,0x9791A40,AEGNNPENLNM,mov-ax-imm16-ret,static-candidate,"same 7.1 GetCmdId method identity as verified 26105 anchor + mov ax, imm16; ret"
22407,AKBOELEONGJ,31102,0xC9ACFD0,AEGNNPENLNM,mov-ax-imm16-ret,static-candidate,"same 7.1 GetCmdId method identity as verified 26105 anchor + mov ax, imm16; ret"
22411,ABAKBNEHOLO,77310,0x103D8B50,AEGNNPENLNM,mov-ax-imm16-ret,static-candidate,"same 7.1 GetCmdId method identity as verified 26105 anchor + mov ax, imm16; ret"
22415,DBJJGEEAELJ,49228,0x13F1FDA0,AEGNNPENLNM,mov-ax-imm16-ret,static-candidate,"same 7.1 GetCmdId method identity as verified 26105 anchor + mov ax, imm16; ret"
22425,LOHEFFAGIEO,63608,0x12096670,AEGNNPENLNM,mov-ax-imm16-ret,static-candidate,"same 7.1 GetCmdId method identity as verified 26105 anchor + mov ax, imm16; ret"
22426,KDNANPMGNDI,75811,0x8293270,AEGNNPENLNM,mov-ax-imm16-ret,static-candidate,"same 7.1 GetCmdId method identity as verified 26105 anchor + mov ax, imm16; ret"
22443,NPJAPHHALIL,41135,0x10035C30,AEGNNPENLNM,mov-ax-imm16-ret,static-candidate,"same 7.1 GetCmdId method identity as verified 26105 anchor + mov ax, imm16; ret"
22444,GKPPACHOKID,62651,0x8056C20,AEGNNPENLNM,mov-ax-imm16-ret,static-candidate,"same 7.1 GetCmdId method identity as verified 26105 anchor + mov ax, imm16; ret"
22451,LMIIGOOPDNK,42317,0xFD4D390,AEGNNPENLNM,mov-ax-imm16-ret,static-candidate,"same 7.1 GetCmdId method identity as verified 26105 anchor + mov ax, imm16; ret"
22453,OKBBJKHINKM,24417,0xE788B00,AEGNNPENLNM,mov-ax-imm16-ret,static-candidate,"same 7.1 GetCmdId method identity as verified 26105 anchor + mov ax, imm16; ret"
22454,JBKHPECFKLP,66509,0xB37CB40,AEGNNPENLNM,mov-ax-imm16-ret,static-candidate,"same 7.1 GetCmdId method identity as verified 26105 anchor + mov ax, imm16; ret"
22461,GGBJIDNBLAL,85494,0x110A5A00,AEGNNPENLNM,mov-ax-imm16-ret,static-candidate,"same 7.1 GetCmdId method identity as verified 26105 anchor + mov ax, imm16; ret"
22462,GCMIGJKDPEM,38953,0x97A6070,AEGNNPENLNM,mov-ax-imm16-ret,static-candidate,"same 7.1 GetCmdId method identity as verified 26105 anchor + mov ax, imm16; ret"
22473,FKOHJBJDKOH,84027,0x8BA0FB0,AEGNNPENLNM,mov-ax-imm16-ret,static-candidate,"same 7.1 GetCmdId method identity as verified 26105 anchor + mov ax, imm16; ret"
22474,HEHEBJEHGMF,74040,0xF970160,AEGNNPENLNM,mov-ax-imm16-ret,static-candidate,"same 7.1 GetCmdId method identity as verified 26105 anchor + mov ax, imm16; ret"
22477,MFLHNBCGNJP,13452,0x90BE4C0,AEGNNPENLNM,mov-ax-imm16-ret,static-candidate,"same 7.1 GetCmdId method identity as verified 26105 anchor + mov ax, imm16; ret"
22487,HADNAJNBEDC,28059,0xB1F5E30,AEGNNPENLNM,mov-ax-imm16-ret,static-candidate,"same 7.1 GetCmdId method identity as verified 26105 anchor + mov ax, imm16; ret"
22496,NICILMBIOOI,44655,0xF354ED0,AEGNNPENLNM,mov-ax-imm16-ret,static-candidate,"same 7.1 GetCmdId method identity as verified 26105 anchor + mov ax, imm16; ret"
22498,OLPGCDCOAKC,16710,0xB892050,AEGNNPENLNM,mov-ax-imm16-ret,static-candidate,"same 7.1 GetCmdId method identity as verified 26105 anchor + mov ax, imm16; ret"
22501,CABFBGNNGGE,48550,0x13CBC4C0,AEGNNPENLNM,mov-ax-imm16-ret,static-candidate,"same 7.1 GetCmdId method identity as verified 26105 anchor + mov ax, imm16; ret"
22507,IAMICHENGGG,30766,0xBF193A0,AEGNNPENLNM,mov-ax-imm16-ret,static-candidate,"same 7.1 GetCmdId method identity as verified 26105 anchor + mov ax, imm16; ret"
22512,NNPOMLIFBAM,69612,0x122E4ED0,AEGNNPENLNM,mov-ax-imm16-ret,static-candidate,"same 7.1 GetCmdId method identity as verified 26105 anchor + mov ax, imm16; ret"
22513,GHDGFCGGFDJ,15058,0xBDF0270,AEGNNPENLNM,mov-ax-imm16-ret,static-candidate,"same 7.1 GetCmdId method identity as verified 26105 anchor + mov ax, imm16; ret"
22517,MOEMHKLBCCM,59718,0x7955D70,AEGNNPENLNM,mov-ax-imm16-ret,static-candidate,"same 7.1 GetCmdId method identity as verified 26105 anchor + mov ax, imm16; ret"
22518,OIADPFMGHMF,53452,0x867E030,AEGNNPENLNM,mov-ax-imm16-ret,static-candidate,"same 7.1 GetCmdId method identity as verified 26105 anchor + mov ax, imm16; ret"
22522,LIJOENJMAOA,26271,0x83C5530,AEGNNPENLNM,mov-ax-imm16-ret,static-candidate,"same 7.1 GetCmdId method identity as verified 26105 anchor + mov ax, imm16; ret"
22523,JIFDMDPKNEH,25565,0x9ACF5C0,AEGNNPENLNM,mov-ax-imm16-ret,static-candidate,"same 7.1 GetCmdId method identity as verified 26105 anchor + mov ax, imm16; ret"
22526,CJNPEEOKEAD,27712,0x10212C10,AEGNNPENLNM,mov-ax-imm16-ret,static-candidate,"same 7.1 GetCmdId method identity as verified 26105 anchor + mov ax, imm16; ret"
22527,OPNEFDJOMLK,71215,0x9FE57C0,AEGNNPENLNM,mov-ax-imm16-ret,static-candidate,"same 7.1 GetCmdId method identity as verified 26105 anchor + mov ax, imm16; ret"
22528,MPEODPCOPNG,84116,0xE585680,AEGNNPENLNM,mov-ax-imm16-ret,static-candidate,"same 7.1 GetCmdId method identity as verified 26105 anchor + mov ax, imm16; ret"
22533,AHJHLHPGJJI,74573,0x10F93FC0,AEGNNPENLNM,mov-ax-imm16-ret,static-candidate,"same 7.1 GetCmdId method identity as verified 26105 anchor + mov ax, imm16; ret"
22537,CBKMKGLLOPK,57751,0x9F12DB0,AEGNNPENLNM,mov-ax-imm16-ret,static-candidate,"same 7.1 GetCmdId method identity as verified 26105 anchor + mov ax, imm16; ret"
22539,OIOIGHJLOAP,20988,0x938A390,AEGNNPENLNM,mov-ax-imm16-ret,static-candidate,"same 7.1 GetCmdId method identity as verified 26105 anchor + mov ax, imm16; ret"
22540,PLGEOOEKGMG,26224,0xB99B400,AEGNNPENLNM,mov-ax-imm16-ret,static-candidate,"same 7.1 GetCmdId method identity as verified 26105 anchor + mov ax, imm16; ret"
22542,AJCOKMKLKFA,23048,0xAB900F0,AEGNNPENLNM,mov-ax-imm16-ret,static-candidate,"same 7.1 GetCmdId method identity as verified 26105 anchor + mov ax, imm16; ret"
22546,EHJFOEOKBFC,80679,0xB0C66A0,AEGNNPENLNM,mov-ax-imm16-ret,static-candidate,"same 7.1 GetCmdId method identity as verified 26105 anchor + mov ax, imm16; ret"
22547,CMGKIJJBIJC,60201,0xBA34DE0,AEGNNPENLNM,mov-ax-imm16-ret,static-candidate,"same 7.1 GetCmdId method identity as verified 26105 anchor + mov ax, imm16; ret"
22557,GIEGEAJNPMD,13169,0xB1C3340,AEGNNPENLNM,mov-ax-imm16-ret,static-candidate,"same 7.1 GetCmdId method identity as verified 26105 anchor + mov ax, imm16; ret"
22563,BPGHDKCOGAD,28101,0x123C43C0,AEGNNPENLNM,mov-ax-imm16-ret,static-candidate,"same 7.1 GetCmdId method identity as verified 26105 anchor + mov ax, imm16; ret"
22569,DKBPPPCNBBE,27183,0xB03D370,AEGNNPENLNM,mov-ax-imm16-ret,static-candidate,"same 7.1 GetCmdId method identity as verified 26105 anchor + mov ax, imm16; ret"
22570,DHKOAKJACCI,19331,0x7D846A0,AEGNNPENLNM,mov-ax-imm16-ret,static-candidate,"same 7.1 GetCmdId method identity as verified 26105 anchor + mov ax, imm16; ret"
22577,OGPOJKLKACP,84577,0x13115540,AEGNNPENLNM,mov-ax-imm16-ret,static-candidate,"same 7.1 GetCmdId method identity as verified 26105 anchor + mov ax, imm16; ret"
22579,PBDGOLFMCBM,77437,0x9FEE1B0,AEGNNPENLNM,mov-ax-imm16-ret,static-candidate,"same 7.1 GetCmdId method identity as verified 26105 anchor + mov ax, imm16; ret"
22584,GKENJBKEGCA,70223,0x11C11B70,AEGNNPENLNM,mov-ax-imm16-ret,static-candidate,"same 7.1 GetCmdId method identity as verified 26105 anchor + mov ax, imm16; ret"
22594,MDCLBAAFIGC,73806,0x10935140,AEGNNPENLNM,mov-ax-imm16-ret,static-candidate,"same 7.1 GetCmdId method identity as verified 26105 anchor + mov ax, imm16; ret"
22595,DLGADBDFEIE,22624,0xD38B6E0,AEGNNPENLNM,mov-ax-imm16-ret,static-candidate,"same 7.1 GetCmdId method identity as verified 26105 anchor + mov ax, imm16; ret"
22599,AGBJIFBHKDJ,45356,0xEB17B10,AEGNNPENLNM,mov-ax-imm16-ret,static-candidate,"same 7.1 GetCmdId method identity as verified 26105 anchor + mov ax, imm16; ret"
22606,NAFJEIEKFCD,44133,0x92AEE60,AEGNNPENLNM,mov-ax-imm16-ret,static-candidate,"same 7.1 GetCmdId method identity as verified 26105 anchor + mov ax, imm16; ret"
22612,OEKNFAHEDFH,76968,0x935FDE0,AEGNNPENLNM,mov-ax-imm16-ret,static-candidate,"same 7.1 GetCmdId method identity as verified 26105 anchor + mov ax, imm16; ret"
22615,IEFJPEJFCIO,25939,0xB295270,AEGNNPENLNM,mov-ax-imm16-ret,static-candidate,"same 7.1 GetCmdId method identity as verified 26105 anchor + mov ax, imm16; ret"
22623,CGNEFMDABHF,69496,0x9F45990,AEGNNPENLNM,mov-ax-imm16-ret,static-candidate,"same 7.1 GetCmdId method identity as verified 26105 anchor + mov ax, imm16; ret"
22628,CJFHIMNHKDJ,16176,0x10D2BEE0,AEGNNPENLNM,mov-ax-imm16-ret,static-candidate,"same 7.1 GetCmdId method identity as verified 26105 anchor + mov ax, imm16; ret"
22629,IAANNAKGOJA,74936,0x105AD700,AEGNNPENLNM,mov-ax-imm16-ret,static-candidate,"same 7.1 GetCmdId method identity as verified 26105 anchor + mov ax, imm16; ret"
22631,MOKEKFNJMCM,63225,0xCF089B0,AEGNNPENLNM,mov-ax-imm16-ret,static-candidate,"same 7.1 GetCmdId method identity as verified 26105 anchor + mov ax, imm16; ret"
22641,EOFJNJLFPHK,85313,0x12815050,AEGNNPENLNM,mov-ax-imm16-ret,static-candidate,"same 7.1 GetCmdId method identity as verified 26105 anchor + mov ax, imm16; ret"
22645,IHPBGOFDIEP,41756,0xB2C9CD0,AEGNNPENLNM,mov-ax-imm16-ret,static-candidate,"same 7.1 GetCmdId method identity as verified 26105 anchor + mov ax, imm16; ret"
22647,IBEPPIDJMAC,58407,0x111AD2F0,AEGNNPENLNM,mov-ax-imm16-ret,static-candidate,"same 7.1 GetCmdId method identity as verified 26105 anchor + mov ax, imm16; ret"
22650,CAEJLCPMGEO,54910,0x7608570,AEGNNPENLNM,mov-ax-imm16-ret,static-candidate,"same 7.1 GetCmdId method identity as verified 26105 anchor + mov ax, imm16; ret"
22656,ACPGBNALAGF,41437,0xEAD40F0,AEGNNPENLNM,mov-ax-imm16-ret,static-candidate,"same 7.1 GetCmdId method identity as verified 26105 anchor + mov ax, imm16; ret"
22658,KFMMEJMLJDG,16201,0x1073C3E0,AEGNNPENLNM,mov-ax-imm16-ret,static-candidate,"same 7.1 GetCmdId method identity as verified 26105 anchor + mov ax, imm16; ret"
22659,KFHIKBAODJO,43401,0xA957A90,AEGNNPENLNM,mov-ax-imm16-ret,static-candidate,"same 7.1 GetCmdId method identity as verified 26105 anchor + mov ax, imm16; ret"
22663,PIFDAJCMNAA,52039,0xA0387C0,AEGNNPENLNM,mov-ax-imm16-ret,static-candidate,"same 7.1 GetCmdId method identity as verified 26105 anchor + mov ax, imm16; ret"
22665,AJNFGILDJPK,83820,0xB122860,AEGNNPENLNM,mov-ax-imm16-ret,static-candidate,"same 7.1 GetCmdId method identity as verified 26105 anchor + mov ax, imm16; ret"
22667,JKOAPCDGGPO,47311,0xEF66F80,AEGNNPENLNM,mov-ax-imm16-ret,static-candidate,"same 7.1 GetCmdId method identity as verified 26105 anchor + mov ax, imm16; ret"
22668,COJDHJDNPCL,23805,0x1251C640,AEGNNPENLNM,mov-ax-imm16-ret,static-candidate,"same 7.1 GetCmdId method identity as verified 26105 anchor + mov ax, imm16; ret"
22669,BCFOOHPCDHH,62442,0xCDA1FF0,AEGNNPENLNM,mov-ax-imm16-ret,static-candidate,"same 7.1 GetCmdId method identity as verified 26105 anchor + mov ax, imm16; ret"
22673,IEKILOMJHHC,40655,0xA6FA8A0,AEGNNPENLNM,mov-ax-imm16-ret,static-candidate,"same 7.1 GetCmdId method identity as verified 26105 anchor + mov ax, imm16; ret"
22676,MLOIHDDEMNC,60657,0x90EECE0,AEGNNPENLNM,mov-ax-imm16-ret,static-candidate,"same 7.1 GetCmdId method identity as verified 26105 anchor + mov ax, imm16; ret"
22677,MMOMFHMBFPL,61531,0x9D3FA10,AEGNNPENLNM,mov-ax-imm16-ret,static-candidate,"same 7.1 GetCmdId method identity as verified 26105 anchor + mov ax, imm16; ret"
22678,KGENGCNBGBO,68997,0x10747240,AEGNNPENLNM,mov-ax-imm16-ret,static-candidate,"same 7.1 GetCmdId method identity as verified 26105 anchor + mov ax, imm16; ret"
22683,BMDNOBBOAMI,37856,0x9B47EA0,AEGNNPENLNM,mov-ax-imm16-ret,static-candidate,"same 7.1 GetCmdId method identity as verified 26105 anchor + mov ax, imm16; ret"
22688,KKEEIBMJNLK,11962,0x13888660,AEGNNPENLNM,mov-ax-imm16-ret,static-candidate,"same 7.1 GetCmdId method identity as verified 26105 anchor + mov ax, imm16; ret"
22691,DNFJMDOKCML,63612,0xA16BFE0,AEGNNPENLNM,mov-ax-imm16-ret,static-candidate,"same 7.1 GetCmdId method identity as verified 26105 anchor + mov ax, imm16; ret"
22692,DLNHGAMKOAH,83263,0x10DD9C50,AEGNNPENLNM,mov-ax-imm16-ret,static-candidate,"same 7.1 GetCmdId method identity as verified 26105 anchor + mov ax, imm16; ret"
22696,BEOILONMBPI,50033,0xFBEAA70,AEGNNPENLNM,mov-ax-imm16-ret,static-candidate,"same 7.1 GetCmdId method identity as verified 26105 anchor + mov ax, imm16; ret"
22697,JOCMIBJCEKP,17874,0x9AF4BA0,AEGNNPENLNM,mov-ax-imm16-ret,static-candidate,"same 7.1 GetCmdId method identity as verified 26105 anchor + mov ax, imm16; ret"
22699,MFFGNKHMPHA,36049,0xE52EA40,AEGNNPENLNM,mov-ax-imm16-ret,static-candidate,"same 7.1 GetCmdId method identity as verified 26105 anchor + mov ax, imm16; ret"
22702,NOHIEHBLGOL,86053,0x1171CF50,AEGNNPENLNM,mov-ax-imm16-ret,static-candidate,"same 7.1 GetCmdId method identity as verified 26105 anchor + mov ax, imm16; ret"
22704,LONKAKAHOPC,79859,0x1146DC50,AEGNNPENLNM,mov-ax-imm16-ret,static-candidate,"same 7.1 GetCmdId method identity as verified 26105 anchor + mov ax, imm16; ret"
22705,DEDJHLNPDIF,20467,0x1028D8A0,AEGNNPENLNM,mov-ax-imm16-ret,static-candidate,"same 7.1 GetCmdId method identity as verified 26105 anchor + mov ax, imm16; ret"
22712,FCCIFAJJCCK,39786,0xBB858D0,AEGNNPENLNM,mov-ax-imm16-ret,static-candidate,"same 7.1 GetCmdId method identity as verified 26105 anchor + mov ax, imm16; ret"
22720,BKFOMIMIOCO,22116,0x12B59E20,AEGNNPENLNM,mov-ax-imm16-ret,static-candidate,"same 7.1 GetCmdId method identity as verified 26105 anchor + mov ax, imm16; ret"
22723,CHMCEAKGPIH,34548,0x94E3CE0,AEGNNPENLNM,mov-ax-imm16-ret,static-candidate,"same 7.1 GetCmdId method identity as verified 26105 anchor + mov ax, imm16; ret"
22728,KPIGMLGJAKN,47029,0xCD78860,AEGNNPENLNM,mov-ax-imm16-ret,static-candidate,"same 7.1 GetCmdId method identity as verified 26105 anchor + mov ax, imm16; ret"
22730,PIFECHJKELN,15000,0x9410FF0,AEGNNPENLNM,mov-ax-imm16-ret,static-candidate,"same 7.1 GetCmdId method identity as verified 26105 anchor + mov ax, imm16; ret"
22731,OPMKKICLFNH,85816,0x93C5580,AEGNNPENLNM,mov-ax-imm16-ret,static-candidate,"same 7.1 GetCmdId method identity as verified 26105 anchor + mov ax, imm16; ret"
22732,KNKOIJBNGCE,72435,0xB475E20,AEGNNPENLNM,mov-ax-imm16-ret,static-candidate,"same 7.1 GetCmdId method identity as verified 26105 anchor + mov ax, imm16; ret"
22752,KAAFGKMIJIA,87857,0x1382F2C0,AEGNNPENLNM,mov-ax-imm16-ret,static-candidate,"same 7.1 GetCmdId method identity as verified 26105 anchor + mov ax, imm16; ret"
22753,DIAEFCCDMGP,73720,0x8865370,AEGNNPENLNM,mov-ax-imm16-ret,static-candidate,"same 7.1 GetCmdId method identity as verified 26105 anchor + mov ax, imm16; ret"
22756,DAMMPCFDPCE,21065,0x119CB510,AEGNNPENLNM,mov-ax-imm16-ret,static-candidate,"same 7.1 GetCmdId method identity as verified 26105 anchor + mov ax, imm16; ret"
22759,LNLLJOABJBB,24405,0x139AB7B0,AEGNNPENLNM,mov-ax-imm16-ret,static-candidate,"same 7.1 GetCmdId method identity as verified 26105 anchor + mov ax, imm16; ret"
22766,DDNPBMLIEAM,53382,0xE93CD30,AEGNNPENLNM,mov-ax-imm16-ret,static-candidate,"same 7.1 GetCmdId method identity as verified 26105 anchor + mov ax, imm16; ret"
22768,FPJCJAIKCHF,62135,0x128C8000,AEGNNPENLNM,mov-ax-imm16-ret,static-candidate,"same 7.1 GetCmdId method identity as verified 26105 anchor + mov ax, imm16; ret"
22769,GNECGMDNNAA,44632,0xD640F30,AEGNNPENLNM,mov-ax-imm16-ret,static-candidate,"same 7.1 GetCmdId method identity as verified 26105 anchor + mov ax, imm16; ret"
22774,FKGBKEPDKMA,81068,0xF849410,AEGNNPENLNM,mov-ax-imm16-ret,static-candidate,"same 7.1 GetCmdId method identity as verified 26105 anchor + mov ax, imm16; ret"
22778,IOFNGMBIPDB,37415,0xBFB8A70,AEGNNPENLNM,mov-ax-imm16-ret,static-candidate,"same 7.1 GetCmdId method identity as verified 26105 anchor + mov ax, imm16; ret"
22781,LADBECGGKBC,22265,0xA9CAF90,AEGNNPENLNM,mov-ax-imm16-ret,static-candidate,"same 7.1 GetCmdId method identity as verified 26105 anchor + mov ax, imm16; ret"
22782,JLBDGKGDOAG,56704,0x12BA1B80,AEGNNPENLNM,mov-ax-imm16-ret,static-candidate,"same 7.1 GetCmdId method identity as verified 26105 anchor + mov ax, imm16; ret"
22788,EENGANPENCB,67400,0xB0B9B60,AEGNNPENLNM,mov-ax-imm16-ret,static-candidate,"same 7.1 GetCmdId method identity as verified 26105 anchor + mov ax, imm16; ret"
22794,GDPEDKNONPA,40306,0x129118A0,AEGNNPENLNM,mov-ax-imm16-ret,static-candidate,"same 7.1 GetCmdId method identity as verified 26105 anchor + mov ax, imm16; ret"
22803,BBLMDCCJJNI,52984,0xAEBC7C0,AEGNNPENLNM,mov-ax-imm16-ret,static-candidate,"same 7.1 GetCmdId method identity as verified 26105 anchor + mov ax, imm16; ret"
22805,NAGKBGPDNAO,80856,0x116895E0,AEGNNPENLNM,mov-ax-imm16-ret,static-candidate,"same 7.1 GetCmdId method identity as verified 26105 anchor + mov ax, imm16; ret"
22818,CPMHPHIGECG,77147,0x12522F10,AEGNNPENLNM,mov-ax-imm16-ret,static-candidate,"same 7.1 GetCmdId method identity as verified 26105 anchor + mov ax, imm16; ret"
22822,AIHEAGKJFJJ,76401,0x10424DB0,AEGNNPENLNM,mov-ax-imm16-ret,static-candidate,"same 7.1 GetCmdId method identity as verified 26105 anchor + mov ax, imm16; ret"
22825,IFGAGKBBLOL,88452,0x99A3650,AEGNNPENLNM,mov-ax-imm16-ret,static-candidate,"same 7.1 GetCmdId method identity as verified 26105 anchor + mov ax, imm16; ret"
22833,HAIDJLBHDFO,38488,0x746A890,AEGNNPENLNM,mov-ax-imm16-ret,static-candidate,"same 7.1 GetCmdId method identity as verified 26105 anchor + mov ax, imm16; ret"
22837,PANFFNJEDID,35316,0x7C14610,AEGNNPENLNM,mov-ax-imm16-ret,static-candidate,"same 7.1 GetCmdId method identity as verified 26105 anchor + mov ax, imm16; ret"
22840,LCOCMOJAKDO,59198,0x9036370,AEGNNPENLNM,mov-ax-imm16-ret,static-candidate,"same 7.1 GetCmdId method identity as verified 26105 anchor + mov ax, imm16; ret"
22846,MCPPDHMEAFO,60675,0xE51DC10,AEGNNPENLNM,mov-ax-imm16-ret,static-candidate,"same 7.1 GetCmdId method identity as verified 26105 anchor + mov ax, imm16; ret"
22849,EFJMMLOCELE,21977,0x8967F50,AEGNNPENLNM,mov-ax-imm16-ret,static-candidate,"same 7.1 GetCmdId method identity as verified 26105 anchor + mov ax, imm16; ret"
22852,GKEFKCPMAOM,54545,0x804D230,AEGNNPENLNM,mov-ax-imm16-ret,static-candidate,"same 7.1 GetCmdId method identity as verified 26105 anchor + mov ax, imm16; ret"
22855,DMEDFOHCKNN,86649,0xC875220,AEGNNPENLNM,mov-ax-imm16-ret,static-candidate,"same 7.1 GetCmdId method identity as verified 26105 anchor + mov ax, imm16; ret"
22871,ENJJIFKKHEG,48938,0x11AFFE00,AEGNNPENLNM,mov-ax-imm16-ret,static-candidate,"same 7.1 GetCmdId method identity as verified 26105 anchor + mov ax, imm16; ret"
22878,DAMMNJEBGHH,68088,0xF5D34F0,AEGNNPENLNM,mov-ax-imm16-ret,static-candidate,"same 7.1 GetCmdId method identity as verified 26105 anchor + mov ax, imm16; ret"
22879,LBCPDKOKEBP,75081,0xB48F520,AEGNNPENLNM,mov-ax-imm16-ret,static-candidate,"same 7.1 GetCmdId method identity as verified 26105 anchor + mov ax, imm16; ret"
22882,LFHOFKPOAON,82535,0xB4A6A40,AEGNNPENLNM,mov-ax-imm16-ret,static-candidate,"same 7.1 GetCmdId method identity as verified 26105 anchor + mov ax, imm16; ret"
22890,HBJAHGNONCG,38429,0x80950B0,AEGNNPENLNM,mov-ax-imm16-ret,static-candidate,"same 7.1 GetCmdId method identity as verified 26105 anchor + mov ax, imm16; ret"
22894,FPFILOEAILI,87737,0x126AB870,AEGNNPENLNM,mov-ax-imm16-ret,static-candidate,"same 7.1 GetCmdId method identity as verified 26105 anchor + mov ax, imm16; ret"
22895,NOFHNBCBGKP,75092,0x931C3D0,AEGNNPENLNM,mov-ax-imm16-ret,static-candidate,"same 7.1 GetCmdId method identity as verified 26105 anchor + mov ax, imm16; ret"
22899,ONKOPMILDMF,87483,0x9FDADC0,AEGNNPENLNM,mov-ax-imm16-ret,static-candidate,"same 7.1 GetCmdId method identity as verified 26105 anchor + mov ax, imm16; ret"
22901,NHNKPLAILJG,65950,0xE6CCE20,AEGNNPENLNM,mov-ax-imm16-ret,static-candidate,"same 7.1 GetCmdId method identity as verified 26105 anchor + mov ax, imm16; ret"
22904,MOKBJEHGENJ,64786,0xCF08270,AEGNNPENLNM,mov-ax-imm16-ret,static-candidate,"same 7.1 GetCmdId method identity as verified 26105 anchor + mov ax, imm16; ret"
22906,HDBKGGNJNAP,32931,0x11C831C0,AEGNNPENLNM,mov-ax-imm16-ret,static-candidate,"same 7.1 GetCmdId method identity as verified 26105 anchor + mov ax, imm16; ret"
22914,OIDILLKEFFI,80126,0x9FB5100,AEGNNPENLNM,mov-ax-imm16-ret,static-candidate,"same 7.1 GetCmdId method identity as verified 26105 anchor + mov ax, imm16; ret"
22916,DOEPIKNKOOB,64401,0x13FA2FB0,AEGNNPENLNM,mov-ax-imm16-ret,static-candidate,"same 7.1 GetCmdId method identity as verified 26105 anchor + mov ax, imm16; ret"
22920,KICKDNBMDCA,71551,0x9BBB010,AEGNNPENLNM,mov-ax-imm16-ret,static-candidate,"same 7.1 GetCmdId method identity as verified 26105 anchor + mov ax, imm16; ret"
22922,GALGKAMAEGM,38143,0x8015540,AEGNNPENLNM,mov-ax-imm16-ret,static-candidate,"same 7.1 GetCmdId method identity as verified 26105 anchor + mov ax, imm16; ret"
22925,LPBOMLNABOM,85218,0x12CF5350,AEGNNPENLNM,mov-ax-imm16-ret,static-candidate,"same 7.1 GetCmdId method identity as verified 26105 anchor + mov ax, imm16; ret"
22932,LPPJMLBJEEH,24630,0xE4F7920,AEGNNPENLNM,mov-ax-imm16-ret,static-candidate,"same 7.1 GetCmdId method identity as verified 26105 anchor + mov ax, imm16; ret"
22943,DPPJKODHHNF,33895,0x12593CA0,AEGNNPENLNM,mov-ax-imm16-ret,static-candidate,"same 7.1 GetCmdId method identity as verified 26105 anchor + mov ax, imm16; ret"
22946,KGDHLIPOHCF,43175,0xEFFDA10,AEGNNPENLNM,mov-ax-imm16-ret,static-candidate,"same 7.1 GetCmdId method identity as verified 26105 anchor + mov ax, imm16; ret"
22949,CHBNMIGCOLA,76208,0x86FFA60,AEGNNPENLNM,mov-ax-imm16-ret,static-candidate,"same 7.1 GetCmdId method identity as verified 26105 anchor + mov ax, imm16; ret"
22958,MLPFKFKLCNK,63364,0xB5F8420,AEGNNPENLNM,mov-ax-imm16-ret,static-candidate,"same 7.1 GetCmdId method identity as verified 26105 anchor + mov ax, imm16; ret"
22965,EMKPDMAMLEI,81978,0x12806AD0,AEGNNPENLNM,mov-ax-imm16-ret,static-candidate,"same 7.1 GetCmdId method identity as verified 26105 anchor + mov ax, imm16; ret"
22966,APPIIJIPAHO,32565,0x971C160,AEGNNPENLNM,mov-ax-imm16-ret,static-candidate,"same 7.1 GetCmdId method identity as verified 26105 anchor + mov ax, imm16; ret"
22974,KCEMBONAACG,66324,0x12BF7B00,AEGNNPENLNM,mov-ax-imm16-ret,static-candidate,"same 7.1 GetCmdId method identity as verified 26105 anchor + mov ax, imm16; ret"
22980,AHKADJLNAKL,75671,0xC98C5F0,AEGNNPENLNM,mov-ax-imm16-ret,static-candidate,"same 7.1 GetCmdId method identity as verified 26105 anchor + mov ax, imm16; ret"
22982,DKAJIPJBIBI,65377,0xE99E6C0,AEGNNPENLNM,mov-ax-imm16-ret,static-candidate,"same 7.1 GetCmdId method identity as verified 26105 anchor + mov ax, imm16; ret"
22983,DMDCKHJCFGB,23540,0xBACF580,AEGNNPENLNM,mov-ax-imm16-ret,static-candidate,"same 7.1 GetCmdId method identity as verified 26105 anchor + mov ax, imm16; ret"
22994,CNPJJNDMGNN,59525,0xC7E6020,AEGNNPENLNM,mov-ax-imm16-ret,static-candidate,"same 7.1 GetCmdId method identity as verified 26105 anchor + mov ax, imm16; ret"
22996,JPPOCGBIALL,80666,0xA927D60,AEGNNPENLNM,mov-ax-imm16-ret,static-candidate,"same 7.1 GetCmdId method identity as verified 26105 anchor + mov ax, imm16; ret"
23001,CJCCIOANIBJ,55856,0xD2E7190,AEGNNPENLNM,mov-ax-imm16-ret,static-candidate,"same 7.1 GetCmdId method identity as verified 26105 anchor + mov ax, imm16; ret"
23006,HOJCHGLHILE,85720,0xF9D75E0,AEGNNPENLNM,mov-ax-imm16-ret,static-candidate,"same 7.1 GetCmdId method identity as verified 26105 anchor + mov ax, imm16; ret"
23007,ABFFFFDHKPB,42107,0x8A08200,AEGNNPENLNM,mov-ax-imm16-ret,static-candidate,"same 7.1 GetCmdId method identity as verified 26105 anchor + mov ax, imm16; ret"
23010,MPNEMFIEEPB,18401,0x115582A0,AEGNNPENLNM,mov-ax-imm16-ret,static-candidate,"same 7.1 GetCmdId method identity as verified 26105 anchor + mov ax, imm16; ret"
23012,FLHANMLONAJ,40906,0xF8738B0,AEGNNPENLNM,mov-ax-imm16-ret,static-candidate,"same 7.1 GetCmdId method identity as verified 26105 anchor + mov ax, imm16; ret"
23014,CJBCCOJAMAE,46862,0x1195D830,AEGNNPENLNM,mov-ax-imm16-ret,static-candidate,"same 7.1 GetCmdId method identity as verified 26105 anchor + mov ax, imm16; ret"
23015,FBGGIPCDOHK,74362,0x10E9CD40,AEGNNPENLNM,mov-ax-imm16-ret,static-candidate,"same 7.1 GetCmdId method identity as verified 26105 anchor + mov ax, imm16; ret"
23018,FPDDAEPBJFC,72880,0x8BC2780,AEGNNPENLNM,mov-ax-imm16-ret,static-candidate,"same 7.1 GetCmdId method identity as verified 26105 anchor + mov ax, imm16; ret"
23024,EILMCHENOOK,52996,0xA1E4B80,AEGNNPENLNM,mov-ax-imm16-ret,static-candidate,"same 7.1 GetCmdId method identity as verified 26105 anchor + mov ax, imm16; ret"
23026,MMMKNGCFIOL,42022,0xC325390,AEGNNPENLNM,mov-ax-imm16-ret,static-candidate,"same 7.1 GetCmdId method identity as verified 26105 anchor + mov ax, imm16; ret"
23035,OHFPNICKMMM,43690,0x13117D50,AEGNNPENLNM,mov-ax-imm16-ret,static-candidate,"same 7.1 GetCmdId method identity as verified 26105 anchor + mov ax, imm16; ret"
23037,POLFDHCKOCI,19901,0xB9B36C0,AEGNNPENLNM,mov-ax-imm16-ret,static-candidate,"same 7.1 GetCmdId method identity as verified 26105 anchor + mov ax, imm16; ret"
23038,JKDNBCFNMCG,34420,0xA8F8160,AEGNNPENLNM,mov-ax-imm16-ret,static-candidate,"same 7.1 GetCmdId method identity as verified 26105 anchor + mov ax, imm16; ret"
23044,PNOPBEMGKLJ,79051,0x124496D0,AEGNNPENLNM,mov-ax-imm16-ret,static-candidate,"same 7.1 GetCmdId method identity as verified 26105 anchor + mov ax, imm16; ret"
23057,KOAHOOJHGEC,77080,0x139120E0,AEGNNPENLNM,mov-ax-imm16-ret,static-candidate,"same 7.1 GetCmdId method identity as verified 26105 anchor + mov ax, imm16; ret"
23064,IPBGCKIKLMJ,66601,0x1066CAE0,AEGNNPENLNM,mov-ax-imm16-ret,static-candidate,"same 7.1 GetCmdId method identity as verified 26105 anchor + mov ax, imm16; ret"
23065,PHHINDLDDLH,21692,0x7C5B4A0,AEGNNPENLNM,mov-ax-imm16-ret,static-candidate,"same 7.1 GetCmdId method identity as verified 26105 anchor + mov ax, imm16; ret"
23069,LADKEBIOIEH,75647,0xF093270,AEGNNPENLNM,mov-ax-imm16-ret,static-candidate,"same 7.1 GetCmdId method identity as verified 26105 anchor + mov ax, imm16; ret"
23070,ADICKHOKIAG,74620,0x8A14CC0,AEGNNPENLNM,mov-ax-imm16-ret,static-candidate,"same 7.1 GetCmdId method identity as verified 26105 anchor + mov ax, imm16; ret"
23073,IJFPHJGEMEL,18251,0x8158420,AEGNNPENLNM,mov-ax-imm16-ret,static-candidate,"same 7.1 GetCmdId method identity as verified 26105 anchor + mov ax, imm16; ret"
23074,AIIPCEMDFAA,67478,0xEB30750,AEGNNPENLNM,mov-ax-imm16-ret,static-candidate,"same 7.1 GetCmdId method identity as verified 26105 anchor + mov ax, imm16; ret"
23075,NOIHNIAHMCC,82998,0x932C3E0,AEGNNPENLNM,mov-ax-imm16-ret,static-candidate,"same 7.1 GetCmdId method identity as verified 26105 anchor + mov ax, imm16; ret"
23085,PAAANGOPMPG,86761,0x100FFB10,AEGNNPENLNM,mov-ax-imm16-ret,static-candidate,"same 7.1 GetCmdId method identity as verified 26105 anchor + mov ax, imm16; ret"
23086,KPMNKKMBLOO,73028,0x13920030,AEGNNPENLNM,mov-ax-imm16-ret,static-candidate,"same 7.1 GetCmdId method identity as verified 26105 anchor + mov ax, imm16; ret"
23090,NLDPKMFBJMI,70921,0x1170C0E0,AEGNNPENLNM,mov-ax-imm16-ret,static-candidate,"same 7.1 GetCmdId method identity as verified 26105 anchor + mov ax, imm16; ret"
23095,GHLNKJFKFNL,49169,0xF8CC170,AEGNNPENLNM,mov-ax-imm16-ret,static-candidate,"same 7.1 GetCmdId method identity as verified 26105 anchor + mov ax, imm16; ret"
23099,PCGMPKDFNBB,41416,0x13DB0A60,AEGNNPENLNM,mov-ax-imm16-ret,static-candidate,"same 7.1 GetCmdId method identity as verified 26105 anchor + mov ax, imm16; ret"
23101,OHIKHLJJGKH,28416,0xD140970,AEGNNPENLNM,mov-ax-imm16-ret,static-candidate,"same 7.1 GetCmdId method identity as verified 26105 anchor + mov ax, imm16; ret"
23105,AKCODCHLICI,45288,0x10FB9DE0,AEGNNPENLNM,mov-ax-imm16-ret,static-candidate,"same 7.1 GetCmdId method identity as verified 26105 anchor + mov ax, imm16; ret"
23125,GKEBBOJGNPI,28934,0xEC35990,AEGNNPENLNM,mov-ax-imm16-ret,static-candidate,"same 7.1 GetCmdId method identity as verified 26105 anchor + mov ax, imm16; ret"
23127,MNHEMFAHFNF,70744,0x846ED40,AEGNNPENLNM,mov-ax-imm16-ret,static-candidate,"same 7.1 GetCmdId method identity as verified 26105 anchor + mov ax, imm16; ret"
23132,ELJIMMILNBK,82926,0x11AEEAC0,AEGNNPENLNM,mov-ax-imm16-ret,static-candidate,"same 7.1 GetCmdId method identity as verified 26105 anchor + mov ax, imm16; ret"
23133,KJKKGLLLJPA,44160,0xFC88F90,AEGNNPENLNM,mov-ax-imm16-ret,static-candidate,"same 7.1 GetCmdId method identity as verified 26105 anchor + mov ax, imm16; ret"
23135,OLIPIODKGCB,74458,0x13140DD0,AEGNNPENLNM,mov-ax-imm16-ret,static-candidate,"same 7.1 GetCmdId method identity as verified 26105 anchor + mov ax, imm16; ret"
23138,KCPKMHLKNPJ,36718,0x113167D0,AEGNNPENLNM,mov-ax-imm16-ret,static-candidate,"same 7.1 GetCmdId method identity as verified 26105 anchor + mov ax, imm16; ret"
23140,BJODPLJGOKP,30471,0x75D9D90,AEGNNPENLNM,mov-ax-imm16-ret,static-candidate,"same 7.1 GetCmdId method identity as verified 26105 anchor + mov ax, imm16; ret"
23149,EGDKGCGCFDP,21402,0xD3F1860,AEGNNPENLNM,mov-ax-imm16-ret,static-candidate,"same 7.1 GetCmdId method identity as verified 26105 anchor + mov ax, imm16; ret"
23154,NOJFBBFMHKH,63162,0x10027250,AEGNNPENLNM,mov-ax-imm16-ret,static-candidate,"same 7.1 GetCmdId method identity as verified 26105 anchor + mov ax, imm16; ret"
23157,CGLBKOJIGGO,44145,0xC77D3D0,AEGNNPENLNM,mov-ax-imm16-ret,static-candidate,"same 7.1 GetCmdId method identity as verified 26105 anchor + mov ax, imm16; ret"
23158,IAFLOPPHCLK,18495,0x7548FB0,AEGNNPENLNM,mov-ax-imm16-ret,static-candidate,"same 7.1 GetCmdId method identity as verified 26105 anchor + mov ax, imm16; ret"
23159,EECMKJOAMMP,15080,0x10E162F0,AEGNNPENLNM,mov-ax-imm16-ret,static-candidate,"same 7.1 GetCmdId method identity as verified 26105 anchor + mov ax, imm16; ret"
23162,HJJIJDNOCNM,22458,0x11140020,AEGNNPENLNM,mov-ax-imm16-ret,static-candidate,"same 7.1 GetCmdId method identity as verified 26105 anchor + mov ax, imm16; ret"
23167,JDLDECDLIDB,75745,0x8DF26C0,AEGNNPENLNM,mov-ax-imm16-ret,static-candidate,"same 7.1 GetCmdId method identity as verified 26105 anchor + mov ax, imm16; ret"
23169,JLOFIAMFJJP,57839,0xCCE0F30,AEGNNPENLNM,mov-ax-imm16-ret,static-candidate,"same 7.1 GetCmdId method identity as verified 26105 anchor + mov ax, imm16; ret"
23171,CPNFBBEMIPD,70887,0x10D73C50,AEGNNPENLNM,mov-ax-imm16-ret,static-candidate,"same 7.1 GetCmdId method identity as verified 26105 anchor + mov ax, imm16; ret"
23174,EHDPENHMDPM,47512,0xF6C1AF0,AEGNNPENLNM,mov-ax-imm16-ret,static-candidate,"same 7.1 GetCmdId method identity as verified 26105 anchor + mov ax, imm16; ret"
23175,ENFEHHEMIOD,58396,0x10E8B0A0,AEGNNPENLNM,mov-ax-imm16-ret,static-candidate,"same 7.1 GetCmdId method identity as verified 26105 anchor + mov ax, imm16; ret"
23182,AJIPEELLNID,65217,0x96D0BD0,AEGNNPENLNM,mov-ax-imm16-ret,static-candidate,"same 7.1 GetCmdId method identity as verified 26105 anchor + mov ax, imm16; ret"
23183,LNNMPPHPFBJ,36379,0xAA60DA0,AEGNNPENLNM,mov-ax-imm16-ret,static-candidate,"same 7.1 GetCmdId method identity as verified 26105 anchor + mov ax, imm16; ret"
23186,ADJABNHOAIE,40904,0xEADB4D0,AEGNNPENLNM,mov-ax-imm16-ret,static-candidate,"same 7.1 GetCmdId method identity as verified 26105 anchor + mov ax, imm16; ret"
23191,BLGEHPAECOK,61892,0xE46BFC0,AEGNNPENLNM,mov-ax-imm16-ret,static-candidate,"same 7.1 GetCmdId method identity as verified 26105 anchor + mov ax, imm16; ret"
23193,ONEAMJPMBBK,38481,0xADAB420,AEGNNPENLNM,mov-ax-imm16-ret,static-candidate,"same 7.1 GetCmdId method identity as verified 26105 anchor + mov ax, imm16; ret"
23198,FJGFBAJBNEJ,36638,0x1263BE20,AEGNNPENLNM,mov-ax-imm16-ret,static-candidate,"same 7.1 GetCmdId method identity as verified 26105 anchor + mov ax, imm16; ret"
23202,PNMEECJKKLI,68499,0x942BFC0,AEGNNPENLNM,mov-ax-imm16-ret,static-candidate,"same 7.1 GetCmdId method identity as verified 26105 anchor + mov ax, imm16; ret"
23208,JOGCOIMIOFI,82325,0xB3FFF40,AEGNNPENLNM,mov-ax-imm16-ret,static-candidate,"same 7.1 GetCmdId method identity as verified 26105 anchor + mov ax, imm16; ret"
23212,JJNABJPGHCD,48777,0xA8F37E0,AEGNNPENLNM,mov-ax-imm16-ret,static-candidate,"same 7.1 GetCmdId method identity as verified 26105 anchor + mov ax, imm16; ret"
23214,AOOCCONKOOO,26844,0xC9CD020,AEGNNPENLNM,mov-ax-imm16-ret,static-candidate,"same 7.1 GetCmdId method identity as verified 26105 anchor + mov ax, imm16; ret"
23218,IKFMAOFACOA,68279,0xBF974D0,AEGNNPENLNM,mov-ax-imm16-ret,static-candidate,"same 7.1 GetCmdId method identity as verified 26105 anchor + mov ax, imm16; ret"
23219,MICGAEIBHII,84402,0x13A3BE70,AEGNNPENLNM,mov-ax-imm16-ret,static-candidate,"same 7.1 GetCmdId method identity as verified 26105 anchor + mov ax, imm16; ret"
23222,KGNEOJBDMLP,29890,0x11F53D80,AEGNNPENLNM,mov-ax-imm16-ret,static-candidate,"same 7.1 GetCmdId method identity as verified 26105 anchor + mov ax, imm16; ret"
23225,PKANNPCJOFJ,78068,0x87911D0,AEGNNPENLNM,mov-ax-imm16-ret,static-candidate,"same 7.1 GetCmdId method identity as verified 26105 anchor + mov ax, imm16; ret"
23226,LNFEMPGKHMJ,83297,0xC282D50,AEGNNPENLNM,mov-ax-imm16-ret,static-candidate,"same 7.1 GetCmdId method identity as verified 26105 anchor + mov ax, imm16; ret"
23231,IKCCBFHBBGA,42170,0x10632CD0,AEGNNPENLNM,mov-ax-imm16-ret,static-candidate,"same 7.1 GetCmdId method identity as verified 26105 anchor + mov ax, imm16; ret"
23234,MAJEFOKBOEB,47933,0x139DEF50,AEGNNPENLNM,mov-ax-imm16-ret,static-candidate,"same 7.1 GetCmdId method identity as verified 26105 anchor + mov ax, imm16; ret"
23235,KLIDOPJBBHE,37243,0xC176480,AEGNNPENLNM,mov-ax-imm16-ret,static-candidate,"same 7.1 GetCmdId method identity as verified 26105 anchor + mov ax, imm16; ret"
23239,PMHNELHJPHM,56110,0xAE1E700,AEGNNPENLNM,mov-ax-imm16-ret,static-candidate,"same 7.1 GetCmdId method identity as verified 26105 anchor + mov ax, imm16; ret"
23246,COOCBPHKHNJ,36809,0xAFB53E0,AEGNNPENLNM,mov-ax-imm16-ret,static-candidate,"same 7.1 GetCmdId method identity as verified 26105 anchor + mov ax, imm16; ret"
23249,PGNOIAODIEM,14834,0x1012AC40,AEGNNPENLNM,mov-ax-imm16-ret,static-candidate,"same 7.1 GetCmdId method identity as verified 26105 anchor + mov ax, imm16; ret"
23250,BJECHPENMFC,35430,0xAEE7DD0,AEGNNPENLNM,mov-ax-imm16-ret,static-candidate,"same 7.1 GetCmdId method identity as verified 26105 anchor + mov ax, imm16; ret"
23252,PKDINKHACJL,59737,0x87938D0,AEGNNPENLNM,mov-ax-imm16-ret,static-candidate,"same 7.1 GetCmdId method identity as verified 26105 anchor + mov ax, imm16; ret"
23279,MKKODMBLMDE,88078,0xC308CD0,AEGNNPENLNM,mov-ax-imm16-ret,static-candidate,"same 7.1 GetCmdId method identity as verified 26105 anchor + mov ax, imm16; ret"
23280,MJNEAEKKAOC,49237,0x9D13750,AEGNNPENLNM,mov-ax-imm16-ret,static-candidate,"same 7.1 GetCmdId method identity as verified 26105 anchor + mov ax, imm16; ret"
23292,NJNJMGICMCD,11993,0x122A1290,AEGNNPENLNM,mov-ax-imm16-ret,static-candidate,"same 7.1 GetCmdId method identity as verified 26105 anchor + mov ax, imm16; ret"
23293,JLGGBHFGBDK,21200,0xC0C66D0,AEGNNPENLNM,mov-ax-imm16-ret,static-candidate,"same 7.1 GetCmdId method identity as verified 26105 anchor + mov ax, imm16; ret"
23294,POBJMODDCJJ,45470,0x7C971A0,AEGNNPENLNM,mov-ax-imm16-ret,static-candidate,"same 7.1 GetCmdId method identity as verified 26105 anchor + mov ax, imm16; ret"
23295,DBMIOBHBCKN,43040,0x13F21A20,AEGNNPENLNM,mov-ax-imm16-ret,static-candidate,"same 7.1 GetCmdId method identity as verified 26105 anchor + mov ax, imm16; ret"
23299,IENPPPECPHK,76604,0x81350E0,AEGNNPENLNM,mov-ax-imm16-ret,static-candidate,"same 7.1 GetCmdId method identity as verified 26105 anchor + mov ax, imm16; ret"
23300,LDINAJADDJC,63234,0xFCFA0B0,AEGNNPENLNM,mov-ax-imm16-ret,static-candidate,"same 7.1 GetCmdId method identity as verified 26105 anchor + mov ax, imm16; ret"
23301,KCDCJJFHKPA,79596,0xEFC3860,AEGNNPENLNM,mov-ax-imm16-ret,static-candidate,"same 7.1 GetCmdId method identity as verified 26105 anchor + mov ax, imm16; ret"
23302,CINBLDFIMNE,67036,0x9F62F70,AEGNNPENLNM,mov-ax-imm16-ret,static-candidate,"same 7.1 GetCmdId method identity as verified 26105 anchor + mov ax, imm16; ret"
23303,PKAFDMEHMHE,70540,0xAE11E40,AEGNNPENLNM,mov-ax-imm16-ret,static-candidate,"same 7.1 GetCmdId method identity as verified 26105 anchor + mov ax, imm16; ret"
23307,OMGPCCNFDDN,58380,0xD1858E0,AEGNNPENLNM,mov-ax-imm16-ret,static-candidate,"same 7.1 GetCmdId method identity as verified 26105 anchor + mov ax, imm16; ret"
23311,NJNNDBDAFOH,24931,0xAD1C0C0,AEGNNPENLNM,mov-ax-imm16-ret,static-candidate,"same 7.1 GetCmdId method identity as verified 26105 anchor + mov ax, imm16; ret"
23312,BLLLCJJNFOE,62811,0x1178C280,AEGNNPENLNM,mov-ax-imm16-ret,static-candidate,"same 7.1 GetCmdId method identity as verified 26105 anchor + mov ax, imm16; ret"
23315,OCIIGIEAOLB,88727,0xF3BF530,AEGNNPENLNM,mov-ax-imm16-ret,static-candidate,"same 7.1 GetCmdId method identity as verified 26105 anchor + mov ax, imm16; ret"
23316,MOHPEGIKBMC,21878,0x12D7D1E0,AEGNNPENLNM,mov-ax-imm16-ret,static-candidate,"same 7.1 GetCmdId method identity as verified 26105 anchor + mov ax, imm16; ret"
23317,OPGCGCJAHOE,14887,0x100FC650,AEGNNPENLNM,mov-ax-imm16-ret,static-candidate,"same 7.1 GetCmdId method identity as verified 26105 anchor + mov ax, imm16; ret"
23329,BMDJJAFLNBE,58834,0xF299E60,AEGNNPENLNM,mov-ax-imm16-ret,static-candidate,"same 7.1 GetCmdId method identity as verified 26105 anchor + mov ax, imm16; ret"
23341,CJABNPAJDDO,37359,0x10210D10,AEGNNPENLNM,mov-ax-imm16-ret,static-candidate,"same 7.1 GetCmdId method identity as verified 26105 anchor + mov ax, imm16; ret"
23357,PKBKKGECFCL,23650,0x9418B90,AEGNNPENLNM,mov-ax-imm16-ret,static-candidate,"same 7.1 GetCmdId method identity as verified 26105 anchor + mov ax, imm16; ret"
23362,OLMIKOOEPBP,84039,0xADA5DC0,AEGNNPENLNM,mov-ax-imm16-ret,static-candidate,"same 7.1 GetCmdId method identity as verified 26105 anchor + mov ax, imm16; ret"
23365,OHPLEFEMNBJ,52263,0x9FB49E0,AEGNNPENLNM,mov-ax-imm16-ret,static-candidate,"same 7.1 GetCmdId method identity as verified 26105 anchor + mov ax, imm16; ret"
23366,DKJCMHENKAI,30111,0x102C1D90,AEGNNPENLNM,mov-ax-imm16-ret,static-candidate,"same 7.1 GetCmdId method identity as verified 26105 anchor + mov ax, imm16; ret"
23368,FLJDCFDHNAA,85766,0x73535D0,AEGNNPENLNM,mov-ax-imm16-ret,static-candidate,"same 7.1 GetCmdId method identity as verified 26105 anchor + mov ax, imm16; ret"
23375,GOFAALHHCFM,62954,0xBE24800,AEGNNPENLNM,mov-ax-imm16-ret,static-candidate,"same 7.1 GetCmdId method identity as verified 26105 anchor + mov ax, imm16; ret"
23378,JJDMKINODIE,42983,0x8E12430,AEGNNPENLNM,mov-ax-imm16-ret,static-candidate,"same 7.1 GetCmdId method identity as verified 26105 anchor + mov ax, imm16; ret"
23380,OEHODNNFCAI,35448,0x10B4DF10,AEGNNPENLNM,mov-ax-imm16-ret,static-candidate,"same 7.1 GetCmdId method identity as verified 26105 anchor + mov ax, imm16; ret"
23394,JAGJLKBLFAD,86225,0xEEF8C10,AEGNNPENLNM,mov-ax-imm16-ret,static-candidate,"same 7.1 GetCmdId method identity as verified 26105 anchor + mov ax, imm16; ret"
23402,PBMHBLLPDFI,14012,0xE7BD2B0,AEGNNPENLNM,mov-ax-imm16-ret,static-candidate,"same 7.1 GetCmdId method identity as verified 26105 anchor + mov ax, imm16; ret"
23411,DNKAGONHGGC,67807,0xE9B9EF0,AEGNNPENLNM,mov-ax-imm16-ret,static-candidate,"same 7.1 GetCmdId method identity as verified 26105 anchor + mov ax, imm16; ret"
23412,DICDIFDMIBK,53944,0x102B5E50,AEGNNPENLNM,mov-ax-imm16-ret,static-candidate,"same 7.1 GetCmdId method identity as verified 26105 anchor + mov ax, imm16; ret"
23416,PEOIIFMKGOE,19162,0xF4988C0,AEGNNPENLNM,mov-ax-imm16-ret,static-candidate,"same 7.1 GetCmdId method identity as verified 26105 anchor + mov ax, imm16; ret"
23417,JGBGGLOAAHK,15734,0x76720C0,AEGNNPENLNM,mov-ax-imm16-ret,static-candidate,"same 7.1 GetCmdId method identity as verified 26105 anchor + mov ax, imm16; ret"
23419,EGCEEOMBKGJ,73914,0x10E2D730,AEGNNPENLNM,mov-ax-imm16-ret,static-candidate,"same 7.1 GetCmdId method identity as verified 26105 anchor + mov ax, imm16; ret"
23421,EPGADAJDHIJ,79406,0x8B03330,AEGNNPENLNM,mov-ax-imm16-ret,static-candidate,"same 7.1 GetCmdId method identity as verified 26105 anchor + mov ax, imm16; ret"
23426,CABPOBJGHFD,55445,0x9495110,AEGNNPENLNM,mov-ax-imm16-ret,static-candidate,"same 7.1 GetCmdId method identity as verified 26105 anchor + mov ax, imm16; ret"
23431,BILKKNDJOEE,28401,0x138C5600,AEGNNPENLNM,mov-ax-imm16-ret,static-candidate,"same 7.1 GetCmdId method identity as verified 26105 anchor + mov ax, imm16; ret"
23432,DGFIBDNMDNP,88893,0x7D7AE50,AEGNNPENLNM,mov-ax-imm16-ret,static-candidate,"same 7.1 GetCmdId method identity as verified 26105 anchor + mov ax, imm16; ret"
23440,CKMMLIAJPFL,79396,0x9F68FE0,AEGNNPENLNM,mov-ax-imm16-ret,static-candidate,"same 7.1 GetCmdId method identity as verified 26105 anchor + mov ax, imm16; ret"
23456,LHDJFFMIKMG,67424,0xCE2CCD0,AEGNNPENLNM,mov-ax-imm16-ret,static-candidate,"same 7.1 GetCmdId method identity as verified 26105 anchor + mov ax, imm16; ret"
23466,GLFAOBPHHOF,23481,0x12961A40,AEGNNPENLNM,mov-ax-imm16-ret,static-candidate,"same 7.1 GetCmdId method identity as verified 26105 anchor + mov ax, imm16; ret"
23469,JAFMNCENCMM,17223,0xEEF8A00,AEGNNPENLNM,mov-ax-imm16-ret,static-candidate,"same 7.1 GetCmdId method identity as verified 26105 anchor + mov ax, imm16; ret"
23474,NILHKGAKEFN,66050,0xD084160,AEGNNPENLNM,mov-ax-imm16-ret,static-candidate,"same 7.1 GetCmdId method identity as verified 26105 anchor + mov ax, imm16; ret"
23475,NMEJGJMEJKL,49605,0xD0A7470,AEGNNPENLNM,mov-ax-imm16-ret,static-candidate,"same 7.1 GetCmdId method identity as verified 26105 anchor + mov ax, imm16; ret"
23476,JIKBDGLAABH,53010,0xE332B00,AEGNNPENLNM,mov-ax-imm16-ret,static-candidate,"same 7.1 GetCmdId method identity as verified 26105 anchor + mov ax, imm16; ret"
23477,MLDAGOPACAD,78399,0xB5ECDF0,AEGNNPENLNM,mov-ax-imm16-ret,static-candidate,"same 7.1 GetCmdId method identity as verified 26105 anchor + mov ax, imm16; ret"
23481,CHHODNFDIIP,28771,0x101F6650,AEGNNPENLNM,mov-ax-imm16-ret,static-candidate,"same 7.1 GetCmdId method identity as verified 26105 anchor + mov ax, imm16; ret"
23484,GDPPNDHEPHN,44822,0xCA4D260,AEGNNPENLNM,mov-ax-imm16-ret,static-candidate,"same 7.1 GetCmdId method identity as verified 26105 anchor + mov ax, imm16; ret"
23488,HBEKIIHJDDG,82559,0x105352B0,AEGNNPENLNM,mov-ax-imm16-ret,static-candidate,"same 7.1 GetCmdId method identity as verified 26105 anchor + mov ax, imm16; ret"
23489,HLIOANKKELL,73379,0x1114E6D0,AEGNNPENLNM,mov-ax-imm16-ret,static-candidate,"same 7.1 GetCmdId method identity as verified 26105 anchor + mov ax, imm16; ret"
23495,CIMOMFGNKEC,64529,0x1195C830,AEGNNPENLNM,mov-ax-imm16-ret,static-candidate,"same 7.1 GetCmdId method identity as verified 26105 anchor + mov ax, imm16; ret"
23499,CDHDNJPCKCC,53443,0xF55B9E0,AEGNNPENLNM,mov-ax-imm16-ret,static-candidate,"same 7.1 GetCmdId method identity as verified 26105 anchor + mov ax, imm16; ret"
23502,KPAPOHFNAHD,51961,0xC19E6A0,AEGNNPENLNM,mov-ax-imm16-ret,static-candidate,"same 7.1 GetCmdId method identity as verified 26105 anchor + mov ax, imm16; ret"
23507,GLFGIICGEAE,37150,0x104F22D0,AEGNNPENLNM,mov-ax-imm16-ret,static-candidate,"same 7.1 GetCmdId method identity as verified 26105 anchor + mov ax, imm16; ret"
23509,HPBONLHCDGB,75248,0x1119BE20,AEGNNPENLNM,mov-ax-imm16-ret,static-candidate,"same 7.1 GetCmdId method identity as verified 26105 anchor + mov ax, imm16; ret"
23515,PBHHCCAOAOI,66687,0xADCD150,AEGNNPENLNM,mov-ax-imm16-ret,static-candidate,"same 7.1 GetCmdId method identity as verified 26105 anchor + mov ax, imm16; ret"
23526,IOKOKBJKNFA,43613,0xBFB96B0,AEGNNPENLNM,mov-ax-imm16-ret,static-candidate,"same 7.1 GetCmdId method identity as verified 26105 anchor + mov ax, imm16; ret"
23532,KACKINPFIFD,59050,0x112DAA50,AEGNNPENLNM,mov-ax-imm16-ret,static-candidate,"same 7.1 GetCmdId method identity as verified 26105 anchor + mov ax, imm16; ret"
23538,NHBAGHIFLPI,15061,0xD061BE0,AEGNNPENLNM,mov-ax-imm16-ret,static-candidate,"same 7.1 GetCmdId method identity as verified 26105 anchor + mov ax, imm16; ret"
23543,FHLNGLPANAK,86593,0xA46F1C0,AEGNNPENLNM,mov-ax-imm16-ret,static-candidate,"same 7.1 GetCmdId method identity as verified 26105 anchor + mov ax, imm16; ret"
23545,ICNGJPBCCAE,63777,0xB287A00,AEGNNPENLNM,mov-ax-imm16-ret,static-candidate,"same 7.1 GetCmdId method identity as verified 26105 anchor + mov ax, imm16; ret"
23547,LBFGMKAOGCJ,67278,0x9C1C920,AEGNNPENLNM,mov-ax-imm16-ret,static-candidate,"same 7.1 GetCmdId method identity as verified 26105 anchor + mov ax, imm16; ret"
23553,KAKJEKEDEHP,56166,0xEFA7C30,AEGNNPENLNM,mov-ax-imm16-ret,static-candidate,"same 7.1 GetCmdId method identity as verified 26105 anchor + mov ax, imm16; ret"
23568,LHMKCAOBIOA,68209,0xB4B4A40,AEGNNPENLNM,mov-ax-imm16-ret,static-candidate,"same 7.1 GetCmdId method identity as verified 26105 anchor + mov ax, imm16; ret"
23571,FICACBCDHNG,20579,0x103C92F0,AEGNNPENLNM,mov-ax-imm16-ret,static-candidate,"same 7.1 GetCmdId method identity as verified 26105 anchor + mov ax, imm16; ret"
23579,PAIAPLFCEHM,29070,0x13DA9DC0,AEGNNPENLNM,mov-ax-imm16-ret,static-candidate,"same 7.1 GetCmdId method identity as verified 26105 anchor + mov ax, imm16; ret"
23586,OKKOIHOECMK,87048,0xC645820,AEGNNPENLNM,mov-ax-imm16-ret,static-candidate,"same 7.1 GetCmdId method identity as verified 26105 anchor + mov ax, imm16; ret"
23587,AMMDFCBNJJA,34305,0xC9BDA40,AEGNNPENLNM,mov-ax-imm16-ret,static-candidate,"same 7.1 GetCmdId method identity as verified 26105 anchor + mov ax, imm16; ret"
23592,DGCBONNJNCC,82862,0x13F4D700,AEGNNPENLNM,mov-ax-imm16-ret,static-candidate,"same 7.1 GetCmdId method identity as verified 26105 anchor + mov ax, imm16; ret"
23603,LHBNADOMLKP,77595,0x11421A30,AEGNNPENLNM,mov-ax-imm16-ret,static-candidate,"same 7.1 GetCmdId method identity as verified 26105 anchor + mov ax, imm16; ret"
23606,PHJBGJDNOBO,64980,0xF4B0E20,AEGNNPENLNM,mov-ax-imm16-ret,static-candidate,"same 7.1 GetCmdId method identity as verified 26105 anchor + mov ax, imm16; ret"
23608,FHJFHLBJGJG,23214,0x8B77590,AEGNNPENLNM,mov-ax-imm16-ret,static-candidate,"same 7.1 GetCmdId method identity as verified 26105 anchor + mov ax, imm16; ret"
23612,CFPGGCKOPJE,66091,0x79ED280,AEGNNPENLNM,mov-ax-imm16-ret,static-candidate,"same 7.1 GetCmdId method identity as verified 26105 anchor + mov ax, imm16; ret"
23614,ILMJJLJAGEJ,15198,0xB2FA500,AEGNNPENLNM,mov-ax-imm16-ret,static-candidate,"same 7.1 GetCmdId method identity as verified 26105 anchor + mov ax, imm16; ret"
23630,BKIIIEDFBME,70855,0xF279DA0,AEGNNPENLNM,mov-ax-imm16-ret,static-candidate,"same 7.1 GetCmdId method identity as verified 26105 anchor + mov ax, imm16; ret"
23631,FOJNCJINLBK,80224,0x126A37E0,AEGNNPENLNM,mov-ax-imm16-ret,static-candidate,"same 7.1 GetCmdId method identity as verified 26105 anchor + mov ax, imm16; ret"
23634,KIMKAJLPCKG,51636,0x9BBF540,AEGNNPENLNM,mov-ax-imm16-ret,static-candidate,"same 7.1 GetCmdId method identity as verified 26105 anchor + mov ax, imm16; ret"
23635,HGOGHJAIIJF,86958,0xEDA2AC0,AEGNNPENLNM,mov-ax-imm16-ret,static-candidate,"same 7.1 GetCmdId method identity as verified 26105 anchor + mov ax, imm16; ret"
23637,NOJMIJNNKCD,24114,0x100279C0,AEGNNPENLNM,mov-ax-imm16-ret,static-candidate,"same 7.1 GetCmdId method identity as verified 26105 anchor + mov ax, imm16; ret"
23638,OGKAKLHIMAA,61686,0x10B5EE60,AEGNNPENLNM,mov-ax-imm16-ret,static-candidate,"same 7.1 GetCmdId method identity as verified 26105 anchor + mov ax, imm16; ret"
23648,OMOEGDONLEB,60795,0x118120C0,AEGNNPENLNM,mov-ax-imm16-ret,static-candidate,"same 7.1 GetCmdId method identity as verified 26105 anchor + mov ax, imm16; ret"
23650,FNDCMEILNFO,14863,0x10F3B960,AEGNNPENLNM,mov-ax-imm16-ret,static-candidate,"same 7.1 GetCmdId method identity as verified 26105 anchor + mov ax, imm16; ret"
23654,KEOPOHCOELH,68826,0x11F408B0,AEGNNPENLNM,mov-ax-imm16-ret,static-candidate,"same 7.1 GetCmdId method identity as verified 26105 anchor + mov ax, imm16; ret"
23662,NGBADJCBPAE,64364,0xE6B5380,AEGNNPENLNM,mov-ax-imm16-ret,static-candidate,"same 7.1 GetCmdId method identity as verified 26105 anchor + mov ax, imm16; ret"
23663,FOHOOPFCGKH,68538,0x128C2B40,AEGNNPENLNM,mov-ax-imm16-ret,static-candidate,"same 7.1 GetCmdId method identity as verified 26105 anchor + mov ax, imm16; ret"
23671,GKOAFINEEEG,29746,0xD624780,AEGNNPENLNM,mov-ax-imm16-ret,static-candidate,"same 7.1 GetCmdId method identity as verified 26105 anchor + mov ax, imm16; ret"
23673,IIPNONCAPPF,27562,0x106209D0,AEGNNPENLNM,mov-ax-imm16-ret,static-candidate,"same 7.1 GetCmdId method identity as verified 26105 anchor + mov ax, imm16; ret"
23674,KPOFGBDMBFC,22498,0xE3FC510,AEGNNPENLNM,mov-ax-imm16-ret,static-candidate,"same 7.1 GetCmdId method identity as verified 26105 anchor + mov ax, imm16; ret"
23675,EGJFDGMOOHP,53049,0x8978B50,AEGNNPENLNM,mov-ax-imm16-ret,static-candidate,"same 7.1 GetCmdId method identity as verified 26105 anchor + mov ax, imm16; ret"
23679,PJMMDOKKHBD,32842,0x7C6EDB0,AEGNNPENLNM,mov-ax-imm16-ret,static-candidate,"same 7.1 GetCmdId method identity as verified 26105 anchor + mov ax, imm16; ret"
23682,NPFKDNFEEPA,31827,0x932DEF0,AEGNNPENLNM,mov-ax-imm16-ret,static-candidate,"same 7.1 GetCmdId method identity as verified 26105 anchor + mov ax, imm16; ret"
23684,JMMBKLEPMMC,35308,0x106FA420,AEGNNPENLNM,mov-ax-imm16-ret,static-candidate,"same 7.1 GetCmdId method identity as verified 26105 anchor + mov ax, imm16; ret"
23693,CCLGHEJDCAP,67328,0x7616560,AEGNNPENLNM,mov-ax-imm16-ret,static-candidate,"same 7.1 GetCmdId method identity as verified 26105 anchor + mov ax, imm16; ret"
23697,HGLJOKMJEPD,58190,0x989E5E0,AEGNNPENLNM,mov-ax-imm16-ret,static-candidate,"same 7.1 GetCmdId method identity as verified 26105 anchor + mov ax, imm16; ret"
23698,FDFHNKAIDJO,39466,0x103AC870,AEGNNPENLNM,mov-ax-imm16-ret,static-candidate,"same 7.1 GetCmdId method identity as verified 26105 anchor + mov ax, imm16; ret"
23703,CHJOJMELDMA,86959,0x9F4D1F0,AEGNNPENLNM,mov-ax-imm16-ret,static-candidate,"same 7.1 GetCmdId method identity as verified 26105 anchor + mov ax, imm16; ret"
23722,HBKNHLANKAG,57405,0x129BD5E0,AEGNNPENLNM,mov-ax-imm16-ret,static-candidate,"same 7.1 GetCmdId method identity as verified 26105 anchor + mov ax, imm16; ret"
23723,EFOIDCLGIFP,50164,0xA1D19A0,AEGNNPENLNM,mov-ax-imm16-ret,static-candidate,"same 7.1 GetCmdId method identity as verified 26105 anchor + mov ax, imm16; ret"
23724,BBLAILDFMLH,83770,0xAEBC2B0,AEGNNPENLNM,mov-ax-imm16-ret,static-candidate,"same 7.1 GetCmdId method identity as verified 26105 anchor + mov ax, imm16; ret"
23726,GCNBCCNBOHC,88320,0xD5EA2E0,AEGNNPENLNM,mov-ax-imm16-ret,static-candidate,"same 7.1 GetCmdId method identity as verified 26105 anchor + mov ax, imm16; ret"
23734,DOHKCFKPKKK,13176,0xC895DD0,AEGNNPENLNM,mov-ax-imm16-ret,static-candidate,"same 7.1 GetCmdId method identity as verified 26105 anchor + mov ax, imm16; ret"
23737,PCGADBEAJJB,84069,0x11844560,AEGNNPENLNM,mov-ax-imm16-ret,static-candidate,"same 7.1 GetCmdId method identity as verified 26105 anchor + mov ax, imm16; ret"
23742,ADAIAHCPIPE,21117,0xF77EB40,AEGNNPENLNM,mov-ax-imm16-ret,static-candidate,"same 7.1 GetCmdId method identity as verified 26105 anchor + mov ax, imm16; ret"
23745,GBFPHDPEALH,82770,0x128D3C90,AEGNNPENLNM,mov-ax-imm16-ret,static-candidate,"same 7.1 GetCmdId method identity as verified 26105 anchor + mov ax, imm16; ret"
23751,LCKBNCFJCPJ,81223,0xC1C5340,AEGNNPENLNM,mov-ax-imm16-ret,static-candidate,"same 7.1 GetCmdId method identity as verified 26105 anchor + mov ax, imm16; ret"
23757,KFDMPIDGJPO,40619,0x12C13590,AEGNNPENLNM,mov-ax-imm16-ret,static-candidate,"same 7.1 GetCmdId method identity as verified 26105 anchor + mov ax, imm16; ret"
23760,FCBJGEOGAFB,37614,0x14086AF0,AEGNNPENLNM,mov-ax-imm16-ret,static-candidate,"same 7.1 GetCmdId method identity as verified 26105 anchor + mov ax, imm16; ret"
23761,HCKONIOCFLJ,18887,0xA623EA0,AEGNNPENLNM,mov-ax-imm16-ret,static-candidate,"same 7.1 GetCmdId method identity as verified 26105 anchor + mov ax, imm16; ret"
23762,OBLKJNFMAKF,17917,0x933FF90,AEGNNPENLNM,mov-ax-imm16-ret,static-candidate,"same 7.1 GetCmdId method identity as verified 26105 anchor + mov ax, imm16; ret"
23770,EOOOJPFDHCH,13849,0x12816FF0,AEGNNPENLNM,mov-ax-imm16-ret,static-candidate,"same 7.1 GetCmdId method identity as verified 26105 anchor + mov ax, imm16; ret"
23771,ALOLEBHBPHK,46484,0x8AA5530,AEGNNPENLNM,mov-ax-imm16-ret,static-candidate,"same 7.1 GetCmdId method identity as verified 26105 anchor + mov ax, imm16; ret"
23773,FMEFOAPCLMH,75212,0x73558F0,AEGNNPENLNM,mov-ax-imm16-ret,static-candidate,"same 7.1 GetCmdId method identity as verified 26105 anchor + mov ax, imm16; ret"
23775,HLOADMMKKMK,35674,0xBECBBE0,AEGNNPENLNM,mov-ax-imm16-ret,static-candidate,"same 7.1 GetCmdId method identity as verified 26105 anchor + mov ax, imm16; ret"
23779,APDCDEFNNNP,29673,0xEB603F0,AEGNNPENLNM,mov-ax-imm16-ret,static-candidate,"same 7.1 GetCmdId method identity as verified 26105 anchor + mov ax, imm16; ret"
23782,LFDBFGBEOBB,40323,0x838ACB0,AEGNNPENLNM,mov-ax-imm16-ret,static-candidate,"same 7.1 GetCmdId method identity as verified 26105 anchor + mov ax, imm16; ret"
23786,FADIONGJPGD,30577,0x128205C0,AEGNNPENLNM,mov-ax-imm16-ret,static-candidate,"same 7.1 GetCmdId method identity as verified 26105 anchor + mov ax, imm16; ret"
23804,ACGEALLAHOO,29980,0xBC22B20,AEGNNPENLNM,mov-ax-imm16-ret,static-candidate,"same 7.1 GetCmdId method identity as verified 26105 anchor + mov ax, imm16; ret"
23812,GLEHDHHCEMN,32175,0xB1D2530,AEGNNPENLNM,mov-ax-imm16-ret,static-candidate,"same 7.1 GetCmdId method identity as verified 26105 anchor + mov ax, imm16; ret"
23815,GCEPHEKDDKP,45727,0x126C12E0,AEGNNPENLNM,mov-ax-imm16-ret,static-candidate,"same 7.1 GetCmdId method identity as verified 26105 anchor + mov ax, imm16; ret"
23829,ACEFNDAOCKH,78626,0x126DAC10,AEGNNPENLNM,mov-ax-imm16-ret,static-candidate,"same 7.1 GetCmdId method identity as verified 26105 anchor + mov ax, imm16; ret"
23833,BDGNHJBCFKJ,44360,0x134F4390,AEGNNPENLNM,mov-ax-imm16-ret,static-candidate,"same 7.1 GetCmdId method identity as verified 26105 anchor + mov ax, imm16; ret"
23839,HKNGJFLGKMB,44098,0xB24DA80,AEGNNPENLNM,mov-ax-imm16-ret,static-candidate,"same 7.1 GetCmdId method identity as verified 26105 anchor + mov ax, imm16; ret"
23852,PFPPDCFHDJG,18405,0xF49AC10,AEGNNPENLNM,mov-ax-imm16-ret,static-candidate,"same 7.1 GetCmdId method identity as verified 26105 anchor + mov ax, imm16; ret"
23863,CFOIGEDAKDO,19803,0x9F40D20,AEGNNPENLNM,mov-ax-imm16-ret,static-candidate,"same 7.1 GetCmdId method identity as verified 26105 anchor + mov ax, imm16; ret"
23866,PBBPCPNINDA,22518,0x1183BE70,AEGNNPENLNM,mov-ax-imm16-ret,static-candidate,"same 7.1 GetCmdId method identity as verified 26105 anchor + mov ax, imm16; ret"
23871,NHEILPBELBK,43802,0x116DE890,AEGNNPENLNM,mov-ax-imm16-ret,static-candidate,"same 7.1 GetCmdId method identity as verified 26105 anchor + mov ax, imm16; ret"
23879,PFHOACMDCAC,33378,0x93F38D0,AEGNNPENLNM,mov-ax-imm16-ret,static-candidate,"same 7.1 GetCmdId method identity as verified 26105 anchor + mov ax, imm16; ret"
23887,PFANIGCEICP,74108,0x11850AD0,AEGNNPENLNM,mov-ax-imm16-ret,static-candidate,"same 7.1 GetCmdId method identity as verified 26105 anchor + mov ax, imm16; ret"
23892,DBDPCEAAAIN,37920,0x882BFF0,AEGNNPENLNM,mov-ax-imm16-ret,static-candidate,"same 7.1 GetCmdId method identity as verified 26105 anchor + mov ax, imm16; ret"
23893,LHNKAOKPLLA,57308,0x83BE520,AEGNNPENLNM,mov-ax-imm16-ret,static-candidate,"same 7.1 GetCmdId method identity as verified 26105 anchor + mov ax, imm16; ret"
23900,MGNMEJKNCDF,86108,0xAABCDF0,AEGNNPENLNM,mov-ax-imm16-ret,static-candidate,"same 7.1 GetCmdId method identity as verified 26105 anchor + mov ax, imm16; ret"
23905,NHCPBLIKBGH,83767,0xC56F580,AEGNNPENLNM,mov-ax-imm16-ret,static-candidate,"same 7.1 GetCmdId method identity as verified 26105 anchor + mov ax, imm16; ret"
23912,JOINKCBHJIL,43933,0xA91E580,AEGNNPENLNM,mov-ax-imm16-ret,static-candidate,"same 7.1 GetCmdId method identity as verified 26105 anchor + mov ax, imm16; ret"
23915,ENLPOBHHEMB,36393,0xF6FA250,AEGNNPENLNM,mov-ax-imm16-ret,static-candidate,"same 7.1 GetCmdId method identity as verified 26105 anchor + mov ax, imm16; ret"
23920,EEKJECFDDKG,48268,0xEA012A0,AEGNNPENLNM,mov-ax-imm16-ret,static-candidate,"same 7.1 GetCmdId method identity as verified 26105 anchor + mov ax, imm16; ret"
23924,GFIBPLOFMAO,34098,0xCA547A0,AEGNNPENLNM,mov-ax-imm16-ret,static-candidate,"same 7.1 GetCmdId method identity as verified 26105 anchor + mov ax, imm16; ret"
23925,BLKNLDKMHJK,83301,0xF297D10,AEGNNPENLNM,mov-ax-imm16-ret,static-candidate,"same 7.1 GetCmdId method identity as verified 26105 anchor + mov ax, imm16; ret"
23926,CLDMBJOMLII,79431,0x10D35C20,AEGNNPENLNM,mov-ax-imm16-ret,static-candidate,"same 7.1 GetCmdId method identity as verified 26105 anchor + mov ax, imm16; ret"
23928,JLKHFCICJGF,88285,0xA906980,AEGNNPENLNM,mov-ax-imm16-ret,static-candidate,"same 7.1 GetCmdId method identity as verified 26105 anchor + mov ax, imm16; ret"
23936,MFCHKCGCLBJ,24646,0xFD85B40,AEGNNPENLNM,mov-ax-imm16-ret,static-candidate,"same 7.1 GetCmdId method identity as verified 26105 anchor + mov ax, imm16; ret"
23939,CCIGHNAOOKN,47848,0x7613620,AEGNNPENLNM,mov-ax-imm16-ret,static-candidate,"same 7.1 GetCmdId method identity as verified 26105 anchor + mov ax, imm16; ret"
23946,ALHGELABAKH,75834,0xD5188E0,AEGNNPENLNM,mov-ax-imm16-ret,static-candidate,"same 7.1 GetCmdId method identity as verified 26105 anchor + mov ax, imm16; ret"
23948,DLGCKFAGBFG,75933,0x11A37220,AEGNNPENLNM,mov-ax-imm16-ret,static-candidate,"same 7.1 GetCmdId method identity as verified 26105 anchor + mov ax, imm16; ret"
23960,JIEJGNDAFAJ,55245,0xA8E71E0,AEGNNPENLNM,mov-ax-imm16-ret,static-candidate,"same 7.1 GetCmdId method identity as verified 26105 anchor + mov ax, imm16; ret"
23963,DGEJGDNBHFA,45360,0x125535D0,AEGNNPENLNM,mov-ax-imm16-ret,static-candidate,"same 7.1 GetCmdId method identity as verified 26105 anchor + mov ax, imm16; ret"
23965,NEIEDHKJLCB,43231,0x7ADDAB0,AEGNNPENLNM,mov-ax-imm16-ret,static-candidate,"same 7.1 GetCmdId method identity as verified 26105 anchor + mov ax, imm16; ret"
23966,BKJEALIIGNM,46601,0xE4687D0,AEGNNPENLNM,mov-ax-imm16-ret,static-candidate,"same 7.1 GetCmdId method identity as verified 26105 anchor + mov ax, imm16; ret"
23979,BPDCLELFMHB,17811,0x123C1C90,AEGNNPENLNM,mov-ax-imm16-ret,static-candidate,"same 7.1 GetCmdId method identity as verified 26105 anchor + mov ax, imm16; ret"
23982,HHCEOMBHPPK,56117,0xEDA9920,AEGNNPENLNM,mov-ax-imm16-ret,static-candidate,"same 7.1 GetCmdId method identity as verified 26105 anchor + mov ax, imm16; ret"
23986,JGKOJLAIFNM,41814,0x11ED0010,AEGNNPENLNM,mov-ax-imm16-ret,static-candidate,"same 7.1 GetCmdId method identity as verified 26105 anchor + mov ax, imm16; ret"
23990,BAOIFJIDGOI,72364,0xD541930,AEGNNPENLNM,mov-ax-imm16-ret,static-candidate,"same 7.1 GetCmdId method identity as verified 26105 anchor + mov ax, imm16; ret"
23992,KMHFMHHDDPP,14182,0x77840D0,AEGNNPENLNM,mov-ax-imm16-ret,static-candidate,"same 7.1 GetCmdId method identity as verified 26105 anchor + mov ax, imm16; ret"
23997,ICDNLLPEIBI,46343,0xB284F50,AEGNNPENLNM,mov-ax-imm16-ret,static-candidate,"same 7.1 GetCmdId method identity as verified 26105 anchor + mov ax, imm16; ret"
23999,DGPAIELFGLP,60525,0xB0125E0,AEGNNPENLNM,mov-ax-imm16-ret,static-candidate,"same 7.1 GetCmdId method identity as verified 26105 anchor + mov ax, imm16; ret"
24000,JGGDDJJBJDL,19031,0x11ECD680,AEGNNPENLNM,mov-ax-imm16-ret,static-candidate,"same 7.1 GetCmdId method identity as verified 26105 anchor + mov ax, imm16; ret"
24003,JLGIOFMBNAA,46038,0x112A9460,AEGNNPENLNM,mov-ax-imm16-ret,static-candidate,"same 7.1 GetCmdId method identity as verified 26105 anchor + mov ax, imm16; ret"
24010,FKHLJKNBHPF,51099,0x128B12B0,AEGNNPENLNM,mov-ax-imm16-ret,static-candidate,"same 7.1 GetCmdId method identity as verified 26105 anchor + mov ax, imm16; ret"
24011,AAILGDFEBPI,50349,0xD4BA500,AEGNNPENLNM,mov-ax-imm16-ret,static-candidate,"same 7.1 GetCmdId method identity as verified 26105 anchor + mov ax, imm16; ret"
24014,GMGBPNIBMPC,66080,0x135FD1B0,AEGNNPENLNM,mov-ax-imm16-ret,static-candidate,"same 7.1 GetCmdId method identity as verified 26105 anchor + mov ax, imm16; ret"
24018,ECJOAIAGDKB,69348,0x125ADDF0,AEGNNPENLNM,mov-ax-imm16-ret,static-candidate,"same 7.1 GetCmdId method identity as verified 26105 anchor + mov ax, imm16; ret"
24021,DMBDELDIJGK,80352,0x1343AF40,AEGNNPENLNM,mov-ax-imm16-ret,static-candidate,"same 7.1 GetCmdId method identity as verified 26105 anchor + mov ax, imm16; ret"
24029,LEHKAJNFEBI,44784,0x108017D0,AEGNNPENLNM,mov-ax-imm16-ret,static-candidate,"same 7.1 GetCmdId method identity as verified 26105 anchor + mov ax, imm16; ret"
24032,JGOJCIFPLFD,40418,0x11287390,AEGNNPENLNM,mov-ax-imm16-ret,static-candidate,"same 7.1 GetCmdId method identity as verified 26105 anchor + mov ax, imm16; ret"
24035,EKEJCNIAEBG,76813,0xA3E70E0,AEGNNPENLNM,mov-ax-imm16-ret,static-candidate,"same 7.1 GetCmdId method identity as verified 26105 anchor + mov ax, imm16; ret"
24037,AFKKBHBMIOJ,15522,0xEB14CF0,AEGNNPENLNM,mov-ax-imm16-ret,static-candidate,"same 7.1 GetCmdId method identity as verified 26105 anchor + mov ax, imm16; ret"
24040,BHKHCMKOAID,78690,0xC457330,AEGNNPENLNM,mov-ax-imm16-ret,static-candidate,"same 7.1 GetCmdId method identity as verified 26105 anchor + mov ax, imm16; ret"
24050,ECPGEINIIMI,14024,0x10302970,AEGNNPENLNM,mov-ax-imm16-ret,static-candidate,"same 7.1 GetCmdId method identity as verified 26105 anchor + mov ax, imm16; ret"
24051,FCLMGMGBPGN,43164,0x72ED6A0,AEGNNPENLNM,mov-ax-imm16-ret,static-candidate,"same 7.1 GetCmdId method identity as verified 26105 anchor + mov ax, imm16; ret"
24056,MLBIPFFCBGP,70447,0x9D1FBE0,AEGNNPENLNM,mov-ax-imm16-ret,static-candidate,"same 7.1 GetCmdId method identity as verified 26105 anchor + mov ax, imm16; ret"
24060,MLFAPODAPOL,21292,0x13A59B80,AEGNNPENLNM,mov-ax-imm16-ret,static-candidate,"same 7.1 GetCmdId method identity as verified 26105 anchor + mov ax, imm16; ret"
24062,LBAIHCFEBBE,12116,0xC1B51D0,AEGNNPENLNM,mov-ax-imm16-ret,static-candidate,"same 7.1 GetCmdId method identity as verified 26105 anchor + mov ax, imm16; ret"
24067,EGOPAFBFECO,42992,0x10E32270,AEGNNPENLNM,mov-ax-imm16-ret,static-candidate,"same 7.1 GetCmdId method identity as verified 26105 anchor + mov ax, imm16; ret"
24069,LFKEOFFCNND,59410,0x7844170,AEGNNPENLNM,mov-ax-imm16-ret,static-candidate,"same 7.1 GetCmdId method identity as verified 26105 anchor + mov ax, imm16; ret"
24075,NIEBNFODHNH,62335,0xE6CE520,AEGNNPENLNM,mov-ax-imm16-ret,static-candidate,"same 7.1 GetCmdId method identity as verified 26105 anchor + mov ax, imm16; ret"
24084,ONFEIKELNGO,26140,0xC6576C0,AEGNNPENLNM,mov-ax-imm16-ret,static-candidate,"same 7.1 GetCmdId method identity as verified 26105 anchor + mov ax, imm16; ret"
24087,BDJLIGLEGFA,53569,0x972F960,AEGNNPENLNM,mov-ax-imm16-ret,static-candidate,"same 7.1 GetCmdId method identity as verified 26105 anchor + mov ax, imm16; ret"
24091,HDLACAHANCF,48685,0x1363EEE0,AEGNNPENLNM,mov-ax-imm16-ret,static-candidate,"same 7.1 GetCmdId method identity as verified 26105 anchor + mov ax, imm16; ret"
24097,BOHIOHJKONI,60588,0x82F0FF0,AEGNNPENLNM,mov-ax-imm16-ret,static-candidate,"same 7.1 GetCmdId method identity as verified 26105 anchor + mov ax, imm16; ret"
24100,KJDEKIECEEG,21640,0x9BC0680,AEGNNPENLNM,mov-ax-imm16-ret,static-candidate,"same 7.1 GetCmdId method identity as verified 26105 anchor + mov ax, imm16; ret"
24106,OAJKIOPODGN,21671,0x1172A570,AEGNNPENLNM,mov-ax-imm16-ret,static-candidate,"same 7.1 GetCmdId method identity as verified 26105 anchor + mov ax, imm16; ret"
24111,CEGEFHMEFAD,81998,0x124AE720,AEGNNPENLNM,mov-ax-imm16-ret,static-candidate,"same 7.1 GetCmdId method identity as verified 26105 anchor + mov ax, imm16; ret"
24114,OAPKBGOEJMC,71817,0x13D328F0,AEGNNPENLNM,mov-ax-imm16-ret,static-candidate,"same 7.1 GetCmdId method identity as verified 26105 anchor + mov ax, imm16; ret"
24121,AMCDEPKIMEO,50768,0xF7D3F70,AEGNNPENLNM,mov-ax-imm16-ret,static-candidate,"same 7.1 GetCmdId method identity as verified 26105 anchor + mov ax, imm16; ret"
24123,FPBPJJNKPFH,58265,0x8BC20D0,AEGNNPENLNM,mov-ax-imm16-ret,static-candidate,"same 7.1 GetCmdId method identity as verified 26105 anchor + mov ax, imm16; ret"
24128,PFLLJHMALDE,79212,0xADEA770,AEGNNPENLNM,mov-ax-imm16-ret,static-candidate,"same 7.1 GetCmdId method identity as verified 26105 anchor + mov ax, imm16; ret"
24130,IAKBNJGHHEI,53012,0x8D49EF0,AEGNNPENLNM,mov-ax-imm16-ret,static-candidate,"same 7.1 GetCmdId method identity as verified 26105 anchor + mov ax, imm16; ret"
24132,KCKDFLDHLCC,75333,0x828AC30,AEGNNPENLNM,mov-ax-imm16-ret,static-candidate,"same 7.1 GetCmdId method identity as verified 26105 anchor + mov ax, imm16; ret"
24133,BPFOHLNEHII,24568,0x13CB7290,AEGNNPENLNM,mov-ax-imm16-ret,static-candidate,"same 7.1 GetCmdId method identity as verified 26105 anchor + mov ax, imm16; ret"
24141,AEBCBEFAHBN,42589,0x11B5B770,AEGNNPENLNM,mov-ax-imm16-ret,static-candidate,"same 7.1 GetCmdId method identity as verified 26105 anchor + mov ax, imm16; ret"
24143,OBIEJHAKHOH,72630,0x864F9B0,AEGNNPENLNM,mov-ax-imm16-ret,static-candidate,"same 7.1 GetCmdId method identity as verified 26105 anchor + mov ax, imm16; ret"
24150,PABBCJGGGLP,69231,0x123DAF40,AEGNNPENLNM,mov-ax-imm16-ret,static-candidate,"same 7.1 GetCmdId method identity as verified 26105 anchor + mov ax, imm16; ret"
24152,CKJFMDKEMKK,43764,0xF592AA0,AEGNNPENLNM,mov-ax-imm16-ret,static-candidate,"same 7.1 GetCmdId method identity as verified 26105 anchor + mov ax, imm16; ret"
24153,JDMBIEFEEMP,67634,0x81D8BD0,AEGNNPENLNM,mov-ax-imm16-ret,static-candidate,"same 7.1 GetCmdId method identity as verified 26105 anchor + mov ax, imm16; ret"
24154,CHLAGLFEHGP,60394,0x1194CE80,AEGNNPENLNM,mov-ax-imm16-ret,static-candidate,"same 7.1 GetCmdId method identity as verified 26105 anchor + mov ax, imm16; ret"
24155,KKLINPIENJK,43906,0xB458850,AEGNNPENLNM,mov-ax-imm16-ret,static-candidate,"same 7.1 GetCmdId method identity as verified 26105 anchor + mov ax, imm16; ret"
24161,EFJEGDGBLCM,50392,0x11ABA4B0,AEGNNPENLNM,mov-ax-imm16-ret,static-candidate,"same 7.1 GetCmdId method identity as verified 26105 anchor + mov ax, imm16; ret"
24174,PEPIFBKHAJF,40975,0x93F02D0,AEGNNPENLNM,mov-ax-imm16-ret,static-candidate,"same 7.1 GetCmdId method identity as verified 26105 anchor + mov ax, imm16; ret"
24181,AGLNCCPJDPL,15610,0xD4F51A0,AEGNNPENLNM,mov-ax-imm16-ret,static-candidate,"same 7.1 GetCmdId method identity as verified 26105 anchor + mov ax, imm16; ret"
24182,FNNOBLPHEJO,26331,0x7366370,AEGNNPENLNM,mov-ax-imm16-ret,static-candidate,"same 7.1 GetCmdId method identity as verified 26105 anchor + mov ax, imm16; ret"
24183,NGGEOKEMIPO,63611,0x12288F10,AEGNNPENLNM,mov-ax-imm16-ret,static-candidate,"same 7.1 GetCmdId method identity as verified 26105 anchor + mov ax, imm16; ret"
24186,GJPBELPOIEG,37470,0xA573580,AEGNNPENLNM,mov-ax-imm16-ret,static-candidate,"same 7.1 GetCmdId method identity as verified 26105 anchor + mov ax, imm16; ret"
24190,ALEPNDKOLDI,13002,0xAB99C60,AEGNNPENLNM,mov-ax-imm16-ret,static-candidate,"same 7.1 GetCmdId method identity as verified 26105 anchor + mov ax, imm16; ret"
24192,IPNENFPHMMO,68032,0x1375F790,AEGNNPENLNM,mov-ax-imm16-ret,static-candidate,"same 7.1 GetCmdId method identity as verified 26105 anchor + mov ax, imm16; ret"
24197,IMKBMAGLCIH,41122,0x1064D260,AEGNNPENLNM,mov-ax-imm16-ret,static-candidate,"same 7.1 GetCmdId method identity as verified 26105 anchor + mov ax, imm16; ret"
24220,IOIBDIMBKGE,17375,0x1374C530,AEGNNPENLNM,mov-ax-imm16-ret,static-candidate,"same 7.1 GetCmdId method identity as verified 26105 anchor + mov ax, imm16; ret"
24223,OHJFIAOAHPC,27409,0x1009B2D0,AEGNNPENLNM,mov-ax-imm16-ret,static-candidate,"same 7.1 GetCmdId method identity as verified 26105 anchor + mov ax, imm16; ret"
24224,AHFCHBBCAPO,40155,0x13471800,AEGNNPENLNM,mov-ax-imm16-ret,static-candidate,"same 7.1 GetCmdId method identity as verified 26105 anchor + mov ax, imm16; ret"
24232,DFINKIOMOIP,23447,0x119E79D0,AEGNNPENLNM,mov-ax-imm16-ret,static-candidate,"same 7.1 GetCmdId method identity as verified 26105 anchor + mov ax, imm16; ret"
24233,IBDKHMOIOHC,87117,0xD6F6FC0,AEGNNPENLNM,mov-ax-imm16-ret,static-candidate,"same 7.1 GetCmdId method identity as verified 26105 anchor + mov ax, imm16; ret"
24247,OGBEFGAFAAB,66214,0xF3D87A0,AEGNNPENLNM,mov-ax-imm16-ret,static-candidate,"same 7.1 GetCmdId method identity as verified 26105 anchor + mov ax, imm16; ret"
24256,BMACHDMDCDF,39139,0x13C907D0,AEGNNPENLNM,mov-ax-imm16-ret,static-candidate,"same 7.1 GetCmdId method identity as verified 26105 anchor + mov ax, imm16; ret"
24260,FBGOIMPFCCD,38648,0x14076290,AEGNNPENLNM,mov-ax-imm16-ret,static-candidate,"same 7.1 GetCmdId method identity as verified 26105 anchor + mov ax, imm16; ret"
24261,CFGMLJGDPJF,15350,0x86F3E30,AEGNNPENLNM,mov-ax-imm16-ret,static-candidate,"same 7.1 GetCmdId method identity as verified 26105 anchor + mov ax, imm16; ret"
24265,EMIFEPLHIGO,40076,0x1404EE20,AEGNNPENLNM,mov-ax-imm16-ret,static-candidate,"same 7.1 GetCmdId method identity as verified 26105 anchor + mov ax, imm16; ret"
24269,GNNDHDGBMNP,21512,0x1360DE30,AEGNNPENLNM,mov-ax-imm16-ret,static-candidate,"same 7.1 GetCmdId method identity as verified 26105 anchor + mov ax, imm16; ret"
24271,DJHEDBEGJCL,14043,0x10DC6800,AEGNNPENLNM,mov-ax-imm16-ret,static-candidate,"same 7.1 GetCmdId method identity as verified 26105 anchor + mov ax, imm16; ret"
24272,IBCNAICDAKG,67259,0x8D4CBB0,AEGNNPENLNM,mov-ax-imm16-ret,static-candidate,"same 7.1 GetCmdId method identity as verified 26105 anchor + mov ax, imm16; ret"
24279,HJGAKMPFAPF,55119,0xCB25620,AEGNNPENLNM,mov-ax-imm16-ret,static-candidate,"same 7.1 GetCmdId method identity as verified 26105 anchor + mov ax, imm16; ret"
24285,DEFGCDNKIBA,49626,0x13F3D8B0,AEGNNPENLNM,mov-ax-imm16-ret,static-candidate,"same 7.1 GetCmdId method identity as verified 26105 anchor + mov ax, imm16; ret"
24288,NMKNAFAJIGN,65930,0x7B40AB0,AEGNNPENLNM,mov-ax-imm16-ret,static-candidate,"same 7.1 GetCmdId method identity as verified 26105 anchor + mov ax, imm16; ret"
24289,MFDGCBJHPCC,72716,0x10948970,AEGNNPENLNM,mov-ax-imm16-ret,static-candidate,"same 7.1 GetCmdId method identity as verified 26105 anchor + mov ax, imm16; ret"
24291,JEEEGIJOBCI,74485,0x11EC2E80,AEGNNPENLNM,mov-ax-imm16-ret,static-candidate,"same 7.1 GetCmdId method identity as verified 26105 anchor + mov ax, imm16; ret"
24299,KGIEBPJLJOC,63797,0x13855160,AEGNNPENLNM,mov-ax-imm16-ret,static-candidate,"same 7.1 GetCmdId method identity as verified 26105 anchor + mov ax, imm16; ret"
24305,HLOBBOHAODC,20907,0x11DB1F00,AEGNNPENLNM,mov-ax-imm16-ret,static-candidate,"same 7.1 GetCmdId method identity as verified 26105 anchor + mov ax, imm16; ret"
24313,EGAGDIFBEHD,11919,0x10E2C7D0,AEGNNPENLNM,mov-ax-imm16-ret,static-candidate,"same 7.1 GetCmdId method identity as verified 26105 anchor + mov ax, imm16; ret"
24317,MMNAFFLPMPJ,22724,0x793CC80,AEGNNPENLNM,mov-ax-imm16-ret,static-candidate,"same 7.1 GetCmdId method identity as verified 26105 anchor + mov ax, imm16; ret"
24321,FJEOMGDDHGO,69531,0xEBB69A0,AEGNNPENLNM,mov-ax-imm16-ret,static-candidate,"same 7.1 GetCmdId method identity as verified 26105 anchor + mov ax, imm16; ret"
24323,MABNFCDKJOE,78444,0xC29D1D0,AEGNNPENLNM,mov-ax-imm16-ret,static-candidate,"same 7.1 GetCmdId method identity as verified 26105 anchor + mov ax, imm16; ret"
24324,FJFGKCCOIJL,88106,0xEBB7A40,AEGNNPENLNM,mov-ax-imm16-ret,static-candidate,"same 7.1 GetCmdId method identity as verified 26105 anchor + mov ax, imm16; ret"
24326,KLIFMMELJPM,68552,0x8325DF0,AEGNNPENLNM,mov-ax-imm16-ret,static-candidate,"same 7.1 GetCmdId method identity as verified 26105 anchor + mov ax, imm16; ret"
24332,IFHHGGFKCGF,27985,0xB2A94F0,AEGNNPENLNM,mov-ax-imm16-ret,static-candidate,"same 7.1 GetCmdId method identity as verified 26105 anchor + mov ax, imm16; ret"
24334,BIHAOCNKDHA,40186,0x12B4FA90,AEGNNPENLNM,mov-ax-imm16-ret,static-candidate,"same 7.1 GetCmdId method identity as verified 26105 anchor + mov ax, imm16; ret"
24340,EBNGPNFPKPA,44923,0x10E0BF90,AEGNNPENLNM,mov-ax-imm16-ret,static-candidate,"same 7.1 GetCmdId method identity as verified 26105 anchor + mov ax, imm16; ret"
24341,JCNAHKMILJG,30093,0xE30F150,AEGNNPENLNM,mov-ax-imm16-ret,static-candidate,"same 7.1 GetCmdId method identity as verified 26105 anchor + mov ax, imm16; ret"
24342,DIPOCEEJKPH,83591,0xF618DF0,AEGNNPENLNM,mov-ax-imm16-ret,static-candidate,"same 7.1 GetCmdId method identity as verified 26105 anchor + mov ax, imm16; ret"
24343,BFCOPHFFGMP,75659,0x71FB860,AEGNNPENLNM,mov-ax-imm16-ret,static-candidate,"same 7.1 GetCmdId method identity as verified 26105 anchor + mov ax, imm16; ret"
24350,JMLGJNIOCBK,83470,0xB3DD560,AEGNNPENLNM,mov-ax-imm16-ret,static-candidate,"same 7.1 GetCmdId method identity as verified 26105 anchor + mov ax, imm16; ret"
24352,FNKOGMGONKM,49024,0xBD99210,AEGNNPENLNM,mov-ax-imm16-ret,static-candidate,"same 7.1 GetCmdId method identity as verified 26105 anchor + mov ax, imm16; ret"
24356,ILEGLJNBFOA,80546,0xEED0FE0,AEGNNPENLNM,mov-ax-imm16-ret,static-candidate,"same 7.1 GetCmdId method identity as verified 26105 anchor + mov ax, imm16; ret"
24358,CNLMBCOCLCG,28036,0x87FEC30,AEGNNPENLNM,mov-ax-imm16-ret,static-candidate,"same 7.1 GetCmdId method identity as verified 26105 anchor + mov ax, imm16; ret"
24359,DIAIADAHDGM,68443,0x7D84D50,AEGNNPENLNM,mov-ax-imm16-ret,static-candidate,"same 7.1 GetCmdId method identity as verified 26105 anchor + mov ax, imm16; ret"
24363,MPPPMKAHJBB,76871,0xF1BA280,AEGNNPENLNM,mov-ax-imm16-ret,static-candidate,"same 7.1 GetCmdId method identity as verified 26105 anchor + mov ax, imm16; ret"
24365,OJCNADCCKJP,18442,0xF3F5C90,AEGNNPENLNM,mov-ax-imm16-ret,static-candidate,"same 7.1 GetCmdId method identity as verified 26105 anchor + mov ax, imm16; ret"
24366,NGOFAIFHPAN,24375,0xACEB640,AEGNNPENLNM,mov-ax-imm16-ret,static-candidate,"same 7.1 GetCmdId method identity as verified 26105 anchor + mov ax, imm16; ret"
24369,AENIKKAAECI,35757,0xEB0FBB0,AEGNNPENLNM,mov-ax-imm16-ret,static-candidate,"same 7.1 GetCmdId method identity as verified 26105 anchor + mov ax, imm16; ret"
24370,HAOANLCOBAI,56080,0xB1F7BC0,AEGNNPENLNM,mov-ax-imm16-ret,static-candidate,"same 7.1 GetCmdId method identity as verified 26105 anchor + mov ax, imm16; ret"
24371,ONMCNLDIGJK,47536,0xC65BDC0,AEGNNPENLNM,mov-ax-imm16-ret,static-candidate,"same 7.1 GetCmdId method identity as verified 26105 anchor + mov ax, imm16; ret"
24376,LCGBCIKCOIG,24539,0x107DD060,AEGNNPENLNM,mov-ax-imm16-ret,static-candidate,"same 7.1 GetCmdId method identity as verified 26105 anchor + mov ax, imm16; ret"
24379,KEMILHNMDCH,84578,0x11321440,AEGNNPENLNM,mov-ax-imm16-ret,static-candidate,"same 7.1 GetCmdId method identity as verified 26105 anchor + mov ax, imm16; ret"
24380,HIADLALFEFD,47909,0xA684630,AEGNNPENLNM,mov-ax-imm16-ret,static-candidate,"same 7.1 GetCmdId method identity as verified 26105 anchor + mov ax, imm16; ret"
24390,MHGEJMFODGJ,35951,0x7917660,AEGNNPENLNM,mov-ax-imm16-ret,static-candidate,"same 7.1 GetCmdId method identity as verified 26105 anchor + mov ax, imm16; ret"
24396,APGLFEENIDE,41806,0xB16C050,AEGNNPENLNM,mov-ax-imm16-ret,static-candidate,"same 7.1 GetCmdId method identity as verified 26105 anchor + mov ax, imm16; ret"
24399,NFDNOEEDMMD,31315,0xF3493E0,AEGNNPENLNM,mov-ax-imm16-ret,static-candidate,"same 7.1 GetCmdId method identity as verified 26105 anchor + mov ax, imm16; ret"
24405,PHHELADGKCH,45706,0xD2518F0,AEGNNPENLNM,mov-ax-imm16-ret,static-candidate,"same 7.1 GetCmdId method identity as verified 26105 anchor + mov ax, imm16; ret"
24411,CENOMOOLIJH,31477,0x101C3660,AEGNNPENLNM,mov-ax-imm16-ret,static-candidate,"same 7.1 GetCmdId method identity as verified 26105 anchor + mov ax, imm16; ret"
24412,EGGPFDOPGJH,83809,0xBCD5B20,AEGNNPENLNM,mov-ax-imm16-ret,static-candidate,"same 7.1 GetCmdId method identity as verified 26105 anchor + mov ax, imm16; ret"
24413,BCFMMFNCFPI,68466,0xD54DE20,AEGNNPENLNM,mov-ax-imm16-ret,static-candidate,"same 7.1 GetCmdId method identity as verified 26105 anchor + mov ax, imm16; ret"
24417,EKJFCBLEMDF,64512,0x10E6BD90,AEGNNPENLNM,mov-ax-imm16-ret,static-candidate,"same 7.1 GetCmdId method identity as verified 26105 anchor + mov ax, imm16; ret"
24418,GCADIGCLFKF,64424,0x8BDAEE0,AEGNNPENLNM,mov-ax-imm16-ret,static-candidate,"same 7.1 GetCmdId method identity as verified 26105 anchor + mov ax, imm16; ret"
24419,GLMIHINCIBD,75940,0x11C23720,AEGNNPENLNM,mov-ax-imm16-ret,static-candidate,"same 7.1 GetCmdId method identity as verified 26105 anchor + mov ax, imm16; ret"
24420,FMBENPLCCBM,51697,0x11054510,AEGNNPENLNM,mov-ax-imm16-ret,static-candidate,"same 7.1 GetCmdId method identity as verified 26105 anchor + mov ax, imm16; ret"
24429,JEMJNJMOMNA,18914,0xE31D410,AEGNNPENLNM,mov-ax-imm16-ret,static-candidate,"same 7.1 GetCmdId method identity as verified 26105 anchor + mov ax, imm16; ret"
24432,MHDEHCNDBMB,26342,0xCE9FB10,AEGNNPENLNM,mov-ax-imm16-ret,static-candidate,"same 7.1 GetCmdId method identity as verified 26105 anchor + mov ax, imm16; ret"
24434,FFGAEMJPHEL,61838,0xBD4DED0,AEGNNPENLNM,mov-ax-imm16-ret,static-candidate,"same 7.1 GetCmdId method identity as verified 26105 anchor + mov ax, imm16; ret"
24438,EACOOPIOCAK,36395,0xE9D8710,AEGNNPENLNM,mov-ax-imm16-ret,static-candidate,"same 7.1 GetCmdId method identity as verified 26105 anchor + mov ax, imm16; ret"
24442,NDIMCAHJPKO,53464,0x9E9CD50,AEGNNPENLNM,mov-ax-imm16-ret,static-candidate,"same 7.1 GetCmdId method identity as verified 26105 anchor + mov ax, imm16; ret"
24450,POILMNKDHMC,77135,0x118AE690,AEGNNPENLNM,mov-ax-imm16-ret,static-candidate,"same 7.1 GetCmdId method identity as verified 26105 anchor + mov ax, imm16; ret"
24452,LJMLAJLJHOG,32135,0xCE3F4B0,AEGNNPENLNM,mov-ax-imm16-ret,static-candidate,"same 7.1 GetCmdId method identity as verified 26105 anchor + mov ax, imm16; ret"
24453,IGNPMMLBNMD,56259,0x8D7F750,AEGNNPENLNM,mov-ax-imm16-ret,static-candidate,"same 7.1 GetCmdId method identity as verified 26105 anchor + mov ax, imm16; ret"
24454,CFIMEEFCDDK,30398,0x79EB240,AEGNNPENLNM,mov-ax-imm16-ret,static-candidate,"same 7.1 GetCmdId method identity as verified 26105 anchor + mov ax, imm16; ret"
24455,PPPOFPPLJHN,85065,0x118BC5C0,AEGNNPENLNM,mov-ax-imm16-ret,static-candidate,"same 7.1 GetCmdId method identity as verified 26105 anchor + mov ax, imm16; ret"
24456,HHELDMBDBHN,19536,0x10578E30,AEGNNPENLNM,mov-ax-imm16-ret,static-candidate,"same 7.1 GetCmdId method identity as verified 26105 anchor + mov ax, imm16; ret"
24459,CENHPLPLEKE,74683,0xB9FC130,AEGNNPENLNM,mov-ax-imm16-ret,static-candidate,"same 7.1 GetCmdId method identity as verified 26105 anchor + mov ax, imm16; ret"
24463,GCPINDJIFPJ,73664,0x104A8470,AEGNNPENLNM,mov-ax-imm16-ret,static-candidate,"same 7.1 GetCmdId method identity as verified 26105 anchor + mov ax, imm16; ret"
24467,CFBBBKLDMBP,16514,0xAF65CC0,AEGNNPENLNM,mov-ax-imm16-ret,static-candidate,"same 7.1 GetCmdId method identity as verified 26105 anchor + mov ax, imm16; ret"
24474,IGBNNLCOFGP,67226,0x111D8100,AEGNNPENLNM,mov-ax-imm16-ret,static-candidate,"same 7.1 GetCmdId method identity as verified 26105 anchor + mov ax, imm16; ret"
24475,BCCHLGJFIMJ,60320,0x71E1570,AEGNNPENLNM,mov-ax-imm16-ret,static-candidate,"same 7.1 GetCmdId method identity as verified 26105 anchor + mov ax, imm16; ret"
24480,CODGPMIBFNL,33068,0xE90D970,AEGNNPENLNM,mov-ax-imm16-ret,static-candidate,"same 7.1 GetCmdId method identity as verified 26105 anchor + mov ax, imm16; ret"
24481,HEKEPKAENJK,21472,0x13647700,AEGNNPENLNM,mov-ax-imm16-ret,static-candidate,"same 7.1 GetCmdId method identity as verified 26105 anchor + mov ax, imm16; ret"
24486,NDBLICNPFKG,14346,0xC54B890,AEGNNPENLNM,mov-ax-imm16-ret,static-candidate,"same 7.1 GetCmdId method identity as verified 26105 anchor + mov ax, imm16; ret"
24487,FBNFFDFLCKB,47378,0xBB80490,AEGNNPENLNM,mov-ax-imm16-ret,static-candidate,"same 7.1 GetCmdId method identity as verified 26105 anchor + mov ax, imm16; ret"
24493,OBNECIKPIEI,61454,0xF3B4920,AEGNNPENLNM,mov-ax-imm16-ret,static-candidate,"same 7.1 GetCmdId method identity as verified 26105 anchor + mov ax, imm16; ret"
24503,KCFBMADGFEA,40496,0x10722F70,AEGNNPENLNM,mov-ax-imm16-ret,static-candidate,"same 7.1 GetCmdId method identity as verified 26105 anchor + mov ax, imm16; ret"
24506,AJEJFHAAKCK,85173,0x1347E510,AEGNNPENLNM,mov-ax-imm16-ret,static-candidate,"same 7.1 GetCmdId method identity as verified 26105 anchor + mov ax, imm16; ret"
24510,KJBGBAMMNGG,83382,0x1386FCD0,AEGNNPENLNM,mov-ax-imm16-ret,static-candidate,"same 7.1 GetCmdId method identity as verified 26105 anchor + mov ax, imm16; ret"
24515,OMIPJEEGJKH,52505,0x10B8D8D0,AEGNNPENLNM,mov-ax-imm16-ret,static-candidate,"same 7.1 GetCmdId method identity as verified 26105 anchor + mov ax, imm16; ret"
24516,GMEPIMJBDKI,71785,0xBE18780,AEGNNPENLNM,mov-ax-imm16-ret,static-candidate,"same 7.1 GetCmdId method identity as verified 26105 anchor + mov ax, imm16; ret"
24522,COPKCNLLHHL,80184,0x133DB2E0,AEGNNPENLNM,mov-ax-imm16-ret,static-candidate,"same 7.1 GetCmdId method identity as verified 26105 anchor + mov ax, imm16; ret"
24524,AKCBECKDHDH,16654,0x8A8EEA0,AEGNNPENLNM,mov-ax-imm16-ret,static-candidate,"same 7.1 GetCmdId method identity as verified 26105 anchor + mov ax, imm16; ret"
24526,AFLLIKADNLG,34464,0xF7AAFF0,AEGNNPENLNM,mov-ax-imm16-ret,static-candidate,"same 7.1 GetCmdId method identity as verified 26105 anchor + mov ax, imm16; ret"
24527,CFMKANIFADD,43685,0xD2B8790,AEGNNPENLNM,mov-ax-imm16-ret,static-candidate,"same 7.1 GetCmdId method identity as verified 26105 anchor + mov ax, imm16; ret"
24530,LKBFPBFLPCK,21539,0x1396B1A0,AEGNNPENLNM,mov-ax-imm16-ret,static-candidate,"same 7.1 GetCmdId method identity as verified 26105 anchor + mov ax, imm16; ret"
24539,OCOABDGLIHJ,15983,0xAD70540,AEGNNPENLNM,mov-ax-imm16-ret,static-candidate,"same 7.1 GetCmdId method identity as verified 26105 anchor + mov ax, imm16; ret"
24540,IJPEHCGNGFK,54097,0x111F4A40,AEGNNPENLNM,mov-ax-imm16-ret,static-candidate,"same 7.1 GetCmdId method identity as verified 26105 anchor + mov ax, imm16; ret"
24542,EPJFGOLKALM,75826,0x11B0B530,AEGNNPENLNM,mov-ax-imm16-ret,static-candidate,"same 7.1 GetCmdId method identity as verified 26105 anchor + mov ax, imm16; ret"
24547,GKFHBMPAGDL,69508,0x8C178E0,AEGNNPENLNM,mov-ax-imm16-ret,static-candidate,"same 7.1 GetCmdId method identity as verified 26105 anchor + mov ax, imm16; ret"
24552,IPDPGKKBHJK,34696,0x7630420,AEGNNPENLNM,mov-ax-imm16-ret,static-candidate,"same 7.1 GetCmdId method identity as verified 26105 anchor + mov ax, imm16; ret"
24558,LELPAMDIDOP,51273,0xF0C1290,AEGNNPENLNM,mov-ax-imm16-ret,static-candidate,"same 7.1 GetCmdId method identity as verified 26105 anchor + mov ax, imm16; ret"
24561,AIIBBADKLOG,33167,0x11B80CE0,AEGNNPENLNM,mov-ax-imm16-ret,static-candidate,"same 7.1 GetCmdId method identity as verified 26105 anchor + mov ax, imm16; ret"
24562,MLOLMCPKPAN,40012,0xB5F7AC0,AEGNNPENLNM,mov-ax-imm16-ret,static-candidate,"same 7.1 GetCmdId method identity as verified 26105 anchor + mov ax, imm16; ret"
24563,CJIFGHBHKNF,20947,0x10212760,AEGNNPENLNM,mov-ax-imm16-ret,static-candidate,"same 7.1 GetCmdId method identity as verified 26105 anchor + mov ax, imm16; ret"
24565,DFMGFLABCCI,72937,0x119EB500,AEGNNPENLNM,mov-ax-imm16-ret,static-candidate,"same 7.1 GetCmdId method identity as verified 26105 anchor + mov ax, imm16; ret"
24578,NAAAJNCLOCM,26173,0x11687190,AEGNNPENLNM,mov-ax-imm16-ret,static-candidate,"same 7.1 GetCmdId method identity as verified 26105 anchor + mov ax, imm16; ret"
24581,IPCPGDOFMKE,38877,0xFAE0410,AEGNNPENLNM,mov-ax-imm16-ret,static-candidate,"same 7.1 GetCmdId method identity as verified 26105 anchor + mov ax, imm16; ret"
24582,OKNOFMBNPIC,72075,0x13136F40,AEGNNPENLNM,mov-ax-imm16-ret,static-candidate,"same 7.1 GetCmdId method identity as verified 26105 anchor + mov ax, imm16; ret"
24586,FDGNCECLGIB,41913,0x103ACFA0,AEGNNPENLNM,mov-ax-imm16-ret,static-candidate,"same 7.1 GetCmdId method identity as verified 26105 anchor + mov ax, imm16; ret"
24598,AHNMDJBNMLN,23890,0xAB87F70,AEGNNPENLNM,mov-ax-imm16-ret,static-candidate,"same 7.1 GetCmdId method identity as verified 26105 anchor + mov ax, imm16; ret"
24604,BHPPEGMFMKG,13318,0x12B4D330,AEGNNPENLNM,mov-ax-imm16-ret,static-candidate,"same 7.1 GetCmdId method identity as verified 26105 anchor + mov ax, imm16; ret"
24608,JJBMPCOBENH,75891,0xC041DD0,AEGNNPENLNM,mov-ax-imm16-ret,static-candidate,"same 7.1 GetCmdId method identity as verified 26105 anchor + mov ax, imm16; ret"
24619,KNPFEANHEMA,18539,0x778E500,AEGNNPENLNM,mov-ax-imm16-ret,static-candidate,"same 7.1 GetCmdId method identity as verified 26105 anchor + mov ax, imm16; ret"
24622,IPEHJBPDJEC,84109,0x137575D0,AEGNNPENLNM,mov-ax-imm16-ret,static-candidate,"same 7.1 GetCmdId method identity as verified 26105 anchor + mov ax, imm16; ret"
24624,OJPHCMONIKG,69717,0xB874E10,AEGNNPENLNM,mov-ax-imm16-ret,static-candidate,"same 7.1 GetCmdId method identity as verified 26105 anchor + mov ax, imm16; ret"
24627,LLJAHLPABMD,63157,0x12CCC760,AEGNNPENLNM,mov-ax-imm16-ret,static-candidate,"same 7.1 GetCmdId method identity as verified 26105 anchor + mov ax, imm16; ret"
24635,EANGMOICNJP,33076,0x89026E0,AEGNNPENLNM,mov-ax-imm16-ret,static-candidate,"same 7.1 GetCmdId method identity as verified 26105 anchor + mov ax, imm16; ret"
24637,OJMBGIFELGF,26918,0xB874440,AEGNNPENLNM,mov-ax-imm16-ret,static-candidate,"same 7.1 GetCmdId method identity as verified 26105 anchor + mov ax, imm16; ret"
24640,FCGNDDLCHHB,20571,0x10EA5970,AEGNNPENLNM,mov-ax-imm16-ret,static-candidate,"same 7.1 GetCmdId method identity as verified 26105 anchor + mov ax, imm16; ret"
24647,JGJHJPHLEMM,73722,0xC0260C0,AEGNNPENLNM,mov-ax-imm16-ret,static-candidate,"same 7.1 GetCmdId method identity as verified 26105 anchor + mov ax, imm16; ret"
24656,APLMDFJPDED,58395,0x971B840,AEGNNPENLNM,mov-ax-imm16-ret,static-candidate,"same 7.1 GetCmdId method identity as verified 26105 anchor + mov ax, imm16; ret"
24664,HCGNOHCANGH,34538,0x11C784E0,AEGNNPENLNM,mov-ax-imm16-ret,static-candidate,"same 7.1 GetCmdId method identity as verified 26105 anchor + mov ax, imm16; ret"
24666,DPGFOLLJGGM,17207,0x11A66120,AEGNNPENLNM,mov-ax-imm16-ret,static-candidate,"same 7.1 GetCmdId method identity as verified 26105 anchor + mov ax, imm16; ret"
24676,EKILHADDKCA,66323,0x72AB780,AEGNNPENLNM,mov-ax-imm16-ret,static-candidate,"same 7.1 GetCmdId method identity as verified 26105 anchor + mov ax, imm16; ret"
24678,LKNIOAGLOJL,37060,0xB4E1D20,AEGNNPENLNM,mov-ax-imm16-ret,static-candidate,"same 7.1 GetCmdId method identity as verified 26105 anchor + mov ax, imm16; ret"
24681,IEFHMJDBEKF,75649,0xB295130,AEGNNPENLNM,mov-ax-imm16-ret,static-candidate,"same 7.1 GetCmdId method identity as verified 26105 anchor + mov ax, imm16; ret"
24686,EDCKLBCONNH,63458,0xD3C5F30,AEGNNPENLNM,mov-ax-imm16-ret,static-candidate,"same 7.1 GetCmdId method identity as verified 26105 anchor + mov ax, imm16; ret"
24693,OOFJKFBIAGP,88732,0x86B77E0,AEGNNPENLNM,mov-ax-imm16-ret,static-candidate,"same 7.1 GetCmdId method identity as verified 26105 anchor + mov ax, imm16; ret"
24696,HFMLPEOPCGP,79421,0x80AF050,AEGNNPENLNM,mov-ax-imm16-ret,static-candidate,"same 7.1 GetCmdId method identity as verified 26105 anchor + mov ax, imm16; ret"
24698,MPCLIAJOEJB,78613,0x12D809F0,AEGNNPENLNM,mov-ax-imm16-ret,static-candidate,"same 7.1 GetCmdId method identity as verified 26105 anchor + mov ax, imm16; ret"
24699,HAGFDCCKONO,79719,0x110EFB40,AEGNNPENLNM,mov-ax-imm16-ret,static-candidate,"same 7.1 GetCmdId method identity as verified 26105 anchor + mov ax, imm16; ret"
24700,ADANJBKMLAC,44046,0xBC28E20,AEGNNPENLNM,mov-ax-imm16-ret,static-candidate,"same 7.1 GetCmdId method identity as verified 26105 anchor + mov ax, imm16; ret"
24702,OKMBNFFPBBD,70857,0x117F9670,AEGNNPENLNM,mov-ax-imm16-ret,static-candidate,"same 7.1 GetCmdId method identity as verified 26105 anchor + mov ax, imm16; ret"
24704,EFCLGAKOCJD,85464,0xBB17240,AEGNNPENLNM,mov-ax-imm16-ret,static-candidate,"same 7.1 GetCmdId method identity as verified 26105 anchor + mov ax, imm16; ret"
24709,GJJBOPJBIOG,37973,0x1294F230,AEGNNPENLNM,mov-ax-imm16-ret,static-candidate,"same 7.1 GetCmdId method identity as verified 26105 anchor + mov ax, imm16; ret"
24710,LFJAEEPDHLO,36001,0x783F720,AEGNNPENLNM,mov-ax-imm16-ret,static-candidate,"same 7.1 GetCmdId method identity as verified 26105 anchor + mov ax, imm16; ret"
24713,AIPIEIFKIFK,88742,0xD502F60,AEGNNPENLNM,mov-ax-imm16-ret,static-candidate,"same 7.1 GetCmdId method identity as verified 26105 anchor + mov ax, imm16; ret"
24714,CJIGPCMAMGD,69715,0xAF82D20,AEGNNPENLNM,mov-ax-imm16-ret,static-candidate,"same 7.1 GetCmdId method identity as verified 26105 anchor + mov ax, imm16; ret"
24716,MJGDPMFNEGK,51996,0xAACF1D0,AEGNNPENLNM,mov-ax-imm16-ret,static-candidate,"same 7.1 GetCmdId method identity as verified 26105 anchor + mov ax, imm16; ret"
24717,DBJAIMCHNOF,41556,0xE92A3C0,AEGNNPENLNM,mov-ax-imm16-ret,static-candidate,"same 7.1 GetCmdId method identity as verified 26105 anchor + mov ax, imm16; ret"
24720,KJEADFNFBIM,35498,0x9BC6540,AEGNNPENLNM,mov-ax-imm16-ret,static-candidate,"same 7.1 GetCmdId method identity as verified 26105 anchor + mov ax, imm16; ret"
24721,BEHFIAJEIJN,46632,0xD55AB10,AEGNNPENLNM,mov-ax-imm16-ret,static-candidate,"same 7.1 GetCmdId method identity as verified 26105 anchor + mov ax, imm16; ret"
24725,FJPOIEEHFAC,56510,0xA2D0540,AEGNNPENLNM,mov-ax-imm16-ret,static-candidate,"same 7.1 GetCmdId method identity as verified 26105 anchor + mov ax, imm16; ret"
24726,CGCOJKLCHIH,76943,0x94DF5F0,AEGNNPENLNM,mov-ax-imm16-ret,static-candidate,"same 7.1 GetCmdId method identity as verified 26105 anchor + mov ax, imm16; ret"
24730,JKLCFHNECGJ,57454,0x9AD7CB0,AEGNNPENLNM,mov-ax-imm16-ret,static-candidate,"same 7.1 GetCmdId method identity as verified 26105 anchor + mov ax, imm16; ret"
24733,JOJFGCIBIJM,59471,0xA91EDC0,AEGNNPENLNM,mov-ax-imm16-ret,static-candidate,"same 7.1 GetCmdId method identity as verified 26105 anchor + mov ax, imm16; ret"
24739,CAEEKIIJBNM,73676,0xD1CA5A0,AEGNNPENLNM,mov-ax-imm16-ret,static-candidate,"same 7.1 GetCmdId method identity as verified 26105 anchor + mov ax, imm16; ret"
24743,MGGDJKGJEMI,32963,0x10951FF0,AEGNNPENLNM,mov-ax-imm16-ret,static-candidate,"same 7.1 GetCmdId method identity as verified 26105 anchor + mov ax, imm16; ret"
24748,KCOENNOHIOJ,78250,0x113073A0,AEGNNPENLNM,mov-ax-imm16-ret,static-candidate,"same 7.1 GetCmdId method identity as verified 26105 anchor + mov ax, imm16; ret"
24752,IBHCFDBNDMK,40481,0xF9F74B0,AEGNNPENLNM,mov-ax-imm16-ret,static-candidate,"same 7.1 GetCmdId method identity as verified 26105 anchor + mov ax, imm16; ret"
24758,JKBCBEFDGAN,73851,0x82245B0,AEGNNPENLNM,mov-ax-imm16-ret,static-candidate,"same 7.1 GetCmdId method identity as verified 26105 anchor + mov ax, imm16; ret"
24760,HCJMEJOGAIK,57898,0xA623250,AEGNNPENLNM,mov-ax-imm16-ret,static-candidate,"same 7.1 GetCmdId method identity as verified 26105 anchor + mov ax, imm16; ret"
24761,OGEFPBPFNOH,27464,0xE76EB90,AEGNNPENLNM,mov-ax-imm16-ret,static-candidate,"same 7.1 GetCmdId method identity as verified 26105 anchor + mov ax, imm16; ret"
24763,EEFANJCDKEA,83538,0x127BAE70,AEGNNPENLNM,mov-ax-imm16-ret,static-candidate,"same 7.1 GetCmdId method identity as verified 26105 anchor + mov ax, imm16; ret"
24771,DHADIJCBFJF,82390,0x13F628D0,AEGNNPENLNM,mov-ax-imm16-ret,static-candidate,"same 7.1 GetCmdId method identity as verified 26105 anchor + mov ax, imm16; ret"
24776,MFEPABNPBDF,77528,0xCE95AA0,AEGNNPENLNM,mov-ax-imm16-ret,static-candidate,"same 7.1 GetCmdId method identity as verified 26105 anchor + mov ax, imm16; ret"
24780,IGBHOIPDHOO,28020,0x136FF690,AEGNNPENLNM,mov-ax-imm16-ret,static-candidate,"same 7.1 GetCmdId method identity as verified 26105 anchor + mov ax, imm16; ret"
24790,HMBJDAGPHJC,61925,0xA6976E0,AEGNNPENLNM,mov-ax-imm16-ret,static-candidate,"same 7.1 GetCmdId method identity as verified 26105 anchor + mov ax, imm16; ret"
24800,DOJFGCHGCFP,75304,0x11A58BF0,AEGNNPENLNM,mov-ax-imm16-ret,static-candidate,"same 7.1 GetCmdId method identity as verified 26105 anchor + mov ax, imm16; ret"
24803,PGMMDMEOPMM,83311,0x12409930,AEGNNPENLNM,mov-ax-imm16-ret,static-candidate,"same 7.1 GetCmdId method identity as verified 26105 anchor + mov ax, imm16; ret"
24807,FEBFPNNLGLK,49489,0x103AF750,AEGNNPENLNM,mov-ax-imm16-ret,static-candidate,"same 7.1 GetCmdId method identity as verified 26105 anchor + mov ax, imm16; ret"
24809,NJNLMFOOEDC,66996,0xC588A60,AEGNNPENLNM,mov-ax-imm16-ret,static-candidate,"same 7.1 GetCmdId method identity as verified 26105 anchor + mov ax, imm16; ret"
24811,GEIKGDNOEEI,83296,0x135C7F30,AEGNNPENLNM,mov-ax-imm16-ret,static-candidate,"same 7.1 GetCmdId method identity as verified 26105 anchor + mov ax, imm16; ret"
24819,NOOHCOBIPCD,78971,0x7B56D00,AEGNNPENLNM,mov-ax-imm16-ret,static-candidate,"same 7.1 GetCmdId method identity as verified 26105 anchor + mov ax, imm16; ret"
24820,KEHJFHNDFAM,29958,0xE39B370,AEGNNPENLNM,mov-ax-imm16-ret,static-candidate,"same 7.1 GetCmdId method identity as verified 26105 anchor + mov ax, imm16; ret"
24822,PIHPAALMNJN,87196,0x877DE70,AEGNNPENLNM,mov-ax-imm16-ret,static-candidate,"same 7.1 GetCmdId method identity as verified 26105 anchor + mov ax, imm16; ret"
24828,GFBDOCLHEJC,13041,0x73F43F0,AEGNNPENLNM,mov-ax-imm16-ret,static-candidate,"same 7.1 GetCmdId method identity as verified 26105 anchor + mov ax, imm16; ret"
24829,EDOKCAJDBBI,45539,0x9607470,AEGNNPENLNM,mov-ax-imm16-ret,static-candidate,"same 7.1 GetCmdId method identity as verified 26105 anchor + mov ax, imm16; ret"
24831,HLJAGMBKGEL,25721,0xBECA430,AEGNNPENLNM,mov-ax-imm16-ret,static-candidate,"same 7.1 GetCmdId method identity as verified 26105 anchor + mov ax, imm16; ret"
24832,HLLGNGHMOHL,77017,0x11DB1300,AEGNNPENLNM,mov-ax-imm16-ret,static-candidate,"same 7.1 GetCmdId method identity as verified 26105 anchor + mov ax, imm16; ret"
24843,MKMPIGOJGAE,51821,0xE556CB0,AEGNNPENLNM,mov-ax-imm16-ret,static-candidate,"same 7.1 GetCmdId method identity as verified 26105 anchor + mov ax, imm16; ret"
24845,ADFMAGNKIDL,31498,0xEADACF0,AEGNNPENLNM,mov-ax-imm16-ret,static-candidate,"same 7.1 GetCmdId method identity as verified 26105 anchor + mov ax, imm16; ret"
24846,CHNAMDCMBKA,63349,0x1339C760,AEGNNPENLNM,mov-ax-imm16-ret,static-candidate,"same 7.1 GetCmdId method identity as verified 26105 anchor + mov ax, imm16; ret"
24849,CECEDHIHOJO,18295,0xF5612E0,AEGNNPENLNM,mov-ax-imm16-ret,static-candidate,"same 7.1 GetCmdId method identity as verified 26105 anchor + mov ax, imm16; ret"
24856,EMDKLCCFGPC,50214,0x11AF76A0,AEGNNPENLNM,mov-ax-imm16-ret,static-candidate,"same 7.1 GetCmdId method identity as verified 26105 anchor + mov ax, imm16; ret"
24878,DEFAMMEJKOA,72692,0x13412C50,AEGNNPENLNM,mov-ax-imm16-ret,static-candidate,"same 7.1 GetCmdId method identity as verified 26105 anchor + mov ax, imm16; ret"
24880,KKOHAJJLEMC,59277,0xF041680,AEGNNPENLNM,mov-ax-imm16-ret,static-candidate,"same 7.1 GetCmdId method identity as verified 26105 anchor + mov ax, imm16; ret"
24887,MNFDKEABODA,58601,0x13A77430,AEGNNPENLNM,mov-ax-imm16-ret,static-candidate,"same 7.1 GetCmdId method identity as verified 26105 anchor + mov ax, imm16; ret"
24888,JMIHHCHLGIC,62838,0x106F7E90,AEGNNPENLNM,mov-ax-imm16-ret,static-candidate,"same 7.1 GetCmdId method identity as verified 26105 anchor + mov ax, imm16; ret"
24894,AJOKPFILFEO,81344,0x12721FA0,AEGNNPENLNM,mov-ax-imm16-ret,static-candidate,"same 7.1 GetCmdId method identity as verified 26105 anchor + mov ax, imm16; ret"
24897,MEIMPLDGNHG,38441,0x120CB5C0,AEGNNPENLNM,mov-ax-imm16-ret,static-candidate,"same 7.1 GetCmdId method identity as verified 26105 anchor + mov ax, imm16; ret"
24907,FAPDNKFDMOD,27261,0x10E9A260,AEGNNPENLNM,mov-ax-imm16-ret,static-candidate,"same 7.1 GetCmdId method identity as verified 26105 anchor + mov ax, imm16; ret"
24909,ABNCOABNDOJ,70545,0xF75BC80,AEGNNPENLNM,mov-ax-imm16-ret,static-candidate,"same 7.1 GetCmdId method identity as verified 26105 anchor + mov ax, imm16; ret"
24913,AEAOHNJNPGP,81724,0xBC387B0,AEGNNPENLNM,mov-ax-imm16-ret,static-candidate,"same 7.1 GetCmdId method identity as verified 26105 anchor + mov ax, imm16; ret"
24919,HNHKMOCJJOI,38570,0x11DC4A50,AEGNNPENLNM,mov-ax-imm16-ret,static-candidate,"same 7.1 GetCmdId method identity as verified 26105 anchor + mov ax, imm16; ret"
24928,FCFFLBNEGEE,81080,0xEAA29E0,AEGNNPENLNM,mov-ax-imm16-ret,static-candidate,"same 7.1 GetCmdId method identity as verified 26105 anchor + mov ax, imm16; ret"
24932,APMJLGNKBMO,16590,0x10483100,AEGNNPENLNM,mov-ax-imm16-ret,static-candidate,"same 7.1 GetCmdId method identity as verified 26105 anchor + mov ax, imm16; ret"
24935,NIDCHDLCKJJ,27686,0x10AF5580,AEGNNPENLNM,mov-ax-imm16-ret,static-candidate,"same 7.1 GetCmdId method identity as verified 26105 anchor + mov ax, imm16; ret"
24936,IJONNNGHPHF,59302,0x11E6C900,AEGNNPENLNM,mov-ax-imm16-ret,static-candidate,"same 7.1 GetCmdId method identity as verified 26105 anchor + mov ax, imm16; ret"
24939,JPHIMGAPMCH,39147,0x9B0C800,AEGNNPENLNM,mov-ax-imm16-ret,static-candidate,"same 7.1 GetCmdId method identity as verified 26105 anchor + mov ax, imm16; ret"
24949,CNCJDDIOONG,66502,0x87FAAE0,AEGNNPENLNM,mov-ax-imm16-ret,static-candidate,"same 7.1 GetCmdId method identity as verified 26105 anchor + mov ax, imm16; ret"
24959,FMKHDPPLBFG,84151,0xBD89660,AEGNNPENLNM,mov-ax-imm16-ret,static-candidate,"same 7.1 GetCmdId method identity as verified 26105 anchor + mov ax, imm16; ret"
24964,IGGAHGNJCBM,13668,0x7575410,AEGNNPENLNM,mov-ax-imm16-ret,static-candidate,"same 7.1 GetCmdId method identity as verified 26105 anchor + mov ax, imm16; ret"
24967,CLFBHJCHLPB,40389,0x119A68A0,AEGNNPENLNM,mov-ax-imm16-ret,static-candidate,"same 7.1 GetCmdId method identity as verified 26105 anchor + mov ax, imm16; ret"
24973,JLNFKBPAINH,76201,0xE357600,AEGNNPENLNM,mov-ax-imm16-ret,static-candidate,"same 7.1 GetCmdId method identity as verified 26105 anchor + mov ax, imm16; ret"
24977,DJOHNGIGAIF,36473,0xA158650,AEGNNPENLNM,mov-ax-imm16-ret,static-candidate,"same 7.1 GetCmdId method identity as verified 26105 anchor + mov ax, imm16; ret"
24987,FJKHGBKLNNC,37425,0xA48B320,AEGNNPENLNM,mov-ax-imm16-ret,static-candidate,"same 7.1 GetCmdId method identity as verified 26105 anchor + mov ax, imm16; ret"
24988,MFIFEIBBNFP,41916,0x842FB50,AEGNNPENLNM,mov-ax-imm16-ret,static-candidate,"same 7.1 GetCmdId method identity as verified 26105 anchor + mov ax, imm16; ret"
25001,GOONLKPEFFL,57119,0x129A69B0,AEGNNPENLNM,mov-ax-imm16-ret,static-candidate,"same 7.1 GetCmdId method identity as verified 26105 anchor + mov ax, imm16; ret"
25005,CBBONGJNDLG,12678,0x133236E0,AEGNNPENLNM,mov-ax-imm16-ret,static-candidate,"same 7.1 GetCmdId method identity as verified 26105 anchor + mov ax, imm16; ret"
25006,BNDJONBDNID,76971,0x123B5CC0,AEGNNPENLNM,mov-ax-imm16-ret,static-candidate,"same 7.1 GetCmdId method identity as verified 26105 anchor + mov ax, imm16; ret"
25018,NABMFGJKAAN,69170,0x10A9EDF0,AEGNNPENLNM,mov-ax-imm16-ret,static-candidate,"same 7.1 GetCmdId method identity as verified 26105 anchor + mov ax, imm16; ret"
25024,ENPPKONLFOK,81828,0xF73A200,AEGNNPENLNM,mov-ax-imm16-ret,static-candidate,"same 7.1 GetCmdId method identity as verified 26105 anchor + mov ax, imm16; ret"
25025,AICJFGJLIKF,46616,0xEB25650,AEGNNPENLNM,mov-ax-imm16-ret,static-candidate,"same 7.1 GetCmdId method identity as verified 26105 anchor + mov ax, imm16; ret"
25028,IOHAIHPMPEM,55183,0x8188070,AEGNNPENLNM,mov-ax-imm16-ret,static-candidate,"same 7.1 GetCmdId method identity as verified 26105 anchor + mov ax, imm16; ret"
25036,LENGECLFIGF,76493,0x12C8BFD0,AEGNNPENLNM,mov-ax-imm16-ret,static-candidate,"same 7.1 GetCmdId method identity as verified 26105 anchor + mov ax, imm16; ret"
25040,AJGJNHMPGIG,45188,0x11B83640,AEGNNPENLNM,mov-ax-imm16-ret,static-candidate,"same 7.1 GetCmdId method identity as verified 26105 anchor + mov ax, imm16; ret"
25042,MBCCGKCMCMC,86512,0xFD704C0,AEGNNPENLNM,mov-ax-imm16-ret,static-candidate,"same 7.1 GetCmdId method identity as verified 26105 anchor + mov ax, imm16; ret"
25044,EAJHNGHAPNB,65492,0x10DFEB80,AEGNNPENLNM,mov-ax-imm16-ret,static-candidate,"same 7.1 GetCmdId method identity as verified 26105 anchor + mov ax, imm16; ret"
25046,NABDEIHBOKL,72785,0xE6853E0,AEGNNPENLNM,mov-ax-imm16-ret,static-candidate,"same 7.1 GetCmdId method identity as verified 26105 anchor + mov ax, imm16; ret"
25050,OIJGBMMCOEC,85823,0x7BC09B0,AEGNNPENLNM,mov-ax-imm16-ret,static-candidate,"same 7.1 GetCmdId method identity as verified 26105 anchor + mov ax, imm16; ret"
25051,KPFPIAMAAML,54191,0x113E5850,AEGNNPENLNM,mov-ax-imm16-ret,static-candidate,"same 7.1 GetCmdId method identity as verified 26105 anchor + mov ax, imm16; ret"
25053,IFBIEPEPMMN,49981,0x111D0EC0,AEGNNPENLNM,mov-ax-imm16-ret,static-candidate,"same 7.1 GetCmdId method identity as verified 26105 anchor + mov ax, imm16; ret"
25059,GGPIECHKIPE,56393,0xBDEDA40,AEGNNPENLNM,mov-ax-imm16-ret,static-candidate,"same 7.1 GetCmdId method identity as verified 26105 anchor + mov ax, imm16; ret"
25067,KIFDKHCPCMN,73330,0x7760D80,AEGNNPENLNM,mov-ax-imm16-ret,static-candidate,"same 7.1 GetCmdId method identity as verified 26105 anchor + mov ax, imm16; ret"
25068,DIKKAOBGCBD,24250,0xD371070,AEGNNPENLNM,mov-ax-imm16-ret,static-candidate,"same 7.1 GetCmdId method identity as verified 26105 anchor + mov ax, imm16; ret"
25074,AONODNHPDOD,87684,0xC9CC870,AEGNNPENLNM,mov-ax-imm16-ret,static-candidate,"same 7.1 GetCmdId method identity as verified 26105 anchor + mov ax, imm16; ret"
25076,LALBCBFOMGA,84459,0x8366AE0,AEGNNPENLNM,mov-ax-imm16-ret,static-candidate,"same 7.1 GetCmdId method identity as verified 26105 anchor + mov ax, imm16; ret"
25078,PHCEMALKMAM,36870,0x7C3C040,AEGNNPENLNM,mov-ax-imm16-ret,static-candidate,"same 7.1 GetCmdId method identity as verified 26105 anchor + mov ax, imm16; ret"
25080,BNFFNLJNAKG,64727,0x13309C70,AEGNNPENLNM,mov-ax-imm16-ret,static-candidate,"same 7.1 GetCmdId method identity as verified 26105 anchor + mov ax, imm16; ret"
25095,LEEHOJOIGAB,72292,0x12C89E60,AEGNNPENLNM,mov-ax-imm16-ret,static-candidate,"same 7.1 GetCmdId method identity as verified 26105 anchor + mov ax, imm16; ret"
25099,JMDIFFMHLKK,43669,0x112AC4A0,AEGNNPENLNM,mov-ax-imm16-ret,static-candidate,"same 7.1 GetCmdId method identity as verified 26105 anchor + mov ax, imm16; ret"
25102,DBLJDPLCEMO,18085,0x9544DB0,AEGNNPENLNM,mov-ax-imm16-ret,static-candidate,"same 7.1 GetCmdId method identity as verified 26105 anchor + mov ax, imm16; ret"
25106,ACFBLCKLFJJ,73204,0xD4C2220,AEGNNPENLNM,mov-ax-imm16-ret,static-candidate,"same 7.1 GetCmdId method identity as verified 26105 anchor + mov ax, imm16; ret"
25107,MIJOJMAPLMB,46701,0x12D40AA0,AEGNNPENLNM,mov-ax-imm16-ret,static-candidate,"same 7.1 GetCmdId method identity as verified 26105 anchor + mov ax, imm16; ret"
25111,MMNBFINNOPK,17709,0x13A737E0,AEGNNPENLNM,mov-ax-imm16-ret,static-candidate,"same 7.1 GetCmdId method identity as verified 26105 anchor + mov ax, imm16; ret"
25117,GAEFFPABMNP,66928,0xBDA9560,AEGNNPENLNM,mov-ax-imm16-ret,static-candidate,"same 7.1 GetCmdId method identity as verified 26105 anchor + mov ax, imm16; ret"
25120,DPFLPKFFLFH,36487,0x127932E0,AEGNNPENLNM,mov-ax-imm16-ret,static-candidate,"same 7.1 GetCmdId method identity as verified 26105 anchor + mov ax, imm16; ret"
25121,OGPIGHDHIIL,49071,0xB85D1F0,AEGNNPENLNM,mov-ax-imm16-ret,static-candidate,"same 7.1 GetCmdId method identity as verified 26105 anchor + mov ax, imm16; ret"
25123,BBICNDABPIE,45690,0x7F3FEF0,AEGNNPENLNM,mov-ax-imm16-ret,static-candidate,"same 7.1 GetCmdId method identity as verified 26105 anchor + mov ax, imm16; ret"
25124,GGJKCBOAKBA,86139,0x135D8190,AEGNNPENLNM,mov-ax-imm16-ret,static-candidate,"same 7.1 GetCmdId method identity as verified 26105 anchor + mov ax, imm16; ret"
25127,NDCBGDGHOCJ,44726,0x12FED0C0,AEGNNPENLNM,mov-ax-imm16-ret,static-candidate,"same 7.1 GetCmdId method identity as verified 26105 anchor + mov ax, imm16; ret"
25131,PCFPPCCCDLB,64350,0x13DAFF70,AEGNNPENLNM,mov-ax-imm16-ret,static-candidate,"same 7.1 GetCmdId method identity as verified 26105 anchor + mov ax, imm16; ret"
25136,BCOFOJOGLHH,82478,0x7F4AAB0,AEGNNPENLNM,mov-ax-imm16-ret,static-candidate,"same 7.1 GetCmdId method identity as verified 26105 anchor + mov ax, imm16; ret"
25141,BOPLHFMGEDE,87121,0x10C27430,AEGNNPENLNM,mov-ax-imm16-ret,static-candidate,"same 7.1 GetCmdId method identity as verified 26105 anchor + mov ax, imm16; ret"
25142,OIPMABLNPFK,12342,0x868B7F0,AEGNNPENLNM,mov-ax-imm16-ret,static-candidate,"same 7.1 GetCmdId method identity as verified 26105 anchor + mov ax, imm16; ret"
25147,EIDMMAPGNDC,65624,0x89A2410,AEGNNPENLNM,mov-ax-imm16-ret,static-candidate,"same 7.1 GetCmdId method identity as verified 26105 anchor + mov ax, imm16; ret"
25149,GNIFCACBPBI,17538,0x13605EB0,AEGNNPENLNM,mov-ax-imm16-ret,static-candidate,"same 7.1 GetCmdId method identity as verified 26105 anchor + mov ax, imm16; ret"
25154,KANFIJNJOGP,34485,0x8284270,AEGNNPENLNM,mov-ax-imm16-ret,static-candidate,"same 7.1 GetCmdId method identity as verified 26105 anchor + mov ax, imm16; ret"
25159,HMECHLEIKMJ,43564,0xB251FA0,AEGNNPENLNM,mov-ax-imm16-ret,static-candidate,"same 7.1 GetCmdId method identity as verified 26105 anchor + mov ax, imm16; ret"
25164,LCAAAHOEPNC,74121,0xE408750,AEGNNPENLNM,mov-ax-imm16-ret,static-candidate,"same 7.1 GetCmdId method identity as verified 26105 anchor + mov ax, imm16; ret"
25165,CKGOBCLMPAC,45512,0x124E33D0,AEGNNPENLNM,mov-ax-imm16-ret,static-candidate,"same 7.1 GetCmdId method identity as verified 26105 anchor + mov ax, imm16; ret"
25173,IOBDFIGDMJJ,82037,0x11E91220,AEGNNPENLNM,mov-ax-imm16-ret,static-candidate,"same 7.1 GetCmdId method identity as verified 26105 anchor + mov ax, imm16; ret"
25175,AKHFLIEGLDE,71824,0xEB48130,AEGNNPENLNM,mov-ax-imm16-ret,static-candidate,"same 7.1 GetCmdId method identity as verified 26105 anchor + mov ax, imm16; ret"
25177,FHDBNCMJCHM,30588,0x13541390,AEGNNPENLNM,mov-ax-imm16-ret,static-candidate,"same 7.1 GetCmdId method identity as verified 26105 anchor + mov ax, imm16; ret"
25209,DHAFBKKFCLB,87721,0x125582A0,AEGNNPENLNM,mov-ax-imm16-ret,static-candidate,"same 7.1 GetCmdId method identity as verified 26105 anchor + mov ax, imm16; ret"
25211,KICHEIAAMEB,84273,0x1386B140,AEGNNPENLNM,mov-ax-imm16-ret,static-candidate,"same 7.1 GetCmdId method identity as verified 26105 anchor + mov ax, imm16; ret"
25214,CAGEHFLCHEP,84886,0x7608A40,AEGNNPENLNM,mov-ax-imm16-ret,static-candidate,"same 7.1 GetCmdId method identity as verified 26105 anchor + mov ax, imm16; ret"
25217,LHFCHBFDBJH,26248,0xE4B6700,AEGNNPENLNM,mov-ax-imm16-ret,static-candidate,"same 7.1 GetCmdId method identity as verified 26105 anchor + mov ax, imm16; ret"
25221,DPDPABAAHIF,15083,0x12791EF0,AEGNNPENLNM,mov-ax-imm16-ret,static-candidate,"same 7.1 GetCmdId method identity as verified 26105 anchor + mov ax, imm16; ret"
25224,FNOFNPCBJAO,43209,0x7FFA770,AEGNNPENLNM,mov-ax-imm16-ret,static-candidate,"same 7.1 GetCmdId method identity as verified 26105 anchor + mov ax, imm16; ret"
25227,AOKKMDOKCFA,68315,0x12748940,AEGNNPENLNM,mov-ax-imm16-ret,static-candidate,"same 7.1 GetCmdId method identity as verified 26105 anchor + mov ax, imm16; ret"
25231,DHHPPAHBPIB,76624,0xB013E10,AEGNNPENLNM,mov-ax-imm16-ret,static-candidate,"same 7.1 GetCmdId method identity as verified 26105 anchor + mov ax, imm16; ret"
25233,LMNMBGBILMF,85886,0x12CE8460,AEGNNPENLNM,mov-ax-imm16-ret,static-candidate,"same 7.1 GetCmdId method identity as verified 26105 anchor + mov ax, imm16; ret"
25238,MMBHGNMNKON,45169,0x7938A40,AEGNNPENLNM,mov-ax-imm16-ret,static-candidate,"same 7.1 GetCmdId method identity as verified 26105 anchor + mov ax, imm16; ret"
25241,NEJOFGFLHAN,85387,0x7ADE850,AEGNNPENLNM,mov-ax-imm16-ret,static-candidate,"same 7.1 GetCmdId method identity as verified 26105 anchor + mov ax, imm16; ret"
25244,NAGBFMLKPLO,15099,0xFF47880,AEGNNPENLNM,mov-ax-imm16-ret,static-candidate,"same 7.1 GetCmdId method identity as verified 26105 anchor + mov ax, imm16; ret"
25255,JIHBJOPNFHJ,49425,0x12B86260,AEGNNPENLNM,mov-ax-imm16-ret,static-candidate,"same 7.1 GetCmdId method identity as verified 26105 anchor + mov ax, imm16; ret"
25266,JLNDLNNHNHP,27923,0x12BAF5D0,AEGNNPENLNM,mov-ax-imm16-ret,static-candidate,"same 7.1 GetCmdId method identity as verified 26105 anchor + mov ax, imm16; ret"
25275,PEDOHPLOINN,48061,0x10BDB080,AEGNNPENLNM,mov-ax-imm16-ret,static-candidate,"same 7.1 GetCmdId method identity as verified 26105 anchor + mov ax, imm16; ret"
25277,IOALOCDOLNC,86732,0x12AC6E20,AEGNNPENLNM,mov-ax-imm16-ret,static-candidate,"same 7.1 GetCmdId method identity as verified 26105 anchor + mov ax, imm16; ret"
25289,NLPKGCEBNJG,30613,0x122AC490,AEGNNPENLNM,mov-ax-imm16-ret,static-candidate,"same 7.1 GetCmdId method identity as verified 26105 anchor + mov ax, imm16; ret"
25293,CECOFLAGDIO,88761,0x11922DB0,AEGNNPENLNM,mov-ax-imm16-ret,static-candidate,"same 7.1 GetCmdId method identity as verified 26105 anchor + mov ax, imm16; ret"
25297,LPJMCGLHODJ,25195,0x908D600,AEGNNPENLNM,mov-ax-imm16-ret,static-candidate,"same 7.1 GetCmdId method identity as verified 26105 anchor + mov ax, imm16; ret"
25298,DJOOKDOCCOF,64844,0x7EA3860,AEGNNPENLNM,mov-ax-imm16-ret,static-candidate,"same 7.1 GetCmdId method identity as verified 26105 anchor + mov ax, imm16; ret"
25300,GONKGCDMCNA,58347,0xA5AE9B0,AEGNNPENLNM,mov-ax-imm16-ret,static-candidate,"same 7.1 GetCmdId method identity as verified 26105 anchor + mov ax, imm16; ret"
25308,LEINCNJFPGM,51173,0xB4A1A70,AEGNNPENLNM,mov-ax-imm16-ret,static-candidate,"same 7.1 GetCmdId method identity as verified 26105 anchor + mov ax, imm16; ret"
25309,HPOIIOLEHLK,15324,0xEDEEEA0,AEGNNPENLNM,mov-ax-imm16-ret,static-candidate,"same 7.1 GetCmdId method identity as verified 26105 anchor + mov ax, imm16; ret"
25312,LIIGONALLBB,79056,0xB4C1320,AEGNNPENLNM,mov-ax-imm16-ret,static-candidate,"same 7.1 GetCmdId method identity as verified 26105 anchor + mov ax, imm16; ret"
25313,HGNKFJOBGKK,17963,0x136610E0,AEGNNPENLNM,mov-ax-imm16-ret,static-candidate,"same 7.1 GetCmdId method identity as verified 26105 anchor + mov ax, imm16; ret"
25316,LGOGBCLBOGD,47247,0x904E790,AEGNNPENLNM,mov-ax-imm16-ret,static-candidate,"same 7.1 GetCmdId method identity as verified 26105 anchor + mov ax, imm16; ret"
25323,HLKKDHCJEAD,25674,0x80D5E70,AEGNNPENLNM,mov-ax-imm16-ret,static-candidate,"same 7.1 GetCmdId method identity as verified 26105 anchor + mov ax, imm16; ret"
25324,NOEFGCANIKL,75136,0xC5BBF20,AEGNNPENLNM,mov-ax-imm16-ret,static-candidate,"same 7.1 GetCmdId method identity as verified 26105 anchor + mov ax, imm16; ret"
25326,IBEPABJDIKG,72566,0x11DFE040,AEGNNPENLNM,mov-ax-imm16-ret,static-candidate,"same 7.1 GetCmdId method identity as verified 26105 anchor + mov ax, imm16; ret"
25331,FKANNJFGLMN,77959,0xEBBEEA0,AEGNNPENLNM,mov-ax-imm16-ret,static-candidate,"same 7.1 GetCmdId method identity as verified 26105 anchor + mov ax, imm16; ret"
25334,KLBEEGLHJMJ,79484,0xFC8EFE0,AEGNNPENLNM,mov-ax-imm16-ret,static-candidate,"same 7.1 GetCmdId method identity as verified 26105 anchor + mov ax, imm16; ret"
25342,ENPFKFABOCA,77511,0xBB62D60,AEGNNPENLNM,mov-ax-imm16-ret,static-candidate,"same 7.1 GetCmdId method identity as verified 26105 anchor + mov ax, imm16; ret"
25345,PLLMOIODCFD,36278,0x10CAA500,AEGNNPENLNM,mov-ax-imm16-ret,static-candidate,"same 7.1 GetCmdId method identity as verified 26105 anchor + mov ax, imm16; ret"
25348,JJJGHNOLJHI,36160,0x8E13820,AEGNNPENLNM,mov-ax-imm16-ret,static-candidate,"same 7.1 GetCmdId method identity as verified 26105 anchor + mov ax, imm16; ret"
25350,ICNOKLOGEJP,19673,0x12A5CCE0,AEGNNPENLNM,mov-ax-imm16-ret,static-candidate,"same 7.1 GetCmdId method identity as verified 26105 anchor + mov ax, imm16; ret"
25353,AGNJKAHNKHM,26100,0xBC6EE60,AEGNNPENLNM,mov-ax-imm16-ret,static-candidate,"same 7.1 GetCmdId method identity as verified 26105 anchor + mov ax, imm16; ret"
25354,CELNDEGCJOF,62630,0x79DBFC0,AEGNNPENLNM,mov-ax-imm16-ret,static-candidate,"same 7.1 GetCmdId method identity as verified 26105 anchor + mov ax, imm16; ret"
25357,COAGGDLCAJA,47288,0xBA4AC40,AEGNNPENLNM,mov-ax-imm16-ret,static-candidate,"same 7.1 GetCmdId method identity as verified 26105 anchor + mov ax, imm16; ret"
25358,JLCFDFCJOHO,45829,0x8F3FDE0,AEGNNPENLNM,mov-ax-imm16-ret,static-candidate,"same 7.1 GetCmdId method identity as verified 26105 anchor + mov ax, imm16; ret"
25361,IAEKAPDBJOI,39731,0xD6F2820,AEGNNPENLNM,mov-ax-imm16-ret,static-candidate,"same 7.1 GetCmdId method identity as verified 26105 anchor + mov ax, imm16; ret"
25362,MAGHADLLMGA,57650,0x139DDF70,AEGNNPENLNM,mov-ax-imm16-ret,static-candidate,"same 7.1 GetCmdId method identity as verified 26105 anchor + mov ax, imm16; ret"
25367,NKGBKNIPNFO,25676,0xC589170,AEGNNPENLNM,mov-ax-imm16-ret,static-candidate,"same 7.1 GetCmdId method identity as verified 26105 anchor + mov ax, imm16; ret"
25371,FPALOLCDKIJ,82107,0x736C0D0,AEGNNPENLNM,mov-ax-imm16-ret,static-candidate,"same 7.1 GetCmdId method identity as verified 26105 anchor + mov ax, imm16; ret"
25375,ECDCDBIEIJN,24051,0xA197020,AEGNNPENLNM,mov-ax-imm16-ret,static-candidate,"same 7.1 GetCmdId method identity as verified 26105 anchor + mov ax, imm16; ret"
25380,BDMGKPGEJFL,67835,0x7F53AA0,AEGNNPENLNM,mov-ax-imm16-ret,static-candidate,"same 7.1 GetCmdId method identity as verified 26105 anchor + mov ax, imm16; ret"
25387,JDINOBNOBFI,16134,0x11EBFC30,AEGNNPENLNM,mov-ax-imm16-ret,static-candidate,"same 7.1 GetCmdId method identity as verified 26105 anchor + mov ax, imm16; ret"
25392,KNKMNADEFOJ,22423,0x900D330,AEGNNPENLNM,mov-ax-imm16-ret,static-candidate,"same 7.1 GetCmdId method identity as verified 26105 anchor + mov ax, imm16; ret"
25396,MIKCLBPBNJK,82830,0x10967420,AEGNNPENLNM,mov-ax-imm16-ret,static-candidate,"same 7.1 GetCmdId method identity as verified 26105 anchor + mov ax, imm16; ret"
25397,CJMMJCNPICE,19755,0xAF82E50,AEGNNPENLNM,mov-ax-imm16-ret,static-candidate,"same 7.1 GetCmdId method identity as verified 26105 anchor + mov ax, imm16; ret"
25398,BAFILNMHDOL,26613,0xB1766F0,AEGNNPENLNM,mov-ax-imm16-ret,static-candidate,"same 7.1 GetCmdId method identity as verified 26105 anchor + mov ax, imm16; ret"
25406,GKIGLBGHPHG,46325,0xBE10000,AEGNNPENLNM,mov-ax-imm16-ret,static-candidate,"same 7.1 GetCmdId method identity as verified 26105 anchor + mov ax, imm16; ret"
25407,GEAMLDNCCEP,82921,0x104B5AB0,AEGNNPENLNM,mov-ax-imm16-ret,static-candidate,"same 7.1 GetCmdId method identity as verified 26105 anchor + mov ax, imm16; ret"
25408,KOOAFAAKAGI,71847,0xCD63C20,AEGNNPENLNM,mov-ax-imm16-ret,static-candidate,"same 7.1 GetCmdId method identity as verified 26105 anchor + mov ax, imm16; ret"
25414,ALNCLBHHNOE,78038,0x71BBA40,AEGNNPENLNM,mov-ax-imm16-ret,static-candidate,"same 7.1 GetCmdId method identity as verified 26105 anchor + mov ax, imm16; ret"
25416,NHJPPKLMPAK,66812,0x10AEA210,AEGNNPENLNM,mov-ax-imm16-ret,static-candidate,"same 7.1 GetCmdId method identity as verified 26105 anchor + mov ax, imm16; ret"
25423,IOMHDBAEDNL,22537,0xEEE1AF0,AEGNNPENLNM,mov-ax-imm16-ret,static-candidate,"same 7.1 GetCmdId method identity as verified 26105 anchor + mov ax, imm16; ret"
25426,OCNCLNJHNPM,62919,0xAD6FDA0,AEGNNPENLNM,mov-ax-imm16-ret,static-candidate,"same 7.1 GetCmdId method identity as verified 26105 anchor + mov ax, imm16; ret"
25427,GEOLLGJHGIK,74653,0x110A1A00,AEGNNPENLNM,mov-ax-imm16-ret,static-candidate,"same 7.1 GetCmdId method identity as verified 26105 anchor + mov ax, imm16; ret"
25439,KCJBHJHAFLH,11833,0x9B92D10,AEGNNPENLNM,mov-ax-imm16-ret,static-candidate,"same 7.1 GetCmdId method identity as verified 26105 anchor + mov ax, imm16; ret"
25446,MHKEJPLJIGJ,27607,0x13A2AAE0,AEGNNPENLNM,mov-ax-imm16-ret,static-candidate,"same 7.1 GetCmdId method identity as verified 26105 anchor + mov ax, imm16; ret"
25448,KILMHCMGEKJ,26893,0x11F5D9E0,AEGNNPENLNM,mov-ax-imm16-ret,static-candidate,"same 7.1 GetCmdId method identity as verified 26105 anchor + mov ax, imm16; ret"
25449,FODGCBDCAPM,79292,0x7FFC5F0,AEGNNPENLNM,mov-ax-imm16-ret,static-candidate,"same 7.1 GetCmdId method identity as verified 26105 anchor + mov ax, imm16; ret"
25450,BDGLIJNGOCN,44563,0xCDAC8D0,AEGNNPENLNM,mov-ax-imm16-ret,static-candidate,"same 7.1 GetCmdId method identity as verified 26105 anchor + mov ax, imm16; ret"
25455,LMNNDKLIGIC,79521,0x12CE8B50,AEGNNPENLNM,mov-ax-imm16-ret,static-candidate,"same 7.1 GetCmdId method identity as verified 26105 anchor + mov ax, imm16; ret"
25459,MPAGAPIGDPC,35283,0x1099E6F0,AEGNNPENLNM,mov-ax-imm16-ret,static-candidate,"same 7.1 GetCmdId method identity as verified 26105 anchor + mov ax, imm16; ret"
25465,NOEGCPHCKOO,24657,0xC5BC2C0,AEGNNPENLNM,mov-ax-imm16-ret,static-candidate,"same 7.1 GetCmdId method identity as verified 26105 anchor + mov ax, imm16; ret"
25466,JNJLCNNIMGA,43308,0xB3EF050,AEGNNPENLNM,mov-ax-imm16-ret,static-candidate,"same 7.1 GetCmdId method identity as verified 26105 anchor + mov ax, imm16; ret"
25481,NIPOHCIDJDA,73163,0x1301C390,AEGNNPENLNM,mov-ax-imm16-ret,static-candidate,"same 7.1 GetCmdId method identity as verified 26105 anchor + mov ax, imm16; ret"
25488,PDFOJMKBJBO,76408,0xE7C7620,AEGNNPENLNM,mov-ax-imm16-ret,static-candidate,"same 7.1 GetCmdId method identity as verified 26105 anchor + mov ax, imm16; ret"
25495,HMPBOGHGLBK,71625,0x11181950,AEGNNPENLNM,mov-ax-imm16-ret,static-candidate,"same 7.1 GetCmdId method identity as verified 26105 anchor + mov ax, imm16; ret"
25503,BJOHDBNLKMB,26726,0x923BE20,AEGNNPENLNM,mov-ax-imm16-ret,static-candidate,"same 7.1 GetCmdId method identity as verified 26105 anchor + mov ax, imm16; ret"
25504,FKGFMJBDKEH,49368,0xBBDC310,AEGNNPENLNM,mov-ax-imm16-ret,static-candidate,"same 7.1 GetCmdId method identity as verified 26105 anchor + mov ax, imm16; ret"
25508,AEOIPMHOAPB,56826,0xEB104A0,AEGNNPENLNM,mov-ax-imm16-ret,static-candidate,"same 7.1 GetCmdId method identity as verified 26105 anchor + mov ax, imm16; ret"
25511,FADFBAOJAOL,66698,0x1037CB20,AEGNNPENLNM,mov-ax-imm16-ret,static-candidate,"same 7.1 GetCmdId method identity as verified 26105 anchor + mov ax, imm16; ret"
25519,NDEFOBCDIDI,13229,0xD036930,AEGNNPENLNM,mov-ax-imm16-ret,static-candidate,"same 7.1 GetCmdId method identity as verified 26105 anchor + mov ax, imm16; ret"
25522,NCGKFAKIFDI,12299,0x10AAB1C0,AEGNNPENLNM,mov-ax-imm16-ret,static-candidate,"same 7.1 GetCmdId method identity as verified 26105 anchor + mov ax, imm16; ret"
25523,PCALECCGOBA,46657,0xB8D9960,AEGNNPENLNM,mov-ax-imm16-ret,static-candidate,"same 7.1 GetCmdId method identity as verified 26105 anchor + mov ax, imm16; ret"
25524,GGFNKLDBBAP,34645,0x12930420,AEGNNPENLNM,mov-ax-imm16-ret,static-candidate,"same 7.1 GetCmdId method identity as verified 26105 anchor + mov ax, imm16; ret"
25528,HDALMBEENLP,71290,0x10542850,AEGNNPENLNM,mov-ax-imm16-ret,static-candidate,"same 7.1 GetCmdId method identity as verified 26105 anchor + mov ax, imm16; ret"
25531,KPEAILCCMPH,40042,0xF088930,AEGNNPENLNM,mov-ax-imm16-ret,static-candidate,"same 7.1 GetCmdId method identity as verified 26105 anchor + mov ax, imm16; ret"
25532,KKFPANFDEOK,59366,0xE3C5310,AEGNNPENLNM,mov-ax-imm16-ret,static-candidate,"same 7.1 GetCmdId method identity as verified 26105 anchor + mov ax, imm16; ret"
25535,GOBDANNDIEI,16873,0x129A13B0,AEGNNPENLNM,mov-ax-imm16-ret,static-candidate,"same 7.1 GetCmdId method identity as verified 26105 anchor + mov ax, imm16; ret"
25536,EHDODDHKPAO,19864,0x10320420,AEGNNPENLNM,mov-ax-imm16-ret,static-candidate,"same 7.1 GetCmdId method identity as verified 26105 anchor + mov ax, imm16; ret"
25537,MJADBKEPOFO,55544,0xCEC67B0,AEGNNPENLNM,mov-ax-imm16-ret,static-candidate,"same 7.1 GetCmdId method identity as verified 26105 anchor + mov ax, imm16; ret"
25538,PPFBGNHJIPE,74313,0xF4FB000,AEGNNPENLNM,mov-ax-imm16-ret,static-candidate,"same 7.1 GetCmdId method identity as verified 26105 anchor + mov ax, imm16; ret"
25541,FBLPHHHDELO,37769,0x72E7070,AEGNNPENLNM,mov-ax-imm16-ret,static-candidate,"same 7.1 GetCmdId method identity as verified 26105 anchor + mov ax, imm16; ret"
25548,PBLCJCEFBJO,12103,0xE7BCED0,AEGNNPENLNM,mov-ax-imm16-ret,static-candidate,"same 7.1 GetCmdId method identity as verified 26105 anchor + mov ax, imm16; ret"
25549,HKPEMJIHNJM,57067,0x98E72D0,AEGNNPENLNM,mov-ax-imm16-ret,static-candidate,"same 7.1 GetCmdId method identity as verified 26105 anchor + mov ax, imm16; ret"
25550,FMKPADBEICL,38190,0xD4A98F0,AEGNNPENLNM,mov-ax-imm16-ret,static-candidate,"same 7.1 GetCmdId method identity as verified 26105 anchor + mov ax, imm16; ret"
25551,CNIPPMIONOG,86708,0x9521000,AEGNNPENLNM,mov-ax-imm16-ret,static-candidate,"same 7.1 GetCmdId method identity as verified 26105 anchor + mov ax, imm16; ret"
25555,JCLLEMOHPEL,28500,0xA8A9360,AEGNNPENLNM,mov-ax-imm16-ret,static-candidate,"same 7.1 GetCmdId method identity as verified 26105 anchor + mov ax, imm16; ret"
25556,LCPEDCBJNJD,50483,0xFCF4780,AEGNNPENLNM,mov-ax-imm16-ret,static-candidate,"same 7.1 GetCmdId method identity as verified 26105 anchor + mov ax, imm16; ret"
25560,PHHNPKEHPCM,48201,0x1013B580,AEGNNPENLNM,mov-ax-imm16-ret,static-candidate,"same 7.1 GetCmdId method identity as verified 26105 anchor + mov ax, imm16; ret"
25561,OMOJPHCHPCE,86721,0x93B16C0,AEGNNPENLNM,mov-ax-imm16-ret,static-candidate,"same 7.1 GetCmdId method identity as verified 26105 anchor + mov ax, imm16; ret"
25567,DBNMIKBJIPE,66061,0x1252BA60,AEGNNPENLNM,mov-ax-imm16-ret,static-candidate,"same 7.1 GetCmdId method identity as verified 26105 anchor + mov ax, imm16; ret"
25569,EJJMICBHGID,43984,0x14016960,AEGNNPENLNM,mov-ax-imm16-ret,static-candidate,"same 7.1 GetCmdId method identity as verified 26105 anchor + mov ax, imm16; ret"
25572,COBCGADEHAA,83842,0x13EED100,AEGNNPENLNM,mov-ax-imm16-ret,static-candidate,"same 7.1 GetCmdId method identity as verified 26105 anchor + mov ax, imm16; ret"
25574,KHIOGELKKNO,70948,0xB444A70,AEGNNPENLNM,mov-ax-imm16-ret,static-candidate,"same 7.1 GetCmdId method identity as verified 26105 anchor + mov ax, imm16; ret"
25575,PFBBGOKPACP,19392,0x13DBD590,AEGNNPENLNM,mov-ax-imm16-ret,static-candidate,"same 7.1 GetCmdId method identity as verified 26105 anchor + mov ax, imm16; ret"
25577,KOJIKGCKNME,37763,0x7799210,AEGNNPENLNM,mov-ax-imm16-ret,static-candidate,"same 7.1 GetCmdId method identity as verified 26105 anchor + mov ax, imm16; ret"
25579,NDPFEPEBKEM,37365,0xFF5C3E0,AEGNNPENLNM,mov-ax-imm16-ret,static-candidate,"same 7.1 GetCmdId method identity as verified 26105 anchor + mov ax, imm16; ret"
25603,DMBOOAOHBPK,84655,0xA164690,AEGNNPENLNM,mov-ax-imm16-ret,static-candidate,"same 7.1 GetCmdId method identity as verified 26105 anchor + mov ax, imm16; ret"
25604,NOHEFEDEBAG,40630,0x122E6720,AEGNNPENLNM,mov-ax-imm16-ret,static-candidate,"same 7.1 GetCmdId method identity as verified 26105 anchor + mov ax, imm16; ret"
25607,GOLKNOALGNK,38383,0xF93A350,AEGNNPENLNM,mov-ax-imm16-ret,static-candidate,"same 7.1 GetCmdId method identity as verified 26105 anchor + mov ax, imm16; ret"
25609,JFLJCDKFODP,63740,0xEF329F0,AEGNNPENLNM,mov-ax-imm16-ret,static-candidate,"same 7.1 GetCmdId method identity as verified 26105 anchor + mov ax, imm16; ret"
25611,FMDCIALMNDH,53445,0xEBCD210,AEGNNPENLNM,mov-ax-imm16-ret,static-candidate,"same 7.1 GetCmdId method identity as verified 26105 anchor + mov ax, imm16; ret"
25613,OIHKGBIMAKH,84324,0x7BBFAF0,AEGNNPENLNM,mov-ax-imm16-ret,static-candidate,"same 7.1 GetCmdId method identity as verified 26105 anchor + mov ax, imm16; ret"
25616,MECBFMKLPMP,76959,0x13A08FF0,AEGNNPENLNM,mov-ax-imm16-ret,static-candidate,"same 7.1 GetCmdId method identity as verified 26105 anchor + mov ax, imm16; ret"
25618,IOODKDGICJG,15864,0x12ACB0E0,AEGNNPENLNM,mov-ax-imm16-ret,static-candidate,"same 7.1 GetCmdId method identity as verified 26105 anchor + mov ax, imm16; ret"
25621,HHEHFFELHLK,26244,0xEDAAE90,AEGNNPENLNM,mov-ax-imm16-ret,static-candidate,"same 7.1 GetCmdId method identity as verified 26105 anchor + mov ax, imm16; ret"
25624,NLAFAAOALIO,15196,0xC58BA40,AEGNNPENLNM,mov-ax-imm16-ret,static-candidate,"same 7.1 GetCmdId method identity as verified 26105 anchor + mov ax, imm16; ret"
25628,KHDANEIKOMC,37808,0xC13D3F0,AEGNNPENLNM,mov-ax-imm16-ret,static-candidate,"same 7.1 GetCmdId method identity as verified 26105 anchor + mov ax, imm16; ret"
25629,DKBLDIDPFCJ,88575,0x7EA4A60,AEGNNPENLNM,mov-ax-imm16-ret,static-candidate,"same 7.1 GetCmdId method identity as verified 26105 anchor + mov ax, imm16; ret"
25630,DDCMLFPOAAC,58162,0xF5E4560,AEGNNPENLNM,mov-ax-imm16-ret,static-candidate,"same 7.1 GetCmdId method identity as verified 26105 anchor + mov ax, imm16; ret"
25632,ONHJGKPFAOI,28510,0xE79BFC0,AEGNNPENLNM,mov-ax-imm16-ret,static-candidate,"same 7.1 GetCmdId method identity as verified 26105 anchor + mov ax, imm16; ret"
25633,OADPKDDKBLN,14368,0x10045290,AEGNNPENLNM,mov-ax-imm16-ret,static-candidate,"same 7.1 GetCmdId method identity as verified 26105 anchor + mov ax, imm16; ret"
25638,BEJAOOMOBAK,18547,0x97359D0,AEGNNPENLNM,mov-ax-imm16-ret,static-candidate,"same 7.1 GetCmdId method identity as verified 26105 anchor + mov ax, imm16; ret"
25639,JEMANKADGAO,32921,0x1125B700,AEGNNPENLNM,mov-ax-imm16-ret,static-candidate,"same 7.1 GetCmdId method identity as verified 26105 anchor + mov ax, imm16; ret"
25648,NJGONIJBIHH,28791,0x7B34790,AEGNNPENLNM,mov-ax-imm16-ret,static-candidate,"same 7.1 GetCmdId method identity as verified 26105 anchor + mov ax, imm16; ret"
25649,GDGCBNBAOOG,20276,0xBDC5780,AEGNNPENLNM,mov-ax-imm16-ret,static-candidate,"same 7.1 GetCmdId method identity as verified 26105 anchor + mov ax, imm16; ret"
25650,LKACNOCAHKC,48626,0x108A28D0,AEGNNPENLNM,mov-ax-imm16-ret,static-candidate,"same 7.1 GetCmdId method identity as verified 26105 anchor + mov ax, imm16; ret"
25652,MKCNPEKKHNK,38205,0xFDB8250,AEGNNPENLNM,mov-ax-imm16-ret,static-candidate,"same 7.1 GetCmdId method identity as verified 26105 anchor + mov ax, imm16; ret"
25653,JADIBAHECDK,56690,0x7639340,AEGNNPENLNM,mov-ax-imm16-ret,static-candidate,"same 7.1 GetCmdId method identity as verified 26105 anchor + mov ax, imm16; ret"
25654,FNOJJLIIMLA,38995,0xF87BD00,AEGNNPENLNM,mov-ax-imm16-ret,static-candidate,"same 7.1 GetCmdId method identity as verified 26105 anchor + mov ax, imm16; ret"
25657,AAFONGCBNHM,62833,0xEAB2DA0,AEGNNPENLNM,mov-ax-imm16-ret,static-candidate,"same 7.1 GetCmdId method identity as verified 26105 anchor + mov ax, imm16; ret"
25660,LLOBNIDOCFC,79502,0xB4F5830,AEGNNPENLNM,mov-ax-imm16-ret,static-candidate,"same 7.1 GetCmdId method identity as verified 26105 anchor + mov ax, imm16; ret"
25669,GBHJOGKEENE,57729,0x135961D0,AEGNNPENLNM,mov-ax-imm16-ret,static-candidate,"same 7.1 GetCmdId method identity as verified 26105 anchor + mov ax, imm16; ret"
25673,KPFMPBNMLAN,40151,0xF0892E0,AEGNNPENLNM,mov-ax-imm16-ret,static-candidate,"same 7.1 GetCmdId method identity as verified 26105 anchor + mov ax, imm16; ret"
25674,KJIKGJGIEKK,20599,0xE3C14F0,AEGNNPENLNM,mov-ax-imm16-ret,static-candidate,"same 7.1 GetCmdId method identity as verified 26105 anchor + mov ax, imm16; ret"
25675,BBLLNBKAPMM,79108,0x11382840,AEGNNPENLNM,mov-ax-imm16-ret,static-candidate,"same 7.1 GetCmdId method identity as verified 26105 anchor + mov ax, imm16; ret"
25676,LDMJHNBHNNG,12018,0x11408760,AEGNNPENLNM,mov-ax-imm16-ret,static-candidate,"same 7.1 GetCmdId method identity as verified 26105 anchor + mov ax, imm16; ret"
25680,CAANKMJHOOL,31621,0xE8127D0,AEGNNPENLNM,mov-ax-imm16-ret,static-candidate,"same 7.1 GetCmdId method identity as verified 26105 anchor + mov ax, imm16; ret"
25681,MJJGPOBKOID,41566,0xE540750,AEGNNPENLNM,mov-ax-imm16-ret,static-candidate,"same 7.1 GetCmdId method identity as verified 26105 anchor + mov ax, imm16; ret"
25683,KLDJPDKAMPN,69731,0x9BE8660,AEGNNPENLNM,mov-ax-imm16-ret,static-candidate,"same 7.1 GetCmdId method identity as verified 26105 anchor + mov ax, imm16; ret"
25688,ELGJKJDEBEB,32874,0x125DB560,AEGNNPENLNM,mov-ax-imm16-ret,static-candidate,"same 7.1 GetCmdId method identity as verified 26105 anchor + mov ax, imm16; ret"
25691,EAPBKNJFODF,54325,0x1259CF00,AEGNNPENLNM,mov-ax-imm16-ret,static-candidate,"same 7.1 GetCmdId method identity as verified 26105 anchor + mov ax, imm16; ret"
25697,LEJKAIPANKA,70615,0x7817770,AEGNNPENLNM,mov-ax-imm16-ret,static-candidate,"same 7.1 GetCmdId method identity as verified 26105 anchor + mov ax, imm16; ret"
25699,KMPLLGCPIIF,44421,0xCD55A30,AEGNNPENLNM,mov-ax-imm16-ret,static-candidate,"same 7.1 GetCmdId method identity as verified 26105 anchor + mov ax, imm16; ret"
25700,OPHBIBPHOJE,87141,0xE7AF9A0,AEGNNPENLNM,mov-ax-imm16-ret,static-candidate,"same 7.1 GetCmdId method identity as verified 26105 anchor + mov ax, imm16; ret"
25701,NCKJDALEHKI,13689,0xFF51E60,AEGNNPENLNM,mov-ax-imm16-ret,static-candidate,"same 7.1 GetCmdId method identity as verified 26105 anchor + mov ax, imm16; ret"
25707,PHBHCEAPHIH,31542,0xADF0760,AEGNNPENLNM,mov-ax-imm16-ret,static-candidate,"same 7.1 GetCmdId method identity as verified 26105 anchor + mov ax, imm16; ret"
25708,GDOJHFEKDPP,17062,0xB1A6560,AEGNNPENLNM,mov-ax-imm16-ret,static-candidate,"same 7.1 GetCmdId method identity as verified 26105 anchor + mov ax, imm16; ret"
25714,PCJBCPNNFEE,18618,0x7C1FB20,AEGNNPENLNM,mov-ax-imm16-ret,static-candidate,"same 7.1 GetCmdId method identity as verified 26105 anchor + mov ax, imm16; ret"
25716,BFFDODJEDCH,77961,0xB52AC20,AEGNNPENLNM,mov-ax-imm16-ret,static-candidate,"same 7.1 GetCmdId method identity as verified 26105 anchor + mov ax, imm16; ret"
25724,JCMPFGJBLIB,58013,0x81AEFF0,AEGNNPENLNM,mov-ax-imm16-ret,static-candidate,"same 7.1 GetCmdId method identity as verified 26105 anchor + mov ax, imm16; ret"
25725,HMKCOFBFCJE,87162,0x8CF78A0,AEGNNPENLNM,mov-ax-imm16-ret,static-candidate,"same 7.1 GetCmdId method identity as verified 26105 anchor + mov ax, imm16; ret"
25726,IFCLKGBILOP,80458,0x136F6F40,AEGNNPENLNM,mov-ax-imm16-ret,static-candidate,"same 7.1 GetCmdId method identity as verified 26105 anchor + mov ax, imm16; ret"
25730,IIDHGIGAADN,38833,0xFA72680,AEGNNPENLNM,mov-ax-imm16-ret,static-candidate,"same 7.1 GetCmdId method identity as verified 26105 anchor + mov ax, imm16; ret"
25732,FEGOLKPBPOM,72215,0xBD48A10,AEGNNPENLNM,mov-ax-imm16-ret,static-candidate,"same 7.1 GetCmdId method identity as verified 26105 anchor + mov ax, imm16; ret"
25734,EOFLFAHPIFB,39494,0x72C9830,AEGNNPENLNM,mov-ax-imm16-ret,static-candidate,"same 7.1 GetCmdId method identity as verified 26105 anchor + mov ax, imm16; ret"
25737,AMMNICIAJNG,12829,0xEB54360,AEGNNPENLNM,mov-ax-imm16-ret,static-candidate,"same 7.1 GetCmdId method identity as verified 26105 anchor + mov ax, imm16; ret"
25742,JIGKILPGGKG,20933,0x12B85E40,AEGNNPENLNM,mov-ax-imm16-ret,static-candidate,"same 7.1 GetCmdId method identity as verified 26105 anchor + mov ax, imm16; ret"
25745,LEAEMCJNMIH,26370,0x9C3A8E0,AEGNNPENLNM,mov-ax-imm16-ret,static-candidate,"same 7.1 GetCmdId method identity as verified 26105 anchor + mov ax, imm16; ret"
25747,JDLACDJPNFK,61878,0xFB1DFF0,AEGNNPENLNM,mov-ax-imm16-ret,static-candidate,"same 7.1 GetCmdId method identity as verified 26105 anchor + mov ax, imm16; ret"
25748,DPJCPDNPNOP,64319,0x7213250,AEGNNPENLNM,mov-ax-imm16-ret,static-candidate,"same 7.1 GetCmdId method identity as verified 26105 anchor + mov ax, imm16; ret"
25755,LCFLHFHDCEM,88323,0xA9F08C0,AEGNNPENLNM,mov-ax-imm16-ret,static-candidate,"same 7.1 GetCmdId method identity as verified 26105 anchor + mov ax, imm16; ret"
25763,LHKEKLLOJAO,58739,0x83BD710,AEGNNPENLNM,mov-ax-imm16-ret,static-candidate,"same 7.1 GetCmdId method identity as verified 26105 anchor + mov ax, imm16; ret"
25765,BKBEELEENOA,85505,0x9B355C0,AEGNNPENLNM,mov-ax-imm16-ret,static-candidate,"same 7.1 GetCmdId method identity as verified 26105 anchor + mov ax, imm16; ret"
25766,EOBLHBJJDDJ,60672,0xA235AF0,AEGNNPENLNM,mov-ax-imm16-ret,static-candidate,"same 7.1 GetCmdId method identity as verified 26105 anchor + mov ax, imm16; ret"
25770,PMFOAIIAJLK,56513,0xA051DB0,AEGNNPENLNM,mov-ax-imm16-ret,static-candidate,"same 7.1 GetCmdId method identity as verified 26105 anchor + mov ax, imm16; ret"
25771,BLHDBDOPNPD,52407,0xB5680C0,AEGNNPENLNM,mov-ax-imm16-ret,static-candidate,"same 7.1 GetCmdId method identity as verified 26105 anchor + mov ax, imm16; ret"
25774,JHGNJBFODHB,11782,0x137CA810,AEGNNPENLNM,mov-ax-imm16-ret,static-candidate,"same 7.1 GetCmdId method identity as verified 26105 anchor + mov ax, imm16; ret"
25775,KJDADJEAGEA,36007,0xFC85B70,AEGNNPENLNM,mov-ax-imm16-ret,static-candidate,"same 7.1 GetCmdId method identity as verified 26105 anchor + mov ax, imm16; ret"
25784,LIABJHHHOOL,47290,0x1142D380,AEGNNPENLNM,mov-ax-imm16-ret,static-candidate,"same 7.1 GetCmdId method identity as verified 26105 anchor + mov ax, imm16; ret"
25788,IHKIOEMMBAM,35393,0x1060A3C0,AEGNNPENLNM,mov-ax-imm16-ret,static-candidate,"same 7.1 GetCmdId method identity as verified 26105 anchor + mov ax, imm16; ret"
25794,AKJDKALFHFF,25665,0xAB96320,AEGNNPENLNM,mov-ax-imm16-ret,static-candidate,"same 7.1 GetCmdId method identity as verified 26105 anchor + mov ax, imm16; ret"
25799,KDMGDNADAHA,30335,0x1072D850,AEGNNPENLNM,mov-ax-imm16-ret,static-candidate,"same 7.1 GetCmdId method identity as verified 26105 anchor + mov ax, imm16; ret"
25800,HIEGLCNPLNN,49554,0x11D93840,AEGNNPENLNM,mov-ax-imm16-ret,static-candidate,"same 7.1 GetCmdId method identity as verified 26105 anchor + mov ax, imm16; ret"
25811,DNKEMOAOEAG,29094,0xBAD4860,AEGNNPENLNM,mov-ax-imm16-ret,static-candidate,"same 7.1 GetCmdId method identity as verified 26105 anchor + mov ax, imm16; ret"
25812,NNCEGAHMNEC,62516,0xD0E9260,AEGNNPENLNM,mov-ax-imm16-ret,static-candidate,"same 7.1 GetCmdId method identity as verified 26105 anchor + mov ax, imm16; ret"
25819,AFLDPJDBDPK,59372,0xBC4DF90,AEGNNPENLNM,mov-ax-imm16-ret,static-candidate,"same 7.1 GetCmdId method identity as verified 26105 anchor + mov ax, imm16; ret"
25823,DBLJHALEHFB,84091,0xAFEAE50,AEGNNPENLNM,mov-ax-imm16-ret,static-candidate,"same 7.1 GetCmdId method identity as verified 26105 anchor + mov ax, imm16; ret"
25827,BACEDMPLPCO,60678,0x71D57C0,AEGNNPENLNM,mov-ax-imm16-ret,static-candidate,"same 7.1 GetCmdId method identity as verified 26105 anchor + mov ax, imm16; ret"
25828,JBDPEHJEJHL,31781,0x1376B1B0,AEGNNPENLNM,mov-ax-imm16-ret,static-candidate,"same 7.1 GetCmdId method identity as verified 26105 anchor + mov ax, imm16; ret"
25835,IHMOFMDLGEE,48461,0xFA180B0,AEGNNPENLNM,mov-ax-imm16-ret,static-candidate,"same 7.1 GetCmdId method identity as verified 26105 anchor + mov ax, imm16; ret"
25838,PJENPJCLMOD,59605,0xD256570,AEGNNPENLNM,mov-ax-imm16-ret,static-candidate,"same 7.1 GetCmdId method identity as verified 26105 anchor + mov ax, imm16; ret"
25842,GLKDBGGMIPM,21349,0x805CA10,AEGNNPENLNM,mov-ax-imm16-ret,static-candidate,"same 7.1 GetCmdId method identity as verified 26105 anchor + mov ax, imm16; ret"
25846,KBPDPPGPEJP,77473,0x11F28840,AEGNNPENLNM,mov-ax-imm16-ret,static-candidate,"same 7.1 GetCmdId method identity as verified 26105 anchor + mov ax, imm16; ret"
25847,HLJJJAMJBLA,71689,0x74DF890,AEGNNPENLNM,mov-ax-imm16-ret,static-candidate,"same 7.1 GetCmdId method identity as verified 26105 anchor + mov ax, imm16; ret"
25848,OCNJLNBEJAC,18288,0x9346C20,AEGNNPENLNM,mov-ax-imm16-ret,static-candidate,"same 7.1 GetCmdId method identity as verified 26105 anchor + mov ax, imm16; ret"
25851,GMBBLNKOKAF,37810,0x104F5A20,AEGNNPENLNM,mov-ax-imm16-ret,static-candidate,"same 7.1 GetCmdId method identity as verified 26105 anchor + mov ax, imm16; ret"
25853,GBBKAFFALKD,47308,0xA5017C0,AEGNNPENLNM,mov-ax-imm16-ret,static-candidate,"same 7.1 GetCmdId method identity as verified 26105 anchor + mov ax, imm16; ret"
25857,JPNDJNGOJIC,23360,0xC0EA4B0,AEGNNPENLNM,mov-ax-imm16-ret,static-candidate,"same 7.1 GetCmdId method identity as verified 26105 anchor + mov ax, imm16; ret"
25863,PANHBGMPCEC,78371,0x123E48E0,AEGNNPENLNM,mov-ax-imm16-ret,static-candidate,"same 7.1 GetCmdId method identity as verified 26105 anchor + mov ax, imm16; ret"
25876,BLMNNPGIJIJ,62293,0xAEF9D90,AEGNNPENLNM,mov-ax-imm16-ret,static-candidate,"same 7.1 GetCmdId method identity as verified 26105 anchor + mov ax, imm16; ret"
25878,JLKLNHBEGDI,24263,0x1381A4F0,AEGNNPENLNM,mov-ax-imm16-ret,static-candidate,"same 7.1 GetCmdId method identity as verified 26105 anchor + mov ax, imm16; ret"
25882,AIBCKGPIBLD,61639,0xD4F9040,AEGNNPENLNM,mov-ax-imm16-ret,static-candidate,"same 7.1 GetCmdId method identity as verified 26105 anchor + mov ax, imm16; ret"
25884,BNDEIMBBDHC,66254,0xC4A1E70,AEGNNPENLNM,mov-ax-imm16-ret,static-candidate,"same 7.1 GetCmdId method identity as verified 26105 anchor + mov ax, imm16; ret"
25890,IADINMLKFJD,64645,0x80ED8A0,AEGNNPENLNM,mov-ax-imm16-ret,static-candidate,"same 7.1 GetCmdId method identity as verified 26105 anchor + mov ax, imm16; ret"
25894,EPAOCABNOIC,34587,0x89F22C0,AEGNNPENLNM,mov-ax-imm16-ret,static-candidate,"same 7.1 GetCmdId method identity as verified 26105 anchor + mov ax, imm16; ret"
25902,CNHCNOGBKAH,58893,0x87FDB80,AEGNNPENLNM,mov-ax-imm16-ret,static-candidate,"same 7.1 GetCmdId method identity as verified 26105 anchor + mov ax, imm16; ret"
25909,FABFAHFBCKA,82369,0xF74B770,AEGNNPENLNM,mov-ax-imm16-ret,static-candidate,"same 7.1 GetCmdId method identity as verified 26105 anchor + mov ax, imm16; ret"
25910,FNCLFOCPLBM,20698,0xBBE7E20,AEGNNPENLNM,mov-ax-imm16-ret,static-candidate,"same 7.1 GetCmdId method identity as verified 26105 anchor + mov ax, imm16; ret"
25911,ONMPICGJHHP,76839,0xC65C0B0,AEGNNPENLNM,mov-ax-imm16-ret,static-candidate,"same 7.1 GetCmdId method identity as verified 26105 anchor + mov ax, imm16; ret"
25916,HMGCFGHCJLP,50922,0xCB38DC0,AEGNNPENLNM,mov-ax-imm16-ret,static-candidate,"same 7.1 GetCmdId method identity as verified 26105 anchor + mov ax, imm16; ret"
25918,MCHEMHNODKN,72263,0x909C750,AEGNNPENLNM,mov-ax-imm16-ret,static-candidate,"same 7.1 GetCmdId method identity as verified 26105 anchor + mov ax, imm16; ret"
25919,PJLPONMJHEK,26772,0x12425C60,AEGNNPENLNM,mov-ax-imm16-ret,static-candidate,"same 7.1 GetCmdId method identity as verified 26105 anchor + mov ax, imm16; ret"
25924,OJPHJNLDNIM,43432,0xC63CA20,AEGNNPENLNM,mov-ax-imm16-ret,static-candidate,"same 7.1 GetCmdId method identity as verified 26105 anchor + mov ax, imm16; ret"
25934,BHBGFGFJPNJ,86015,0x75C3B80,AEGNNPENLNM,mov-ax-imm16-ret,static-candidate,"same 7.1 GetCmdId method identity as verified 26105 anchor + mov ax, imm16; ret"
25935,AOOBHPNCGIC,47167,0xBCB4F10,AEGNNPENLNM,mov-ax-imm16-ret,static-candidate,"same 7.1 GetCmdId method identity as verified 26105 anchor + mov ax, imm16; ret"
25942,FGNPMMMBLOE,76594,0x12629F50,AEGNNPENLNM,mov-ax-imm16-ret,static-candidate,"same 7.1 GetCmdId method identity as verified 26105 anchor + mov ax, imm16; ret"
25947,AJLFPLDJAIP,36922,0xF7C4630,AEGNNPENLNM,mov-ax-imm16-ret,static-candidate,"same 7.1 GetCmdId method identity as verified 26105 anchor + mov ax, imm16; ret"
25949,HJBJACMHHLN,73219,0x1113F360,AEGNNPENLNM,mov-ax-imm16-ret,static-candidate,"same 7.1 GetCmdId method identity as verified 26105 anchor + mov ax, imm16; ret"
25956,DBDCADAHJBF,17467,0x119CCEE0,AEGNNPENLNM,mov-ax-imm16-ret,static-candidate,"same 7.1 GetCmdId method identity as verified 26105 anchor + mov ax, imm16; ret"
25959,FFFBKIKCAHA,64690,0x8B4F920,AEGNNPENLNM,mov-ax-imm16-ret,static-candidate,"same 7.1 GetCmdId method identity as verified 26105 anchor + mov ax, imm16; ret"
25960,KAFKLMMJCKF,45752,0xB40C630,AEGNNPENLNM,mov-ax-imm16-ret,static-candidate,"same 7.1 GetCmdId method identity as verified 26105 anchor + mov ax, imm16; ret"
25967,PBHNBEGLJGO,67118,0x93D2340,AEGNNPENLNM,mov-ax-imm16-ret,static-candidate,"same 7.1 GetCmdId method identity as verified 26105 anchor + mov ax, imm16; ret"
25970,GHHBGFGOFLN,53141,0x135DE410,AEGNNPENLNM,mov-ax-imm16-ret,static-candidate,"same 7.1 GetCmdId method identity as verified 26105 anchor + mov ax, imm16; ret"
25974,GGGFGLHEGCP,81158,0xA543910,AEGNNPENLNM,mov-ax-imm16-ret,static-candidate,"same 7.1 GetCmdId method identity as verified 26105 anchor + mov ax, imm16; ret"
25976,MANCKFBEJCE,83448,0xF155260,AEGNNPENLNM,mov-ax-imm16-ret,static-candidate,"same 7.1 GetCmdId method identity as verified 26105 anchor + mov ax, imm16; ret"
25978,HMHDIONOFOG,62482,0x8CF7530,AEGNNPENLNM,mov-ax-imm16-ret,static-candidate,"same 7.1 GetCmdId method identity as verified 26105 anchor + mov ax, imm16; ret"
25984,HEGGNCAGJGP,88023,0x11112660,AEGNNPENLNM,mov-ax-imm16-ret,static-candidate,"same 7.1 GetCmdId method identity as verified 26105 anchor + mov ax, imm16; ret"
25985,HPGJKMGAFJE,72168,0x111A2520,AEGNNPENLNM,mov-ax-imm16-ret,static-candidate,"same 7.1 GetCmdId method identity as verified 26105 anchor + mov ax, imm16; ret"
25986,MJEKEPMCDFF,60884,0x7927080,AEGNNPENLNM,mov-ax-imm16-ret,static-candidate,"same 7.1 GetCmdId method identity as verified 26105 anchor + mov ax, imm16; ret"
25987,DCBEKALDHIB,50329,0x10D89030,AEGNNPENLNM,mov-ax-imm16-ret,static-candidate,"same 7.1 GetCmdId method identity as verified 26105 anchor + mov ax, imm16; ret"
25989,BPHKAIOJBJN,68293,0xE80B820,AEGNNPENLNM,mov-ax-imm16-ret,static-candidate,"same 7.1 GetCmdId method identity as verified 26105 anchor + mov ax, imm16; ret"
25993,KACKCAELPFP,55162,0x770A9E0,AEGNNPENLNM,mov-ax-imm16-ret,static-candidate,"same 7.1 GetCmdId method identity as verified 26105 anchor + mov ax, imm16; ret"
25999,NALLBCKGJCD,45085,0x122577E0,AEGNNPENLNM,mov-ax-imm16-ret,static-candidate,"same 7.1 GetCmdId method identity as verified 26105 anchor + mov ax, imm16; ret"
26004,GBAEBLHFIPP,67178,0xBC08270,AEGNNPENLNM,mov-ax-imm16-ret,static-candidate,"same 7.1 GetCmdId method identity as verified 26105 anchor + mov ax, imm16; ret"
26005,EABCNANDBPH,41335,0x125953B0,AEGNNPENLNM,mov-ax-imm16-ret,static-candidate,"same 7.1 GetCmdId method identity as verified 26105 anchor + mov ax, imm16; ret"
26006,CGOHCIEMFCD,56196,0x94E2810,AEGNNPENLNM,mov-ax-imm16-ret,static-candidate,"same 7.1 GetCmdId method identity as verified 26105 anchor + mov ax, imm16; ret"
26007,KDJHICAGKIH,81674,0xFC37FD0,AEGNNPENLNM,mov-ax-imm16-ret,static-candidate,"same 7.1 GetCmdId method identity as verified 26105 anchor + mov ax, imm16; ret"
26013,CLBJMIKHOEJ,19106,0x133B3F70,AEGNNPENLNM,mov-ax-imm16-ret,static-candidate,"same 7.1 GetCmdId method identity as verified 26105 anchor + mov ax, imm16; ret"
26014,EFALJPBMJFN,71237,0xB0B9F40,AEGNNPENLNM,mov-ax-imm16-ret,static-candidate,"same 7.1 GetCmdId method identity as verified 26105 anchor + mov ax, imm16; ret"
26016,CBKFKMFMNHI,84800,0xE81A060,AEGNNPENLNM,mov-ax-imm16-ret,static-candidate,"same 7.1 GetCmdId method identity as verified 26105 anchor + mov ax, imm16; ret"
26017,PKFKLEKJMOK,27756,0xD257D30,AEGNNPENLNM,mov-ax-imm16-ret,static-candidate,"same 7.1 GetCmdId method identity as verified 26105 anchor + mov ax, imm16; ret"
26018,AEOGCMMLHNC,83700,0x134611A0,AEGNNPENLNM,mov-ax-imm16-ret,static-candidate,"same 7.1 GetCmdId method identity as verified 26105 anchor + mov ax, imm16; ret"
26022,ABGLPDNLBJJ,18701,0xA30FD30,AEGNNPENLNM,mov-ax-imm16-ret,static-candidate,"same 7.1 GetCmdId method identity as verified 26105 anchor + mov ax, imm16; ret"
26023,MACCHCJDGKO,50464,0xC29D4D0,AEGNNPENLNM,mov-ax-imm16-ret,static-candidate,"same 7.1 GetCmdId method identity as verified 26105 anchor + mov ax, imm16; ret"
26024,IKCOEOCEDBH,27477,0xBF962C0,AEGNNPENLNM,mov-ax-imm16-ret,static-candidate,"same 7.1 GetCmdId method identity as verified 26105 anchor + mov ax, imm16; ret"
26025,BAPAFJHMOEA,48115,0x12761070,AEGNNPENLNM,mov-ax-imm16-ret,static-candidate,"same 7.1 GetCmdId method identity as verified 26105 anchor + mov ax, imm16; ret"
26026,DIGDLGAPOHM,42168,0xB01A660,AEGNNPENLNM,mov-ax-imm16-ret,static-candidate,"same 7.1 GetCmdId method identity as verified 26105 anchor + mov ax, imm16; ret"
26028,POIGNNPDKFC,19026,0x13E37A40,AEGNNPENLNM,mov-ax-imm16-ret,static-candidate,"same 7.1 GetCmdId method identity as verified 26105 anchor + mov ax, imm16; ret"
26031,GGEPEMABGLI,13116,0x110A6B80,AEGNNPENLNM,mov-ax-imm16-ret,static-candidate,"same 7.1 GetCmdId method identity as verified 26105 anchor + mov ax, imm16; ret"
26033,AGECDILBHIF,18915,0x8A3A230,AEGNNPENLNM,mov-ax-imm16-ret,static-candidate,"same 7.1 GetCmdId method identity as verified 26105 anchor + mov ax, imm16; ret"
26046,CIIAODAPEHA,78697,0x7A141C0,AEGNNPENLNM,mov-ax-imm16-ret,static-candidate,"same 7.1 GetCmdId method identity as verified 26105 anchor + mov ax, imm16; ret"
26048,PNKFMLDEPNB,45976,0x118A37A0,AEGNNPENLNM,mov-ax-imm16-ret,static-candidate,"same 7.1 GetCmdId method identity as verified 26105 anchor + mov ax, imm16; ret"
26049,FGOKGFDCDOD,35269,0xBD65950,AEGNNPENLNM,mov-ax-imm16-ret,static-candidate,"same 7.1 GetCmdId method identity as verified 26105 anchor + mov ax, imm16; ret"
26050,BBEHBKICHEN,29925,0xAEB9730,AEGNNPENLNM,mov-ax-imm16-ret,static-candidate,"same 7.1 GetCmdId method identity as verified 26105 anchor + mov ax, imm16; ret"
26064,IDDPIOLIFBL,78238,0xD70C050,AEGNNPENLNM,mov-ax-imm16-ret,static-candidate,"same 7.1 GetCmdId method identity as verified 26105 anchor + mov ax, imm16; ret"
26065,ILAHIBDJEIG,30975,0x99D00D0,AEGNNPENLNM,mov-ax-imm16-ret,static-candidate,"same 7.1 GetCmdId method identity as verified 26105 anchor + mov ax, imm16; ret"
26068,IIKDLLIJCII,67096,0xB2CCE60,AEGNNPENLNM,mov-ax-imm16-ret,static-candidate,"same 7.1 GetCmdId method identity as verified 26105 anchor + mov ax, imm16; ret"
26071,DPDLOKKECAP,57678,0xD3A0D10,AEGNNPENLNM,mov-ax-imm16-ret,static-candidate,"same 7.1 GetCmdId method identity as verified 26105 anchor + mov ax, imm16; ret"
26072,LHHKBPOLIGL,62294,0x1142A760,AEGNNPENLNM,mov-ax-imm16-ret,static-candidate,"same 7.1 GetCmdId method identity as verified 26105 anchor + mov ax, imm16; ret"
26079,ODBAGCNNJBC,37272,0x12318E10,AEGNNPENLNM,mov-ax-imm16-ret,static-candidate,"same 7.1 GetCmdId method identity as verified 26105 anchor + mov ax, imm16; ret"
26088,MIOBNOLPKJC,28541,0xC2FCD70,AEGNNPENLNM,mov-ax-imm16-ret,static-candidate,"same 7.1 GetCmdId method identity as verified 26105 anchor + mov ax, imm16; ret"
26095,JHCBOLHAGKL,29832,0xEF42440,AEGNNPENLNM,mov-ax-imm16-ret,static-candidate,"same 7.1 GetCmdId method identity as verified 26105 anchor + mov ax, imm16; ret"
26097,JJGGOFFIJDF,72559,0xE339F90,AEGNNPENLNM,mov-ax-imm16-ret,static-candidate,"same 7.1 GetCmdId method identity as verified 26105 anchor + mov ax, imm16; ret"
26105,HJDNCHODGOL,18620,0x10587260,AEGNNPENLNM,mov-ax-imm16-ret,static-candidate,"same 7.1 GetCmdId method identity as verified 26105 anchor + mov ax, imm16; ret"
26111,GGFDMOEACLL,65745,0xBDCB270,AEGNNPENLNM,mov-ax-imm16-ret,static-candidate,"same 7.1 GetCmdId method identity as verified 26105 anchor + mov ax, imm16; ret"
26117,BPBKMAOPBFC,68017,0x10C28550,AEGNNPENLNM,mov-ax-imm16-ret,static-candidate,"same 7.1 GetCmdId method identity as verified 26105 anchor + mov ax, imm16; ret"
26118,HKMBABBLOCD,74961,0x80D22F0,AEGNNPENLNM,mov-ax-imm16-ret,static-candidate,"same 7.1 GetCmdId method identity as verified 26105 anchor + mov ax, imm16; ret"
26119,CHBCAIPOLEG,73707,0x10C60950,AEGNNPENLNM,mov-ax-imm16-ret,static-candidate,"same 7.1 GetCmdId method identity as verified 26105 anchor + mov ax, imm16; ret"
26125,LAHBFOIIIAC,54669,0xF094830,AEGNNPENLNM,mov-ax-imm16-ret,static-candidate,"same 7.1 GetCmdId method identity as verified 26105 anchor + mov ax, imm16; ret"
26128,GPMLFLHLLGA,76659,0xB1F1990,AEGNNPENLNM,mov-ax-imm16-ret,static-candidate,"same 7.1 GetCmdId method identity as verified 26105 anchor + mov ax, imm16; ret"
26134,OJHHBCCELDP,34150,0x100AE8C0,AEGNNPENLNM,mov-ax-imm16-ret,static-candidate,"same 7.1 GetCmdId method identity as verified 26105 anchor + mov ax, imm16; ret"
26135,CBFKENENADI,18916,0xF545640,AEGNNPENLNM,mov-ax-imm16-ret,static-candidate,"same 7.1 GetCmdId method identity as verified 26105 anchor + mov ax, imm16; ret"
26136,ACILCCLIBDM,49975,0xBC23440,AEGNNPENLNM,mov-ax-imm16-ret,static-candidate,"same 7.1 GetCmdId method identity as verified 26105 anchor + mov ax, imm16; ret"
26138,CDJAKMIJBCH,28877,0x124A7950,AEGNNPENLNM,mov-ax-imm16-ret,static-candidate,"same 7.1 GetCmdId method identity as verified 26105 anchor + mov ax, imm16; ret"
26142,OIICDMKBAKO,87717,0x9FB5A30,AEGNNPENLNM,mov-ax-imm16-ret,static-candidate,"same 7.1 GetCmdId method identity as verified 26105 anchor + mov ax, imm16; ret"
26147,DHCDKGMBKMK,38428,0x885E230,AEGNNPENLNM,mov-ax-imm16-ret,static-candidate,"same 7.1 GetCmdId method identity as verified 26105 anchor + mov ax, imm16; ret"
26154,DFJLLLCGOFB,17003,0xE975B70,AEGNNPENLNM,mov-ax-imm16-ret,static-candidate,"same 7.1 GetCmdId method identity as verified 26105 anchor + mov ax, imm16; ret"
26157,PIGMBHKIHEL,35962,0xE8600E0,AEGNNPENLNM,mov-ax-imm16-ret,static-candidate,"same 7.1 GetCmdId method identity as verified 26105 anchor + mov ax, imm16; ret"
26159,CGBJIEIFFJD,17270,0x10C55210,AEGNNPENLNM,mov-ax-imm16-ret,static-candidate,"same 7.1 GetCmdId method identity as verified 26105 anchor + mov ax, imm16; ret"
26162,DFJDONDCEIN,16443,0xE9753C0,AEGNNPENLNM,mov-ax-imm16-ret,static-candidate,"same 7.1 GetCmdId method identity as verified 26105 anchor + mov ax, imm16; ret"
26163,CAEDPPKKENK,64135,0x13CBE480,AEGNNPENLNM,mov-ax-imm16-ret,static-candidate,"same 7.1 GetCmdId method identity as verified 26105 anchor + mov ax, imm16; ret"
26169,ENFMEAMFFBI,52004,0x8ADF170,AEGNNPENLNM,mov-ax-imm16-ret,static-candidate,"same 7.1 GetCmdId method identity as verified 26105 anchor + mov ax, imm16; ret"
26175,BAOMGHEKPND,51230,0x1048C4C0,AEGNNPENLNM,mov-ax-imm16-ret,static-candidate,"same 7.1 GetCmdId method identity as verified 26105 anchor + mov ax, imm16; ret"
26176,NNKBGCNCPOC,21266,0x9ED94B0,AEGNNPENLNM,mov-ax-imm16-ret,static-candidate,"same 7.1 GetCmdId method identity as verified 26105 anchor + mov ax, imm16; ret"
26190,BNNMKNNGOBO,55972,0x82E5C20,AEGNNPENLNM,mov-ax-imm16-ret,static-candidate,"same 7.1 GetCmdId method identity as verified 26105 anchor + mov ax, imm16; ret"
26196,MOHDBHIBJLF,44061,0xC335240,AEGNNPENLNM,mov-ax-imm16-ret,static-candidate,"same 7.1 GetCmdId method identity as verified 26105 anchor + mov ax, imm16; ret"
26197,MMPGEIEMMDM,27925,0xB603AA0,AEGNNPENLNM,mov-ax-imm16-ret,static-candidate,"same 7.1 GetCmdId method identity as verified 26105 anchor + mov ax, imm16; ret"
26199,GMJOCCGAIIP,48493,0xA59FA90,AEGNNPENLNM,mov-ax-imm16-ret,static-candidate,"same 7.1 GetCmdId method identity as verified 26105 anchor + mov ax, imm16; ret"
26213,EEKFNMPNKOJ,42270,0x895FB50,AEGNNPENLNM,mov-ax-imm16-ret,static-candidate,"same 7.1 GetCmdId method identity as verified 26105 anchor + mov ax, imm16; ret"
26221,GDKHPMDDENH,51398,0x11BE3C20,AEGNNPENLNM,mov-ax-imm16-ret,static-candidate,"same 7.1 GetCmdId method identity as verified 26105 anchor + mov ax, imm16; ret"
26227,PDNHAMCEKDE,41726,0x11848490,AEGNNPENLNM,mov-ax-imm16-ret,static-candidate,"same 7.1 GetCmdId method identity as verified 26105 anchor + mov ax, imm16; ret"
26231,PJEFKFEOLIE,34513,0x13215010,AEGNNPENLNM,mov-ax-imm16-ret,static-candidate,"same 7.1 GetCmdId method identity as verified 26105 anchor + mov ax, imm16; ret"
26235,ICDLMPKMKHO,51339,0xCBBCE60,AEGNNPENLNM,mov-ax-imm16-ret,static-candidate,"same 7.1 GetCmdId method identity as verified 26105 anchor + mov ax, imm16; ret"
26244,MAKJGMKOLOA,86709,0xCE6BC00,AEGNNPENLNM,mov-ax-imm16-ret,static-candidate,"same 7.1 GetCmdId method identity as verified 26105 anchor + mov ax, imm16; ret"
26245,DOIFLLKNAOF,48150,0xF65DB50,AEGNNPENLNM,mov-ax-imm16-ret,static-candidate,"same 7.1 GetCmdId method identity as verified 26105 anchor + mov ax, imm16; ret"
26250,CPMPPBMAFPD,74714,0xF5CB5D0,AEGNNPENLNM,mov-ax-imm16-ret,static-candidate,"same 7.1 GetCmdId method identity as verified 26105 anchor + mov ax, imm16; ret"
26251,GBMEOCNBAME,16193,0x979AF90,AEGNNPENLNM,mov-ax-imm16-ret,static-candidate,"same 7.1 GetCmdId method identity as verified 26105 anchor + mov ax, imm16; ret"
26255,GKFJPKHLPEB,19744,0x135EA840,AEGNNPENLNM,mov-ax-imm16-ret,static-candidate,"same 7.1 GetCmdId method identity as verified 26105 anchor + mov ax, imm16; ret"
26258,IJBHOLOEDDO,30289,0x12A90230,AEGNNPENLNM,mov-ax-imm16-ret,static-candidate,"same 7.1 GetCmdId method identity as verified 26105 anchor + mov ax, imm16; ret"
26262,DOHFHNLFMGM,46473,0xB066290,AEGNNPENLNM,mov-ax-imm16-ret,static-candidate,"same 7.1 GetCmdId method identity as verified 26105 anchor + mov ax, imm16; ret"
26263,BGJCFLEGNIK,26231,0x75BF930,AEGNNPENLNM,mov-ax-imm16-ret,static-candidate,"same 7.1 GetCmdId method identity as verified 26105 anchor + mov ax, imm16; ret"
26266,OPGNKLBHJMF,19142,0x123D7B60,AEGNNPENLNM,mov-ax-imm16-ret,static-candidate,"same 7.1 GetCmdId method identity as verified 26105 anchor + mov ax, imm16; ret"
26270,AOIMAIEDKMF,70837,0x11BBE870,AEGNNPENLNM,mov-ax-imm16-ret,static-candidate,"same 7.1 GetCmdId method identity as verified 26105 anchor + mov ax, imm16; ret"
26277,BOKKIDDBEHM,46896,0x9473430,AEGNNPENLNM,mov-ax-imm16-ret,static-candidate,"same 7.1 GetCmdId method identity as verified 26105 anchor + mov ax, imm16; ret"
26288,OCOHFLNGHGL,15507,0xE754600,AEGNNPENLNM,mov-ax-imm16-ret,static-candidate,"same 7.1 GetCmdId method identity as verified 26105 anchor + mov ax, imm16; ret"
26294,NEAHBNNBMMF,76486,0xACC7A30,AEGNNPENLNM,mov-ax-imm16-ret,static-candidate,"same 7.1 GetCmdId method identity as verified 26105 anchor + mov ax, imm16; ret"
26302,OEAMAFPGPBD,78485,0x9F9D870,AEGNNPENLNM,mov-ax-imm16-ret,static-candidate,"same 7.1 GetCmdId method identity as verified 26105 anchor + mov ax, imm16; ret"
26308,OBOBMHLFGHN,17093,0x11732090,AEGNNPENLNM,mov-ax-imm16-ret,static-candidate,"same 7.1 GetCmdId method identity as verified 26105 anchor + mov ax, imm16; ret"
26318,FIIBFNCNGEB,50736,0x10F06540,AEGNNPENLNM,mov-ax-imm16-ret,static-candidate,"same 7.1 GetCmdId method identity as verified 26105 anchor + mov ax, imm16; ret"
26329,MDPJANEDPMF,55382,0x13A08BF0,AEGNNPENLNM,mov-ax-imm16-ret,static-candidate,"same 7.1 GetCmdId method identity as verified 26105 anchor + mov ax, imm16; ret"
26330,LPJDNMPDGCJ,25308,0x83F4340,AEGNNPENLNM,mov-ax-imm16-ret,static-candidate,"same 7.1 GetCmdId method identity as verified 26105 anchor + mov ax, imm16; ret"
26334,HDAHMDPOHAP,85188,0x748D280,AEGNNPENLNM,mov-ax-imm16-ret,static-candidate,"same 7.1 GetCmdId method identity as verified 26105 anchor + mov ax, imm16; ret"
26350,KEILNPAMNEP,71066,0x9BA78B0,AEGNNPENLNM,mov-ax-imm16-ret,static-candidate,"same 7.1 GetCmdId method identity as verified 26105 anchor + mov ax, imm16; ret"
26359,HGBLPGPHICN,44091,0x11C943F0,AEGNNPENLNM,mov-ax-imm16-ret,static-candidate,"same 7.1 GetCmdId method identity as verified 26105 anchor + mov ax, imm16; ret"
26362,LOJAMNBNPMH,46690,0x12096DE0,AEGNNPENLNM,mov-ax-imm16-ret,static-candidate,"same 7.1 GetCmdId method identity as verified 26105 anchor + mov ax, imm16; ret"
26363,CDFGIGNFJBD,77344,0x1000D6A0,AEGNNPENLNM,mov-ax-imm16-ret,static-candidate,"same 7.1 GetCmdId method identity as verified 26105 anchor + mov ax, imm16; ret"
26368,PAJENLNHCAO,17348,0xC6711D0,AEGNNPENLNM,mov-ax-imm16-ret,static-candidate,"same 7.1 GetCmdId method identity as verified 26105 anchor + mov ax, imm16; ret"
26370,GJDMLGGPJLL,74302,0x8C0CB00,AEGNNPENLNM,mov-ax-imm16-ret,static-candidate,"same 7.1 GetCmdId method identity as verified 26105 anchor + mov ax, imm16; ret"
26380,BJHEJDMHCON,86665,0xAEE8040,AEGNNPENLNM,mov-ax-imm16-ret,static-candidate,"same 7.1 GetCmdId method identity as verified 26105 anchor + mov ax, imm16; ret"
26387,FHLONLDMHBO,35882,0x10EFED90,AEGNNPENLNM,mov-ax-imm16-ret,static-candidate,"same 7.1 GetCmdId method identity as verified 26105 anchor + mov ax, imm16; ret"
26388,DAKDOEOCFBD,50689,0x12524870,AEGNNPENLNM,mov-ax-imm16-ret,static-candidate,"same 7.1 GetCmdId method identity as verified 26105 anchor + mov ax, imm16; ret"
26395,ICIOBCJIFBM,19702,0xCBBD620,AEGNNPENLNM,mov-ax-imm16-ret,static-candidate,"same 7.1 GetCmdId method identity as verified 26105 anchor + mov ax, imm16; ret"
26396,IHHHLACNHPB,61474,0x111E5710,AEGNNPENLNM,mov-ax-imm16-ret,static-candidate,"same 7.1 GetCmdId method identity as verified 26105 anchor + mov ax, imm16; ret"
26398,ELILKNNDDOL,35569,0xF6E0920,AEGNNPENLNM,mov-ax-imm16-ret,static-candidate,"same 7.1 GetCmdId method identity as verified 26105 anchor + mov ax, imm16; ret"
26402,NBPPHJLEJBH,42598,0x92B7FC0,AEGNNPENLNM,mov-ax-imm16-ret,static-candidate,"same 7.1 GetCmdId method identity as verified 26105 anchor + mov ax, imm16; ret"
26403,NADHMGEHDOD,44892,0xFF46690,AEGNNPENLNM,mov-ax-imm16-ret,static-candidate,"same 7.1 GetCmdId method identity as verified 26105 anchor + mov ax, imm16; ret"
26410,IAFKGBMADDP,49920,0x11DEF340,AEGNNPENLNM,mov-ax-imm16-ret,static-candidate,"same 7.1 GetCmdId method identity as verified 26105 anchor + mov ax, imm16; ret"
26412,PGDMPAKEKAJ,52438,0x93F68B0,AEGNNPENLNM,mov-ax-imm16-ret,static-candidate,"same 7.1 GetCmdId method identity as verified 26105 anchor + mov ax, imm16; ret"
26415,MICAPPLIIJK,53478,0x90D3370,AEGNNPENLNM,mov-ax-imm16-ret,static-candidate,"same 7.1 GetCmdId method identity as verified 26105 anchor + mov ax, imm16; ret"
26418,EBNPHPCPDGN,75133,0x127A0FE0,AEGNNPENLNM,mov-ax-imm16-ret,static-candidate,"same 7.1 GetCmdId method identity as verified 26105 anchor + mov ax, imm16; ret"
26419,LABKLLJAHLB,63758,0xA9CA920,AEGNNPENLNM,mov-ax-imm16-ret,static-candidate,"same 7.1 GetCmdId method identity as verified 26105 anchor + mov ax, imm16; ret"
26421,JLDLENKMJJJ,35142,0x76EAFE0,AEGNNPENLNM,mov-ax-imm16-ret,static-candidate,"same 7.1 GetCmdId method identity as verified 26105 anchor + mov ax, imm16; ret"
26422,BLLJEFABNCC,13310,0x9B436B0,AEGNNPENLNM,mov-ax-imm16-ret,static-candidate,"same 7.1 GetCmdId method identity as verified 26105 anchor + mov ax, imm16; ret"
26424,LGKIHGIDHDO,48470,0x1203CF10,AEGNNPENLNM,mov-ax-imm16-ret,static-candidate,"same 7.1 GetCmdId method identity as verified 26105 anchor + mov ax, imm16; ret"
26425,MJBOMLJPGFK,66933,0x7926A90,AEGNNPENLNM,mov-ax-imm16-ret,static-candidate,"same 7.1 GetCmdId method identity as verified 26105 anchor + mov ax, imm16; ret"
26426,LDPEOFIPMCL,53508,0xCD92BD0,AEGNNPENLNM,mov-ax-imm16-ret,static-candidate,"same 7.1 GetCmdId method identity as verified 26105 anchor + mov ax, imm16; ret"
26433,NBLFGBGHMFN,39876,0x1225B7E0,AEGNNPENLNM,mov-ax-imm16-ret,static-candidate,"same 7.1 GetCmdId method identity as verified 26105 anchor + mov ax, imm16; ret"
26436,PNJLMGDAHEE,75931,0xC6EB240,AEGNNPENLNM,mov-ax-imm16-ret,static-candidate,"same 7.1 GetCmdId method identity as verified 26105 anchor + mov ax, imm16; ret"
26470,EBALHGDAEJI,47958,0xC8BF2A0,AEGNNPENLNM,mov-ax-imm16-ret,static-candidate,"same 7.1 GetCmdId method identity as verified 26105 anchor + mov ax, imm16; ret"
26471,IPINANBGIBI,28651,0x106735F0,AEGNNPENLNM,mov-ax-imm16-ret,static-candidate,"same 7.1 GetCmdId method identity as verified 26105 anchor + mov ax, imm16; ret"
26478,AJGCHCKJAAD,67042,0x12720C20,AEGNNPENLNM,mov-ax-imm16-ret,static-candidate,"same 7.1 GetCmdId method identity as verified 26105 anchor + mov ax, imm16; ret"
26479,BLDELGFJGJC,65368,0xE46B9D0,AEGNNPENLNM,mov-ax-imm16-ret,static-candidate,"same 7.1 GetCmdId method identity as verified 26105 anchor + mov ax, imm16; ret"
26480,AKPCCJOLNLA,35984,0xD514460,AEGNNPENLNM,mov-ax-imm16-ret,static-candidate,"same 7.1 GetCmdId method identity as verified 26105 anchor + mov ax, imm16; ret"
26487,DPKCPKJGMHF,57986,0x102DF3D0,AEGNNPENLNM,mov-ax-imm16-ret,static-candidate,"same 7.1 GetCmdId method identity as verified 26105 anchor + mov ax, imm16; ret"
26495,JENMFOELNPI,37868,0x8DFC780,AEGNNPENLNM,mov-ax-imm16-ret,static-candidate,"same 7.1 GetCmdId method identity as verified 26105 anchor + mov ax, imm16; ret"
26497,KPGCGKGFDLP,59399,0x9021E70,AEGNNPENLNM,mov-ax-imm16-ret,static-candidate,"same 7.1 GetCmdId method identity as verified 26105 anchor + mov ax, imm16; ret"
26508,EKAEGFMOCPC,82917,0x1033AB70,AEGNNPENLNM,mov-ax-imm16-ret,static-candidate,"same 7.1 GetCmdId method identity as verified 26105 anchor + mov ax, imm16; ret"
26510,CHKNOIJDJPI,32314,0xAF76A30,AEGNNPENLNM,mov-ax-imm16-ret,static-candidate,"same 7.1 GetCmdId method identity as verified 26105 anchor + mov ax, imm16; ret"
26512,DGEHPPKCOOO,42138,0x1341EFB0,AEGNNPENLNM,mov-ax-imm16-ret,static-candidate,"same 7.1 GetCmdId method identity as verified 26105 anchor + mov ax, imm16; ret"
26516,FMDPKDMJDHN,38552,0xF877750,AEGNNPENLNM,mov-ax-imm16-ret,static-candidate,"same 7.1 GetCmdId method identity as verified 26105 anchor + mov ax, imm16; ret"
26524,EMPAIFNFLGP,63413,0xEA7B420,AEGNNPENLNM,mov-ax-imm16-ret,static-candidate,"same 7.1 GetCmdId method identity as verified 26105 anchor + mov ax, imm16; ret"
26527,CCBNOBDDEJH,53860,0x13CD0710,AEGNNPENLNM,mov-ax-imm16-ret,static-candidate,"same 7.1 GetCmdId method identity as verified 26105 anchor + mov ax, imm16; ret"
26533,IJBDBGKNOPA,36576,0xBF936F0,AEGNNPENLNM,mov-ax-imm16-ret,static-candidate,"same 7.1 GetCmdId method identity as verified 26105 anchor + mov ax, imm16; ret"
26540,OJKNLJFDBEB,49278,0x938E820,AEGNNPENLNM,mov-ax-imm16-ret,static-candidate,"same 7.1 GetCmdId method identity as verified 26105 anchor + mov ax, imm16; ret"
26546,JCFIDDAELBD,12109,0xEF12490,AEGNNPENLNM,mov-ax-imm16-ret,static-candidate,"same 7.1 GetCmdId method identity as verified 26105 anchor + mov ax, imm16; ret"
26552,HAKKLGNCKJM,76562,0x136266D0,AEGNNPENLNM,mov-ax-imm16-ret,static-candidate,"same 7.1 GetCmdId method identity as verified 26105 anchor + mov ax, imm16; ret"
26554,KABMEDLHDBO,19765,0x9B165C0,AEGNNPENLNM,mov-ax-imm16-ret,static-candidate,"same 7.1 GetCmdId method identity as verified 26105 anchor + mov ax, imm16; ret"
26558,MMEHAKCBMAF,34266,0x1212BF00,AEGNNPENLNM,mov-ax-imm16-ret,static-candidate,"same 7.1 GetCmdId method identity as verified 26105 anchor + mov ax, imm16; ret"
26566,BFICGBEAOAO,69713,0xB52C980,AEGNNPENLNM,mov-ax-imm16-ret,static-candidate,"same 7.1 GetCmdId method identity as verified 26105 anchor + mov ax, imm16; ret"
26567,GMFJLNALKBC,63335,0xBE19000,AEGNNPENLNM,mov-ax-imm16-ret,static-candidate,"same 7.1 GetCmdId method identity as verified 26105 anchor + mov ax, imm16; ret"
26569,PIFJJPFPOHC,51914,0xC6B8C60,AEGNNPENLNM,mov-ax-imm16-ret,static-candidate,"same 7.1 GetCmdId method identity as verified 26105 anchor + mov ax, imm16; ret"
26570,MDDCCKHOKEG,74676,0x90A7630,AEGNNPENLNM,mov-ax-imm16-ret,static-candidate,"same 7.1 GetCmdId method identity as verified 26105 anchor + mov ax, imm16; ret"
26575,EACFFAHGPOP,56768,0x11A78C30,AEGNNPENLNM,mov-ax-imm16-ret,static-candidate,"same 7.1 GetCmdId method identity as verified 26105 anchor + mov ax, imm16; ret"
26576,PIJMFIOHMPL,76409,0x9413050,AEGNNPENLNM,mov-ax-imm16-ret,static-candidate,"same 7.1 GetCmdId method identity as verified 26105 anchor + mov ax, imm16; ret"
26578,HJEAHLKOFKH,24900,0xF9A9760,AEGNNPENLNM,mov-ax-imm16-ret,static-candidate,"same 7.1 GetCmdId method identity as verified 26105 anchor + mov ax, imm16; ret"
26580,MAFJAEIEHBI,50793,0x78A2450,AEGNNPENLNM,mov-ax-imm16-ret,static-candidate,"same 7.1 GetCmdId method identity as verified 26105 anchor + mov ax, imm16; ret"
26582,OBOFLDBDGBH,15823,0x86514C0,AEGNNPENLNM,mov-ax-imm16-ret,static-candidate,"same 7.1 GetCmdId method identity as verified 26105 anchor + mov ax, imm16; ret"
26585,FKJHBGCMOCA,29327,0xD4A09B0,AEGNNPENLNM,mov-ax-imm16-ret,static-candidate,"same 7.1 GetCmdId method identity as verified 26105 anchor + mov ax, imm16; ret"
26592,BEAHNJFCFCG,46913,0x71F0F40,AEGNNPENLNM,mov-ax-imm16-ret,static-candidate,"same 7.1 GetCmdId method identity as verified 26105 anchor + mov ax, imm16; ret"
26598,GDOGFLHPHNG,54448,0xB1A5C80,AEGNNPENLNM,mov-ax-imm16-ret,static-candidate,"same 7.1 GetCmdId method identity as verified 26105 anchor + mov ax, imm16; ret"
26600,CAKFGLNANOH,41161,0x13CC5390,AEGNNPENLNM,mov-ax-imm16-ret,static-candidate,"same 7.1 GetCmdId method identity as verified 26105 anchor + mov ax, imm16; ret"
26604,MKBJIKBONNM,60681,0x109727E0,AEGNNPENLNM,mov-ax-imm16-ret,static-candidate,"same 7.1 GetCmdId method identity as verified 26105 anchor + mov ax, imm16; ret"
26606,PHNOLLFOOGD,28022,0x13DDA830,AEGNNPENLNM,mov-ax-imm16-ret,static-candidate,"same 7.1 GetCmdId method identity as verified 26105 anchor + mov ax, imm16; ret"
26609,BGMEHMPHPKM,80487,0x75BF9F0,AEGNNPENLNM,mov-ax-imm16-ret,static-candidate,"same 7.1 GetCmdId method identity as verified 26105 anchor + mov ax, imm16; ret"
26611,IABFGBJNDJD,43513,0x111A7510,AEGNNPENLNM,mov-ax-imm16-ret,static-candidate,"same 7.1 GetCmdId method identity as verified 26105 anchor + mov ax, imm16; ret"
26630,PJGBADNEENJ,42004,0x10CA29A0,AEGNNPENLNM,mov-ax-imm16-ret,static-candidate,"same 7.1 GetCmdId method identity as verified 26105 anchor + mov ax, imm16; ret"
26635,MCBNKKLGINK,14912,0xC2AA5D0,AEGNNPENLNM,mov-ax-imm16-ret,static-candidate,"same 7.1 GetCmdId method identity as verified 26105 anchor + mov ax, imm16; ret"
26637,HADCNIMLBDC,22171,0x7467E40,AEGNNPENLNM,mov-ax-imm16-ret,static-candidate,"same 7.1 GetCmdId method identity as verified 26105 anchor + mov ax, imm16; ret"
26638,ONKLNFFFBMF,69817,0x7C01E50,AEGNNPENLNM,mov-ax-imm16-ret,static-candidate,"same 7.1 GetCmdId method identity as verified 26105 anchor + mov ax, imm16; ret"
26642,MKDGGMHEJPB,17263,0x792A5A0,AEGNNPENLNM,mov-ax-imm16-ret,static-candidate,"same 7.1 GetCmdId method identity as verified 26105 anchor + mov ax, imm16; ret"
26643,PJGBMCGELNE,24755,0xAE09310,AEGNNPENLNM,mov-ax-imm16-ret,static-candidate,"same 7.1 GetCmdId method identity as verified 26105 anchor + mov ax, imm16; ret"
26644,OFCNBBOEPDC,55284,0x1006E260,AEGNNPENLNM,mov-ax-imm16-ret,static-candidate,"same 7.1 GetCmdId method identity as verified 26105 anchor + mov ax, imm16; ret"
26647,EJEKFENFDGP,36752,0x11ADEE40,AEGNNPENLNM,mov-ax-imm16-ret,static-candidate,"same 7.1 GetCmdId method identity as verified 26105 anchor + mov ax, imm16; ret"
26651,JEDJAADGMEC,39111,0xB395480,AEGNNPENLNM,mov-ax-imm16-ret,static-candidate,"same 7.1 GetCmdId method identity as verified 26105 anchor + mov ax, imm16; ret"
26654,BAIPFCHFOOE,79942,0x134D8360,AEGNNPENLNM,mov-ax-imm16-ret,static-candidate,"same 7.1 GetCmdId method identity as verified 26105 anchor + mov ax, imm16; ret"
26655,POEAEFKKPGL,36099,0xD2788C0,AEGNNPENLNM,mov-ax-imm16-ret,static-candidate,"same 7.1 GetCmdId method identity as verified 26105 anchor + mov ax, imm16; ret"
26660,BFPOPIBDLPF,58355,0x113A1330,AEGNNPENLNM,mov-ax-imm16-ret,static-candidate,"same 7.1 GetCmdId method identity as verified 26105 anchor + mov ax, imm16; ret"
26671,BMLNNMPNNAL,47309,0x117AB820,AEGNNPENLNM,mov-ax-imm16-ret,static-candidate,"same 7.1 GetCmdId method identity as verified 26105 anchor + mov ax, imm16; ret"
26673,EPIAFPEPMJK,18427,0xBB700D0,AEGNNPENLNM,mov-ax-imm16-ret,static-candidate,"same 7.1 GetCmdId method identity as verified 26105 anchor + mov ax, imm16; ret"
26674,BCMHNAMPAOG,69192,0x12775DE0,AEGNNPENLNM,mov-ax-imm16-ret,static-candidate,"same 7.1 GetCmdId method identity as verified 26105 anchor + mov ax, imm16; ret"
26681,KDJCECACFFO,57388,0x12C07940,AEGNNPENLNM,mov-ax-imm16-ret,static-candidate,"same 7.1 GetCmdId method identity as verified 26105 anchor + mov ax, imm16; ret"
26692,PNCOGKGCENH,80781,0x11896210,AEGNNPENLNM,mov-ax-imm16-ret,static-candidate,"same 7.1 GetCmdId method identity as verified 26105 anchor + mov ax, imm16; ret"
26693,FJOGNEBEPKI,40649,0xBD7BC70,AEGNNPENLNM,mov-ax-imm16-ret,static-candidate,"same 7.1 GetCmdId method identity as verified 26105 anchor + mov ax, imm16; ret"
26697,ANLIPNBLODG,61665,0x97052C0,AEGNNPENLNM,mov-ax-imm16-ret,static-candidate,"same 7.1 GetCmdId method identity as verified 26105 anchor + mov ax, imm16; ret"
26698,ELNANKJHMKF,78702,0x8ACE3B0,AEGNNPENLNM,mov-ax-imm16-ret,static-candidate,"same 7.1 GetCmdId method identity as verified 26105 anchor + mov ax, imm16; ret"
26704,OCPDDMICILN,62002,0x12318940,AEGNNPENLNM,mov-ax-imm16-ret,static-candidate,"same 7.1 GetCmdId method identity as verified 26105 anchor + mov ax, imm16; ret"
26710,AJKIJNOCAHO,71064,0xEB3EE80,AEGNNPENLNM,mov-ax-imm16-ret,static-candidate,"same 7.1 GetCmdId method identity as verified 26105 anchor + mov ax, imm16; ret"
26712,HAOPLAJBBID,45158,0x9837560,AEGNNPENLNM,mov-ax-imm16-ret,static-candidate,"same 7.1 GetCmdId method identity as verified 26105 anchor + mov ax, imm16; ret"
26715,NILBKHGJOMB,14990,0x10AFC850,AEGNNPENLNM,mov-ax-imm16-ret,static-candidate,"same 7.1 GetCmdId method identity as verified 26105 anchor + mov ax, imm16; ret"
26716,OLLDDAHLABC,21265,0x123534D0,AEGNNPENLNM,mov-ax-imm16-ret,static-candidate,"same 7.1 GetCmdId method identity as verified 26105 anchor + mov ax, imm16; ret"
26720,LLHFPADPFKB,25783,0xFD41E40,AEGNNPENLNM,mov-ax-imm16-ret,static-candidate,"same 7.1 GetCmdId method identity as verified 26105 anchor + mov ax, imm16; ret"
26723,EBOKLJONFML,36231,0xA195AA0,AEGNNPENLNM,mov-ax-imm16-ret,static-candidate,"same 7.1 GetCmdId method identity as verified 26105 anchor + mov ax, imm16; ret"
26726,PNPHKMANAAH,45475,0x13E2D210,AEGNNPENLNM,mov-ax-imm16-ret,static-candidate,"same 7.1 GetCmdId method identity as verified 26105 anchor + mov ax, imm16; ret"
26731,DKILNMAPMKP,14874,0xD37C8E0,AEGNNPENLNM,mov-ax-imm16-ret,static-candidate,"same 7.1 GetCmdId method identity as verified 26105 anchor + mov ax, imm16; ret"
26735,LGNAKHGGOOI,52269,0x904E2A0,AEGNNPENLNM,mov-ax-imm16-ret,static-candidate,"same 7.1 GetCmdId method identity as verified 26105 anchor + mov ax, imm16; ret"
26739,GMOKNLINGOH,57593,0x8C2B880,AEGNNPENLNM,mov-ax-imm16-ret,static-candidate,"same 7.1 GetCmdId method identity as verified 26105 anchor + mov ax, imm16; ret"
26741,HOIOABPGMKG,67944,0xD6D9770,AEGNNPENLNM,mov-ax-imm16-ret,static-candidate,"same 7.1 GetCmdId method identity as verified 26105 anchor + mov ax, imm16; ret"
26742,ANIJPDFEIAI,48360,0x71C2B70,AEGNNPENLNM,mov-ax-imm16-ret,static-candidate,"same 7.1 GetCmdId method identity as verified 26105 anchor + mov ax, imm16; ret"
26749,CDPDDAOIKFD,24678,0x10C42A30,AEGNNPENLNM,mov-ax-imm16-ret,static-candidate,"same 7.1 GetCmdId method identity as verified 26105 anchor + mov ax, imm16; ret"
26750,POJLCEGGCFO,29591,0x7CC66A0,AEGNNPENLNM,mov-ax-imm16-ret,static-candidate,"same 7.1 GetCmdId method identity as verified 26105 anchor + mov ax, imm16; ret"
26761,KEIFGOAMLIO,27218,0x107332B0,AEGNNPENLNM,mov-ax-imm16-ret,static-candidate,"same 7.1 GetCmdId method identity as verified 26105 anchor + mov ax, imm16; ret"
26767,PJBCIKGFMDF,84654,0x10C8EA50,AEGNNPENLNM,mov-ax-imm16-ret,static-candidate,"same 7.1 GetCmdId method identity as verified 26105 anchor + mov ax, imm16; ret"
26769,GEIJAAOCHNA,24615,0xB1A7C80,AEGNNPENLNM,mov-ax-imm16-ret,static-candidate,"same 7.1 GetCmdId method identity as verified 26105 anchor + mov ax, imm16; ret"
26773,GOFJJKGDEOO,37292,0xA5AE880,AEGNNPENLNM,mov-ax-imm16-ret,static-candidate,"same 7.1 GetCmdId method identity as verified 26105 anchor + mov ax, imm16; ret"
26774,GKLNNHHBANA,57950,0xB1CC110,AEGNNPENLNM,mov-ax-imm16-ret,static-candidate,"same 7.1 GetCmdId method identity as verified 26105 anchor + mov ax, imm16; ret"
26776,LIEDAKKPBND,87349,0xB4B5380,AEGNNPENLNM,mov-ax-imm16-ret,static-candidate,"same 7.1 GetCmdId method identity as verified 26105 anchor + mov ax, imm16; ret"
26777,PDHLKEKBCLG,35285,0x13178500,AEGNNPENLNM,mov-ax-imm16-ret,static-candidate,"same 7.1 GetCmdId method identity as verified 26105 anchor + mov ax, imm16; ret"
26783,JIBEEEDCACP,73224,0xC032410,AEGNNPENLNM,mov-ax-imm16-ret,static-candidate,"same 7.1 GetCmdId method identity as verified 26105 anchor + mov ax, imm16; ret"
26786,CMLBMHNKEMB,49596,0x10D44130,AEGNNPENLNM,mov-ax-imm16-ret,static-candidate,"same 7.1 GetCmdId method identity as verified 26105 anchor + mov ax, imm16; ret"
26787,ACDDPJDLNHF,78110,0xB0E5880,AEGNNPENLNM,mov-ax-imm16-ret,static-candidate,"same 7.1 GetCmdId method identity as verified 26105 anchor + mov ax, imm16; ret"
26788,DKALBKKNIMM,12023,0xE99EA30,AEGNNPENLNM,mov-ax-imm16-ret,static-candidate,"same 7.1 GetCmdId method identity as verified 26105 anchor + mov ax, imm16; ret"
26795,IJBKGBFKHIO,48328,0x11E69260,AEGNNPENLNM,mov-ax-imm16-ret,static-candidate,"same 7.1 GetCmdId method identity as verified 26105 anchor + mov ax, imm16; ret"
26797,FLDCGOMCMJA,47156,0x8BA2C70,AEGNNPENLNM,mov-ax-imm16-ret,static-candidate,"same 7.1 GetCmdId method identity as verified 26105 anchor + mov ax, imm16; ret"
26799,BCJHKJHAAGD,85661,0x71E5060,AEGNNPENLNM,mov-ax-imm16-ret,static-candidate,"same 7.1 GetCmdId method identity as verified 26105 anchor + mov ax, imm16; ret"
26803,HLCIMNEJBII,52936,0xD6B17D0,AEGNNPENLNM,mov-ax-imm16-ret,static-candidate,"same 7.1 GetCmdId method identity as verified 26105 anchor + mov ax, imm16; ret"
26819,BADNIIMCIHA,73873,0xD540120,AEGNNPENLNM,mov-ax-imm16-ret,static-candidate,"same 7.1 GetCmdId method identity as verified 26105 anchor + mov ax, imm16; ret"
26824,HPBEIGBJFBM,86798,0x12A48000,AEGNNPENLNM,mov-ax-imm16-ret,static-candidate,"same 7.1 GetCmdId method identity as verified 26105 anchor + mov ax, imm16; ret"
26830,HAFBDBHDKHD,69744,0x808D190,AEGNNPENLNM,mov-ax-imm16-ret,static-candidate,"same 7.1 GetCmdId method identity as verified 26105 anchor + mov ax, imm16; ret"
26831,KCEAPEOCAKJ,15606,0x112FEF00,AEGNNPENLNM,mov-ax-imm16-ret,static-candidate,"same 7.1 GetCmdId method identity as verified 26105 anchor + mov ax, imm16; ret"
26835,JNLGGNKIEDH,45138,0xCCEDB60,AEGNNPENLNM,mov-ax-imm16-ret,static-candidate,"same 7.1 GetCmdId method identity as verified 26105 anchor + mov ax, imm16; ret"
26836,BELLDLHEFGA,32907,0xEE91DD0,AEGNNPENLNM,mov-ax-imm16-ret,static-candidate,"same 7.1 GetCmdId method identity as verified 26105 anchor + mov ax, imm16; ret"
26840,MKIEMEKOOKG,20033,0xC307F10,AEGNNPENLNM,mov-ax-imm16-ret,static-candidate,"same 7.1 GetCmdId method identity as verified 26105 anchor + mov ax, imm16; ret"
26843,LKKOMAHDLAB,26412,0xE4C65E0,AEGNNPENLNM,mov-ax-imm16-ret,static-candidate,"same 7.1 GetCmdId method identity as verified 26105 anchor + mov ax, imm16; ret"
26846,GKAJHINNCCD,13747,0x97F6440,AEGNNPENLNM,mov-ax-imm16-ret,static-candidate,"same 7.1 GetCmdId method identity as verified 26105 anchor + mov ax, imm16; ret"
26847,HODJGEINKOF,39913,0x9907040,AEGNNPENLNM,mov-ax-imm16-ret,static-candidate,"same 7.1 GetCmdId method identity as verified 26105 anchor + mov ax, imm16; ret"
26848,AKHGFMCAEEK,22679,0xD50A010,AEGNNPENLNM,mov-ax-imm16-ret,static-candidate,"same 7.1 GetCmdId method identity as verified 26105 anchor + mov ax, imm16; ret"
26850,NFCBMGEKBAK,41165,0x7AE1E10,AEGNNPENLNM,mov-ax-imm16-ret,static-candidate,"same 7.1 GetCmdId method identity as verified 26105 anchor + mov ax, imm16; ret"
26855,GBDIDJNBFNJ,70194,0x80177C0,AEGNNPENLNM,mov-ax-imm16-ret,static-candidate,"same 7.1 GetCmdId method identity as verified 26105 anchor + mov ax, imm16; ret"
26861,BBNMDKMONIN,81596,0xEE79830,AEGNNPENLNM,mov-ax-imm16-ret,static-candidate,"same 7.1 GetCmdId method identity as verified 26105 anchor + mov ax, imm16; ret"
26862,CCEOOKNGOGD,68153,0x11905460,AEGNNPENLNM,mov-ax-imm16-ret,static-candidate,"same 7.1 GetCmdId method identity as verified 26105 anchor + mov ax, imm16; ret"
26864,MFNJLBLMCFD,62923,0x90BE8D0,AEGNNPENLNM,mov-ax-imm16-ret,static-candidate,"same 7.1 GetCmdId method identity as verified 26105 anchor + mov ax, imm16; ret"
26871,EGEGEHPCIAI,46626,0x125C4E80,AEGNNPENLNM,mov-ax-imm16-ret,static-candidate,"same 7.1 GetCmdId method identity as verified 26105 anchor + mov ax, imm16; ret"
26872,LCFPIFPANEK,25041,0x12C7C1D0,AEGNNPENLNM,mov-ax-imm16-ret,static-candidate,"same 7.1 GetCmdId method identity as verified 26105 anchor + mov ax, imm16; ret"
26874,FKDAHDOKINJ,29769,0xF8491F0,AEGNNPENLNM,mov-ax-imm16-ret,static-candidate,"same 7.1 GetCmdId method identity as verified 26105 anchor + mov ax, imm16; ret"
26876,PONHDEEBIFA,41282,0x10CBB5C0,AEGNNPENLNM,mov-ax-imm16-ret,static-candidate,"same 7.1 GetCmdId method identity as verified 26105 anchor + mov ax, imm16; ret"
26881,MAOKDLLGMPE,63699,0xE4FEDD0,AEGNNPENLNM,mov-ax-imm16-ret,static-candidate,"same 7.1 GetCmdId method identity as verified 26105 anchor + mov ax, imm16; ret"
26883,GGCBKAMIMHM,57841,0x1292FF10,AEGNNPENLNM,mov-ax-imm16-ret,static-candidate,"same 7.1 GetCmdId method identity as verified 26105 anchor + mov ax, imm16; ret"
26887,POCGPKFGJII,83505,0x7C97820,AEGNNPENLNM,mov-ax-imm16-ret,static-candidate,"same 7.1 GetCmdId method identity as verified 26105 anchor + mov ax, imm16; ret"
26898,PNLDHFOJGNN,35892,0x132359F0,AEGNNPENLNM,mov-ax-imm16-ret,static-candidate,"same 7.1 GetCmdId method identity as verified 26105 anchor + mov ax, imm16; ret"
26901,AMKOAPHIMOO,31756,0xEB538E0,AEGNNPENLNM,mov-ax-imm16-ret,static-candidate,"same 7.1 GetCmdId method identity as verified 26105 anchor + mov ax, imm16; ret"
26904,BHGKMOJJOOM,76870,0x12B4C990,AEGNNPENLNM,mov-ax-imm16-ret,static-candidate,"same 7.1 GetCmdId method identity as verified 26105 anchor + mov ax, imm16; ret"
26910,OBDPDDDCGBO,82668,0x9F05EC0,AEGNNPENLNM,mov-ax-imm16-ret,static-candidate,"same 7.1 GetCmdId method identity as verified 26105 anchor + mov ax, imm16; ret"
26917,NOMKNLIDIAA,44132,0xAD3F3C0,AEGNNPENLNM,mov-ax-imm16-ret,static-candidate,"same 7.1 GetCmdId method identity as verified 26105 anchor + mov ax, imm16; ret"
26918,BBMPEKBFFCA,83125,0x134E0F30,AEGNNPENLNM,mov-ax-imm16-ret,static-candidate,"same 7.1 GetCmdId method identity as verified 26105 anchor + mov ax, imm16; ret"
26919,CFBCMEDDEAJ,62323,0x9F34F10,AEGNNPENLNM,mov-ax-imm16-ret,static-candidate,"same 7.1 GetCmdId method identity as verified 26105 anchor + mov ax, imm16; ret"
26920,FFLLBACGMGK,74634,0xBBAC060,AEGNNPENLNM,mov-ax-imm16-ret,static-candidate,"same 7.1 GetCmdId method identity as verified 26105 anchor + mov ax, imm16; ret"
26924,MGAEPKLMJJG,37384,0x8434B50,AEGNNPENLNM,mov-ax-imm16-ret,static-candidate,"same 7.1 GetCmdId method identity as verified 26105 anchor + mov ax, imm16; ret"
26926,BHPKKJOLJOE,45979,0x12390030,AEGNNPENLNM,mov-ax-imm16-ret,static-candidate,"same 7.1 GetCmdId method identity as verified 26105 anchor + mov ax, imm16; ret"
26928,MDNBMCLMFEL,79036,0x12D16CA0,AEGNNPENLNM,mov-ax-imm16-ret,static-candidate,"same 7.1 GetCmdId method identity as verified 26105 anchor + mov ax, imm16; ret"
26929,FKAIKKJOJNF,11998,0xF848930,AEGNNPENLNM,mov-ax-imm16-ret,static-candidate,"same 7.1 GetCmdId method identity as verified 26105 anchor + mov ax, imm16; ret"
26935,PADMMDEIING,73703,0xE7B0330,AEGNNPENLNM,mov-ax-imm16-ret,static-candidate,"same 7.1 GetCmdId method identity as verified 26105 anchor + mov ax, imm16; ret"
26944,FMHCPLFLLBF,79568,0x11055D40,AEGNNPENLNM,mov-ax-imm16-ret,static-candidate,"same 7.1 GetCmdId method identity as verified 26105 anchor + mov ax, imm16; ret"
26949,PKNEEINJHFC,81371,0x101695B0,AEGNNPENLNM,mov-ax-imm16-ret,static-candidate,"same 7.1 GetCmdId method identity as verified 26105 anchor + mov ax, imm16; ret"
26958,NFCOHLOCPAG,67698,0xF349250,AEGNNPENLNM,mov-ax-imm16-ret,static-candidate,"same 7.1 GetCmdId method identity as verified 26105 anchor + mov ax, imm16; ret"
26959,AIMKBIFFILH,25808,0x7EE49C0,AEGNNPENLNM,mov-ax-imm16-ret,static-candidate,"same 7.1 GetCmdId method identity as verified 26105 anchor + mov ax, imm16; ret"
26960,NNPBLBEHJML,69418,0x122E4940,AEGNNPENLNM,mov-ax-imm16-ret,static-candidate,"same 7.1 GetCmdId method identity as verified 26105 anchor + mov ax, imm16; ret"
26962,GAFLBBDBFOJ,13203,0x1049D6A0,AEGNNPENLNM,mov-ax-imm16-ret,static-candidate,"same 7.1 GetCmdId method identity as verified 26105 anchor + mov ax, imm16; ret"
26968,FCFGFDAPEGO,71531,0x7F8FEB0,AEGNNPENLNM,mov-ax-imm16-ret,static-candidate,"same 7.1 GetCmdId method identity as verified 26105 anchor + mov ax, imm16; ret"
26969,HCFMNKGFNBI,51929,0xF9593F0,AEGNNPENLNM,mov-ax-imm16-ret,static-candidate,"same 7.1 GetCmdId method identity as verified 26105 anchor + mov ax, imm16; ret"
26970,OIHIBLMHIPM,68090,0x100A0DD0,AEGNNPENLNM,mov-ax-imm16-ret,static-candidate,"same 7.1 GetCmdId method identity as verified 26105 anchor + mov ax, imm16; ret"
26983,DKEEHEHFOIF,25585,0xE99FAB0,AEGNNPENLNM,mov-ax-imm16-ret,static-candidate,"same 7.1 GetCmdId method identity as verified 26105 anchor + mov ax, imm16; ret"
26987,EHDCNMKBDLP,82989,0x7289470,AEGNNPENLNM,mov-ax-imm16-ret,static-candidate,"same 7.1 GetCmdId method identity as verified 26105 anchor + mov ax, imm16; ret"
26997,HGMMGDNCNMG,55032,0xB231460,AEGNNPENLNM,mov-ax-imm16-ret,static-candidate,"same 7.1 GetCmdId method identity as verified 26105 anchor + mov ax, imm16; ret"
27000,FHMHHFNMJKN,55545,0x7FBE7A0,AEGNNPENLNM,mov-ax-imm16-ret,static-candidate,"same 7.1 GetCmdId method identity as verified 26105 anchor + mov ax, imm16; ret"
27010,LBAGEIBCGBB,39106,0x107D4670,AEGNNPENLNM,mov-ax-imm16-ret,static-candidate,"same 7.1 GetCmdId method identity as verified 26105 anchor + mov ax, imm16; ret"
27012,GAJIPEFCBBO,66437,0x8BCF910,AEGNNPENLNM,mov-ax-imm16-ret,static-candidate,"same 7.1 GetCmdId method identity as verified 26105 anchor + mov ax, imm16; ret"
27026,LHJNCPFILGM,50576,0x904FE60,AEGNNPENLNM,mov-ax-imm16-ret,static-candidate,"same 7.1 GetCmdId method identity as verified 26105 anchor + mov ax, imm16; ret"
27034,NNEFAIGMFIA,61061,0xC5B5E70,AEGNNPENLNM,mov-ax-imm16-ret,static-candidate,"same 7.1 GetCmdId method identity as verified 26105 anchor + mov ax, imm16; ret"
27037,OKBNALKDCGB,83005,0x100B0860,AEGNNPENLNM,mov-ax-imm16-ret,static-candidate,"same 7.1 GetCmdId method identity as verified 26105 anchor + mov ax, imm16; ret"
27043,PHDJLHDLGDE,74047,0x131D4AB0,AEGNNPENLNM,mov-ax-imm16-ret,static-candidate,"same 7.1 GetCmdId method identity as verified 26105 anchor + mov ax, imm16; ret"
27052,NMBEIILFLAG,76589,0x9307CC0,AEGNNPENLNM,mov-ax-imm16-ret,static-candidate,"same 7.1 GetCmdId method identity as verified 26105 anchor + mov ax, imm16; ret"
27056,MKFFBPEIFBN,59210,0x11525180,AEGNNPENLNM,mov-ax-imm16-ret,static-candidate,"same 7.1 GetCmdId method identity as verified 26105 anchor + mov ax, imm16; ret"
27068,PGLNNEMHJHN,28945,0x13DCB260,AEGNNPENLNM,mov-ax-imm16-ret,static-candidate,"same 7.1 GetCmdId method identity as verified 26105 anchor + mov ax, imm16; ret"
27069,MKCFJPIIKGC,72098,0x121167E0,AEGNNPENLNM,mov-ax-imm16-ret,static-candidate,"same 7.1 GetCmdId method identity as verified 26105 anchor + mov ax, imm16; ret"
27075,KFKOGPPGBDE,36868,0xFC515D0,AEGNNPENLNM,mov-ax-imm16-ret,static-candidate,"same 7.1 GetCmdId method identity as verified 26105 anchor + mov ax, imm16; ret"
27077,IMEJDPJGEFP,87544,0x1064B350,AEGNNPENLNM,mov-ax-imm16-ret,static-candidate,"same 7.1 GetCmdId method identity as verified 26105 anchor + mov ax, imm16; ret"
27079,GBPIEEFDEPJ,14213,0x97A0560,AEGNNPENLNM,mov-ax-imm16-ret,static-candidate,"same 7.1 GetCmdId method identity as verified 26105 anchor + mov ax, imm16; ret"
27083,PHPOFMIOBFK,17665,0xE85E300,AEGNNPENLNM,mov-ax-imm16-ret,static-candidate,"same 7.1 GetCmdId method identity as verified 26105 anchor + mov ax, imm16; ret"
27090,BIPOKKONHGH,66167,0x12B557E0,AEGNNPENLNM,mov-ax-imm16-ret,static-candidate,"same 7.1 GetCmdId method identity as verified 26105 anchor + mov ax, imm16; ret"
27091,HMMOEDAANCE,57890,0x8CF7BC0,AEGNNPENLNM,mov-ax-imm16-ret,static-candidate,"same 7.1 GetCmdId method identity as verified 26105 anchor + mov ax, imm16; ret"
27102,KCNIBMGDJBH,16005,0xFC356E0,AEGNNPENLNM,mov-ax-imm16-ret,static-candidate,"same 7.1 GetCmdId method identity as verified 26105 anchor + mov ax, imm16; ret"
27103,DPAPNHPAMCP,82521,0x102D81F0,AEGNNPENLNM,mov-ax-imm16-ret,static-candidate,"same 7.1 GetCmdId method identity as verified 26105 anchor + mov ax, imm16; ret"
27106,OCKGAEIPJPK,84093,0x86560C0,AEGNNPENLNM,mov-ax-imm16-ret,static-candidate,"same 7.1 GetCmdId method identity as verified 26105 anchor + mov ax, imm16; ret"
27111,CNHPJFPEFDH,20093,0x13EE9E30,AEGNNPENLNM,mov-ax-imm16-ret,static-candidate,"same 7.1 GetCmdId method identity as verified 26105 anchor + mov ax, imm16; ret"
27114,MIAHNPEOJHN,66332,0x9D082F0,AEGNNPENLNM,mov-ax-imm16-ret,static-candidate,"same 7.1 GetCmdId method identity as verified 26105 anchor + mov ax, imm16; ret"
27119,EIALLOENBLA,45371,0x127DA040,AEGNNPENLNM,mov-ax-imm16-ret,static-candidate,"same 7.1 GetCmdId method identity as verified 26105 anchor + mov ax, imm16; ret"
27126,NLCLNLDGECL,31540,0xFFA24C0,AEGNNPENLNM,mov-ax-imm16-ret,static-candidate,"same 7.1 GetCmdId method identity as verified 26105 anchor + mov ax, imm16; ret"
27127,FILOLJDGNKC,61306,0xD4953B0,AEGNNPENLNM,mov-ax-imm16-ret,static-candidate,"same 7.1 GetCmdId method identity as verified 26105 anchor + mov ax, imm16; ret"
27128,AEJMJIJMNIN,86219,0xC9717C0,AEGNNPENLNM,mov-ax-imm16-ret,static-candidate,"same 7.1 GetCmdId method identity as verified 26105 anchor + mov ax, imm16; ret"
27129,CECAIIGJOED,65319,0xF5611B0,AEGNNPENLNM,mov-ax-imm16-ret,static-candidate,"same 7.1 GetCmdId method identity as verified 26105 anchor + mov ax, imm16; ret"
27134,INANJJPBMEI,31975,0x761DF80,AEGNNPENLNM,mov-ax-imm16-ret,static-candidate,"same 7.1 GetCmdId method identity as verified 26105 anchor + mov ax, imm16; ret"
27139,OFDDLLDBFCD,73663,0x8668720,AEGNNPENLNM,mov-ax-imm16-ret,static-candidate,"same 7.1 GetCmdId method identity as verified 26105 anchor + mov ax, imm16; ret"
27141,CKFBDKMAJGK,55470,0xBA2C7B0,AEGNNPENLNM,mov-ax-imm16-ret,static-candidate,"same 7.1 GetCmdId method identity as verified 26105 anchor + mov ax, imm16; ret"
27143,JMNCALEFANF,83472,0xCCE5E60,AEGNNPENLNM,mov-ax-imm16-ret,static-candidate,"same 7.1 GetCmdId method identity as verified 26105 anchor + mov ax, imm16; ret"
27144,NHJGFKKKAFK,18551,0xD065960,AEGNNPENLNM,mov-ax-imm16-ret,static-candidate,"same 7.1 GetCmdId method identity as verified 26105 anchor + mov ax, imm16; ret"
27147,JNIEBIGOGHL,48563,0xEF90890,AEGNNPENLNM,mov-ax-imm16-ret,static-candidate,"same 7.1 GetCmdId method identity as verified 26105 anchor + mov ax, imm16; ret"
27148,HNNGLLPLLGD,62290,0xD6D5C70,AEGNNPENLNM,mov-ax-imm16-ret,static-candidate,"same 7.1 GetCmdId method identity as verified 26105 anchor + mov ax, imm16; ret"
27149,LOHLHKALKNC,29403,0x83E8D20,AEGNNPENLNM,mov-ax-imm16-ret,static-candidate,"same 7.1 GetCmdId method identity as verified 26105 anchor + mov ax, imm16; ret"
27150,MJBBKDGLOCJ,46450,0xC2FD650,AEGNNPENLNM,mov-ax-imm16-ret,static-candidate,"same 7.1 GetCmdId method identity as verified 26105 anchor + mov ax, imm16; ret"
27153,MAKMNKNMCLF,30610,0x1091C8C0,AEGNNPENLNM,mov-ax-imm16-ret,static-candidate,"same 7.1 GetCmdId method identity as verified 26105 anchor + mov ax, imm16; ret"
27163,HOEJMJMPJGO,30863,0xD6D8630,AEGNNPENLNM,mov-ax-imm16-ret,static-candidate,"same 7.1 GetCmdId method identity as verified 26105 anchor + mov ax, imm16; ret"
27164,AEDNFGILBPB,49821,0xBC480B0,AEGNNPENLNM,mov-ax-imm16-ret,static-candidate,"same 7.1 GetCmdId method identity as verified 26105 anchor + mov ax, imm16; ret"
27174,DKPNLAALJOL,22736,0xD389270,AEGNNPENLNM,mov-ax-imm16-ret,static-candidate,"same 7.1 GetCmdId method identity as verified 26105 anchor + mov ax, imm16; ret"
27180,KCDKNCPOIHL,83353,0xFC2FCD0,AEGNNPENLNM,mov-ax-imm16-ret,static-candidate,"same 7.1 GetCmdId method identity as verified 26105 anchor + mov ax, imm16; ret"
27187,FDJDNJIBHEC,27353,0xBD3F310,AEGNNPENLNM,mov-ax-imm16-ret,static-candidate,"same 7.1 GetCmdId method identity as verified 26105 anchor + mov ax, imm16; ret"
27190,LGDDOABGJIO,41832,0xAA20BF0,AEGNNPENLNM,mov-ax-imm16-ret,static-candidate,"same 7.1 GetCmdId method identity as verified 26105 anchor + mov ax, imm16; ret"
27200,CJOKMECPONP,38150,0x870E200,AEGNNPENLNM,mov-ax-imm16-ret,static-candidate,"same 7.1 GetCmdId method identity as verified 26105 anchor + mov ax, imm16; ret"
27201,JKIBDGLHPJC,82264,0x12B9CC70,AEGNNPENLNM,mov-ax-imm16-ret,static-candidate,"same 7.1 GetCmdId method identity as verified 26105 anchor + mov ax, imm16; ret"
27207,JOPCHPKJENP,14236,0x76FF590,AEGNNPENLNM,mov-ax-imm16-ret,static-candidate,"same 7.1 GetCmdId method identity as verified 26105 anchor + mov ax, imm16; ret"
27208,GENIBDNGOHJ,25050,0xBDC84A0,AEGNNPENLNM,mov-ax-imm16-ret,static-candidate,"same 7.1 GetCmdId method identity as verified 26105 anchor + mov ax, imm16; ret"
27210,LLCECBKHODC,31459,0x108B08F0,AEGNNPENLNM,mov-ax-imm16-ret,static-candidate,"same 7.1 GetCmdId method identity as verified 26105 anchor + mov ax, imm16; ret"
27212,GOLKBPEKNBN,69415,0xD6499D0,AEGNNPENLNM,mov-ax-imm16-ret,static-candidate,"same 7.1 GetCmdId method identity as verified 26105 anchor + mov ax, imm16; ret"
27218,BOCDGNPHJAL,29175,0xAF3F3C0,AEGNNPENLNM,mov-ax-imm16-ret,static-candidate,"same 7.1 GetCmdId method identity as verified 26105 anchor + mov ax, imm16; ret"
27223,AFCBOFFNNFO,16030,0xD4E8840,AEGNNPENLNM,mov-ax-imm16-ret,static-candidate,"same 7.1 GetCmdId method identity as verified 26105 anchor + mov ax, imm16; ret"
27224,EKILIMCBEGA,79644,0x127EED00,AEGNNPENLNM,mov-ax-imm16-ret,static-candidate,"same 7.1 GetCmdId method identity as verified 26105 anchor + mov ax, imm16; ret"
27228,KOCNAGLNKJP,45178,0x12C60980,AEGNNPENLNM,mov-ax-imm16-ret,static-candidate,"same 7.1 GetCmdId method identity as verified 26105 anchor + mov ax, imm16; ret"
27230,GCNLCKFMMDC,86460,0x8BE0120,AEGNNPENLNM,mov-ax-imm16-ret,static-candidate,"same 7.1 GetCmdId method identity as verified 26105 anchor + mov ax, imm16; ret"
27233,MEPEAJCMKNF,61166,0xC2D0610,AEGNNPENLNM,mov-ax-imm16-ret,static-candidate,"same 7.1 GetCmdId method identity as verified 26105 anchor + mov ax, imm16; ret"
27234,JICOBEINBOO,42599,0x9ACF2A0,AEGNNPENLNM,mov-ax-imm16-ret,static-candidate,"same 7.1 GetCmdId method identity as verified 26105 anchor + mov ax, imm16; ret"
27235,JMKPIKBLLBH,30048,0x8F51D50,AEGNNPENLNM,mov-ax-imm16-ret,static-candidate,"same 7.1 GetCmdId method identity as verified 26105 anchor + mov ax, imm16; ret"
27236,JMKNFKALDLM,23801,0x9AEB0A0,AEGNNPENLNM,mov-ax-imm16-ret,static-candidate,"same 7.1 GetCmdId method identity as verified 26105 anchor + mov ax, imm16; ret"
27245,HBJIPKPBOOK,32071,0x129BCA70,AEGNNPENLNM,mov-ax-imm16-ret,static-candidate,"same 7.1 GetCmdId method identity as verified 26105 anchor + mov ax, imm16; ret"
27246,NNOGKDPMJGH,79873,0x117171D0,AEGNNPENLNM,mov-ax-imm16-ret,static-candidate,"same 7.1 GetCmdId method identity as verified 26105 anchor + mov ax, imm16; ret"
27248,GCONLNHFEOM,32095,0xF8A6EE0,AEGNNPENLNM,mov-ax-imm16-ret,static-candidate,"same 7.1 GetCmdId method identity as verified 26105 anchor + mov ax, imm16; ret"
27251,BPMFDBALHCJ,15707,0x13319010,AEGNNPENLNM,mov-ax-imm16-ret,static-candidate,"same 7.1 GetCmdId method identity as verified 26105 anchor + mov ax, imm16; ret"
27260,FFIILGHJFBP,31424,0x7FA59B0,AEGNNPENLNM,mov-ax-imm16-ret,static-candidate,"same 7.1 GetCmdId method identity as verified 26105 anchor + mov ax, imm16; ret"
27261,FMHFJCLKLCB,36271,0x7356520,AEGNNPENLNM,mov-ax-imm16-ret,static-candidate,"same 7.1 GetCmdId method identity as verified 26105 anchor + mov ax, imm16; ret"
27262,JDLKCNANBGE,42947,0x9AA5950,AEGNNPENLNM,mov-ax-imm16-ret,static-candidate,"same 7.1 GetCmdId method identity as verified 26105 anchor + mov ax, imm16; ret"
27270,CDHJHFMLGHP,17950,0xB9406A0,AEGNNPENLNM,mov-ax-imm16-ret,static-candidate,"same 7.1 GetCmdId method identity as verified 26105 anchor + mov ax, imm16; ret"
27272,JBCKDLFHAOF,29222,0x7652190,AEGNNPENLNM,mov-ax-imm16-ret,static-candidate,"same 7.1 GetCmdId method identity as verified 26105 anchor + mov ax, imm16; ret"
27276,KGHCAELNDFP,15503,0xE3A60F0,AEGNNPENLNM,mov-ax-imm16-ret,static-candidate,"same 7.1 GetCmdId method identity as verified 26105 anchor + mov ax, imm16; ret"
27281,NIEGGAHILBI,67438,0x12299D50,AEGNNPENLNM,mov-ax-imm16-ret,static-candidate,"same 7.1 GetCmdId method identity as verified 26105 anchor + mov ax, imm16; ret"
27287,PPEAJBEAJPN,68038,0xE8887E0,AEGNNPENLNM,mov-ax-imm16-ret,static-candidate,"same 7.1 GetCmdId method identity as verified 26105 anchor + mov ax, imm16; ret"
27290,GCOIMBKFCFP,78162,0xEBFD630,AEGNNPENLNM,mov-ax-imm16-ret,static-candidate,"same 7.1 GetCmdId method identity as verified 26105 anchor + mov ax, imm16; ret"
27305,APAFONGMIBA,37652,0x71CF340,AEGNNPENLNM,mov-ax-imm16-ret,static-candidate,"same 7.1 GetCmdId method identity as verified 26105 anchor + mov ax, imm16; ret"
27309,LBLPACOKOCF,63055,0x9C1E100,AEGNNPENLNM,mov-ax-imm16-ret,static-candidate,"same 7.1 GetCmdId method identity as verified 26105 anchor + mov ax, imm16; ret"
27310,JCHKPKFDDFO,15649,0x106A24C0,AEGNNPENLNM,mov-ax-imm16-ret,static-candidate,"same 7.1 GetCmdId method identity as verified 26105 anchor + mov ax, imm16; ret"
27320,OACEPJGPOKM,76662,0x863E6C0,AEGNNPENLNM,mov-ax-imm16-ret,static-candidate,"same 7.1 GetCmdId method identity as verified 26105 anchor + mov ax, imm16; ret"
27334,JNIHPGDPIPJ,13614,0x112B9D40,AEGNNPENLNM,mov-ax-imm16-ret,static-candidate,"same 7.1 GetCmdId method identity as verified 26105 anchor + mov ax, imm16; ret"
27335,CNJOKFFOPLA,50021,0xF5B0870,AEGNNPENLNM,mov-ax-imm16-ret,static-candidate,"same 7.1 GetCmdId method identity as verified 26105 anchor + mov ax, imm16; ret"
27336,BFKOHHFFJBD,14196,0xEE9AA00,AEGNNPENLNM,mov-ax-imm16-ret,static-candidate,"same 7.1 GetCmdId method identity as verified 26105 anchor + mov ax, imm16; ret"
27344,FDHNDOOIKKB,54915,0x110164E0,AEGNNPENLNM,mov-ax-imm16-ret,static-candidate,"same 7.1 GetCmdId method identity as verified 26105 anchor + mov ax, imm16; ret"
27345,HGILLKJEDLL,82676,0x989CB80,AEGNNPENLNM,mov-ax-imm16-ret,static-candidate,"same 7.1 GetCmdId method identity as verified 26105 anchor + mov ax, imm16; ret"
27354,EJLKNLCKPHL,64825,0x72A7820,AEGNNPENLNM,mov-ax-imm16-ret,static-candidate,"same 7.1 GetCmdId method identity as verified 26105 anchor + mov ax, imm16; ret"
27363,JKFFLPHDOID,55723,0x137F7460,AEGNNPENLNM,mov-ax-imm16-ret,static-candidate,"same 7.1 GetCmdId method identity as verified 26105 anchor + mov ax, imm16; ret"
27371,AAIPCHJIEEO,14379,0xC94E0B0,AEGNNPENLNM,mov-ax-imm16-ret,static-candidate,"same 7.1 GetCmdId method identity as verified 26105 anchor + mov ax, imm16; ret"
27372,KEEFDLKEKIO,56744,0xB42D100,AEGNNPENLNM,mov-ax-imm16-ret,static-candidate,"same 7.1 GetCmdId method identity as verified 26105 anchor + mov ax, imm16; ret"
27373,BBLPPPNIEJM,78411,0x113830A0,AEGNNPENLNM,mov-ax-imm16-ret,static-candidate,"same 7.1 GetCmdId method identity as verified 26105 anchor + mov ax, imm16; ret"
27374,ENDKLMALLKF,12140,0x1280A3A0,AEGNNPENLNM,mov-ax-imm16-ret,static-candidate,"same 7.1 GetCmdId method identity as verified 26105 anchor + mov ax, imm16; ret"
27379,BKHLMJHDAAC,19531,0x123A5B60,AEGNNPENLNM,mov-ax-imm16-ret,static-candidate,"same 7.1 GetCmdId method identity as verified 26105 anchor + mov ax, imm16; ret"
27380,EBADNBMJJBO,37712,0x1279AC50,AEGNNPENLNM,mov-ax-imm16-ret,static-candidate,"same 7.1 GetCmdId method identity as verified 26105 anchor + mov ax, imm16; ret"
27386,NIFFJCIMKIB,35421,0x1301B300,AEGNNPENLNM,mov-ax-imm16-ret,static-candidate,"same 7.1 GetCmdId method identity as verified 26105 anchor + mov ax, imm16; ret"
27387,INAAKGIFMPB,46557,0xB30CD50,AEGNNPENLNM,mov-ax-imm16-ret,static-candidate,"same 7.1 GetCmdId method identity as verified 26105 anchor + mov ax, imm16; ret"
27388,KIADBBBOAKI,82943,0xE3B7430,AEGNNPENLNM,mov-ax-imm16-ret,static-candidate,"same 7.1 GetCmdId method identity as verified 26105 anchor + mov ax, imm16; ret"
27389,FMEIIHBKGFN,13878,0xEBCE0F0,AEGNNPENLNM,mov-ax-imm16-ret,static-candidate,"same 7.1 GetCmdId method identity as verified 26105 anchor + mov ax, imm16; ret"
27394,MGLJCMCOIGL,29826,0xAABC200,AEGNNPENLNM,mov-ax-imm16-ret,static-candidate,"same 7.1 GetCmdId method identity as verified 26105 anchor + mov ax, imm16; ret"
27399,DMODEMDCDLG,50118,0xF651710,AEGNNPENLNM,mov-ax-imm16-ret,static-candidate,"same 7.1 GetCmdId method identity as verified 26105 anchor + mov ax, imm16; ret"
27401,AFLLDFFADNO,49226,0xAB77A60,AEGNNPENLNM,mov-ax-imm16-ret,static-candidate,"same 7.1 GetCmdId method identity as verified 26105 anchor + mov ax, imm16; ret"
27407,OGELFNNHIDJ,74911,0xB858BD0,AEGNNPENLNM,mov-ax-imm16-ret,static-candidate,"same 7.1 GetCmdId method identity as verified 26105 anchor + mov ax, imm16; ret"
27412,ANFFGKKILLK,51203,0xF7E2640,AEGNNPENLNM,mov-ax-imm16-ret,static-candidate,"same 7.1 GetCmdId method identity as verified 26105 anchor + mov ax, imm16; ret"
27413,OHKFHCODCDL,24016,0x1009C0A0,AEGNNPENLNM,mov-ax-imm16-ret,static-candidate,"same 7.1 GetCmdId method identity as verified 26105 anchor + mov ax, imm16; ret"
27416,POLIHMKMHNP,41497,0xA07E590,AEGNNPENLNM,mov-ax-imm16-ret,static-candidate,"same 7.1 GetCmdId method identity as verified 26105 anchor + mov ax, imm16; ret"
27417,PFDFLAMIDBH,52309,0x123FB4D0,AEGNNPENLNM,mov-ax-imm16-ret,static-candidate,"same 7.1 GetCmdId method identity as verified 26105 anchor + mov ax, imm16; ret"
27420,LKPMBKNMEBJ,25474,0x108AF920,AEGNNPENLNM,mov-ax-imm16-ret,static-candidate,"same 7.1 GetCmdId method identity as verified 26105 anchor + mov ax, imm16; ret"
27422,CIBADAEFNNG,56738,0xF57E950,AEGNNPENLNM,mov-ax-imm16-ret,static-candidate,"same 7.1 GetCmdId method identity as verified 26105 anchor + mov ax, imm16; ret"
27423,OCMLDPMNIII,66175,0x10B44B50,AEGNNPENLNM,mov-ax-imm16-ret,static-candidate,"same 7.1 GetCmdId method identity as verified 26105 anchor + mov ax, imm16; ret"
27425,EBKFPODIAFD,47502,0xD3B9360,AEGNNPENLNM,mov-ax-imm16-ret,static-candidate,"same 7.1 GetCmdId method identity as verified 26105 anchor + mov ax, imm16; ret"
27427,BIIOPAKAAEO,66140,0x922C090,AEGNNPENLNM,mov-ax-imm16-ret,static-candidate,"same 7.1 GetCmdId method identity as verified 26105 anchor + mov ax, imm16; ret"
27428,PMJCIEHOANK,52553,0x12443B50,AEGNNPENLNM,mov-ax-imm16-ret,static-candidate,"same 7.1 GetCmdId method identity as verified 26105 anchor + mov ax, imm16; ret"
27436,JJEHHLDAMJO,54538,0x11EE1CF0,AEGNNPENLNM,mov-ax-imm16-ret,static-candidate,"same 7.1 GetCmdId method identity as verified 26105 anchor + mov ax, imm16; ret"
27440,KONGDGGAJOA,13288,0x834CF80,AEGNNPENLNM,mov-ax-imm16-ret,static-candidate,"same 7.1 GetCmdId method identity as verified 26105 anchor + mov ax, imm16; ret"
27441,ACKBICDODKJ,47377,0x11B385F0,AEGNNPENLNM,mov-ax-imm16-ret,static-candidate,"same 7.1 GetCmdId method identity as verified 26105 anchor + mov ax, imm16; ret"
27443,HDLFILHAOKJ,29106,0xBE7B9D0,AEGNNPENLNM,mov-ax-imm16-ret,static-candidate,"same 7.1 GetCmdId method identity as verified 26105 anchor + mov ax, imm16; ret"
27446,GJBAKFAOMFE,58022,0xCA6AFF0,AEGNNPENLNM,mov-ax-imm16-ret,static-candidate,"same 7.1 GetCmdId method identity as verified 26105 anchor + mov ax, imm16; ret"
27447,NDAJDBCBAAE,75026,0x7AD8ED0,AEGNNPENLNM,mov-ax-imm16-ret,static-candidate,"same 7.1 GetCmdId method identity as verified 26105 anchor + mov ax, imm16; ret"
27450,DPLMAJFJPDK,73305,0x11A721D0,AEGNNPENLNM,mov-ax-imm16-ret,static-candidate,"same 7.1 GetCmdId method identity as verified 26105 anchor + mov ax, imm16; ret"
27453,MBGMOLLCEFA,42631,0xB588EE0,AEGNNPENLNM,mov-ax-imm16-ret,static-candidate,"same 7.1 GetCmdId method identity as verified 26105 anchor + mov ax, imm16; ret"
27458,MPPLGOKOEGE,33060,0xB62B2D0,AEGNNPENLNM,mov-ax-imm16-ret,static-candidate,"same 7.1 GetCmdId method identity as verified 26105 anchor + mov ax, imm16; ret"
27466,CCKEMEGAMNI,77578,0x10007980,AEGNNPENLNM,mov-ax-imm16-ret,static-candidate,"same 7.1 GetCmdId method identity as verified 26105 anchor + mov ax, imm16; ret"
27474,CPDILIOPHLH,71107,0xE912880,AEGNNPENLNM,mov-ax-imm16-ret,static-candidate,"same 7.1 GetCmdId method identity as verified 26105 anchor + mov ax, imm16; ret"
27484,HFOFNALAGJM,12167,0x13656380,AEGNNPENLNM,mov-ax-imm16-ret,static-candidate,"same 7.1 GetCmdId method identity as verified 26105 anchor + mov ax, imm16; ret"
27490,DECOLGDCMOP,46951,0x1028D670,AEGNNPENLNM,mov-ax-imm16-ret,static-candidate,"same 7.1 GetCmdId method identity as verified 26105 anchor + mov ax, imm16; ret"
27494,GBIFMJPAHDK,78339,0x128D4050,AEGNNPENLNM,mov-ax-imm16-ret,static-candidate,"same 7.1 GetCmdId method identity as verified 26105 anchor + mov ax, imm16; ret"
27497,PMALPFHJJIH,52479,0xA050760,AEGNNPENLNM,mov-ax-imm16-ret,static-candidate,"same 7.1 GetCmdId method identity as verified 26105 anchor + mov ax, imm16; ret"
27498,ABFBKNNHIGF,16882,0x7EB9550,AEGNNPENLNM,mov-ax-imm16-ret,static-candidate,"same 7.1 GetCmdId method identity as verified 26105 anchor + mov ax, imm16; ret"
27504,KCDHLMJGHNB,17718,0x9B244A0,AEGNNPENLNM,mov-ax-imm16-ret,static-candidate,"same 7.1 GetCmdId method identity as verified 26105 anchor + mov ax, imm16; ret"
27505,BCEHGFHIIPP,25553,0xEE80730,AEGNNPENLNM,mov-ax-imm16-ret,static-candidate,"same 7.1 GetCmdId method identity as verified 26105 anchor + mov ax, imm16; ret"
27506,MJKLEFMENEM,49327,0x121094D0,AEGNNPENLNM,mov-ax-imm16-ret,static-candidate,"same 7.1 GetCmdId method identity as verified 26105 anchor + mov ax, imm16; ret"
27513,LFEIIGLFIMM,50178,0xFD07BD0,AEGNNPENLNM,mov-ax-imm16-ret,static-candidate,"same 7.1 GetCmdId method identity as verified 26105 anchor + mov ax, imm16; ret"
27517,DFBJCHHFDAG,81055,0x10290190,AEGNNPENLNM,mov-ax-imm16-ret,static-candidate,"same 7.1 GetCmdId method identity as verified 26105 anchor + mov ax, imm16; ret"
27528,AKMDMFFKPBF,16836,0xEB493D0,AEGNNPENLNM,mov-ax-imm16-ret,static-candidate,"same 7.1 GetCmdId method identity as verified 26105 anchor + mov ax, imm16; ret"
27532,EFFJHHNCHCP,35226,0xF6AED60,AEGNNPENLNM,mov-ax-imm16-ret,static-candidate,"same 7.1 GetCmdId method identity as verified 26105 anchor + mov ax, imm16; ret"
27535,NGGMPIBIGFI,32427,0x85F7210,AEGNNPENLNM,mov-ax-imm16-ret,static-candidate,"same 7.1 GetCmdId method identity as verified 26105 anchor + mov ax, imm16; ret"
27536,BPBAMOGOJJA,78350,0xB91C8A0,AEGNNPENLNM,mov-ax-imm16-ret,static-candidate,"same 7.1 GetCmdId method identity as verified 26105 anchor + mov ax, imm16; ret"
27541,IILFPHGMHPP,58942,0x12A8E440,AEGNNPENLNM,mov-ax-imm16-ret,static-candidate,"same 7.1 GetCmdId method identity as verified 26105 anchor + mov ax, imm16; ret"
27553,BHJDPMGFNMC,14061,0x113BE460,AEGNNPENLNM,mov-ax-imm16-ret,static-candidate,"same 7.1 GetCmdId method identity as verified 26105 anchor + mov ax, imm16; ret"
27556,IBDDIAILIFF,76898,0xF9F71D0,AEGNNPENLNM,mov-ax-imm16-ret,static-candidate,"same 7.1 GetCmdId method identity as verified 26105 anchor + mov ax, imm16; ret"
27559,JEAKLPAFIKN,66219,0x11EC29F0,AEGNNPENLNM,mov-ax-imm16-ret,static-candidate,"same 7.1 GetCmdId method identity as verified 26105 anchor + mov ax, imm16; ret"
27567,ALEOPELCBLM,64363,0x96EAFA0,AEGNNPENLNM,mov-ax-imm16-ret,static-candidate,"same 7.1 GetCmdId method identity as verified 26105 anchor + mov ax, imm16; ret"
27568,AGDNJGNLFJD,25328,0xC987760,AEGNNPENLNM,mov-ax-imm16-ret,static-candidate,"same 7.1 GetCmdId method identity as verified 26105 anchor + mov ax, imm16; ret"
27574,PLJACJDCKFE,70938,0xD26A8A0,AEGNNPENLNM,mov-ax-imm16-ret,static-candidate,"same 7.1 GetCmdId method identity as verified 26105 anchor + mov ax, imm16; ret"
27578,CDNIBKFGIIK,63395,0x10C42350,AEGNNPENLNM,mov-ax-imm16-ret,static-candidate,"same 7.1 GetCmdId method identity as verified 26105 anchor + mov ax, imm16; ret"
27581,OANCLKLDGBD,35020,0x7B74240,AEGNNPENLNM,mov-ax-imm16-ret,static-candidate,"same 7.1 GetCmdId method identity as verified 26105 anchor + mov ax, imm16; ret"
27587,FECEHHIDKFP,83590,0x10EB4F80,AEGNNPENLNM,mov-ax-imm16-ret,static-candidate,"same 7.1 GetCmdId method identity as verified 26105 anchor + mov ax, imm16; ret"
27588,GELADDCLCIE,57508,0x110A0AC0,AEGNNPENLNM,mov-ax-imm16-ret,static-candidate,"same 7.1 GetCmdId method identity as verified 26105 anchor + mov ax, imm16; ret"
27592,DILEPPIKDFA,23597,0xC84CF50,AEGNNPENLNM,mov-ax-imm16-ret,static-candidate,"same 7.1 GetCmdId method identity as verified 26105 anchor + mov ax, imm16; ret"
27594,FHFDHBNBKGP,82427,0xEBA24E0,AEGNNPENLNM,mov-ax-imm16-ret,static-candidate,"same 7.1 GetCmdId method identity as verified 26105 anchor + mov ax, imm16; ret"
27595,LFIKJLKLOGI,76660,0xFD0B2D0,AEGNNPENLNM,mov-ax-imm16-ret,static-candidate,"same 7.1 GetCmdId method identity as verified 26105 anchor + mov ax, imm16; ret"
27596,JPINCFMKIEM,64455,0xEF97D70,AEGNNPENLNM,mov-ax-imm16-ret,static-candidate,"same 7.1 GetCmdId method identity as verified 26105 anchor + mov ax, imm16; ret"
27609,IFDAGOBOHLF,32694,0xA6FBAE0,AEGNNPENLNM,mov-ax-imm16-ret,static-candidate,"same 7.1 GetCmdId method identity as verified 26105 anchor + mov ax, imm16; ret"
27610,GMCOFIJLIAI,45226,0xF91E0C0,AEGNNPENLNM,mov-ax-imm16-ret,static-candidate,"same 7.1 GetCmdId method identity as verified 26105 anchor + mov ax, imm16; ret"
27611,NIFHJHFOOJI,86416,0xFF89430,AEGNNPENLNM,mov-ax-imm16-ret,static-candidate,"same 7.1 GetCmdId method identity as verified 26105 anchor + mov ax, imm16; ret"
27612,JDLBHFFCAEM,33354,0x7665670,AEGNNPENLNM,mov-ax-imm16-ret,static-candidate,"same 7.1 GetCmdId method identity as verified 26105 anchor + mov ax, imm16; ret"
27615,NJGPJJCHAGK,57064,0xFF9B3B0,AEGNNPENLNM,mov-ax-imm16-ret,static-candidate,"same 7.1 GetCmdId method identity as verified 26105 anchor + mov ax, imm16; ret"
27616,FJNKAALPKIA,87964,0x13559DC0,AEGNNPENLNM,mov-ax-imm16-ret,static-candidate,"same 7.1 GetCmdId method identity as verified 26105 anchor + mov ax, imm16; ret"
27624,DAGCJKIOJCD,20864,0xE920740,AEGNNPENLNM,mov-ax-imm16-ret,static-candidate,"same 7.1 GetCmdId method identity as verified 26105 anchor + mov ax, imm16; ret"
27629,GNFOIHDCBBB,70426,0x12995EC0,AEGNNPENLNM,mov-ax-imm16-ret,static-candidate,"same 7.1 GetCmdId method identity as verified 26105 anchor + mov ax, imm16; ret"
27645,CBFKJANAKOM,70991,0xD1D7080,AEGNNPENLNM,mov-ax-imm16-ret,static-candidate,"same 7.1 GetCmdId method identity as verified 26105 anchor + mov ax, imm16; ret"
27652,NMHBELHJMFO,54338,0xF377CC0,AEGNNPENLNM,mov-ax-imm16-ret,static-candidate,"same 7.1 GetCmdId method identity as verified 26105 anchor + mov ax, imm16; ret"
27653,BCIMFPDEBNC,71075,0xFBDB790,AEGNNPENLNM,mov-ax-imm16-ret,static-candidate,"same 7.1 GetCmdId method identity as verified 26105 anchor + mov ax, imm16; ret"
27670,GGLDNGJFKKO,83832,0x104CCDA0,AEGNNPENLNM,mov-ax-imm16-ret,static-candidate,"same 7.1 GetCmdId method identity as verified 26105 anchor + mov ax, imm16; ret"
27673,DDAHJAMHIBP,76154,0xA11B150,AEGNNPENLNM,mov-ax-imm16-ret,static-candidate,"same 7.1 GetCmdId method identity as verified 26105 anchor + mov ax, imm16; ret"
27675,DLBEOIFFLEG,18141,0xB040E30,AEGNNPENLNM,mov-ax-imm16-ret,static-candidate,"same 7.1 GetCmdId method identity as verified 26105 anchor + mov ax, imm16; ret"
27682,FBGHAHHLFNM,70203,0xD443D50,AEGNNPENLNM,mov-ax-imm16-ret,static-candidate,"same 7.1 GetCmdId method identity as verified 26105 anchor + mov ax, imm16; ret"
27683,IJOBFEBBAEK,20063,0xBF95920,AEGNNPENLNM,mov-ax-imm16-ret,static-candidate,"same 7.1 GetCmdId method identity as verified 26105 anchor + mov ax, imm16; ret"
27685,KIIKIELOHOG,65670,0xC16BDD0,AEGNNPENLNM,mov-ax-imm16-ret,static-candidate,"same 7.1 GetCmdId method identity as verified 26105 anchor + mov ax, imm16; ret"
27687,OCPKPJDEHFE,86755,0x130F2620,AEGNNPENLNM,mov-ax-imm16-ret,static-candidate,"same 7.1 GetCmdId method identity as verified 26105 anchor + mov ax, imm16; ret"
27697,FOJBNJFMOJK,33371,0x7367C50,AEGNNPENLNM,mov-ax-imm16-ret,static-candidate,"same 7.1 GetCmdId method identity as verified 26105 anchor + mov ax, imm16; ret"
27705,MPKPDLMHIPN,72480,0xFDE43F0,AEGNNPENLNM,mov-ax-imm16-ret,static-candidate,"same 7.1 GetCmdId method identity as verified 26105 anchor + mov ax, imm16; ret"
27706,APDCEEDDABC,74392,0x12749C90,AEGNNPENLNM,mov-ax-imm16-ret,static-candidate,"same 7.1 GetCmdId method identity as verified 26105 anchor + mov ax, imm16; ret"
27716,GHLPNCBNLPH,47466,0xCA5B030,AEGNNPENLNM,mov-ax-imm16-ret,static-candidate,"same 7.1 GetCmdId method identity as verified 26105 anchor + mov ax, imm16; ret"
27723,BNLEKLJNECI,67455,0x10C1A280,AEGNNPENLNM,mov-ax-imm16-ret,static-candidate,"same 7.1 GetCmdId method identity as verified 26105 anchor + mov ax, imm16; ret"
27724,HJAOKINEHOL,66967,0x74C1B70,AEGNNPENLNM,mov-ax-imm16-ret,static-candidate,"same 7.1 GetCmdId method identity as verified 26105 anchor + mov ax, imm16; ret"
27725,FPIDAPDPFCJ,14386,0xBD9F9E0,AEGNNPENLNM,mov-ax-imm16-ret,static-candidate,"same 7.1 GetCmdId method identity as verified 26105 anchor + mov ax, imm16; ret"
27727,ACJIIAGMIPK,87956,0xC963C80,AEGNNPENLNM,mov-ax-imm16-ret,static-candidate,"same 7.1 GetCmdId method identity as verified 26105 anchor + mov ax, imm16; ret"
27736,PKBOIDALPCB,71188,0xAE13660,AEGNNPENLNM,mov-ax-imm16-ret,static-candidate,"same 7.1 GetCmdId method identity as verified 26105 anchor + mov ax, imm16; ret"
27747,AEKJGJBFDEJ,74110,0x7ED71A0,AEGNNPENLNM,mov-ax-imm16-ret,static-candidate,"same 7.1 GetCmdId method identity as verified 26105 anchor + mov ax, imm16; ret"
27749,LGDHHHDCCKH,16885,0x9C49C60,AEGNNPENLNM,mov-ax-imm16-ret,static-candidate,"same 7.1 GetCmdId method identity as verified 26105 anchor + mov ax, imm16; ret"
27758,KJLNEAEHAFF,14096,0xE3C4330,AEGNNPENLNM,mov-ax-imm16-ret,static-candidate,"same 7.1 GetCmdId method identity as verified 26105 anchor + mov ax, imm16; ret"
27759,GALEGIDKFJJ,14996,0xBDADE20,AEGNNPENLNM,mov-ax-imm16-ret,static-candidate,"same 7.1 GetCmdId method identity as verified 26105 anchor + mov ax, imm16; ret"
27769,JJOJGOJCPHF,62253,0xC048430,AEGNNPENLNM,mov-ax-imm16-ret,static-candidate,"same 7.1 GetCmdId method identity as verified 26105 anchor + mov ax, imm16; ret"
27770,JFKEJPLLFGB,38391,0xCC58C10,AEGNNPENLNM,mov-ax-imm16-ret,static-candidate,"same 7.1 GetCmdId method identity as verified 26105 anchor + mov ax, imm16; ret"
27774,DIDNMJJEPGH,27376,0x13F6CAD0,AEGNNPENLNM,mov-ax-imm16-ret,static-candidate,"same 7.1 GetCmdId method identity as verified 26105 anchor + mov ax, imm16; ret"
27775,ENFJBBEDOAK,20653,0x1280DA40,AEGNNPENLNM,mov-ax-imm16-ret,static-candidate,"same 7.1 GetCmdId method identity as verified 26105 anchor + mov ax, imm16; ret"
27779,AAACHHHIDCI,53235,0x11B1E1E0,AEGNNPENLNM,mov-ax-imm16-ret,static-candidate,"same 7.1 GetCmdId method identity as verified 26105 anchor + mov ax, imm16; ret"
27781,GCEDFOHJBPM,66390,0x104A6430,AEGNNPENLNM,mov-ax-imm16-ret,static-candidate,"same 7.1 GetCmdId method identity as verified 26105 anchor + mov ax, imm16; ret"
27783,PHEHBGAGLHN,43739,0x131D4CA0,AEGNNPENLNM,mov-ax-imm16-ret,static-candidate,"same 7.1 GetCmdId method identity as verified 26105 anchor + mov ax, imm16; ret"
27784,IBMLEOLPFPF,71477,0xB27ACB0,AEGNNPENLNM,mov-ax-imm16-ret,static-candidate,"same 7.1 GetCmdId method identity as verified 26105 anchor + mov ax, imm16; ret"
27788,KDPBGCMJMAB,74868,0xFC38200,AEGNNPENLNM,mov-ax-imm16-ret,static-candidate,"same 7.1 GetCmdId method identity as verified 26105 anchor + mov ax, imm16; ret"
27799,PFGDHPHANKF,55208,0x13DC0B30,AEGNNPENLNM,mov-ax-imm16-ret,static-candidate,"same 7.1 GetCmdId method identity as verified 26105 anchor + mov ax, imm16; ret"
27804,FEPCLJKLOEI,45784,0xD47EC30,AEGNNPENLNM,mov-ax-imm16-ret,static-candidate,"same 7.1 GetCmdId method identity as verified 26105 anchor + mov ax, imm16; ret"
27806,HHICCFEGIDC,86575,0xEDAB740,AEGNNPENLNM,mov-ax-imm16-ret,static-candidate,"same 7.1 GetCmdId method identity as verified 26105 anchor + mov ax, imm16; ret"
27807,OOBKIFKGPMP,65009,0x10BA10B0,AEGNNPENLNM,mov-ax-imm16-ret,static-candidate,"same 7.1 GetCmdId method identity as verified 26105 anchor + mov ax, imm16; ret"
27808,EDBNJMHBPCP,61648,0xBB09EF0,AEGNNPENLNM,mov-ax-imm16-ret,static-candidate,"same 7.1 GetCmdId method identity as verified 26105 anchor + mov ax, imm16; ret"
27810,BCIMCOEJMEB,36236,0x11387030,AEGNNPENLNM,mov-ax-imm16-ret,static-candidate,"same 7.1 GetCmdId method identity as verified 26105 anchor + mov ax, imm16; ret"
27812,MIEMKDKMEHL,26474,0x121015E0,AEGNNPENLNM,mov-ax-imm16-ret,static-candidate,"same 7.1 GetCmdId method identity as verified 26105 anchor + mov ax, imm16; ret"
27820,BLHOBPEKJFJ,80997,0x82DB6A0,AEGNNPENLNM,mov-ax-imm16-ret,static-candidate,"same 7.1 GetCmdId method identity as verified 26105 anchor + mov ax, imm16; ret"
27823,OJDKFIPNPNH,70057,0x868DD40,AEGNNPENLNM,mov-ax-imm16-ret,static-candidate,"same 7.1 GetCmdId method identity as verified 26105 anchor + mov ax, imm16; ret"
27825,AJOFFLBDKBB,28614,0x1043FE20,AEGNNPENLNM,mov-ax-imm16-ret,static-candidate,"same 7.1 GetCmdId method identity as verified 26105 anchor + mov ax, imm16; ret"
27826,KFKHJHAEBLC,23831,0x12C14910,AEGNNPENLNM,mov-ax-imm16-ret,static-candidate,"same 7.1 GetCmdId method identity as verified 26105 anchor + mov ax, imm16; ret"
27832,NOEGFEPGAJG,49777,0x10B27280,AEGNNPENLNM,mov-ax-imm16-ret,static-candidate,"same 7.1 GetCmdId method identity as verified 26105 anchor + mov ax, imm16; ret"
27835,INPLEKPCGLM,88075,0xBFB4F00,AEGNNPENLNM,mov-ax-imm16-ret,static-candidate,"same 7.1 GetCmdId method identity as verified 26105 anchor + mov ax, imm16; ret"
27836,GJHPBJEDBJK,48011,0xEC30110,AEGNNPENLNM,mov-ax-imm16-ret,static-candidate,"same 7.1 GetCmdId method identity as verified 26105 anchor + mov ax, imm16; ret"
27837,EBFAPKDHNKC,33423,0x95E7300,AEGNNPENLNM,mov-ax-imm16-ret,static-candidate,"same 7.1 GetCmdId method identity as verified 26105 anchor + mov ax, imm16; ret"
27840,HOJJLLBMKMI,26897,0xF9D7D60,AEGNNPENLNM,mov-ax-imm16-ret,static-candidate,"same 7.1 GetCmdId method identity as verified 26105 anchor + mov ax, imm16; ret"
27844,EJNAJLAFFOO,36185,0xBB394E0,AEGNNPENLNM,mov-ax-imm16-ret,static-candidate,"same 7.1 GetCmdId method identity as verified 26105 anchor + mov ax, imm16; ret"
27846,KBIECBCPKGE,17343,0xA931E60,AEGNNPENLNM,mov-ax-imm16-ret,static-candidate,"same 7.1 GetCmdId method identity as verified 26105 anchor + mov ax, imm16; ret"
27853,JEAKLBBEPMO,66377,0x112574C0,AEGNNPENLNM,mov-ax-imm16-ret,static-candidate,"same 7.1 GetCmdId method identity as verified 26105 anchor + mov ax, imm16; ret"
27862,KAOFKHKOCDC,17032,0xA9301D0,AEGNNPENLNM,mov-ax-imm16-ret,static-candidate,"same 7.1 GetCmdId method identity as verified 26105 anchor + mov ax, imm16; ret"
27867,AMGBNLBIPBK,56806,0x11BA5D20,AEGNNPENLNM,mov-ax-imm16-ret,static-candidate,"same 7.1 GetCmdId method identity as verified 26105 anchor + mov ax, imm16; ret"
27870,PCGKDMFGKMP,74693,0x93DDE10,AEGNNPENLNM,mov-ax-imm16-ret,static-candidate,"same 7.1 GetCmdId method identity as verified 26105 anchor + mov ax, imm16; ret"
27871,AOBCMOMMGII,77357,0xEB59A20,AEGNNPENLNM,mov-ax-imm16-ret,static-candidate,"same 7.1 GetCmdId method identity as verified 26105 anchor + mov ax, imm16; ret"
27872,BFEJBODIEKM,54823,0xB52A8B0,AEGNNPENLNM,mov-ax-imm16-ret,static-candidate,"same 7.1 GetCmdId method identity as verified 26105 anchor + mov ax, imm16; ret"
27877,FLEEAKDOJHG,62592,0x13561BB0,AEGNNPENLNM,mov-ax-imm16-ret,static-candidate,"same 7.1 GetCmdId method identity as verified 26105 anchor + mov ax, imm16; ret"
27880,FOIMNDCKDLP,18154,0x1106AE10,AEGNNPENLNM,mov-ax-imm16-ret,static-candidate,"same 7.1 GetCmdId method identity as verified 26105 anchor + mov ax, imm16; ret"
27887,EHALFDHEDOM,50152,0xA1D88B0,AEGNNPENLNM,mov-ax-imm16-ret,static-candidate,"same 7.1 GetCmdId method identity as verified 26105 anchor + mov ax, imm16; ret"
27892,DOECNMMIBPH,38035,0x1278AC90,AEGNNPENLNM,mov-ax-imm16-ret,static-candidate,"same 7.1 GetCmdId method identity as verified 26105 anchor + mov ax, imm16; ret"
27893,JPEONALGAEA,40959,0xEF967B0,AEGNNPENLNM,mov-ax-imm16-ret,static-candidate,"same 7.1 GetCmdId method identity as verified 26105 anchor + mov ax, imm16; ret"
27896,NMIAOMGKHIM,43601,0x930FEC0,AEGNNPENLNM,mov-ax-imm16-ret,static-candidate,"same 7.1 GetCmdId method identity as verified 26105 anchor + mov ax, imm16; ret"
27900,BJJGNIBFKGB,78093,0xEEB6DD0,AEGNNPENLNM,mov-ax-imm16-ret,static-candidate,"same 7.1 GetCmdId method identity as verified 26105 anchor + mov ax, imm16; ret"
27901,MACOOBLAOCL,28420,0xFD628F0,AEGNNPENLNM,mov-ax-imm16-ret,static-candidate,"same 7.1 GetCmdId method identity as verified 26105 anchor + mov ax, imm16; ret"
27907,MPICPMPMLCH,39018,0xAB18BC0,AEGNNPENLNM,mov-ax-imm16-ret,static-candidate,"same 7.1 GetCmdId method identity as verified 26105 anchor + mov ax, imm16; ret"
27911,NFAKMCDJOCP,58467,0x1227D2D0,AEGNNPENLNM,mov-ax-imm16-ret,static-candidate,"same 7.1 GetCmdId method identity as verified 26105 anchor + mov ax, imm16; ret"
27912,ICIBBADINPM,36359,0xEE0E4C0,AEGNNPENLNM,mov-ax-imm16-ret,static-candidate,"same 7.1 GetCmdId method identity as verified 26105 anchor + mov ax, imm16; ret"
27916,ELCHOAAMNOE,72476,0xD409410,AEGNNPENLNM,mov-ax-imm16-ret,static-candidate,"same 7.1 GetCmdId method identity as verified 26105 anchor + mov ax, imm16; ret"
27926,EGPCMPLEPDG,29320,0x10E32E00,AEGNNPENLNM,mov-ax-imm16-ret,static-candidate,"same 7.1 GetCmdId method identity as verified 26105 anchor + mov ax, imm16; ret"
27928,AMBKGLGPLPC,73138,0x8AA6910,AEGNNPENLNM,mov-ax-imm16-ret,static-candidate,"same 7.1 GetCmdId method identity as verified 26105 anchor + mov ax, imm16; ret"
27929,PPPJJFMMBJD,60716,0xF503E10,AEGNNPENLNM,mov-ax-imm16-ret,static-candidate,"same 7.1 GetCmdId method identity as verified 26105 anchor + mov ax, imm16; ret"
27945,APBAJJMGPAA,64493,0x11BD21E0,AEGNNPENLNM,mov-ax-imm16-ret,static-candidate,"same 7.1 GetCmdId method identity as verified 26105 anchor + mov ax, imm16; ret"
27946,LFOJEMJHLNL,74164,0xAA1F1C0,AEGNNPENLNM,mov-ax-imm16-ret,static-candidate,"same 7.1 GetCmdId method identity as verified 26105 anchor + mov ax, imm16; ret"
27948,BFECMPDGBBJ,74648,0xC0B82C0,AEGNNPENLNM,mov-ax-imm16-ret,static-candidate,"same 7.1 GetCmdId method identity as verified 26105 anchor + mov ax, imm16; ret"
27953,ECOFIDACBHG,74901,0x13FDA1E0,AEGNNPENLNM,mov-ax-imm16-ret,static-candidate,"same 7.1 GetCmdId method identity as verified 26105 anchor + mov ax, imm16; ret"
27961,APKCFGKNPGF,62688,0x11FB9D60,AEGNNPENLNM,mov-ax-imm16-ret,static-candidate,"same 7.1 GetCmdId method identity as verified 26105 anchor + mov ax, imm16; ret"
27962,PMOGCIIJPFK,84213,0x94299E0,AEGNNPENLNM,mov-ax-imm16-ret,static-candidate,"same 7.1 GetCmdId method identity as verified 26105 anchor + mov ax, imm16; ret"
27964,EHFFGCNGCDK,70413,0x10322850,AEGNNPENLNM,mov-ax-imm16-ret,static-candidate,"same 7.1 GetCmdId method identity as verified 26105 anchor + mov ax, imm16; ret"
27967,DOGALCBLANA,35227,0x88A6060,AEGNNPENLNM,mov-ax-imm16-ret,static-candidate,"same 7.1 GetCmdId method identity as verified 26105 anchor + mov ax, imm16; ret"
27968,LAPIKMGBHCI,37689,0xB48DDE0,AEGNNPENLNM,mov-ax-imm16-ret,static-candidate,"same 7.1 GetCmdId method identity as verified 26105 anchor + mov ax, imm16; ret"
27970,IIIHJDBGDMD,34246,0xE2A8890,AEGNNPENLNM,mov-ax-imm16-ret,static-candidate,"same 7.1 GetCmdId method identity as verified 26105 anchor + mov ax, imm16; ret"
27972,MCCCCKBLMJN,38142,0xAA905B0,AEGNNPENLNM,mov-ax-imm16-ret,static-candidate,"same 7.1 GetCmdId method identity as verified 26105 anchor + mov ax, imm16; ret"
27976,IBBMJAMJPOO,80908,0x9971850,AEGNNPENLNM,mov-ax-imm16-ret,static-candidate,"same 7.1 GetCmdId method identity as verified 26105 anchor + mov ax, imm16; ret"
27977,DNMMNEAALOE,78604,0x10DE1900,AEGNNPENLNM,mov-ax-imm16-ret,static-candidate,"same 7.1 GetCmdId method identity as verified 26105 anchor + mov ax, imm16; ret"
27995,APDIFBMOGPI,61383,0xBCB56E0,AEGNNPENLNM,mov-ax-imm16-ret,static-candidate,"same 7.1 GetCmdId method identity as verified 26105 anchor + mov ax, imm16; ret"
27997,CMCMIFLMIMI,45833,0xF5A3630,AEGNNPENLNM,mov-ax-imm16-ret,static-candidate,"same 7.1 GetCmdId method identity as verified 26105 anchor + mov ax, imm16; ret"
27998,IAKOJKNJMCC,41988,0x12A500E0,AEGNNPENLNM,mov-ax-imm16-ret,static-candidate,"same 7.1 GetCmdId method identity as verified 26105 anchor + mov ax, imm16; ret"
28001,DOHNNGJEIIN,75074,0x10DEB210,AEGNNPENLNM,mov-ax-imm16-ret,static-candidate,"same 7.1 GetCmdId method identity as verified 26105 anchor + mov ax, imm16; ret"
28004,AFHIFNPODHN,75814,0x11B65C20,AEGNNPENLNM,mov-ax-imm16-ret,static-candidate,"same 7.1 GetCmdId method identity as verified 26105 anchor + mov ax, imm16; ret"
28008,GHMGBENLBKA,42743,0x8044270,AEGNNPENLNM,mov-ax-imm16-ret,static-candidate,"same 7.1 GetCmdId method identity as verified 26105 anchor + mov ax, imm16; ret"
28010,ONDGKJPOJMK,59824,0xB899290,AEGNNPENLNM,mov-ax-imm16-ret,static-candidate,"same 7.1 GetCmdId method identity as verified 26105 anchor + mov ax, imm16; ret"
28012,OIPAEGCNFDL,81463,0x13D65A20,AEGNNPENLNM,mov-ax-imm16-ret,static-candidate,"same 7.1 GetCmdId method identity as verified 26105 anchor + mov ax, imm16; ret"
28013,AOOMNNOCCNK,16320,0xC9CD460,AEGNNPENLNM,mov-ax-imm16-ret,static-candidate,"same 7.1 GetCmdId method identity as verified 26105 anchor + mov ax, imm16; ret"
28017,AGAANDNJOLE,42612,0xD4EF920,AEGNNPENLNM,mov-ax-imm16-ret,static-candidate,"same 7.1 GetCmdId method identity as verified 26105 anchor + mov ax, imm16; ret"
28018,ALFLJHOPCNG,75977,0x10FCAE30,AEGNNPENLNM,mov-ax-imm16-ret,static-candidate,"same 7.1 GetCmdId method identity as verified 26105 anchor + mov ax, imm16; ret"
28021,HGMHFNAFFJI,47164,0xB230D40,AEGNNPENLNM,mov-ax-imm16-ret,static-candidate,"same 7.1 GetCmdId method identity as verified 26105 anchor + mov ax, imm16; ret"
28022,HANFLKLLEOI,34131,0xF951820,AEGNNPENLNM,mov-ax-imm16-ret,static-candidate,"same 7.1 GetCmdId method identity as verified 26105 anchor + mov ax, imm16; ret"
28033,FKHOFGLJOHD,45098,0x1355F0D0,AEGNNPENLNM,mov-ax-imm16-ret,static-candidate,"same 7.1 GetCmdId method identity as verified 26105 anchor + mov ax, imm16; ret"
28036,MHNENNOBJEG,67718,0x9D04A70,AEGNNPENLNM,mov-ax-imm16-ret,static-candidate,"same 7.1 GetCmdId method identity as verified 26105 anchor + mov ax, imm16; ret"
28039,LAAPDKJHONA,34838,0xB486870,AEGNNPENLNM,mov-ax-imm16-ret,static-candidate,"same 7.1 GetCmdId method identity as verified 26105 anchor + mov ax, imm16; ret"
28046,PPOMCKPEBNC,36270,0xF503E00,AEGNNPENLNM,mov-ax-imm16-ret,static-candidate,"same 7.1 GetCmdId method identity as verified 26105 anchor + mov ax, imm16; ret"
28048,IJNGJBPDJDK,87829,0xA724530,AEGNNPENLNM,mov-ax-imm16-ret,static-candidate,"same 7.1 GetCmdId method identity as verified 26105 anchor + mov ax, imm16; ret"
28049,HHFFBNMEMKA,87911,0xB2329B0,AEGNNPENLNM,mov-ax-imm16-ret,static-candidate,"same 7.1 GetCmdId method identity as verified 26105 anchor + mov ax, imm16; ret"
28051,AAAGBIFDGKH,62623,0x103D4450,AEGNNPENLNM,mov-ax-imm16-ret,static-candidate,"same 7.1 GetCmdId method identity as verified 26105 anchor + mov ax, imm16; ret"
28052,KMJBGKDEMAP,25270,0xCD4FFD0,AEGNNPENLNM,mov-ax-imm16-ret,static-candidate,"same 7.1 GetCmdId method identity as verified 26105 anchor + mov ax, imm16; ret"
28053,NLOPKEBGEAP,73600,0xF36E0E0,AEGNNPENLNM,mov-ax-imm16-ret,static-candidate,"same 7.1 GetCmdId method identity as verified 26105 anchor + mov ax, imm16; ret"
28071,FPGIAELIKEF,80942,0xBBF9EE0,AEGNNPENLNM,mov-ax-imm16-ret,static-candidate,"same 7.1 GetCmdId method identity as verified 26105 anchor + mov ax, imm16; ret"
28075,JJNOADCPNMA,35981,0xB3BC890,AEGNNPENLNM,mov-ax-imm16-ret,static-candidate,"same 7.1 GetCmdId method identity as verified 26105 anchor + mov ax, imm16; ret"
28078,IIAIHGDJMKB,83327,0x1060CEE0,AEGNNPENLNM,mov-ax-imm16-ret,static-candidate,"same 7.1 GetCmdId method identity as verified 26105 anchor + mov ax, imm16; ret"
28080,JPMELLNOEPH,42725,0x112CDCD0,AEGNNPENLNM,mov-ax-imm16-ret,static-candidate,"same 7.1 GetCmdId method identity as verified 26105 anchor + mov ax, imm16; ret"
28083,JJGLCDFKOCI,22013,0xA8EE300,AEGNNPENLNM,mov-ax-imm16-ret,static-candidate,"same 7.1 GetCmdId method identity as verified 26105 anchor + mov ax, imm16; ret"
28084,PPKIPLDCICO,40245,0xF4FDA50,AEGNNPENLNM,mov-ax-imm16-ret,static-candidate,"same 7.1 GetCmdId method identity as verified 26105 anchor + mov ax, imm16; ret"
28091,BNNEEEJEGEJ,21239,0xE803770,AEGNNPENLNM,mov-ax-imm16-ret,static-candidate,"same 7.1 GetCmdId method identity as verified 26105 anchor + mov ax, imm16; ret"
28092,PDPMLFDHIJD,36674,0xB8EFA90,AEGNNPENLNM,mov-ax-imm16-ret,static-candidate,"same 7.1 GetCmdId method identity as verified 26105 anchor + mov ax, imm16; ret"
28093,PEDIMDCBONI,62425,0xC696530,AEGNNPENLNM,mov-ax-imm16-ret,static-candidate,"same 7.1 GetCmdId method identity as verified 26105 anchor + mov ax, imm16; ret"
28096,JNKGCAMBJDI,87346,0xE361500,AEGNNPENLNM,mov-ax-imm16-ret,static-candidate,"same 7.1 GetCmdId method identity as verified 26105 anchor + mov ax, imm16; ret"
28098,POCLALJFMJO,61179,0x118A4B80,AEGNNPENLNM,mov-ax-imm16-ret,static-candidate,"same 7.1 GetCmdId method identity as verified 26105 anchor + mov ax, imm16; ret"
28101,HOODMLAGFOD,32639,0x11DDA430,AEGNNPENLNM,mov-ax-imm16-ret,static-candidate,"same 7.1 GetCmdId method identity as verified 26105 anchor + mov ax, imm16; ret"
28102,PHENMMNJNOM,55449,0x1240DCE0,AEGNNPENLNM,mov-ax-imm16-ret,static-candidate,"same 7.1 GetCmdId method identity as verified 26105 anchor + mov ax, imm16; ret"
28109,GLMHFPJABCI,74684,0x805DA90,AEGNNPENLNM,mov-ax-imm16-ret,static-candidate,"same 7.1 GetCmdId method identity as verified 26105 anchor + mov ax, imm16; ret"
28110,PHCJJDCDLAF,60004,0x131D2BA0,AEGNNPENLNM,mov-ax-imm16-ret,static-candidate,"same 7.1 GetCmdId method identity as verified 26105 anchor + mov ax, imm16; ret"
28111,PDNCPLDHBGI,66680,0xF493010,AEGNNPENLNM,mov-ax-imm16-ret,static-candidate,"same 7.1 GetCmdId method identity as verified 26105 anchor + mov ax, imm16; ret"
28113,OAEHNHPDBAL,14485,0x130BFBE0,AEGNNPENLNM,mov-ax-imm16-ret,static-candidate,"same 7.1 GetCmdId method identity as verified 26105 anchor + mov ax, imm16; ret"
28119,BEPGHPBCBPN,22818,0x92145F0,AEGNNPENLNM,mov-ax-imm16-ret,static-candidate,"same 7.1 GetCmdId method identity as verified 26105 anchor + mov ax, imm16; ret"
28121,DCPCLFJHIEM,20679,0x9549340,AEGNNPENLNM,mov-ax-imm16-ret,static-candidate,"same 7.1 GetCmdId method identity as verified 26105 anchor + mov ax, imm16; ret"
28122,PGEHHALMIOL,85035,0x7C34FC0,AEGNNPENLNM,mov-ax-imm16-ret,static-candidate,"same 7.1 GetCmdId method identity as verified 26105 anchor + mov ax, imm16; ret"
28128,MOLJGCEEILD,41760,0xFDDFE80,AEGNNPENLNM,mov-ax-imm16-ret,static-candidate,"same 7.1 GetCmdId method identity as verified 26105 anchor + mov ax, imm16; ret"
28129,POLMCKBNLDF,36192,0xA07EBE0,AEGNNPENLNM,mov-ax-imm16-ret,static-candidate,"same 7.1 GetCmdId method identity as verified 26105 anchor + mov ax, imm16; ret"
28131,NIMGAFFPNLG,22790,0x8608C70,AEGNNPENLNM,mov-ax-imm16-ret,static-candidate,"same 7.1 GetCmdId method identity as verified 26105 anchor + mov ax, imm16; ret"
28142,MLIIILNDFND,41364,0x12129B00,AEGNNPENLNM,mov-ax-imm16-ret,static-candidate,"same 7.1 GetCmdId method identity as verified 26105 anchor + mov ax, imm16; ret"
28143,JAIHHJIIDOO,24126,0x819C8B0,AEGNNPENLNM,mov-ax-imm16-ret,static-candidate,"same 7.1 GetCmdId method identity as verified 26105 anchor + mov ax, imm16; ret"
28147,DECNKPNCKAA,76275,0x1028CCE0,AEGNNPENLNM,mov-ax-imm16-ret,static-candidate,"same 7.1 GetCmdId method identity as verified 26105 anchor + mov ax, imm16; ret"
28155,LLKNFAIKMNH,77564,0x12078940,AEGNNPENLNM,mov-ax-imm16-ret,static-candidate,"same 7.1 GetCmdId method identity as verified 26105 anchor + mov ax, imm16; ret"
28156,ONBPFECNBKC,50619,0x1235A9F0,AEGNNPENLNM,mov-ax-imm16-ret,static-candidate,"same 7.1 GetCmdId method identity as verified 26105 anchor + mov ax, imm16; ret"
28160,EDGIJCAEJPD,44435,0x13FDEC60,AEGNNPENLNM,mov-ax-imm16-ret,static-candidate,"same 7.1 GetCmdId method identity as verified 26105 anchor + mov ax, imm16; ret"
28164,FMAOHPGDMGN,71434,0xA2E2F00,AEGNNPENLNM,mov-ax-imm16-ret,static-candidate,"same 7.1 GetCmdId method identity as verified 26105 anchor + mov ax, imm16; ret"
28170,LEHDGHCJLOM,19675,0xB4A1300,AEGNNPENLNM,mov-ax-imm16-ret,static-candidate,"same 7.1 GetCmdId method identity as verified 26105 anchor + mov ax, imm16; ret"
28181,LHGPFGPMJNC,27681,0x904F860,AEGNNPENLNM,mov-ax-imm16-ret,static-candidate,"same 7.1 GetCmdId method identity as verified 26105 anchor + mov ax, imm16; ret"
28184,GBKBFMJALKD,14332,0x1107ABD0,AEGNNPENLNM,mov-ax-imm16-ret,static-candidate,"same 7.1 GetCmdId method identity as verified 26105 anchor + mov ax, imm16; ret"
28185,MPMKMGNPOGN,62599,0x12D84BB0,AEGNNPENLNM,mov-ax-imm16-ret,static-candidate,"same 7.1 GetCmdId method identity as verified 26105 anchor + mov ax, imm16; ret"
28189,OBMDFONOGHN,41513,0x10B3DC00,AEGNNPENLNM,mov-ax-imm16-ret,static-candidate,"same 7.1 GetCmdId method identity as verified 26105 anchor + mov ax, imm16; ret"
28194,HMNOOBBDNBA,19537,0xD6B77C0,AEGNNPENLNM,mov-ax-imm16-ret,static-candidate,"same 7.1 GetCmdId method identity as verified 26105 anchor + mov ax, imm16; ret"
28195,AAMFLHMIFDG,49471,0xA2F84E0,AEGNNPENLNM,mov-ax-imm16-ret,static-candidate,"same 7.1 GetCmdId method identity as verified 26105 anchor + mov ax, imm16; ret"
28197,ECGEEPIMLBK,84525,0xBB07D30,AEGNNPENLNM,mov-ax-imm16-ret,static-candidate,"same 7.1 GetCmdId method identity as verified 26105 anchor + mov ax, imm16; ret"
28200,PPIGNNEDBCF,30825,0x7CCDCD0,AEGNNPENLNM,mov-ax-imm16-ret,static-candidate,"same 7.1 GetCmdId method identity as verified 26105 anchor + mov ax, imm16; ret"
28203,FHAMPAOJBGC,73110,0x7FB9390,AEGNNPENLNM,mov-ax-imm16-ret,static-candidate,"same 7.1 GetCmdId method identity as verified 26105 anchor + mov ax, imm16; ret"
28204,ADLNHBEDALG,20840,0x10F79E40,AEGNNPENLNM,mov-ax-imm16-ret,static-candidate,"same 7.1 GetCmdId method identity as verified 26105 anchor + mov ax, imm16; ret"
28207,LHADHFNIEKL,69003,0x12CA8960,AEGNNPENLNM,mov-ax-imm16-ret,static-candidate,"same 7.1 GetCmdId method identity as verified 26105 anchor + mov ax, imm16; ret"
28208,PNCHOHMMOCC,54378,0x124466A0,AEGNNPENLNM,mov-ax-imm16-ret,static-candidate,"same 7.1 GetCmdId method identity as verified 26105 anchor + mov ax, imm16; ret"
28209,PDNKOEPJBOA,28061,0x131862C0,AEGNNPENLNM,mov-ax-imm16-ret,static-candidate,"same 7.1 GetCmdId method identity as verified 26105 anchor + mov ax, imm16; ret"
28218,PNHCMAGFFEP,79641,0xE87FFD0,AEGNNPENLNM,mov-ax-imm16-ret,static-candidate,"same 7.1 GetCmdId method identity as verified 26105 anchor + mov ax, imm16; ret"
28223,MFDIFEHLPAF,72340,0x842F5E0,AEGNNPENLNM,mov-ax-imm16-ret,static-candidate,"same 7.1 GetCmdId method identity as verified 26105 anchor + mov ax, imm16; ret"
28227,JHBKPBHEGHA,12687,0xC028820,AEGNNPENLNM,mov-ax-imm16-ret,static-candidate,"same 7.1 GetCmdId method identity as verified 26105 anchor + mov ax, imm16; ret"
28234,LJBEPPLKGPC,49952,0xC21D9E0,AEGNNPENLNM,mov-ax-imm16-ret,static-candidate,"same 7.1 GetCmdId method identity as verified 26105 anchor + mov ax, imm16; ret"
28236,GAPPOIHMNBE,18908,0xCA1AA30,AEGNNPENLNM,mov-ax-imm16-ret,static-candidate,"same 7.1 GetCmdId method identity as verified 26105 anchor + mov ax, imm16; ret"
28241,HJPKCAGLFKA,45406,0x13672630,AEGNNPENLNM,mov-ax-imm16-ret,static-candidate,"same 7.1 GetCmdId method identity as verified 26105 anchor + mov ax, imm16; ret"
28247,LMGGNFFGNBC,58406,0xAA551C0,AEGNNPENLNM,mov-ax-imm16-ret,static-candidate,"same 7.1 GetCmdId method identity as verified 26105 anchor + mov ax, imm16; ret"
28248,MAMLEMFIEKB,28551,0xAA783D0,AEGNNPENLNM,mov-ax-imm16-ret,static-candidate,"same 7.1 GetCmdId method identity as verified 26105 anchor + mov ax, imm16; ret"
28249,LEHJCMLGDEO,57810,0x11410300,AEGNNPENLNM,mov-ax-imm16-ret,static-candidate,"same 7.1 GetCmdId method identity as verified 26105 anchor + mov ax, imm16; ret"
28250,EKMFKPPBBEO,52901,0xEA68FF0,AEGNNPENLNM,mov-ax-imm16-ret,static-candidate,"same 7.1 GetCmdId method identity as verified 26105 anchor + mov ax, imm16; ret"
28252,GFKBIEFBAOI,28670,0x97B71D0,AEGNNPENLNM,mov-ax-imm16-ret,static-candidate,"same 7.1 GetCmdId method identity as verified 26105 anchor + mov ax, imm16; ret"
28254,LNFEMIAOGOA,55638,0xC282BA0,AEGNNPENLNM,mov-ax-imm16-ret,static-candidate,"same 7.1 GetCmdId method identity as verified 26105 anchor + mov ax, imm16; ret"
28260,HDOOPLHBCDF,79437,0xF96D3C0,AEGNNPENLNM,mov-ax-imm16-ret,static-candidate,"same 7.1 GetCmdId method identity as verified 26105 anchor + mov ax, imm16; ret"
28261,NIJPIGGDDAP,69341,0xFF8AF70,AEGNNPENLNM,mov-ax-imm16-ret,static-candidate,"same 7.1 GetCmdId method identity as verified 26105 anchor + mov ax, imm16; ret"
28265,MLEFICBMBAC,87464,0x1153D900,AEGNNPENLNM,mov-ax-imm16-ret,static-candidate,"same 7.1 GetCmdId method identity as verified 26105 anchor + mov ax, imm16; ret"
28268,HFKOHLOKGCI,68966,0xBE945E0,AEGNNPENLNM,mov-ax-imm16-ret,static-candidate,"same 7.1 GetCmdId method identity as verified 26105 anchor + mov ax, imm16; ret"
28269,DIEGBAFJEEN,55274,0xC84BD30,AEGNNPENLNM,mov-ax-imm16-ret,static-candidate,"same 7.1 GetCmdId method identity as verified 26105 anchor + mov ax, imm16; ret"
28272,CHLHKFKEPCH,54168,0x13E958E0,AEGNNPENLNM,mov-ax-imm16-ret,static-candidate,"same 7.1 GetCmdId method identity as verified 26105 anchor + mov ax, imm16; ret"
28279,ILPCMKAJFKE,79589,0x1120D450,AEGNNPENLNM,mov-ax-imm16-ret,static-candidate,"same 7.1 GetCmdId method identity as verified 26105 anchor + mov ax, imm16; ret"
28282,POCFEDIFGBO,37635,0xD276460,AEGNNPENLNM,mov-ax-imm16-ret,static-candidate,"same 7.1 GetCmdId method identity as verified 26105 anchor + mov ax, imm16; ret"
28284,KCNLHMJEHDD,57056,0x9B9B380,AEGNNPENLNM,mov-ax-imm16-ret,static-candidate,"same 7.1 GetCmdId method identity as verified 26105 anchor + mov ax, imm16; ret"
28288,OKAEELIEIAB,87168,0xB875490,AEGNNPENLNM,mov-ax-imm16-ret,static-candidate,"same 7.1 GetCmdId method identity as verified 26105 anchor + mov ax, imm16; ret"
28289,GCNLDMBIFDE,79418,0x1108E020,AEGNNPENLNM,mov-ax-imm16-ret,static-candidate,"same 7.1 GetCmdId method identity as verified 26105 anchor + mov ax, imm16; ret"
28295,BNDFCLHMJFL,79066,0x10C147B0,AEGNNPENLNM,mov-ax-imm16-ret,static-candidate,"same 7.1 GetCmdId method identity as verified 26105 anchor + mov ax, imm16; ret"
28302,OCICBHCHHMP,32322,0x10B44680,AEGNNPENLNM,mov-ax-imm16-ret,static-candidate,"same 7.1 GetCmdId method identity as verified 26105 anchor + mov ax, imm16; ret"
28314,FLNFDFNMION,62738,0x12650F60,AEGNNPENLNM,mov-ax-imm16-ret,static-candidate,"same 7.1 GetCmdId method identity as verified 26105 anchor + mov ax, imm16; ret"
28321,GOJGHNDKDAP,36246,0x8074FD0,AEGNNPENLNM,mov-ax-imm16-ret,static-candidate,"same 7.1 GetCmdId method identity as verified 26105 anchor + mov ax, imm16; ret"
28322,FMMABBFHIAC,19525,0x126987F0,AEGNNPENLNM,mov-ax-imm16-ret,static-candidate,"same 7.1 GetCmdId method identity as verified 26105 anchor + mov ax, imm16; ret"
28324,BLBCPBNBICD,85267,0x9B3B3C0,AEGNNPENLNM,mov-ax-imm16-ret,static-candidate,"same 7.1 GetCmdId method identity as verified 26105 anchor + mov ax, imm16; ret"
28328,GEMNIBGOAAH,15953,0x11BE6F40,AEGNNPENLNM,mov-ax-imm16-ret,static-candidate,"same 7.1 GetCmdId method identity as verified 26105 anchor + mov ax, imm16; ret"
28334,FNPPFODHKGB,50310,0x1269E950,AEGNNPENLNM,mov-ax-imm16-ret,static-candidate,"same 7.1 GetCmdId method identity as verified 26105 anchor + mov ax, imm16; ret"
28335,EFHFMHHICBI,31599,0x1031CD00,AEGNNPENLNM,mov-ax-imm16-ret,static-candidate,"same 7.1 GetCmdId method identity as verified 26105 anchor + mov ax, imm16; ret"
28341,KLJEAFOKAGP,77792,0x9004B00,AEGNNPENLNM,mov-ax-imm16-ret,static-candidate,"same 7.1 GetCmdId method identity as verified 26105 anchor + mov ax, imm16; ret"
28344,GEGHGLNFNLC,16317,0xF8B44B0,AEGNNPENLNM,mov-ax-imm16-ret,static-candidate,"same 7.1 GetCmdId method identity as verified 26105 anchor + mov ax, imm16; ret"
28346,BAGMIMMNNFM,34146,0x8E58250,AEGNNPENLNM,mov-ax-imm16-ret,static-candidate,"same 7.1 GetCmdId method identity as verified 26105 anchor + mov ax, imm16; ret"
28347,KCLEFCNMAJM,69001,0x9B95A80,AEGNNPENLNM,mov-ax-imm16-ret,static-candidate,"same 7.1 GetCmdId method identity as verified 26105 anchor + mov ax, imm16; ret"
28348,KCGJHMIJIIG,63329,0x9B92240,AEGNNPENLNM,mov-ax-imm16-ret,static-candidate,"same 7.1 GetCmdId method identity as verified 26105 anchor + mov ax, imm16; ret"
28353,LLDANCHJELL,21694,0xCE47550,AEGNNPENLNM,mov-ax-imm16-ret,static-candidate,"same 7.1 GetCmdId method identity as verified 26105 anchor + mov ax, imm16; ret"
28358,HLJEALPONCA,44675,0x1114EB60,AEGNNPENLNM,mov-ax-imm16-ret,static-candidate,"same 7.1 GetCmdId method identity as verified 26105 anchor + mov ax, imm16; ret"
28359,HALKKJBFEGP,19553,0x129B1820,AEGNNPENLNM,mov-ax-imm16-ret,static-candidate,"same 7.1 GetCmdId method identity as verified 26105 anchor + mov ax, imm16; ret"
28366,OOACACKMIED,77469,0xF4247E0,AEGNNPENLNM,mov-ax-imm16-ret,static-candidate,"same 7.1 GetCmdId method identity as verified 26105 anchor + mov ax, imm16; ret"
28371,FAMMBNBDDEA,37709,0x11002C30,AEGNNPENLNM,mov-ax-imm16-ret,static-candidate,"same 7.1 GetCmdId method identity as verified 26105 anchor + mov ax, imm16; ret"
28374,NMBEJIAKDPL,19289,0x10B1FE90,AEGNNPENLNM,mov-ax-imm16-ret,static-candidate,"same 7.1 GetCmdId method identity as verified 26105 anchor + mov ax, imm16; ret"
28379,EBLANEFDIBI,67435,0xF679090,AEGNNPENLNM,mov-ax-imm16-ret,static-candidate,"same 7.1 GetCmdId method identity as verified 26105 anchor + mov ax, imm16; ret"
28380,HNBFMIIPGOF,80361,0x13686980,AEGNNPENLNM,mov-ax-imm16-ret,static-candidate,"same 7.1 GetCmdId method identity as verified 26105 anchor + mov ax, imm16; ret"
28381,LMOEOJMLPLG,73541,0xFD50540,AEGNNPENLNM,mov-ax-imm16-ret,static-candidate,"same 7.1 GetCmdId method identity as verified 26105 anchor + mov ax, imm16; ret"
28382,PIHAALJGKIK,24861,0x13DEB750,AEGNNPENLNM,mov-ax-imm16-ret,static-candidate,"same 7.1 GetCmdId method identity as verified 26105 anchor + mov ax, imm16; ret"
28385,IIKKDAJAONI,55310,0x111EA110,AEGNNPENLNM,mov-ax-imm16-ret,static-candidate,"same 7.1 GetCmdId method identity as verified 26105 anchor + mov ax, imm16; ret"
28386,HOEMBBIENFO,53749,0x105A3240,AEGNNPENLNM,mov-ax-imm16-ret,static-candidate,"same 7.1 GetCmdId method identity as verified 26105 anchor + mov ax, imm16; ret"
28390,FNMHDOMFIOB,49408,0xBBECA40,AEGNNPENLNM,mov-ax-imm16-ret,static-candidate,"same 7.1 GetCmdId method identity as verified 26105 anchor + mov ax, imm16; ret"
28396,JBHOPCDNAPC,71898,0x112407B0,AEGNNPENLNM,mov-ax-imm16-ret,static-candidate,"same 7.1 GetCmdId method identity as verified 26105 anchor + mov ax, imm16; ret"
28399,PMOHLGIMNFF,59988,0x7C85530,AEGNNPENLNM,mov-ax-imm16-ret,static-candidate,"same 7.1 GetCmdId method identity as verified 26105 anchor + mov ax, imm16; ret"
28401,OAKBDOPLKGE,25037,0x1172A970,AEGNNPENLNM,mov-ax-imm16-ret,static-candidate,"same 7.1 GetCmdId method identity as verified 26105 anchor + mov ax, imm16; ret"
28402,ELFFACMIPOI,26833,0x11AE6D80,AEGNNPENLNM,mov-ax-imm16-ret,static-candidate,"same 7.1 GetCmdId method identity as verified 26105 anchor + mov ax, imm16; ret"
28406,JGLFJCEMBEM,80984,0x7679CC0,AEGNNPENLNM,mov-ax-imm16-ret,static-candidate,"same 7.1 GetCmdId method identity as verified 26105 anchor + mov ax, imm16; ret"
28425,NBHMGIJCELN,19792,0x92B6ED0,AEGNNPENLNM,mov-ax-imm16-ret,static-candidate,"same 7.1 GetCmdId method identity as verified 26105 anchor + mov ax, imm16; ret"
28427,PDAOLMFLLMJ,32939,0x123EE990,AEGNNPENLNM,mov-ax-imm16-ret,static-candidate,"same 7.1 GetCmdId method identity as verified 26105 anchor + mov ax, imm16; ret"
28435,AKBJFAPBLLN,74546,0xC9ACC10,AEGNNPENLNM,mov-ax-imm16-ret,static-candidate,"same 7.1 GetCmdId method identity as verified 26105 anchor + mov ax, imm16; ret"
28453,GIALPMNPDHK,44184,0xCA65170,AEGNNPENLNM,mov-ax-imm16-ret,static-candidate,"same 7.1 GetCmdId method identity as verified 26105 anchor + mov ax, imm16; ret"
28456,KCDFOCHBFFN,26297,0x8F8F920,AEGNNPENLNM,mov-ax-imm16-ret,static-candidate,"same 7.1 GetCmdId method identity as verified 26105 anchor + mov ax, imm16; ret"
28467,OJBIIADKFEI,25569,0xD14C6A0,AEGNNPENLNM,mov-ax-imm16-ret,static-candidate,"same 7.1 GetCmdId method identity as verified 26105 anchor + mov ax, imm16; ret"
28469,NPKCMDOCCHF,25582,0xAD43E80,AEGNNPENLNM,mov-ax-imm16-ret,static-candidate,"same 7.1 GetCmdId method identity as verified 26105 anchor + mov ax, imm16; ret"
28481,ACBJNOADLNB,88791,0x126D9D60,AEGNNPENLNM,mov-ax-imm16-ret,static-candidate,"same 7.1 GetCmdId method identity as verified 26105 anchor + mov ax, imm16; ret"
28484,FMNPDINCBBK,77308,0xD4AA8A0,AEGNNPENLNM,mov-ax-imm16-ret,static-candidate,"same 7.1 GetCmdId method identity as verified 26105 anchor + mov ax, imm16; ret"
28488,JPECJLEDEHD,60163,0x11F09540,AEGNNPENLNM,mov-ax-imm16-ret,static-candidate,"same 7.1 GetCmdId method identity as verified 26105 anchor + mov ax, imm16; ret"
28490,OADCCJJFGDJ,57908,0x9EF0310,AEGNNPENLNM,mov-ax-imm16-ret,static-candidate,"same 7.1 GetCmdId method identity as verified 26105 anchor + mov ax, imm16; ret"
28491,KAFLGIOHGHC,34745,0x11F10580,AEGNNPENLNM,mov-ax-imm16-ret,static-candidate,"same 7.1 GetCmdId method identity as verified 26105 anchor + mov ax, imm16; ret"
28492,PPDDEABCAEG,70894,0x124523C0,AEGNNPENLNM,mov-ax-imm16-ret,static-candidate,"same 7.1 GetCmdId method identity as verified 26105 anchor + mov ax, imm16; ret"
28493,NELGCMLBICB,17958,0x7ADEDF0,AEGNNPENLNM,mov-ax-imm16-ret,static-candidate,"same 7.1 GetCmdId method identity as verified 26105 anchor + mov ax, imm16; ret"
28495,ELCEAAHAFMD,82189,0xBB43450,AEGNNPENLNM,mov-ax-imm16-ret,static-candidate,"same 7.1 GetCmdId method identity as verified 26105 anchor + mov ax, imm16; ret"
28500,OAHDGLHKPHI,19259,0x86425F0,AEGNNPENLNM,mov-ax-imm16-ret,static-candidate,"same 7.1 GetCmdId method identity as verified 26105 anchor + mov ax, imm16; ret"
28501,GFJPEHEAGGP,51271,0xF8BB610,AEGNNPENLNM,mov-ax-imm16-ret,static-candidate,"same 7.1 GetCmdId method identity as verified 26105 anchor + mov ax, imm16; ret"
28508,MOGHGLIIBBL,30329,0x115506F0,AEGNNPENLNM,mov-ax-imm16-ret,static-candidate,"same 7.1 GetCmdId method identity as verified 26105 anchor + mov ax, imm16; ret"
28509,MECEHMDFCKH,42780,0xF169B20,AEGNNPENLNM,mov-ax-imm16-ret,static-candidate,"same 7.1 GetCmdId method identity as verified 26105 anchor + mov ax, imm16; ret"
28510,OIPGJDLIBHB,28666,0x868B540,AEGNNPENLNM,mov-ax-imm16-ret,static-candidate,"same 7.1 GetCmdId method identity as verified 26105 anchor + mov ax, imm16; ret"
28518,MEMDBPOHNEN,79198,0x120CC0E0,AEGNNPENLNM,mov-ax-imm16-ret,static-candidate,"same 7.1 GetCmdId method identity as verified 26105 anchor + mov ax, imm16; ret"
28526,JHMBNCLFGGI,13443,0x106C4820,AEGNNPENLNM,mov-ax-imm16-ret,static-candidate,"same 7.1 GetCmdId method identity as verified 26105 anchor + mov ax, imm16; ret"
28528,NHDLPBFHACE,57171,0xACED2B0,AEGNNPENLNM,mov-ax-imm16-ret,static-candidate,"same 7.1 GetCmdId method identity as verified 26105 anchor + mov ax, imm16; ret"
28533,CNNKLCMPMJN,77364,0x13EEBC10,AEGNNPENLNM,mov-ax-imm16-ret,static-candidate,"same 7.1 GetCmdId method identity as verified 26105 anchor + mov ax, imm16; ret"
28537,LFNCKAKLHHP,35002,0xFD0B670,AEGNNPENLNM,mov-ax-imm16-ret,static-candidate,"same 7.1 GetCmdId method identity as verified 26105 anchor + mov ax, imm16; ret"
28539,EBOOLFNANGM,79188,0x10E0C340,AEGNNPENLNM,mov-ax-imm16-ret,static-candidate,"same 7.1 GetCmdId method identity as verified 26105 anchor + mov ax, imm16; ret"
28549,EJJIOPOANLH,48169,0xBB384A0,AEGNNPENLNM,mov-ax-imm16-ret,static-candidate,"same 7.1 GetCmdId method identity as verified 26105 anchor + mov ax, imm16; ret"
28555,MEADBPDFKHL,17340,0x120C7CB0,AEGNNPENLNM,mov-ax-imm16-ret,static-candidate,"same 7.1 GetCmdId method identity as verified 26105 anchor + mov ax, imm16; ret"
28564,CJDIMDMPFOK,13971,0x7A1CE50,AEGNNPENLNM,mov-ax-imm16-ret,static-candidate,"same 7.1 GetCmdId method identity as verified 26105 anchor + mov ax, imm16; ret"
28568,IAMJGEPHMEM,53036,0x105BA3A0,AEGNNPENLNM,mov-ax-imm16-ret,static-candidate,"same 7.1 GetCmdId method identity as verified 26105 anchor + mov ax, imm16; ret"
28570,NMCLJLNAEIJ,25830,0x1308D0F0,AEGNNPENLNM,mov-ax-imm16-ret,static-candidate,"same 7.1 GetCmdId method identity as verified 26105 anchor + mov ax, imm16; ret"
28571,OIPNFDEDONE,34607,0xE77F780,AEGNNPENLNM,mov-ax-imm16-ret,static-candidate,"same 7.1 GetCmdId method identity as verified 26105 anchor + mov ax, imm16; ret"
28572,NEEDEOLJPMI,75779,0x13BF6E30,AEGNNPENLNM,mov-ax-imm16-ret,static-candidate,"same 7.1 GetCmdId method identity as verified 26105 anchor + mov ax, imm16; ret"
28574,FDNNJLICCEJ,65216,0x1283DF60,AEGNNPENLNM,mov-ax-imm16-ret,static-candidate,"same 7.1 GetCmdId method identity as verified 26105 anchor + mov ax, imm16; ret"
28577,PPCIJGDOLCA,27310,0x1018A2A0,AEGNNPENLNM,mov-ax-imm16-ret,static-candidate,"same 7.1 GetCmdId method identity as verified 26105 anchor + mov ax, imm16; ret"
28581,CNNILKEKICD,20786,0xF5B2940,AEGNNPENLNM,mov-ax-imm16-ret,static-candidate,"same 7.1 GetCmdId method identity as verified 26105 anchor + mov ax, imm16; ret"
28583,HDHBEMJFNJE,51168,0xD675390,AEGNNPENLNM,mov-ax-imm16-ret,static-candidate,"same 7.1 GetCmdId method identity as verified 26105 anchor + mov ax, imm16; ret"
28591,MKDGJGGNKAI,32899,0x11524A00,AEGNNPENLNM,mov-ax-imm16-ret,static-candidate,"same 7.1 GetCmdId method identity as verified 26105 anchor + mov ax, imm16; ret"
28600,FMNPPAONFHH,86107,0x7FF4F80,AEGNNPENLNM,mov-ax-imm16-ret,static-candidate,"same 7.1 GetCmdId method identity as verified 26105 anchor + mov ax, imm16; ret"
28609,NKHKMKCJFJE,74816,0x10B15E70,AEGNNPENLNM,mov-ax-imm16-ret,static-candidate,"same 7.1 GetCmdId method identity as verified 26105 anchor + mov ax, imm16; ret"
28610,DOILHCILLPO,20981,0xD39C250,AEGNNPENLNM,mov-ax-imm16-ret,static-candidate,"same 7.1 GetCmdId method identity as verified 26105 anchor + mov ax, imm16; ret"
28616,LGEJHECKHGM,15060,0x9C49C70,AEGNNPENLNM,mov-ax-imm16-ret,static-candidate,"same 7.1 GetCmdId method identity as verified 26105 anchor + mov ax, imm16; ret"
28625,OEOPBPECLDK,37674,0x7B8E670,AEGNNPENLNM,mov-ax-imm16-ret,static-candidate,"same 7.1 GetCmdId method identity as verified 26105 anchor + mov ax, imm16; ret"
28628,EDNNDPIMNGC,24115,0xD3D76B0,AEGNNPENLNM,mov-ax-imm16-ret,static-candidate,"same 7.1 GetCmdId method identity as verified 26105 anchor + mov ax, imm16; ret"
28633,AFPALGDDGLD,40947,0xD4EDF70,AEGNNPENLNM,mov-ax-imm16-ret,static-candidate,"same 7.1 GetCmdId method identity as verified 26105 anchor + mov ax, imm16; ret"
28646,PJHAFCCKDDN,86936,0x13DECFE0,AEGNNPENLNM,mov-ax-imm16-ret,static-candidate,"same 7.1 GetCmdId method identity as verified 26105 anchor + mov ax, imm16; ret"
28648,OJGGLIFAJDG,51870,0xD14CE20,AEGNNPENLNM,mov-ax-imm16-ret,static-candidate,"same 7.1 GetCmdId method identity as verified 26105 anchor + mov ax, imm16; ret"
28660,ILANKENLOAJ,21462,0xA72E770,AEGNNPENLNM,mov-ax-imm16-ret,static-candidate,"same 7.1 GetCmdId method identity as verified 26105 anchor + mov ax, imm16; ret"
28661,GBGGOEANIBF,67279,0x126BD840,AEGNNPENLNM,mov-ax-imm16-ret,static-candidate,"same 7.1 GetCmdId method identity as verified 26105 anchor + mov ax, imm16; ret"
28664,BNFFFIADBIH,27125,0xB914A70,AEGNNPENLNM,mov-ax-imm16-ret,static-candidate,"same 7.1 GetCmdId method identity as verified 26105 anchor + mov ax, imm16; ret"
28676,NINJBFEHCHB,63109,0xFF8DCF0,AEGNNPENLNM,mov-ax-imm16-ret,static-candidate,"same 7.1 GetCmdId method identity as verified 26105 anchor + mov ax, imm16; ret"
28678,LEHOLOJCMKH,70774,0x1393A170,AEGNNPENLNM,mov-ax-imm16-ret,static-candidate,"same 7.1 GetCmdId method identity as verified 26105 anchor + mov ax, imm16; ret"
28680,MBBKBMPJPHM,22946,0xAA7A6F0,AEGNNPENLNM,mov-ax-imm16-ret,static-candidate,"same 7.1 GetCmdId method identity as verified 26105 anchor + mov ax, imm16; ret"
28686,CMFJGNNLGFG,81581,0x119A9630,AEGNNPENLNM,mov-ax-imm16-ret,static-candidate,"same 7.1 GetCmdId method identity as verified 26105 anchor + mov ax, imm16; ret"
28687,GOKAHCIJCEI,31096,0x13616650,AEGNNPENLNM,mov-ax-imm16-ret,static-candidate,"same 7.1 GetCmdId method identity as verified 26105 anchor + mov ax, imm16; ret"
28688,EDFINAMHGCG,12815,0x127AC140,AEGNNPENLNM,mov-ax-imm16-ret,static-candidate,"same 7.1 GetCmdId method identity as verified 26105 anchor + mov ax, imm16; ret"
28693,ALGAEFJBBBD,77127,0x10461340,AEGNNPENLNM,mov-ax-imm16-ret,static-candidate,"same 7.1 GetCmdId method identity as verified 26105 anchor + mov ax, imm16; ret"
28697,MKEAINMPMHM,14044,0x792CCF0,AEGNNPENLNM,mov-ax-imm16-ret,static-candidate,"same 7.1 GetCmdId method identity as verified 26105 anchor + mov ax, imm16; ret"
28698,BANJLBFMBFK,56114,0x971FE00,AEGNNPENLNM,mov-ax-imm16-ret,static-candidate,"same 7.1 GetCmdId method identity as verified 26105 anchor + mov ax, imm16; ret"
28716,JOGCMPDGPEB,56368,0xC0E0EA0,AEGNNPENLNM,mov-ax-imm16-ret,static-candidate,"same 7.1 GetCmdId method identity as verified 26105 anchor + mov ax, imm16; ret"
28718,IPMDLDDNAAN,83894,0x9A397A0,AEGNNPENLNM,mov-ax-imm16-ret,static-candidate,"same 7.1 GetCmdId method identity as verified 26105 anchor + mov ax, imm16; ret"
28720,AIELEPPGOFH,53373,0x12715F30,AEGNNPENLNM,mov-ax-imm16-ret,static-candidate,"same 7.1 GetCmdId method identity as verified 26105 anchor + mov ax, imm16; ret"
28721,EKHPIIEIKHK,60427,0x125D72E0,AEGNNPENLNM,mov-ax-imm16-ret,static-candidate,"same 7.1 GetCmdId method identity as verified 26105 anchor + mov ax, imm16; ret"
28722,HGIIODGPFFJ,39853,0xB22DD40,AEGNNPENLNM,mov-ax-imm16-ret,static-candidate,"same 7.1 GetCmdId method identity as verified 26105 anchor + mov ax, imm16; ret"
28729,KJKGDCOKAIJ,59534,0xFC88C00,AEGNNPENLNM,mov-ax-imm16-ret,static-candidate,"same 7.1 GetCmdId method identity as verified 26105 anchor + mov ax, imm16; ret"
28732,PMICIHLAEEP,80825,0xB9A5440,AEGNNPENLNM,mov-ax-imm16-ret,static-candidate,"same 7.1 GetCmdId method identity as verified 26105 anchor + mov ax, imm16; ret"
28735,HDMBFAJEKIK,77478,0xED8EA60,AEGNNPENLNM,mov-ax-imm16-ret,static-candidate,"same 7.1 GetCmdId method identity as verified 26105 anchor + mov ax, imm16; ret"
28752,KFDOFCKIIFP,87053,0x10737460,AEGNNPENLNM,mov-ax-imm16-ret,static-candidate,"same 7.1 GetCmdId method identity as verified 26105 anchor + mov ax, imm16; ret"
28753,DGLIILMAGKK,55370,0x13421F20,AEGNNPENLNM,mov-ax-imm16-ret,static-candidate,"same 7.1 GetCmdId method identity as verified 26105 anchor + mov ax, imm16; ret"
28754,KCOLBPAOHMN,69482,0xB423020,AEGNNPENLNM,mov-ax-imm16-ret,static-candidate,"same 7.1 GetCmdId method identity as verified 26105 anchor + mov ax, imm16; ret"
28757,MFNFACJDOHD,73499,0x9CF6F20,AEGNNPENLNM,mov-ax-imm16-ret,static-candidate,"same 7.1 GetCmdId method identity as verified 26105 anchor + mov ax, imm16; ret"
28759,DFLMIOONCJN,82497,0xD35B870,AEGNNPENLNM,mov-ax-imm16-ret,static-candidate,"same 7.1 GetCmdId method identity as verified 26105 anchor + mov ax, imm16; ret"
28763,MKAENDKCFJM,82109,0x90E96B0,AEGNNPENLNM,mov-ax-imm16-ret,static-candidate,"same 7.1 GetCmdId method identity as verified 26105 anchor + mov ax, imm16; ret"
28768,LFNBDKHKAIK,39812,0xE4AC190,AEGNNPENLNM,mov-ax-imm16-ret,static-candidate,"same 7.1 GetCmdId method identity as verified 26105 anchor + mov ax, imm16; ret"
28770,KGIHMODEIEM,65639,0x9BB2110,AEGNNPENLNM,mov-ax-imm16-ret,static-candidate,"same 7.1 GetCmdId method identity as verified 26105 anchor + mov ax, imm16; ret"
28785,DBNBHLFNKEI,33460,0x10276B40,AEGNNPENLNM,mov-ax-imm16-ret,static-candidate,"same 7.1 GetCmdId method identity as verified 26105 anchor + mov ax, imm16; ret"
28786,DOMHDOODOEF,43323,0x10DFA2C0,AEGNNPENLNM,mov-ax-imm16-ret,static-candidate,"same 7.1 GetCmdId method identity as verified 26105 anchor + mov ax, imm16; ret"
28789,NHIIJLCDNMJ,44565,0xE6C5730,AEGNNPENLNM,mov-ax-imm16-ret,static-candidate,"same 7.1 GetCmdId method identity as verified 26105 anchor + mov ax, imm16; ret"
28790,GCDFHBJGKBO,46422,0x126C0E20,AEGNNPENLNM,mov-ax-imm16-ret,static-candidate,"same 7.1 GetCmdId method identity as verified 26105 anchor + mov ax, imm16; ret"
28796,KGMEOCMDMKD,30431,0x82A98F0,AEGNNPENLNM,mov-ax-imm16-ret,static-candidate,"same 7.1 GetCmdId method identity as verified 26105 anchor + mov ax, imm16; ret"
28798,CFHJLLMBCPO,60145,0xAF6AD20,AEGNNPENLNM,mov-ax-imm16-ret,static-candidate,"same 7.1 GetCmdId method identity as verified 26105 anchor + mov ax, imm16; ret"
28802,JPKBHKMAHND,47920,0x12BE6550,AEGNNPENLNM,mov-ax-imm16-ret,static-candidate,"same 7.1 GetCmdId method identity as verified 26105 anchor + mov ax, imm16; ret"
28806,PLNAIHFBMDF,73025,0xAE19170,AEGNNPENLNM,mov-ax-imm16-ret,static-candidate,"same 7.1 GetCmdId method identity as verified 26105 anchor + mov ax, imm16; ret"
28807,FGEJKJEJMDM,57346,0xBBB0C80,AEGNNPENLNM,mov-ax-imm16-ret,static-candidate,"same 7.1 GetCmdId method identity as verified 26105 anchor + mov ax, imm16; ret"
28812,BEOFALOEGGE,32595,0x7F5A690,AEGNNPENLNM,mov-ax-imm16-ret,static-candidate,"same 7.1 GetCmdId method identity as verified 26105 anchor + mov ax, imm16; ret"
28813,EHKAIPAKCLA,71974,0x11ACFD70,AEGNNPENLNM,mov-ax-imm16-ret,static-candidate,"same 7.1 GetCmdId method identity as verified 26105 anchor + mov ax, imm16; ret"
28816,JJCHJHLAMPG,20004,0xEF4CC40,AEGNNPENLNM,mov-ax-imm16-ret,static-candidate,"same 7.1 GetCmdId method identity as verified 26105 anchor + mov ax, imm16; ret"
28820,DNHEHKDMOBB,76235,0x88A1240,AEGNNPENLNM,mov-ax-imm16-ret,static-candidate,"same 7.1 GetCmdId method identity as verified 26105 anchor + mov ax, imm16; ret"
28822,FIAMKGKKFHE,43280,0x1102CFD0,AEGNNPENLNM,mov-ax-imm16-ret,static-candidate,"same 7.1 GetCmdId method identity as verified 26105 anchor + mov ax, imm16; ret"
28824,PPGFHHOCAML,71291,0xF4FCAE0,AEGNNPENLNM,mov-ax-imm16-ret,static-candidate,"same 7.1 GetCmdId method identity as verified 26105 anchor + mov ax, imm16; ret"
28836,CEJCMACHGLI,63304,0xB9FBE30,AEGNNPENLNM,mov-ax-imm16-ret,static-candidate,"same 7.1 GetCmdId method identity as verified 26105 anchor + mov ax, imm16; ret"
28838,FMIFEJNLKHE,33361,0x11056370,AEGNNPENLNM,mov-ax-imm16-ret,static-candidate,"same 7.1 GetCmdId method identity as verified 26105 anchor + mov ax, imm16; ret"
28843,DCGHMAIAKEG,17904,0x10D8AB20,AEGNNPENLNM,mov-ax-imm16-ret,static-candidate,"same 7.1 GetCmdId method identity as verified 26105 anchor + mov ax, imm16; ret"
28844,IDAOONMMIBO,75948,0x7563170,AEGNNPENLNM,mov-ax-imm16-ret,static-candidate,"same 7.1 GetCmdId method identity as verified 26105 anchor + mov ax, imm16; ret"
28845,KAOPEHEKIJM,47810,0x7716F30,AEGNNPENLNM,mov-ax-imm16-ret,static-candidate,"same 7.1 GetCmdId method identity as verified 26105 anchor + mov ax, imm16; ret"
28850,AJANJNMIGKF,80371,0x718DD70,AEGNNPENLNM,mov-ax-imm16-ret,static-candidate,"same 7.1 GetCmdId method identity as verified 26105 anchor + mov ax, imm16; ret"
28851,GMNIHKAOJHH,48029,0xF9243E0,AEGNNPENLNM,mov-ax-imm16-ret,static-candidate,"same 7.1 GetCmdId method identity as verified 26105 anchor + mov ax, imm16; ret"
28856,CKLNFDJHOIC,34272,0xD2EFCD0,AEGNNPENLNM,mov-ax-imm16-ret,static-candidate,"same 7.1 GetCmdId method identity as verified 26105 anchor + mov ax, imm16; ret"
28857,PLEGEFKNEGE,48203,0xD25BE90,AEGNNPENLNM,mov-ax-imm16-ret,static-candidate,"same 7.1 GetCmdId method identity as verified 26105 anchor + mov ax, imm16; ret"
28865,KGJAMEFMEDJ,17693,0xB440480,AEGNNPENLNM,mov-ax-imm16-ret,static-candidate,"same 7.1 GetCmdId method identity as verified 26105 anchor + mov ax, imm16; ret"
28867,MGAMOLMHNJI,12698,0x8434C50,AEGNNPENLNM,mov-ax-imm16-ret,static-candidate,"same 7.1 GetCmdId method identity as verified 26105 anchor + mov ax, imm16; ret"
28875,JNDCHIGIOAP,22521,0x8F565E0,AEGNNPENLNM,mov-ax-imm16-ret,static-candidate,"same 7.1 GetCmdId method identity as verified 26105 anchor + mov ax, imm16; ret"
28879,IEBGLJAIKMI,66065,0x8D638A0,AEGNNPENLNM,mov-ax-imm16-ret,static-candidate,"same 7.1 GetCmdId method identity as verified 26105 anchor + mov ax, imm16; ret"
28881,CHCNAGBBKMN,88672,0x101F0F90,AEGNNPENLNM,mov-ax-imm16-ret,static-candidate,"same 7.1 GetCmdId method identity as verified 26105 anchor + mov ax, imm16; ret"
28882,APDIFKOKHLB,50970,0x12749DF0,AEGNNPENLNM,mov-ax-imm16-ret,static-candidate,"same 7.1 GetCmdId method identity as verified 26105 anchor + mov ax, imm16; ret"
28883,HIEIDNBBDGP,57579,0x98C1D90,AEGNNPENLNM,mov-ax-imm16-ret,static-candidate,"same 7.1 GetCmdId method identity as verified 26105 anchor + mov ax, imm16; ret"
28888,CAMFIDENDNK,68376,0x123CB470,AEGNNPENLNM,mov-ax-imm16-ret,static-candidate,"same 7.1 GetCmdId method identity as verified 26105 anchor + mov ax, imm16; ret"
28896,JBHMFLBBJGC,56225,0xCC42D10,AEGNNPENLNM,mov-ax-imm16-ret,static-candidate,"same 7.1 GetCmdId method identity as verified 26105 anchor + mov ax, imm16; ret"
28917,CKBOEGLABIN,31037,0xC7A43B0,AEGNNPENLNM,mov-ax-imm16-ret,static-candidate,"same 7.1 GetCmdId method identity as verified 26105 anchor + mov ax, imm16; ret"
28934,BGGFEJLLIJH,15913,0xB530800,AEGNNPENLNM,mov-ax-imm16-ret,static-candidate,"same 7.1 GetCmdId method identity as verified 26105 anchor + mov ax, imm16; ret"
28939,LCEKKJDEGIF,58713,0x107DC9F0,AEGNNPENLNM,mov-ax-imm16-ret,static-candidate,"same 7.1 GetCmdId method identity as verified 26105 anchor + mov ax, imm16; ret"
28940,KNDNHCCHJKD,24509,0x12C50AF0,AEGNNPENLNM,mov-ax-imm16-ret,static-candidate,"same 7.1 GetCmdId method identity as verified 26105 anchor + mov ax, imm16; ret"
28941,EELOCMDKALB,38518,0x125B9460,AEGNNPENLNM,mov-ax-imm16-ret,static-candidate,"same 7.1 GetCmdId method identity as verified 26105 anchor + mov ax, imm16; ret"
28954,HFDPMFDBIGA,19462,0x80AC510,AEGNNPENLNM,mov-ax-imm16-ret,static-candidate,"same 7.1 GetCmdId method identity as verified 26105 anchor + mov ax, imm16; ret"
28956,HMPONADMCOF,15174,0x13684920,AEGNNPENLNM,mov-ax-imm16-ret,static-candidate,"same 7.1 GetCmdId method identity as verified 26105 anchor + mov ax, imm16; ret"
28960,MJBNIIKOOPO,27701,0x12106FC0,AEGNNPENLNM,mov-ax-imm16-ret,static-candidate,"same 7.1 GetCmdId method identity as verified 26105 anchor + mov ax, imm16; ret"
28966,JMGCOCJKCHJ,18636,0xEF820B0,AEGNNPENLNM,mov-ax-imm16-ret,static-candidate,"same 7.1 GetCmdId method identity as verified 26105 anchor + mov ax, imm16; ret"
28970,OBGEFECEGKN,12241,0x933ECB0,AEGNNPENLNM,mov-ax-imm16-ret,static-candidate,"same 7.1 GetCmdId method identity as verified 26105 anchor + mov ax, imm16; ret"
28971,CCIKOJNCIHB,88743,0x11906330,AEGNNPENLNM,mov-ax-imm16-ret,static-candidate,"same 7.1 GetCmdId method identity as verified 26105 anchor + mov ax, imm16; ret"
28972,NNLEEINCCHP,49028,0x11716BB0,AEGNNPENLNM,mov-ax-imm16-ret,static-candidate,"same 7.1 GetCmdId method identity as verified 26105 anchor + mov ax, imm16; ret"
28982,PDEFENPADAI,21203,0x123F0330,AEGNNPENLNM,mov-ax-imm16-ret,static-candidate,"same 7.1 GetCmdId method identity as verified 26105 anchor + mov ax, imm16; ret"
28985,PBBEOCOFPJK,60676,0x123E5C20,AEGNNPENLNM,mov-ax-imm16-ret,static-candidate,"same 7.1 GetCmdId method identity as verified 26105 anchor + mov ax, imm16; ret"
28988,JIEMMKANFMF,51301,0x137E01E0,AEGNNPENLNM,mov-ax-imm16-ret,static-candidate,"same 7.1 GetCmdId method identity as verified 26105 anchor + mov ax, imm16; ret"
28990,PIMCNMHPJKN,72978,0xA03DE90,AEGNNPENLNM,mov-ax-imm16-ret,static-candidate,"same 7.1 GetCmdId method identity as verified 26105 anchor + mov ax, imm16; ret"
28996,NFMDCICOGHH,65964,0xFF715D0,AEGNNPENLNM,mov-ax-imm16-ret,static-candidate,"same 7.1 GetCmdId method identity as verified 26105 anchor + mov ax, imm16; ret"
29002,FMIOONJGKBH,35265,0x7FF4720,AEGNNPENLNM,mov-ax-imm16-ret,static-candidate,"same 7.1 GetCmdId method identity as verified 26105 anchor + mov ax, imm16; ret"
29003,LBPEHCANNPK,77820,0x12C7B110,AEGNNPENLNM,mov-ax-imm16-ret,static-candidate,"same 7.1 GetCmdId method identity as verified 26105 anchor + mov ax, imm16; ret"
29006,ACMCIFOJAKJ,71555,0xB0E6310,AEGNNPENLNM,mov-ax-imm16-ret,static-candidate,"same 7.1 GetCmdId method identity as verified 26105 anchor + mov ax, imm16; ret"
29015,PPODKELNBLE,15683,0x13E45BB0,AEGNNPENLNM,mov-ax-imm16-ret,static-candidate,"same 7.1 GetCmdId method identity as verified 26105 anchor + mov ax, imm16; ret"
29030,NECMPBCCGID,48905,0xF33DD90,AEGNNPENLNM,mov-ax-imm16-ret,static-candidate,"same 7.1 GetCmdId method identity as verified 26105 anchor + mov ax, imm16; ret"
29031,OAPJLNDKEFH,25339,0x7B74EA0,AEGNNPENLNM,mov-ax-imm16-ret,static-candidate,"same 7.1 GetCmdId method identity as verified 26105 anchor + mov ax, imm16; ret"
29034,HOFJMFDIEFN,23314,0x12A41E30,AEGNNPENLNM,mov-ax-imm16-ret,static-candidate,"same 7.1 GetCmdId method identity as verified 26105 anchor + mov ax, imm16; ret"
29037,MCIKHIPMCBN,45845,0x8422190,AEGNNPENLNM,mov-ax-imm16-ret,static-candidate,"same 7.1 GetCmdId method identity as verified 26105 anchor + mov ax, imm16; ret"
29041,HDCDHFGDILG,37656,0x129D0820,AEGNNPENLNM,mov-ax-imm16-ret,static-candidate,"same 7.1 GetCmdId method identity as verified 26105 anchor + mov ax, imm16; ret"
29044,JMKIEANKOMC,75141,0xE35BA20,AEGNNPENLNM,mov-ax-imm16-ret,static-candidate,"same 7.1 GetCmdId method identity as verified 26105 anchor + mov ax, imm16; ret"
29045,HKEPBNJCADF,17649,0x8CEB110,AEGNNPENLNM,mov-ax-imm16-ret,static-candidate,"same 7.1 GetCmdId method identity as verified 26105 anchor + mov ax, imm16; ret"
29049,IGKGCKNHJNE,68413,0xFA0FBE0,AEGNNPENLNM,mov-ax-imm16-ret,static-candidate,"same 7.1 GetCmdId method identity as verified 26105 anchor + mov ax, imm16; ret"
29056,FDKMJCJCMGN,67741,0x1283D650,AEGNNPENLNM,mov-ax-imm16-ret,static-candidate,"same 7.1 GetCmdId method identity as verified 26105 anchor + mov ax, imm16; ret"
29064,LKLBHJJGOFC,42759,0xFD3F1F0,AEGNNPENLNM,mov-ax-imm16-ret,static-candidate,"same 7.1 GetCmdId method identity as verified 26105 anchor + mov ax, imm16; ret"
29068,BHLPPPOMCHM,48381,0x138BB430,AEGNNPENLNM,mov-ax-imm16-ret,static-candidate,"same 7.1 GetCmdId method identity as verified 26105 anchor + mov ax, imm16; ret"
29071,JONJNGOECIP,53271,0x12BC6190,AEGNNPENLNM,mov-ax-imm16-ret,static-candidate,"same 7.1 GetCmdId method identity as verified 26105 anchor + mov ax, imm16; ret"
29072,PEJHJNOLBII,69083,0xC698EC0,AEGNNPENLNM,mov-ax-imm16-ret,static-candidate,"same 7.1 GetCmdId method identity as verified 26105 anchor + mov ax, imm16; ret"
29086,LECGODAJNGA,24551,0xFD032B0,AEGNNPENLNM,mov-ax-imm16-ret,static-candidate,"same 7.1 GetCmdId method identity as verified 26105 anchor + mov ax, imm16; ret"
29089,MNEEMEEKHPC,12016,0x109918B0,AEGNNPENLNM,mov-ax-imm16-ret,static-candidate,"same 7.1 GetCmdId method identity as verified 26105 anchor + mov ax, imm16; ret"
29096,EIIIOOCAGGL,29930,0x14010B70,AEGNNPENLNM,mov-ax-imm16-ret,static-candidate,"same 7.1 GetCmdId method identity as verified 26105 anchor + mov ax, imm16; ret"
29099,GLCIPNBJBJI,71352,0x8059930,AEGNNPENLNM,mov-ax-imm16-ret,static-candidate,"same 7.1 GetCmdId method identity as verified 26105 anchor + mov ax, imm16; ret"
29103,KIFMLHLBJJI,65274,0xC167CC0,AEGNNPENLNM,mov-ax-imm16-ret,static-candidate,"same 7.1 GetCmdId method identity as verified 26105 anchor + mov ax, imm16; ret"
29110,NEJOGJGJECB,46640,0x9EA7AA0,AEGNNPENLNM,mov-ax-imm16-ret,static-candidate,"same 7.1 GetCmdId method identity as verified 26105 anchor + mov ax, imm16; ret"
29111,ILEKEEJNGFJ,67779,0xFAC9FF0,AEGNNPENLNM,mov-ax-imm16-ret,static-candidate,"same 7.1 GetCmdId method identity as verified 26105 anchor + mov ax, imm16; ret"
29122,HNJOOJMPNAB,72795,0x11193D40,AEGNNPENLNM,mov-ax-imm16-ret,static-candidate,"same 7.1 GetCmdId method identity as verified 26105 anchor + mov ax, imm16; ret"
29134,POLBJNBOCPA,15432,0xC6F0500,AEGNNPENLNM,mov-ax-imm16-ret,static-candidate,"same 7.1 GetCmdId method identity as verified 26105 anchor + mov ax, imm16; ret"
29136,HEKGLDMCGMO,38851,0xF970500,AEGNNPENLNM,mov-ax-imm16-ret,static-candidate,"same 7.1 GetCmdId method identity as verified 26105 anchor + mov ax, imm16; ret"
29138,FNMOPDAJHAH,21177,0x7365EB0,AEGNNPENLNM,mov-ax-imm16-ret,static-candidate,"same 7.1 GetCmdId method identity as verified 26105 anchor + mov ax, imm16; ret"
29147,IHCGNDPHCOL,56996,0x137058D0,AEGNNPENLNM,mov-ax-imm16-ret,static-candidate,"same 7.1 GetCmdId method identity as verified 26105 anchor + mov ax, imm16; ret"
29148,NJEHDFEAHJL,70187,0xAD11900,AEGNNPENLNM,mov-ax-imm16-ret,static-candidate,"same 7.1 GetCmdId method identity as verified 26105 anchor + mov ax, imm16; ret"
29149,NHPCEIKHKDK,72230,0x130167C0,AEGNNPENLNM,mov-ax-imm16-ret,static-candidate,"same 7.1 GetCmdId method identity as verified 26105 anchor + mov ax, imm16; ret"
29158,EOFPCMAJKIB,28321,0x72C9F30,AEGNNPENLNM,mov-ax-imm16-ret,static-candidate,"same 7.1 GetCmdId method identity as verified 26105 anchor + mov ax, imm16; ret"
29159,FKGGNODOMIL,45358,0xBD7F110,AEGNNPENLNM,mov-ax-imm16-ret,static-candidate,"same 7.1 GetCmdId method identity as verified 26105 anchor + mov ax, imm16; ret"
29162,IIENOGFPDNF,76341,0x1370DB30,AEGNNPENLNM,mov-ax-imm16-ret,static-candidate,"same 7.1 GetCmdId method identity as verified 26105 anchor + mov ax, imm16; ret"
29163,PGIAGAOMLGA,80883,0x11857860,AEGNNPENLNM,mov-ax-imm16-ret,static-candidate,"same 7.1 GetCmdId method identity as verified 26105 anchor + mov ax, imm16; ret"
29166,FCAJILKJGKJ,49456,0xBD33240,AEGNNPENLNM,mov-ax-imm16-ret,static-candidate,"same 7.1 GetCmdId method identity as verified 26105 anchor + mov ax, imm16; ret"
29171,LLPIBKNEFOD,77372,0x78748E0,AEGNNPENLNM,mov-ax-imm16-ret,static-candidate,"same 7.1 GetCmdId method identity as verified 26105 anchor + mov ax, imm16; ret"
29173,PGNHICDDEGM,80686,0x10C02BB0,AEGNNPENLNM,mov-ax-imm16-ret,static-candidate,"same 7.1 GetCmdId method identity as verified 26105 anchor + mov ax, imm16; ret"
29174,FFMHDMDACOK,74575,0x1351B2A0,AEGNNPENLNM,mov-ax-imm16-ret,static-candidate,"same 7.1 GetCmdId method identity as verified 26105 anchor + mov ax, imm16; ret"
29180,KFGOBCFJGFC,18055,0xFC50BE0,AEGNNPENLNM,mov-ax-imm16-ret,static-candidate,"same 7.1 GetCmdId method identity as verified 26105 anchor + mov ax, imm16; ret"
29182,JJEDMEHBEOC,44252,0xFB4A880,AEGNNPENLNM,mov-ax-imm16-ret,static-candidate,"same 7.1 GetCmdId method identity as verified 26105 anchor + mov ax, imm16; ret"
29185,IMIADPCFIMB,55852,0xFACDA10,AEGNNPENLNM,mov-ax-imm16-ret,static-candidate,"same 7.1 GetCmdId method identity as verified 26105 anchor + mov ax, imm16; ret"
29186,BLPBMJPICGK,65099,0xCDF7D90,AEGNNPENLNM,mov-ax-imm16-ret,static-candidate,"same 7.1 GetCmdId method identity as verified 26105 anchor + mov ax, imm16; ret"
29187,BMMDDOONHIN,35608,0xAEFEC50,AEGNNPENLNM,mov-ax-imm16-ret,static-candidate,"same 7.1 GetCmdId method identity as verified 26105 anchor + mov ax, imm16; ret"
29194,EKLJNKFPCFF,40944,0xBCEDE80,AEGNNPENLNM,mov-ax-imm16-ret,static-candidate,"same 7.1 GetCmdId method identity as verified 26105 anchor + mov ax, imm16; ret"
29197,ALCFBICJFDF,43716,0x134995A0,AEGNNPENLNM,mov-ax-imm16-ret,static-candidate,"same 7.1 GetCmdId method identity as verified 26105 anchor + mov ax, imm16; ret"
29199,IEGCEAGIHBC,88404,0x999D550,AEGNNPENLNM,mov-ax-imm16-ret,static-candidate,"same 7.1 GetCmdId method identity as verified 26105 anchor + mov ax, imm16; ret"
29209,FCAHOKDNIKN,75140,0xD444C40,AEGNNPENLNM,mov-ax-imm16-ret,static-candidate,"same 7.1 GetCmdId method identity as verified 26105 anchor + mov ax, imm16; ret"
29216,KAPMOAOJDEP,45851,0x138321A0,AEGNNPENLNM,mov-ax-imm16-ret,static-candidate,"same 7.1 GetCmdId method identity as verified 26105 anchor + mov ax, imm16; ret"
29223,IENIEABJPFN,17968,0xD7180A0,AEGNNPENLNM,mov-ax-imm16-ret,static-candidate,"same 7.1 GetCmdId method identity as verified 26105 anchor + mov ax, imm16; ret"
29224,DFGMOGMLDHD,48398,0x8852460,AEGNNPENLNM,mov-ax-imm16-ret,static-candidate,"same 7.1 GetCmdId method identity as verified 26105 anchor + mov ax, imm16; ret"
29228,MLLBODJOEMG,48856,0x12D5E810,AEGNNPENLNM,mov-ax-imm16-ret,static-candidate,"same 7.1 GetCmdId method identity as verified 26105 anchor + mov ax, imm16; ret"
29231,PFOFOFAAKJM,16187,0x10BFA320,AEGNNPENLNM,mov-ax-imm16-ret,static-candidate,"same 7.1 GetCmdId method identity as verified 26105 anchor + mov ax, imm16; ret"
29232,IJJHGBNCMAD,84943,0xCC015C0,AEGNNPENLNM,mov-ax-imm16-ret,static-candidate,"same 7.1 GetCmdId method identity as verified 26105 anchor + mov ax, imm16; ret"
29240,KGDEDMBPGBP,86541,0x7738CB0,AEGNNPENLNM,mov-ax-imm16-ret,static-candidate,"same 7.1 GetCmdId method identity as verified 26105 anchor + mov ax, imm16; ret"
29245,NIOALGDHODC,57368,0xB7E4F90,AEGNNPENLNM,mov-ax-imm16-ret,static-candidate,"same 7.1 GetCmdId method identity as verified 26105 anchor + mov ax, imm16; ret"
29249,COEHNJKKECG,38683,0xBA4C130,AEGNNPENLNM,mov-ax-imm16-ret,static-candidate,"same 7.1 GetCmdId method identity as verified 26105 anchor + mov ax, imm16; ret"
29251,CCHEPNPOHDL,76070,0x10C394E0,AEGNNPENLNM,mov-ax-imm16-ret,static-candidate,"same 7.1 GetCmdId method identity as verified 26105 anchor + mov ax, imm16; ret"
29261,HEEKGCDJOPO,64121,0xD67B5A0,AEGNNPENLNM,mov-ax-imm16-ret,static-candidate,"same 7.1 GetCmdId method identity as verified 26105 anchor + mov ax, imm16; ret"
29262,FPGJMIDDEIG,82199,0x7370C80,AEGNNPENLNM,mov-ax-imm16-ret,static-candidate,"same 7.1 GetCmdId method identity as verified 26105 anchor + mov ax, imm16; ret"
29266,NIGGDLJALJE,75108,0x7B01660,AEGNNPENLNM,mov-ax-imm16-ret,static-candidate,"same 7.1 GetCmdId method identity as verified 26105 anchor + mov ax, imm16; ret"
29271,NLCAGNDAFJK,45692,0x9ED07A0,AEGNNPENLNM,mov-ax-imm16-ret,static-candidate,"same 7.1 GetCmdId method identity as verified 26105 anchor + mov ax, imm16; ret"
29272,HHBNFPMBEFM,69467,0x80B88D0,AEGNNPENLNM,mov-ax-imm16-ret,static-candidate,"same 7.1 GetCmdId method identity as verified 26105 anchor + mov ax, imm16; ret"
29278,FDLHOAECDPF,47108,0xBD3F6F0,AEGNNPENLNM,mov-ax-imm16-ret,static-candidate,"same 7.1 GetCmdId method identity as verified 26105 anchor + mov ax, imm16; ret"
29285,OMHCNJGPGGA,54471,0x13148670,AEGNNPENLNM,mov-ax-imm16-ret,static-candidate,"same 7.1 GetCmdId method identity as verified 26105 anchor + mov ax, imm16; ret"
29290,IPEADLLFCKP,36706,0xCC34BF0,AEGNNPENLNM,mov-ax-imm16-ret,static-candidate,"same 7.1 GetCmdId method identity as verified 26105 anchor + mov ax, imm16; ret"
29294,NMLLNPDHDIL,77905,0xC5B1220,AEGNNPENLNM,mov-ax-imm16-ret,static-candidate,"same 7.1 GetCmdId method identity as verified 26105 anchor + mov ax, imm16; ret"
29295,BGELGAIJHFG,34369,0xFBFA490,AEGNNPENLNM,mov-ax-imm16-ret,static-candidate,"same 7.1 GetCmdId method identity as verified 26105 anchor + mov ax, imm16; ret"
29296,OPAIAJADEPO,13433,0x118238C0,AEGNNPENLNM,mov-ax-imm16-ret,static-candidate,"same 7.1 GetCmdId method identity as verified 26105 anchor + mov ax, imm16; ret"
29298,LDCGIBKLLEB,43458,0x107E29C0,AEGNNPENLNM,mov-ax-imm16-ret,static-candidate,"same 7.1 GetCmdId method identity as verified 26105 anchor + mov ax, imm16; ret"
29299,HDHKAIGBGJK,81104,0x1110DDB0,AEGNNPENLNM,mov-ax-imm16-ret,static-candidate,"same 7.1 GetCmdId method identity as verified 26105 anchor + mov ax, imm16; ret"
29300,EMFDGADEDBM,76811,0xBB4ECA0,AEGNNPENLNM,mov-ax-imm16-ret,static-candidate,"same 7.1 GetCmdId method identity as verified 26105 anchor + mov ax, imm16; ret"
29308,GBLKJOPAMFD,24652,0x128D47F0,AEGNNPENLNM,mov-ax-imm16-ret,static-candidate,"same 7.1 GetCmdId method identity as verified 26105 anchor + mov ax, imm16; ret"
29309,BOFHJLNKJMJ,69258,0xC723820,AEGNNPENLNM,mov-ax-imm16-ret,static-candidate,"same 7.1 GetCmdId method identity as verified 26105 anchor + mov ax, imm16; ret"
29310,FAINLEJBEJJ,72938,0x1037CB80,AEGNNPENLNM,mov-ax-imm16-ret,static-candidate,"same 7.1 GetCmdId method identity as verified 26105 anchor + mov ax, imm16; ret"
29312,GHDCCJKHBMG,13252,0xA552CB0,AEGNNPENLNM,mov-ax-imm16-ret,static-candidate,"same 7.1 GetCmdId method identity as verified 26105 anchor + mov ax, imm16; ret"
29313,HFHJEKLPFOD,42058,0xCAF8C90,AEGNNPENLNM,mov-ax-imm16-ret,static-candidate,"same 7.1 GetCmdId method identity as verified 26105 anchor + mov ax, imm16; ret"
29322,GFGCFCPGPMP,81974,0x8BF2890,AEGNNPENLNM,mov-ax-imm16-ret,static-candidate,"same 7.1 GetCmdId method identity as verified 26105 anchor + mov ax, imm16; ret"
29328,BEHAOHKACIM,83620,0xC0B06D0,AEGNNPENLNM,mov-ax-imm16-ret,static-candidate,"same 7.1 GetCmdId method identity as verified 26105 anchor + mov ax, imm16; ret"
29333,LIGNCPIEGIA,27298,0x9C5CAF0,AEGNNPENLNM,mov-ax-imm16-ret,static-candidate,"same 7.1 GetCmdId method identity as verified 26105 anchor + mov ax, imm16; ret"
29340,GANMJCFHMII,69608,0x126BC800,AEGNNPENLNM,mov-ax-imm16-ret,static-candidate,"same 7.1 GetCmdId method identity as verified 26105 anchor + mov ax, imm16; ret"
29346,FOBAGIBJFOG,31607,0xD5B0EC0,AEGNNPENLNM,mov-ax-imm16-ret,static-candidate,"same 7.1 GetCmdId method identity as verified 26105 anchor + mov ax, imm16; ret"
29347,DJNCKOJIOOG,55532,0xA157D20,AEGNNPENLNM,mov-ax-imm16-ret,static-candidate,"same 7.1 GetCmdId method identity as verified 26105 anchor + mov ax, imm16; ret"
29349,AGHLKECDDIA,48630,0xF7AD550,AEGNNPENLNM,mov-ax-imm16-ret,static-candidate,"same 7.1 GetCmdId method identity as verified 26105 anchor + mov ax, imm16; ret"
29351,MAPIJBHHJDP,85763,0x8419A70,AEGNNPENLNM,mov-ax-imm16-ret,static-candidate,"same 7.1 GetCmdId method identity as verified 26105 anchor + mov ax, imm16; ret"
29353,NMNCLBPEJPL,58332,0x7B418D0,AEGNNPENLNM,mov-ax-imm16-ret,static-candidate,"same 7.1 GetCmdId method identity as verified 26105 anchor + mov ax, imm16; ret"
29355,NEACFKLLADA,82525,0x85E1F90,AEGNNPENLNM,mov-ax-imm16-ret,static-candidate,"same 7.1 GetCmdId method identity as verified 26105 anchor + mov ax, imm16; ret"
29368,AHMIMIDGNDM,37901,0x10FA6E00,AEGNNPENLNM,mov-ax-imm16-ret,static-candidate,"same 7.1 GetCmdId method identity as verified 26105 anchor + mov ax, imm16; ret"
29369,OBNOBCMOFFD,38002,0x7B77C20,AEGNNPENLNM,mov-ax-imm16-ret,static-candidate,"same 7.1 GetCmdId method identity as verified 26105 anchor + mov ax, imm16; ret"
29374,KFLONPAGAEL,79964,0xB436240,AEGNNPENLNM,mov-ax-imm16-ret,static-candidate,"same 7.1 GetCmdId method identity as verified 26105 anchor + mov ax, imm16; ret"
29379,FOHLFFCPOAM,35442,0x126A2B50,AEGNNPENLNM,mov-ax-imm16-ret,static-candidate,"same 7.1 GetCmdId method identity as verified 26105 anchor + mov ax, imm16; ret"
29381,FEHCLCNOKHB,56719,0xEB823F0,AEGNNPENLNM,mov-ax-imm16-ret,static-candidate,"same 7.1 GetCmdId method identity as verified 26105 anchor + mov ax, imm16; ret"
29383,GKDPGOCPHKK,26906,0xBE0F130,AEGNNPENLNM,mov-ax-imm16-ret,static-candidate,"same 7.1 GetCmdId method identity as verified 26105 anchor + mov ax, imm16; ret"
29386,AENPPODAIJF,71530,0x126F49A0,AEGNNPENLNM,mov-ax-imm16-ret,static-candidate,"same 7.1 GetCmdId method identity as verified 26105 anchor + mov ax, imm16; ret"
29394,BJAKCGEFOPN,50064,0xC465670,AEGNNPENLNM,mov-ax-imm16-ret,static-candidate,"same 7.1 GetCmdId method identity as verified 26105 anchor + mov ax, imm16; ret"
29400,IAHGKJDFEAM,73452,0x8D47260,AEGNNPENLNM,mov-ax-imm16-ret,static-candidate,"same 7.1 GetCmdId method identity as verified 26105 anchor + mov ax, imm16; ret"
29402,JMIGEIOOJDB,56780,0xB3DBAC0,AEGNNPENLNM,mov-ax-imm16-ret,static-candidate,"same 7.1 GetCmdId method identity as verified 26105 anchor + mov ax, imm16; ret"
29403,DJMDBACGNOH,27651,0xB03B130,AEGNNPENLNM,mov-ax-imm16-ret,static-candidate,"same 7.1 GetCmdId method identity as verified 26105 anchor + mov ax, imm16; ret"
29404,KAHEOCDCJJI,69645,0x13831E50,AEGNNPENLNM,mov-ax-imm16-ret,static-candidate,"same 7.1 GetCmdId method identity as verified 26105 anchor + mov ax, imm16; ret"
29407,KJKHLLHNNPA,64766,0x13873DE0,AEGNNPENLNM,mov-ax-imm16-ret,static-candidate,"same 7.1 GetCmdId method identity as verified 26105 anchor + mov ax, imm16; ret"
29408,NNIMFCLJNCO,77380,0xC5B65C0,AEGNNPENLNM,mov-ax-imm16-ret,static-candidate,"same 7.1 GetCmdId method identity as verified 26105 anchor + mov ax, imm16; ret"
29415,PLJOJEFNKPJ,85459,0x10CA8CC0,AEGNNPENLNM,mov-ax-imm16-ret,static-candidate,"same 7.1 GetCmdId method identity as verified 26105 anchor + mov ax, imm16; ret"
29419,ILPDKFJGJKJ,72104,0x8DBE110,AEGNNPENLNM,mov-ax-imm16-ret,static-candidate,"same 7.1 GetCmdId method identity as verified 26105 anchor + mov ax, imm16; ret"
29428,NBKLACHMLFI,29856,0xB761760,AEGNNPENLNM,mov-ax-imm16-ret,static-candidate,"same 7.1 GetCmdId method identity as verified 26105 anchor + mov ax, imm16; ret"
29437,CJKJHLCBEOO,80168,0xBA2A0A0,AEGNNPENLNM,mov-ax-imm16-ret,static-candidate,"same 7.1 GetCmdId method identity as verified 26105 anchor + mov ax, imm16; ret"
29446,PJOPJPGGJJC,34277,0xA044750,AEGNNPENLNM,mov-ax-imm16-ret,static-candidate,"same 7.1 GetCmdId method identity as verified 26105 anchor + mov ax, imm16; ret"
29450,IEFAGJELKAJ,16042,0x111C11B0,AEGNNPENLNM,mov-ax-imm16-ret,static-candidate,"same 7.1 GetCmdId method identity as verified 26105 anchor + mov ax, imm16; ret"
29451,LCHFENICIBM,40166,0x12C7CC00,AEGNNPENLNM,mov-ax-imm16-ret,static-candidate,"same 7.1 GetCmdId method identity as verified 26105 anchor + mov ax, imm16; ret"
29465,FBBAOEGFEKG,18974,0xA42BA80,AEGNNPENLNM,mov-ax-imm16-ret,static-candidate,"same 7.1 GetCmdId method identity as verified 26105 anchor + mov ax, imm16; ret"
29467,GOMDMKJPFGN,79076,0x11C4C0A0,AEGNNPENLNM,mov-ax-imm16-ret,static-candidate,"same 7.1 GetCmdId method identity as verified 26105 anchor + mov ax, imm16; ret"
29470,HAJBBFAJLIO,79184,0xA5BEC40,AEGNNPENLNM,mov-ax-imm16-ret,static-candidate,"same 7.1 GetCmdId method identity as verified 26105 anchor + mov ax, imm16; ret"
29473,DJMEFBCFFHM,81365,0xD379B80,AEGNNPENLNM,mov-ax-imm16-ret,static-candidate,"same 7.1 GetCmdId method identity as verified 26105 anchor + mov ax, imm16; ret"
29479,NIFGMJFIIJP,53568,0xACFCF10,AEGNNPENLNM,mov-ax-imm16-ret,static-candidate,"same 7.1 GetCmdId method identity as verified 26105 anchor + mov ax, imm16; ret"
29488,OCHPGHIKCGA,37549,0x10B44340,AEGNNPENLNM,mov-ax-imm16-ret,static-candidate,"same 7.1 GetCmdId method identity as verified 26105 anchor + mov ax, imm16; ret"
29493,OEOEKKJENIO,80512,0x13103C80,AEGNNPENLNM,mov-ax-imm16-ret,static-candidate,"same 7.1 GetCmdId method identity as verified 26105 anchor + mov ax, imm16; ret"
29497,GKEKIIKFJJN,12182,0x8C12460,AEGNNPENLNM,mov-ax-imm16-ret,static-candidate,"same 7.1 GetCmdId method identity as verified 26105 anchor + mov ax, imm16; ret"
29498,AIENAHOBDPO,41247,0x7EE2900,AEGNNPENLNM,mov-ax-imm16-ret,static-candidate,"same 7.1 GetCmdId method identity as verified 26105 anchor + mov ax, imm16; ret"
29499,GAALPLLEAFB,32362,0x8011170,AEGNNPENLNM,mov-ax-imm16-ret,static-candidate,"same 7.1 GetCmdId method identity as verified 26105 anchor + mov ax, imm16; ret"
29502,OEIHANPJNOP,18059,0x123222F0,AEGNNPENLNM,mov-ax-imm16-ret,static-candidate,"same 7.1 GetCmdId method identity as verified 26105 anchor + mov ax, imm16; ret"
29508,IFNGAGEMDBN,28213,0xB2AB990,AEGNNPENLNM,mov-ax-imm16-ret,static-candidate,"same 7.1 GetCmdId method identity as verified 26105 anchor + mov ax, imm16; ret"
29510,NLDBGDDKKEC,67668,0xB8063C0,AEGNNPENLNM,mov-ax-imm16-ret,static-candidate,"same 7.1 GetCmdId method identity as verified 26105 anchor + mov ax, imm16; ret"
29512,DLNNCJCJPOB,21293,0x7EAFE90,AEGNNPENLNM,mov-ax-imm16-ret,static-candidate,"same 7.1 GetCmdId method identity as verified 26105 anchor + mov ax, imm16; ret"
29520,DNIDBCNAGLJ,76475,0xE9B9900,AEGNNPENLNM,mov-ax-imm16-ret,static-candidate,"same 7.1 GetCmdId method identity as verified 26105 anchor + mov ax, imm16; ret"
29521,MBBGGNJHALP,46276,0x139EBA40,AEGNNPENLNM,mov-ax-imm16-ret,static-candidate,"same 7.1 GetCmdId method identity as verified 26105 anchor + mov ax, imm16; ret"
29526,JILNPPKCBOD,21688,0x137E2B70,AEGNNPENLNM,mov-ax-imm16-ret,static-candidate,"same 7.1 GetCmdId method identity as verified 26105 anchor + mov ax, imm16; ret"
29528,EFBEOIOIOEG,81666,0xA1CD810,AEGNNPENLNM,mov-ax-imm16-ret,static-candidate,"same 7.1 GetCmdId method identity as verified 26105 anchor + mov ax, imm16; ret"
29536,OONLJFKFAHO,77111,0xADBBB10,AEGNNPENLNM,mov-ax-imm16-ret,static-candidate,"same 7.1 GetCmdId method identity as verified 26105 anchor + mov ax, imm16; ret"
29538,ONKKMJBJNGJ,49160,0x9FDABA0,AEGNNPENLNM,mov-ax-imm16-ret,static-candidate,"same 7.1 GetCmdId method identity as verified 26105 anchor + mov ax, imm16; ret"
29540,LGDGNLKHIJD,46651,0xE4AE350,AEGNNPENLNM,mov-ax-imm16-ret,static-candidate,"same 7.1 GetCmdId method identity as verified 26105 anchor + mov ax, imm16; ret"
29544,NPNDBNNIHEE,72410,0xB823D30,AEGNNPENLNM,mov-ax-imm16-ret,static-candidate,"same 7.1 GetCmdId method identity as verified 26105 anchor + mov ax, imm16; ret"
29559,FHMPOFOBPLE,34495,0x12898260,AEGNNPENLNM,mov-ax-imm16-ret,static-candidate,"same 7.1 GetCmdId method identity as verified 26105 anchor + mov ax, imm16; ret"
29560,FAMMDJJLBFI,45863,0xEA9A6D0,AEGNNPENLNM,mov-ax-imm16-ret,static-candidate,"same 7.1 GetCmdId method identity as verified 26105 anchor + mov ax, imm16; ret"
29562,JDGFLHJHLJA,13910,0xE314030,AEGNNPENLNM,mov-ax-imm16-ret,static-candidate,"same 7.1 GetCmdId method identity as verified 26105 anchor + mov ax, imm16; ret"
29568,HGOJFNPKNCF,39132,0x80B68F0,AEGNNPENLNM,mov-ax-imm16-ret,static-candidate,"same 7.1 GetCmdId method identity as verified 26105 anchor + mov ax, imm16; ret"
29574,HIAFHAILIGP,41185,0x80BA750,AEGNNPENLNM,mov-ax-imm16-ret,static-candidate,"same 7.1 GetCmdId method identity as verified 26105 anchor + mov ax, imm16; ret"
29575,PACDHEINJML,42584,0x100FFDA0,AEGNNPENLNM,mov-ax-imm16-ret,static-candidate,"same 7.1 GetCmdId method identity as verified 26105 anchor + mov ax, imm16; ret"
29580,MHHEOPIAOPA,21324,0xF188370,AEGNNPENLNM,mov-ax-imm16-ret,static-candidate,"same 7.1 GetCmdId method identity as verified 26105 anchor + mov ax, imm16; ret"
29581,NCAFJEMKKMC,54955,0xACAC310,AEGNNPENLNM,mov-ax-imm16-ret,static-candidate,"same 7.1 GetCmdId method identity as verified 26105 anchor + mov ax, imm16; ret"
29587,GEEEFJBIKMA,87376,0x8BEBF20,AEGNNPENLNM,mov-ax-imm16-ret,static-candidate,"same 7.1 GetCmdId method identity as verified 26105 anchor + mov ax, imm16; ret"
29588,GLFEAKONECH,76149,0xBE15810,AEGNNPENLNM,mov-ax-imm16-ret,static-candidate,"same 7.1 GetCmdId method identity as verified 26105 anchor + mov ax, imm16; ret"
29591,PAAHDBMLCLD,39199,0x10BB7F20,AEGNNPENLNM,mov-ax-imm16-ret,static-candidate,"same 7.1 GetCmdId method identity as verified 26105 anchor + mov ax, imm16; ret"
29598,HNFKJCCBHCM,49615,0x74F1160,AEGNNPENLNM,mov-ax-imm16-ret,static-candidate,"same 7.1 GetCmdId method identity as verified 26105 anchor + mov ax, imm16; ret"
29599,LKLJFDDJNPN,44327,0x1144A1B0,AEGNNPENLNM,mov-ax-imm16-ret,static-candidate,"same 7.1 GetCmdId method identity as verified 26105 anchor + mov ax, imm16; ret"
29601,NBEAEDOAGOG,57578,0xF320A20,AEGNNPENLNM,mov-ax-imm16-ret,static-candidate,"same 7.1 GetCmdId method identity as verified 26105 anchor + mov ax, imm16; ret"
29610,FMHCIFDCKHO,16708,0xD4A9440,AEGNNPENLNM,mov-ax-imm16-ret,static-candidate,"same 7.1 GetCmdId method identity as verified 26105 anchor + mov ax, imm16; ret"
29612,MEDCPPNCIGP,77596,0x78C4390,AEGNNPENLNM,mov-ax-imm16-ret,static-candidate,"same 7.1 GetCmdId method identity as verified 26105 anchor + mov ax, imm16; ret"
29621,MGLDHJJKKEM,28358,0x843C660,AEGNNPENLNM,mov-ax-imm16-ret,static-candidate,"same 7.1 GetCmdId method identity as verified 26105 anchor + mov ax, imm16; ret"
29623,JIAPFOPMBLJ,60832,0x821A250,AEGNNPENLNM,mov-ax-imm16-ret,static-candidate,"same 7.1 GetCmdId method identity as verified 26105 anchor + mov ax, imm16; ret"
29632,FBDADANEFMN,56146,0x128257B0,AEGNNPENLNM,mov-ax-imm16-ret,static-candidate,"same 7.1 GetCmdId method identity as verified 26105 anchor + mov ax, imm16; ret"
29634,DJIPILNMGFN,22225,0xD377800,AEGNNPENLNM,mov-ax-imm16-ret,static-candidate,"same 7.1 GetCmdId method identity as verified 26105 anchor + mov ax, imm16; ret"
29640,BAOKLJNGMDO,33816,0x11FD0090,AEGNNPENLNM,mov-ax-imm16-ret,static-candidate,"same 7.1 GetCmdId method identity as verified 26105 anchor + mov ax, imm16; ret"
29641,MJODBCCHOFH,66886,0x12D45130,AEGNNPENLNM,mov-ax-imm16-ret,static-candidate,"same 7.1 GetCmdId method identity as verified 26105 anchor + mov ax, imm16; ret"
29643,KCDPIOIFFGK,27418,0xE3956B0,AEGNNPENLNM,mov-ax-imm16-ret,static-candidate,"same 7.1 GetCmdId method identity as verified 26105 anchor + mov ax, imm16; ret"
29645,OMFLOKLMIGF,67300,0x86AC9D0,AEGNNPENLNM,mov-ax-imm16-ret,static-candidate,"same 7.1 GetCmdId method identity as verified 26105 anchor + mov ax, imm16; ret"
29649,ICCDEJPFJEB,30831,0xCBBC730,AEGNNPENLNM,mov-ax-imm16-ret,static-candidate,"same 7.1 GetCmdId method identity as verified 26105 anchor + mov ax, imm16; ret"
29657,NBNACCPHHJF,74727,0xF32B380,AEGNNPENLNM,mov-ax-imm16-ret,static-candidate,"same 7.1 GetCmdId method identity as verified 26105 anchor + mov ax, imm16; ret"
29660,ACMJFHBHLIB,32696,0x126DED20,AEGNNPENLNM,mov-ax-imm16-ret,static-candidate,"same 7.1 GetCmdId method identity as verified 26105 anchor + mov ax, imm16; ret"
29662,HECCEDLNCID,76220,0x11C88CF0,AEGNNPENLNM,mov-ax-imm16-ret,static-candidate,"same 7.1 GetCmdId method identity as verified 26105 anchor + mov ax, imm16; ret"
29665,HFMDDGLKBFD,75255,0x9878650,AEGNNPENLNM,mov-ax-imm16-ret,static-candidate,"same 7.1 GetCmdId method identity as verified 26105 anchor + mov ax, imm16; ret"
29672,JOODBAEPFFC,44295,0x1070B500,AEGNNPENLNM,mov-ax-imm16-ret,static-candidate,"same 7.1 GetCmdId method identity as verified 26105 anchor + mov ax, imm16; ret"
29673,DPGAICDKOCN,59047,0xD3A3C50,AEGNNPENLNM,mov-ax-imm16-ret,static-candidate,"same 7.1 GetCmdId method identity as verified 26105 anchor + mov ax, imm16; ret"
29674,AMFNAHOJBGP,30589,0xC9BB290,AEGNNPENLNM,mov-ax-imm16-ret,static-candidate,"same 7.1 GetCmdId method identity as verified 26105 anchor + mov ax, imm16; ret"
29682,OEJGFDGDICJ,77580,0xD12C720,AEGNNPENLNM,mov-ax-imm16-ret,static-candidate,"same 7.1 GetCmdId method identity as verified 26105 anchor + mov ax, imm16; ret"
29685,OBNGKCJNGDN,29146,0xB82D050,AEGNNPENLNM,mov-ax-imm16-ret,static-candidate,"same 7.1 GetCmdId method identity as verified 26105 anchor + mov ax, imm16; ret"
29694,ANCMJOOKMKD,69107,0x10FD4670,AEGNNPENLNM,mov-ax-imm16-ret,static-candidate,"same 7.1 GetCmdId method identity as verified 26105 anchor + mov ax, imm16; ret"
29699,PJDIGNAILFN,23315,0x118718F0,AEGNNPENLNM,mov-ax-imm16-ret,static-candidate,"same 7.1 GetCmdId method identity as verified 26105 anchor + mov ax, imm16; ret"
29702,MNCLLNEAMHG,78202,0xF1ADDD0,AEGNNPENLNM,mov-ax-imm16-ret,static-candidate,"same 7.1 GetCmdId method identity as verified 26105 anchor + mov ax, imm16; ret"
29707,HPPBLIEHGMH,13752,0xBF030C0,AEGNNPENLNM,mov-ax-imm16-ret,static-candidate,"same 7.1 GetCmdId method identity as verified 26105 anchor + mov ax, imm16; ret"
29708,AFAOBOMPMJO,43869,0x7ED7DC0,AEGNNPENLNM,mov-ax-imm16-ret,static-candidate,"same 7.1 GetCmdId method identity as verified 26105 anchor + mov ax, imm16; ret"
29713,IGDHPOILOML,74766,0xCBE9A30,AEGNNPENLNM,mov-ax-imm16-ret,static-candidate,"same 7.1 GetCmdId method identity as verified 26105 anchor + mov ax, imm16; ret"
29718,KNJFMKBAMJI,75544,0x12C55AD0,AEGNNPENLNM,mov-ax-imm16-ret,static-candidate,"same 7.1 GetCmdId method identity as verified 26105 anchor + mov ax, imm16; ret"
29721,NCKBDKHKKPK,26387,0x85DBA90,AEGNNPENLNM,mov-ax-imm16-ret,static-candidate,"same 7.1 GetCmdId method identity as verified 26105 anchor + mov ax, imm16; ret"
29723,ICOIMPMEEPH,51423,0x136E7A30,AEGNNPENLNM,mov-ax-imm16-ret,static-candidate,"same 7.1 GetCmdId method identity as verified 26105 anchor + mov ax, imm16; ret"
29724,KDOCBHEGBKP,29196,0xEFD7300,AEGNNPENLNM,mov-ax-imm16-ret,static-candidate,"same 7.1 GetCmdId method identity as verified 26105 anchor + mov ax, imm16; ret"
29728,MPAAGGAFGMB,27947,0x13A841F0,AEGNNPENLNM,mov-ax-imm16-ret,static-candidate,"same 7.1 GetCmdId method identity as verified 26105 anchor + mov ax, imm16; ret"
29731,FGDLPEPLMAN,60990,0xBBB0890,AEGNNPENLNM,mov-ax-imm16-ret,static-candidate,"same 7.1 GetCmdId method identity as verified 26105 anchor + mov ax, imm16; ret"
29733,CBNGNBLCGJC,20083,0x13CD0070,AEGNNPENLNM,mov-ax-imm16-ret,static-candidate,"same 7.1 GetCmdId method identity as verified 26105 anchor + mov ax, imm16; ret"
29742,LGIBJLJDMPK,29450,0xCE1F2D0,AEGNNPENLNM,mov-ax-imm16-ret,static-candidate,"same 7.1 GetCmdId method identity as verified 26105 anchor + mov ax, imm16; ret"
29743,ANKJPJMPNIP,15441,0xB15DF10,AEGNNPENLNM,mov-ax-imm16-ret,static-candidate,"same 7.1 GetCmdId method identity as verified 26105 anchor + mov ax, imm16; ret"
29745,EOHEJBJKFFI,41441,0x10368540,AEGNNPENLNM,mov-ax-imm16-ret,static-candidate,"same 7.1 GetCmdId method identity as verified 26105 anchor + mov ax, imm16; ret"
29748,KEDFLBJIIDO,30824,0x107320B0,AEGNNPENLNM,mov-ax-imm16-ret,static-candidate,"same 7.1 GetCmdId method identity as verified 26105 anchor + mov ax, imm16; ret"
29754,KMJEFHAJAPN,84567,0xF078440,AEGNNPENLNM,mov-ax-imm16-ret,static-candidate,"same 7.1 GetCmdId method identity as verified 26105 anchor + mov ax, imm16; ret"
29756,IDOJBDCIAAE,45476,0x105ECAE0,AEGNNPENLNM,mov-ax-imm16-ret,static-candidate,"same 7.1 GetCmdId method identity as verified 26105 anchor + mov ax, imm16; ret"
29760,JHJBEJJBLNA,72228,0xC02AB60,AEGNNPENLNM,mov-ax-imm16-ret,static-candidate,"same 7.1 GetCmdId method identity as verified 26105 anchor + mov ax, imm16; ret"
29763,GLDIPHAJLAP,77021,0xBE14B60,AEGNNPENLNM,mov-ax-imm16-ret,static-candidate,"same 7.1 GetCmdId method identity as verified 26105 anchor + mov ax, imm16; ret"
29764,IAOOIIFLJKB,50798,0xB2760E0,AEGNNPENLNM,mov-ax-imm16-ret,static-candidate,"same 7.1 GetCmdId method identity as verified 26105 anchor + mov ax, imm16; ret"
29767,JIIPAMLOJNH,17580,0x7693470,AEGNNPENLNM,mov-ax-imm16-ret,static-candidate,"same 7.1 GetCmdId method identity as verified 26105 anchor + mov ax, imm16; ret"
29773,NFBENOFGPMM,26812,0x1227DD70,AEGNNPENLNM,mov-ax-imm16-ret,static-candidate,"same 7.1 GetCmdId method identity as verified 26105 anchor + mov ax, imm16; ret"
29774,LFFJPJKJBBO,58912,0xC1F5570,AEGNNPENLNM,mov-ax-imm16-ret,static-candidate,"same 7.1 GetCmdId method identity as verified 26105 anchor + mov ax, imm16; ret"
29776,MNPFFKIHFAL,63424,0xE5780B0,AEGNNPENLNM,mov-ax-imm16-ret,static-candidate,"same 7.1 GetCmdId method identity as verified 26105 anchor + mov ax, imm16; ret"
29784,KDBNEJOCBKO,18486,0xE397AF0,AEGNNPENLNM,mov-ax-imm16-ret,static-candidate,"same 7.1 GetCmdId method identity as verified 26105 anchor + mov ax, imm16; ret"
29789,CIBABKHMBCM,28160,0x7A101B0,AEGNNPENLNM,mov-ax-imm16-ret,static-candidate,"same 7.1 GetCmdId method identity as verified 26105 anchor + mov ax, imm16; ret"
29790,CEGMFMKNCFC,36886,0x86EABF0,AEGNNPENLNM,mov-ax-imm16-ret,static-candidate,"same 7.1 GetCmdId method identity as verified 26105 anchor + mov ax, imm16; ret"
29798,CDOGGEAILLE,31196,0x13CD7250,AEGNNPENLNM,mov-ax-imm16-ret,static-candidate,"same 7.1 GetCmdId method identity as verified 26105 anchor + mov ax, imm16; ret"
29805,BGEHEAFFLFI,75386,0xEE9D570,AEGNNPENLNM,mov-ax-imm16-ret,static-candidate,"same 7.1 GetCmdId method identity as verified 26105 anchor + mov ax, imm16; ret"
29811,EAOBAHDKKIL,12295,0x72238E0,AEGNNPENLNM,mov-ax-imm16-ret,static-candidate,"same 7.1 GetCmdId method identity as verified 26105 anchor + mov ax, imm16; ret"
29813,LALPOACIBKF,45093,0x113F17C0,AEGNNPENLNM,mov-ax-imm16-ret,static-candidate,"same 7.1 GetCmdId method identity as verified 26105 anchor + mov ax, imm16; ret"
29823,AMFCEIKEGBM,71952,0x96F2E70,AEGNNPENLNM,mov-ax-imm16-ret,static-candidate,"same 7.1 GetCmdId method identity as verified 26105 anchor + mov ax, imm16; ret"
29829,FINBPFIEBCG,53106,0xBD74D30,AEGNNPENLNM,mov-ax-imm16-ret,static-candidate,"same 7.1 GetCmdId method identity as verified 26105 anchor + mov ax, imm16; ret"
29830,EEOBKIFFAGC,70197,0xF6A60F0,AEGNNPENLNM,mov-ax-imm16-ret,static-candidate,"same 7.1 GetCmdId method identity as verified 26105 anchor + mov ax, imm16; ret"
29833,FACGOJCKGNN,42178,0x1281FF90,AEGNNPENLNM,mov-ax-imm16-ret,static-candidate,"same 7.1 GetCmdId method identity as verified 26105 anchor + mov ax, imm16; ret"
29834,IFBPOEOILAE,23684,0xD719E20,AEGNNPENLNM,mov-ax-imm16-ret,static-candidate,"same 7.1 GetCmdId method identity as verified 26105 anchor + mov ax, imm16; ret"
29837,KFNLKANGICO,50004,0x12C16AB0,AEGNNPENLNM,mov-ax-imm16-ret,static-candidate,"same 7.1 GetCmdId method identity as verified 26105 anchor + mov ax, imm16; ret"
29842,LJOEOIILFFM,78568,0x9068500,AEGNNPENLNM,mov-ax-imm16-ret,static-candidate,"same 7.1 GetCmdId method identity as verified 26105 anchor + mov ax, imm16; ret"
29844,KBHAJLIBJLP,82039,0x12BEE500,AEGNNPENLNM,mov-ax-imm16-ret,static-candidate,"same 7.1 GetCmdId method identity as verified 26105 anchor + mov ax, imm16; ret"
29847,DFNCDIMMAKM,41991,0x10DAC2E0,AEGNNPENLNM,mov-ax-imm16-ret,static-candidate,"same 7.1 GetCmdId method identity as verified 26105 anchor + mov ax, imm16; ret"
29855,CPOBILKOHMA,82144,0xA0EA9E0,AEGNNPENLNM,mov-ax-imm16-ret,static-candidate,"same 7.1 GetCmdId method identity as verified 26105 anchor + mov ax, imm16; ret"
29860,FOJJKIJGCHL,29489,0x7367F70,AEGNNPENLNM,mov-ax-imm16-ret,static-candidate,"same 7.1 GetCmdId method identity as verified 26105 anchor + mov ax, imm16; ret"
29878,LMECHMMOANM,55936,0x1145B530,AEGNNPENLNM,mov-ax-imm16-ret,static-candidate,"same 7.1 GetCmdId method identity as verified 26105 anchor + mov ax, imm16; ret"
29881,EEEMLEKEADP,79611,0xEA00990,AEGNNPENLNM,mov-ax-imm16-ret,static-candidate,"same 7.1 GetCmdId method identity as verified 26105 anchor + mov ax, imm16; ret"
29882,JAPPNIJIJDB,19422,0xA89D1F0,AEGNNPENLNM,mov-ax-imm16-ret,static-candidate,"same 7.1 GetCmdId method identity as verified 26105 anchor + mov ax, imm16; ret"
29885,KBLIMHCPJHP,54497,0xCD072A0,AEGNNPENLNM,mov-ax-imm16-ret,static-candidate,"same 7.1 GetCmdId method identity as verified 26105 anchor + mov ax, imm16; ret"
29887,LGCNFPDDKKH,61181,0x904ADE0,AEGNNPENLNM,mov-ax-imm16-ret,static-candidate,"same 7.1 GetCmdId method identity as verified 26105 anchor + mov ax, imm16; ret"
29891,HFJKOKMPBEA,33039,0x105686C0,AEGNNPENLNM,mov-ax-imm16-ret,static-candidate,"same 7.1 GetCmdId method identity as verified 26105 anchor + mov ax, imm16; ret"
29896,FCDCDOGKNLE,50010,0x110084F0,AEGNNPENLNM,mov-ax-imm16-ret,static-candidate,"same 7.1 GetCmdId method identity as verified 26105 anchor + mov ax, imm16; ret"
29898,FNCNGBGDFAH,73154,0xD4B0480,AEGNNPENLNM,mov-ax-imm16-ret,static-candidate,"same 7.1 GetCmdId method identity as verified 26105 anchor + mov ax, imm16; ret"
29899,EEBEBEAFEOP,88820,0xBB11D70,AEGNNPENLNM,mov-ax-imm16-ret,static-candidate,"same 7.1 GetCmdId method identity as verified 26105 anchor + mov ax, imm16; ret"
29901,BLBDDHLEMAD,84107,0xB567330,AEGNNPENLNM,mov-ax-imm16-ret,static-candidate,"same 7.1 GetCmdId method identity as verified 26105 anchor + mov ax, imm16; ret"
29904,NEHBIICNOHP,85702,0x13BF9220,AEGNNPENLNM,mov-ax-imm16-ret,static-candidate,"same 7.1 GetCmdId method identity as verified 26105 anchor + mov ax, imm16; ret"
29906,NNEMFKAHICM,22348,0x7B44050,AEGNNPENLNM,mov-ax-imm16-ret,static-candidate,"same 7.1 GetCmdId method identity as verified 26105 anchor + mov ax, imm16; ret"
29907,NCADKGFANNB,63512,0x12FE5280,AEGNNPENLNM,mov-ax-imm16-ret,static-candidate,"same 7.1 GetCmdId method identity as verified 26105 anchor + mov ax, imm16; ret"
29916,EGIAAENFGEP,75263,0xEA18650,AEGNNPENLNM,mov-ax-imm16-ret,static-candidate,"same 7.1 GetCmdId method identity as verified 26105 anchor + mov ax, imm16; ret"
29921,OFCHFGGIJKC,59508,0xAD80CB0,AEGNNPENLNM,mov-ax-imm16-ret,static-candidate,"same 7.1 GetCmdId method identity as verified 26105 anchor + mov ax, imm16; ret"
29923,HIICPKAFCDE,39245,0x129F3D90,AEGNNPENLNM,mov-ax-imm16-ret,static-candidate,"same 7.1 GetCmdId method identity as verified 26105 anchor + mov ax, imm16; ret"
29925,CMFNAFMNHMJ,30992,0x10D3A3A0,AEGNNPENLNM,mov-ax-imm16-ret,static-candidate,"same 7.1 GetCmdId method identity as verified 26105 anchor + mov ax, imm16; ret"
29928,HAFJALLIIFF,43543,0xBE4CA60,AEGNNPENLNM,mov-ax-imm16-ret,static-candidate,"same 7.1 GetCmdId method identity as verified 26105 anchor + mov ax, imm16; ret"
29930,KGFINDPNEHK,46925,0xB43FDD0,AEGNNPENLNM,mov-ax-imm16-ret,static-candidate,"same 7.1 GetCmdId method identity as verified 26105 anchor + mov ax, imm16; ret"
29933,AOEBDBGHGLO,32335,0x1047BA70,AEGNNPENLNM,mov-ax-imm16-ret,static-candidate,"same 7.1 GetCmdId method identity as verified 26105 anchor + mov ax, imm16; ret"
29937,BCMALIBHAOD,69457,0xD54F340,AEGNNPENLNM,mov-ax-imm16-ret,static-candidate,"same 7.1 GetCmdId method identity as verified 26105 anchor + mov ax, imm16; ret"
29947,DDCGHMCEIMO,80721,0x1340AB40,AEGNNPENLNM,mov-ax-imm16-ret,static-candidate,"same 7.1 GetCmdId method identity as verified 26105 anchor + mov ax, imm16; ret"
29950,LMAAIINAGED,48282,0xB4F6530,AEGNNPENLNM,mov-ax-imm16-ret,static-candidate,"same 7.1 GetCmdId method identity as verified 26105 anchor + mov ax, imm16; ret"
29958,GPOCGPKIDND,70623,0x129ADF30,AEGNNPENLNM,mov-ax-imm16-ret,static-candidate,"same 7.1 GetCmdId method identity as verified 26105 anchor + mov ax, imm16; ret"
29960,DHDDIAMDABK,63296,0x11A05A00,AEGNNPENLNM,mov-ax-imm16-ret,static-candidate,"same 7.1 GetCmdId method identity as verified 26105 anchor + mov ax, imm16; ret"
29966,PKDFPDINIEJ,14339,0xC6CFBD0,AEGNNPENLNM,mov-ax-imm16-ret,static-candidate,"same 7.1 GetCmdId method identity as verified 26105 anchor + mov ax, imm16; ret"
29974,LKJBGEEBPEO,50998,0x108ADE00,AEGNNPENLNM,mov-ax-imm16-ret,static-candidate,"same 7.1 GetCmdId method identity as verified 26105 anchor + mov ax, imm16; ret"
29980,BKIGOPIKMHI,32329,0xF2794F0,AEGNNPENLNM,mov-ax-imm16-ret,static-candidate,"same 7.1 GetCmdId method identity as verified 26105 anchor + mov ax, imm16; ret"
29981,PDLIGDKICHL,50629,0x13DB66A0,AEGNNPENLNM,mov-ax-imm16-ret,static-candidate,"same 7.1 GetCmdId method identity as verified 26105 anchor + mov ax, imm16; ret"
29986,JDMCIPMNFKP,17327,0xB38D670,AEGNNPENLNM,mov-ax-imm16-ret,static-candidate,"same 7.1 GetCmdId method identity as verified 26105 anchor + mov ax, imm16; ret"
29988,NPDKMOEICJM,36808,0xC5C0F50,AEGNNPENLNM,mov-ax-imm16-ret,static-candidate,"same 7.1 GetCmdId method identity as verified 26105 anchor + mov ax, imm16; ret"
29989,OOPGAEAJPFF,62030,0xF442550,AEGNNPENLNM,mov-ax-imm16-ret,static-candidate,"same 7.1 GetCmdId method identity as verified 26105 anchor + mov ax, imm16; ret"
29990,EPDKDLGFEAN,87480,0xF740EB0,AEGNNPENLNM,mov-ax-imm16-ret,static-candidate,"same 7.1 GetCmdId method identity as verified 26105 anchor + mov ax, imm16; ret"
29991,BFAEJGJBMFK,74423,0x11FF3CE0,AEGNNPENLNM,mov-ax-imm16-ret,static-candidate,"same 7.1 GetCmdId method identity as verified 26105 anchor + mov ax, imm16; ret"
30175,HBIDKLKIBKD,48687,0x10537030,AEGNNPENLNM,mov-ax-imm16-ret,static-candidate,"same 7.1 GetCmdId method identity as verified 26105 anchor + mov ax, imm16; ret"
30411,AHGEDEDBEJC,66090,0x8A4DBB0,AEGNNPENLNM,mov-ax-imm16-ret,static-candidate,"same 7.1 GetCmdId method identity as verified 26105 anchor + mov ax, imm16; ret"
30467,CIIIFFFBKOH,62230,0xF585730,AEGNNPENLNM,mov-ax-imm16-ret,static-candidate,"same 7.1 GetCmdId method identity as verified 26105 anchor + mov ax, imm16; ret"
31376,JBBEFNEBIBP,32930,0xBFDE2C0,AEGNNPENLNM,mov-ax-imm16-ret,static-candidate,"same 7.1 GetCmdId method identity as verified 26105 anchor + mov ax, imm16; ret"
31503,IMCBBPNFGKC,78013,0xE2BCD60,AEGNNPENLNM,mov-ax-imm16-ret,static-candidate,"same 7.1 GetCmdId method identity as verified 26105 anchor + mov ax, imm16; ret"
31522,FDPMMAOFAKJ,23110,0x10EB4270,AEGNNPENLNM,mov-ax-imm16-ret,static-candidate,"same 7.1 GetCmdId method identity as verified 26105 anchor + mov ax, imm16; ret"
31595,ECOJGGBDGAE,25804,0xBB087E0,AEGNNPENLNM,mov-ax-imm16-ret,static-candidate,"same 7.1 GetCmdId method identity as verified 26105 anchor + mov ax, imm16; ret"
31706,KGFKCMBHCII,14377,0x12C22600,AEGNNPENLNM,mov-ax-imm16-ret,static-candidate,"same 7.1 GetCmdId method identity as verified 26105 anchor + mov ax, imm16; ret"
31937,MCIAAAJFDDN,41625,0xB59D090,AEGNNPENLNM,mov-ax-imm16-ret,static-candidate,"same 7.1 GetCmdId method identity as verified 26105 anchor + mov ax, imm16; ret"
31991,MLPHIINPFGA,12015,0x8468090,AEGNNPENLNM,mov-ax-imm16-ret,static-candidate,"same 7.1 GetCmdId method identity as verified 26105 anchor + mov ax, imm16; ret"
32078,GAJNLMAJDND,77211,0x73792C0,AEGNNPENLNM,mov-ax-imm16-ret,static-candidate,"same 7.1 GetCmdId method identity as verified 26105 anchor + mov ax, imm16; ret"
32166,BAMNEDCPFNO,71231,0x71D8A20,AEGNNPENLNM,mov-ax-imm16-ret,static-candidate,"same 7.1 GetCmdId method identity as verified 26105 anchor + mov ax, imm16; ret"
32651,LDKFDLCBOFM,14329,0xC1D2870,AEGNNPENLNM,mov-ax-imm16-ret,static-candidate,"same 7.1 GetCmdId method identity as verified 26105 anchor + mov ax, imm16; ret"
32926,GJDDPGKCMAE,73823,0x8C05D10,AEGNNPENLNM,mov-ax-imm16-ret,static-candidate,"same 7.1 GetCmdId method identity as verified 26105 anchor + mov ax, imm16; ret"
33359,JHKONJHDFPB,55904,0x137DCE00,AEGNNPENLNM,mov-ax-imm16-ret,static-candidate,"same 7.1 GetCmdId method identity as verified 26105 anchor + mov ax, imm16; ret"
33404,OLPFPJEHJLN,29348,0x131431C0,AEGNNPENLNM,mov-ax-imm16-ret,static-candidate,"same 7.1 GetCmdId method identity as verified 26105 anchor + mov ax, imm16; ret"
33626,BLGBNJKBPLO,39889,0xCDF5D10,AEGNNPENLNM,mov-ax-imm16-ret,static-candidate,"same 7.1 GetCmdId method identity as verified 26105 anchor + mov ax, imm16; ret"
33767,NBLJOPKAOJO,45764,0xACA23C0,AEGNNPENLNM,mov-ax-imm16-ret,static-candidate,"same 7.1 GetCmdId method identity as verified 26105 anchor + mov ax, imm16; ret"
33783,LFEOMLCOKPC,62966,0x9C44980,AEGNNPENLNM,mov-ax-imm16-ret,static-candidate,"same 7.1 GetCmdId method identity as verified 26105 anchor + mov ax, imm16; ret"
33801,ALGDHCNOIPF,49233,0x10461840,AEGNNPENLNM,mov-ax-imm16-ret,static-candidate,"same 7.1 GetCmdId method identity as verified 26105 anchor + mov ax, imm16; ret"
33824,ONJGFPGPEFA,51681,0x93B3B50,AEGNNPENLNM,mov-ax-imm16-ret,static-candidate,"same 7.1 GetCmdId method identity as verified 26105 anchor + mov ax, imm16; ret"
34409,BONGNKCEMOP,49983,0x75FE860,AEGNNPENLNM,mov-ax-imm16-ret,static-candidate,"same 7.1 GetCmdId method identity as verified 26105 anchor + mov ax, imm16; ret"
34583,GIMBNLDPDPD,22892,0x740F800,AEGNNPENLNM,mov-ax-imm16-ret,static-candidate,"same 7.1 GetCmdId method identity as verified 26105 anchor + mov ax, imm16; ret"
34833,PNJKANPMDEC,50966,0xE881730,AEGNNPENLNM,mov-ax-imm16-ret,static-candidate,"same 7.1 GetCmdId method identity as verified 26105 anchor + mov ax, imm16; ret"
34836,CMPPCEDKBBF,78955,0x10258E40,AEGNNPENLNM,mov-ax-imm16-ret,static-candidate,"same 7.1 GetCmdId method identity as verified 26105 anchor + mov ax, imm16; ret"
35239,NLLIKPPLBGM,37551,0xFFB49F0,AEGNNPENLNM,mov-ax-imm16-ret,static-candidate,"same 7.1 GetCmdId method identity as verified 26105 anchor + mov ax, imm16; ret"
35285,MBAJDACGOIG,23122,0x139EB470,AEGNNPENLNM,mov-ax-imm16-ret,static-candidate,"same 7.1 GetCmdId method identity as verified 26105 anchor + mov ax, imm16; ret"
35389,JLAPMDMEACB,42073,0x12BA1600,AEGNNPENLNM,mov-ax-imm16-ret,static-candidate,"same 7.1 GetCmdId method identity as verified 26105 anchor + mov ax, imm16; ret"
35492,PFHFOKOKFCB,23382,0xE7E0BA0,AEGNNPENLNM,mov-ax-imm16-ret,static-candidate,"same 7.1 GetCmdId method identity as verified 26105 anchor + mov ax, imm16; ret"
35548,MJPLEAALIHO,12751,0x9D17BA0,AEGNNPENLNM,mov-ax-imm16-ret,static-candidate,"same 7.1 GetCmdId method identity as verified 26105 anchor + mov ax, imm16; ret"
35706,JHHJHMACOGC,17759,0x106BFA50,AEGNNPENLNM,mov-ax-imm16-ret,static-candidate,"same 7.1 GetCmdId method identity as verified 26105 anchor + mov ax, imm16; ret"
35710,HMPPLINHICM,26500,0xF9D1460,AEGNNPENLNM,mov-ax-imm16-ret,static-candidate,"same 7.1 GetCmdId method identity as verified 26105 anchor + mov ax, imm16; ret"
35790,EAKAFCOMPFM,49563,0x102F1880,AEGNNPENLNM,mov-ax-imm16-ret,static-candidate,"same 7.1 GetCmdId method identity as verified 26105 anchor + mov ax, imm16; ret"
35906,HJEBMLMEIIH,50073,0xBEB8510,AEGNNPENLNM,mov-ax-imm16-ret,static-candidate,"same 7.1 GetCmdId method identity as verified 26105 anchor + mov ax, imm16; ret"
36028,PEJLJJDIKNM,54189,0xC699460,AEGNNPENLNM,mov-ax-imm16-ret,static-candidate,"same 7.1 GetCmdId method identity as verified 26105 anchor + mov ax, imm16; ret"
36041,HCKLPAEGPOA,61339,0xCAE3820,AEGNNPENLNM,mov-ax-imm16-ret,static-candidate,"same 7.1 GetCmdId method identity as verified 26105 anchor + mov ax, imm16; ret"
36151,MGPKKHMABCF,77799,0x9D00450,AEGNNPENLNM,mov-ax-imm16-ret,static-candidate,"same 7.1 GetCmdId method identity as verified 26105 anchor + mov ax, imm16; ret"
36220,PIEKAODDDKF,39608,0x10141870,AEGNNPENLNM,mov-ax-imm16-ret,static-candidate,"same 7.1 GetCmdId method identity as verified 26105 anchor + mov ax, imm16; ret"
36317,PCEKDNMCEFC,58321,0x93DDBA0,AEGNNPENLNM,mov-ax-imm16-ret,static-candidate,"same 7.1 GetCmdId method identity as verified 26105 anchor + mov ax, imm16; ret"
36354,HFLMJKHAKOD,22839,0xB227D40,AEGNNPENLNM,mov-ax-imm16-ret,static-candidate,"same 7.1 GetCmdId method identity as verified 26105 anchor + mov ax, imm16; ret"
36365,JDDEGFMDAED,32160,0x81D2CB0,AEGNNPENLNM,mov-ax-imm16-ret,static-candidate,"same 7.1 GetCmdId method identity as verified 26105 anchor + mov ax, imm16; ret"
36367,MPCJDFFFJPH,60585,0x9103FB0,AEGNNPENLNM,mov-ax-imm16-ret,static-candidate,"same 7.1 GetCmdId method identity as verified 26105 anchor + mov ax, imm16; ret"
36641,NCBEHBOCBJJ,70557,0x13BEF180,AEGNNPENLNM,mov-ax-imm16-ret,static-candidate,"same 7.1 GetCmdId method identity as verified 26105 anchor + mov ax, imm16; ret"
36821,IIPDBPBAGBH,42973,0x111EA4D0,AEGNNPENLNM,mov-ax-imm16-ret,static-candidate,"same 7.1 GetCmdId method identity as verified 26105 anchor + mov ax, imm16; ret"
36842,IHEJCHNNPCG,83555,0xA701790,AEGNNPENLNM,mov-ax-imm16-ret,static-candidate,"same 7.1 GetCmdId method identity as verified 26105 anchor + mov ax, imm16; ret"
36874,IJLFMHKAOCO,25950,0x10627AF0,AEGNNPENLNM,mov-ax-imm16-ret,static-candidate,"same 7.1 GetCmdId method identity as verified 26105 anchor + mov ax, imm16; ret"
36955,EJPMAKDFCNN,62043,0x89BB870,AEGNNPENLNM,mov-ax-imm16-ret,static-candidate,"same 7.1 GetCmdId method identity as verified 26105 anchor + mov ax, imm16; ret"
37043,LBBPOPKFMNO,35955,0xC1B8B30,AEGNNPENLNM,mov-ax-imm16-ret,static-candidate,"same 7.1 GetCmdId method identity as verified 26105 anchor + mov ax, imm16; ret"
37208,CLKNGMDHFEO,70507,0xAF9E9C0,AEGNNPENLNM,mov-ax-imm16-ret,static-candidate,"same 7.1 GetCmdId method identity as verified 26105 anchor + mov ax, imm16; ret"
37333,NGGPCJBLLLE,51270,0xF34B020,AEGNNPENLNM,mov-ax-imm16-ret,static-candidate,"same 7.1 GetCmdId method identity as verified 26105 anchor + mov ax, imm16; ret"
37474,BJDMKODNBIF,44093,0x1239EB80,AEGNNPENLNM,mov-ax-imm16-ret,static-candidate,"same 7.1 GetCmdId method identity as verified 26105 anchor + mov ax, imm16; ret"
38520,CCBKEBKEBCG,36820,0x118FE650,AEGNNPENLNM,mov-ax-imm16-ret,static-candidate,"same 7.1 GetCmdId method identity as verified 26105 anchor + mov ax, imm16; ret"
38540,IFCMEJKHFDH,44258,0x111D1770,AEGNNPENLNM,mov-ax-imm16-ret,static-candidate,"same 7.1 GetCmdId method identity as verified 26105 anchor + mov ax, imm16; ret"
38672,GPCNJECDHGI,56435,0xD651F00,AEGNNPENLNM,mov-ax-imm16-ret,static-candidate,"same 7.1 GetCmdId method identity as verified 26105 anchor + mov ax, imm16; ret"
38853,EPLAKGKCHCE,24289,0x10372280,AEGNNPENLNM,mov-ax-imm16-ret,static-candidate,"same 7.1 GetCmdId method identity as verified 26105 anchor + mov ax, imm16; ret"
38906,LPGMIKOJCFH,21070,0x7899AB0,AEGNNPENLNM,mov-ax-imm16-ret,static-candidate,"same 7.1 GetCmdId method identity as verified 26105 anchor + mov ax, imm16; ret"
39385,IEHBMINOPMG,11790,0x11E20890,AEGNNPENLNM,mov-ax-imm16-ret,static-candidate,"same 7.1 GetCmdId method identity as verified 26105 anchor + mov ax, imm16; ret"
39584,FNCIDJDCEJJ,63382,0x8BB2190,AEGNNPENLNM,mov-ax-imm16-ret,static-candidate,"same 7.1 GetCmdId method identity as verified 26105 anchor + mov ax, imm16; ret"
39884,AOAHOAJFGOA,51716,0x134C9020,AEGNNPENLNM,mov-ax-imm16-ret,static-candidate,"same 7.1 GetCmdId method identity as verified 26105 anchor + mov ax, imm16; ret"
39992,LHOLKLMODDK,56105,0x12CAFDD0,AEGNNPENLNM,mov-ax-imm16-ret,static-candidate,"same 7.1 GetCmdId method identity as verified 26105 anchor + mov ax, imm16; ret"
