index,type_slot_rva,load_rva,store_rva,destination_offset,section,status,evidence
13,0x57C4FD0,0x7F7D94A,0x7F7D951,0x88,il2cpp,static-observed,7.1 bulk registry type-slot construction sequence
17,0x57D7CE0,0x7F7D982,0x7F7D989,0xA8,il2cpp,static-observed,7.1 bulk registry type-slot construction sequence
19,0x57DCE30,0x7F7D99E,0x7F7D9A5,0xB8,il2cpp,static-observed,7.1 bulk registry type-slot construction sequence
23,0x57B5738,0x7F7D9D6,0x7F7D9DD,0xD8,il2cpp,static-observed,7.1 bulk registry type-slot construction sequence
28,0x57F3808,0x7F7DA1C,0x7F7DA23,0x100,il2cpp,static-observed,7.1 bulk registry type-slot construction sequence
29,0x57F3810,0x7F7DA2A,0x7F7DA31,0x108,il2cpp,static-observed,7.1 bulk registry type-slot construction sequence
30,0x57B04E0,0x7F7DA38,0x7F7DA3F,0x110,il2cpp,static-observed,7.1 bulk registry type-slot construction sequence
31,0x57EB6A8,0x7F7DA46,0x7F7DA4D,0x118,il2cpp,static-observed,7.1 bulk registry type-slot construction sequence
33,0x57DF228,0x7F7DA62,0x7F7DA69,0x128,il2cpp,static-observed,7.1 bulk registry type-slot construction sequence
34,0x57F3818,0x7F7DA70,0x7F7DA77,0x130,il2cpp,static-observed,7.1 bulk registry type-slot construction sequence
36,0x57DAFC8,0x7F7DA8C,0x7F7DA93,0x140,il2cpp,static-observed,7.1 bulk registry type-slot construction sequence
37,0x57F3828,0x7F7DA9A,0x7F7DAA1,0x148,il2cpp,static-observed,7.1 bulk registry type-slot construction sequence
38,0x57F3830,0x7F7DAA8,0x7F7DAAF,0x150,il2cpp,static-observed,7.1 bulk registry type-slot construction sequence
39,0x57CC8E8,0x7F7DAB6,0x7F7DABD,0x158,il2cpp,static-observed,7.1 bulk registry type-slot construction sequence
42,0x57F3840,0x7F7DAE0,0x7F7DAE7,0x170,il2cpp,static-observed,7.1 bulk registry type-slot construction sequence
43,0x57B4CC0,0x7F7DAEE,0x7F7DAF5,0x178,il2cpp,static-observed,7.1 bulk registry type-slot construction sequence
46,0x57F2100,0x7F7DB18,0x7F7DB1F,0x190,il2cpp,static-observed,7.1 bulk registry type-slot construction sequence
47,0x57D0EC8,0x7F7DB26,0x7F7DB2D,0x198,il2cpp,static-observed,7.1 bulk registry type-slot construction sequence
49,0x57F3860,0x7F7DB42,0x7F7DB49,0x1A8,il2cpp,static-observed,7.1 bulk registry type-slot construction sequence
50,0x57F3868,0x7F7DB50,0x7F7DB57,0x1B0,il2cpp,static-observed,7.1 bulk registry type-slot construction sequence
51,0x57F3870,0x7F7DB5E,0x7F7DB65,0x1B8,il2cpp,static-observed,7.1 bulk registry type-slot construction sequence
53,0x57F3878,0x7F7DB7A,0x7F7DB81,0x1C8,il2cpp,static-observed,7.1 bulk registry type-slot construction sequence
54,0x57F3880,0x7F7DB88,0x7F7DB8F,0x1D0,il2cpp,static-observed,7.1 bulk registry type-slot construction sequence
55,0x57F3888,0x7F7DB96,0x7F7DB9D,0x1D8,il2cpp,static-observed,7.1 bulk registry type-slot construction sequence
56,0x57F3890,0x7F7DBA4,0x7F7DBAB,0x1E0,il2cpp,static-observed,7.1 bulk registry type-slot construction sequence
57,0x57C8D88,0x7F7DBB2,0x7F7DBB9,0x1E8,il2cpp,static-observed,7.1 bulk registry type-slot construction sequence
58,0x57C75A8,0x7F7DBC0,0x7F7DBC7,0x1F0,il2cpp,static-observed,7.1 bulk registry type-slot construction sequence
59,0x57F3898,0x7F7DBCE,0x7F7DBD5,0x1F8,il2cpp,static-observed,7.1 bulk registry type-slot construction sequence
60,0x57F38A0,0x7F7DBDC,0x7F7DBE3,0x200,il2cpp,static-observed,7.1 bulk registry type-slot construction sequence
61,0x57F38A8,0x7F7DBEA,0x7F7DBF1,0x208,il2cpp,static-observed,7.1 bulk registry type-slot construction sequence
63,0x57F38B0,0x7F7DC06,0x7F7DC0D,0x218,il2cpp,static-observed,7.1 bulk registry type-slot construction sequence
70,0x57F38D0,0x7F7DC68,0x7F7DC6F,0x250,il2cpp,static-observed,7.1 bulk registry type-slot construction sequence
71,0x57F38D8,0x7F7DC76,0x7F7DC7D,0x258,il2cpp,static-observed,7.1 bulk registry type-slot construction sequence
76,0x57C5310,0x7F7DCBC,0x7F7DCC3,0x280,il2cpp,static-observed,7.1 bulk registry type-slot construction sequence
77,0x57F38F8,0x7F7DCCA,0x7F7DCD1,0x288,il2cpp,static-observed,7.1 bulk registry type-slot construction sequence
78,0x57F3900,0x7F7DCD8,0x7F7DCDF,0x290,il2cpp,static-observed,7.1 bulk registry type-slot construction sequence
79,0x57F3908,0x7F7DCE6,0x7F7DCED,0x298,il2cpp,static-observed,7.1 bulk registry type-slot construction sequence
81,0x57F3918,0x7F7DD02,0x7F7DD09,0x2A8,il2cpp,static-observed,7.1 bulk registry type-slot construction sequence
82,0x57C67C8,0x7F7DD10,0x7F7DD17,0x2B0,il2cpp,static-observed,7.1 bulk registry type-slot construction sequence
84,0x57F3920,0x7F7DD2C,0x7F7DD33,0x2C0,il2cpp,static-observed,7.1 bulk registry type-slot construction sequence
85,0x57F3928,0x7F7DD3A,0x7F7DD41,0x2C8,il2cpp,static-observed,7.1 bulk registry type-slot construction sequence
86,0x57F3930,0x7F7DD48,0x7F7DD4F,0x2D0,il2cpp,static-observed,7.1 bulk registry type-slot construction sequence
87,0x57F3938,0x7F7DD56,0x7F7DD5D,0x2D8,il2cpp,static-observed,7.1 bulk registry type-slot construction sequence
88,0x57F3940,0x7F7DD64,0x7F7DD6B,0x2E0,il2cpp,static-observed,7.1 bulk registry type-slot construction sequence
89,0x57F3948,0x7F7DD72,0x7F7DD79,0x2E8,il2cpp,static-observed,7.1 bulk registry type-slot construction sequence
90,0x57F3950,0x7F7DD80,0x7F7DD87,0x2F0,il2cpp,static-observed,7.1 bulk registry type-slot construction sequence
91,0x57C9518,0x7F7DD8E,0x7F7DD95,0x2F8,il2cpp,static-observed,7.1 bulk registry type-slot construction sequence
93,0x57EFB20,0x7F7DDAA,0x7F7DDB1,0x308,il2cpp,static-observed,7.1 bulk registry type-slot construction sequence
94,0x57F3960,0x7F7DDB8,0x7F7DDBF,0x310,il2cpp,static-observed,7.1 bulk registry type-slot construction sequence
95,0x57F3968,0x7F7DDC6,0x7F7DDCD,0x318,il2cpp,static-observed,7.1 bulk registry type-slot construction sequence
96,0x57F3970,0x7F7DDD4,0x7F7DDDB,0x320,il2cpp,static-observed,7.1 bulk registry type-slot construction sequence
97,0x57F3978,0x7F7DDE2,0x7F7DDE9,0x328,il2cpp,static-observed,7.1 bulk registry type-slot construction sequence
98,0x57C4B10,0x7F7DDF0,0x7F7DDF7,0x330,il2cpp,static-observed,7.1 bulk registry type-slot construction sequence
99,0x57F3980,0x7F7DDFE,0x7F7DE05,0x338,il2cpp,static-observed,7.1 bulk registry type-slot construction sequence
100,0x57F3988,0x7F7DE0C,0x7F7DE13,0x340,il2cpp,static-observed,7.1 bulk registry type-slot construction sequence
101,0x57D4C50,0x7F7DE1A,0x7F7DE21,0x348,il2cpp,static-observed,7.1 bulk registry type-slot construction sequence
102,0x57C62D0,0x7F7DE28,0x7F7DE2F,0x350,il2cpp,static-observed,7.1 bulk registry type-slot construction sequence
103,0x57F3990,0x7F7DE36,0x7F7DE3D,0x358,il2cpp,static-observed,7.1 bulk registry type-slot construction sequence
105,0x57D7AF8,0x7F7DE52,0x7F7DE59,0x368,il2cpp,static-observed,7.1 bulk registry type-slot construction sequence
106,0x57F39A0,0x7F7DE60,0x7F7DE67,0x370,il2cpp,static-observed,7.1 bulk registry type-slot construction sequence
107,0x57CAC00,0x7F7DE6E,0x7F7DE75,0x378,il2cpp,static-observed,7.1 bulk registry type-slot construction sequence
108,0x57F39A8,0x7F7DE7C,0x7F7DE83,0x380,il2cpp,static-observed,7.1 bulk registry type-slot construction sequence
109,0x57F39B0,0x7F7DE8A,0x7F7DE91,0x388,il2cpp,static-observed,7.1 bulk registry type-slot construction sequence
110,0x57CEF00,0x7F7DE98,0x7F7DE9F,0x390,il2cpp,static-observed,7.1 bulk registry type-slot construction sequence
111,0x57F39B8,0x7F7DEA6,0x7F7DEAD,0x398,il2cpp,static-observed,7.1 bulk registry type-slot construction sequence
112,0x57F39C0,0x7F7DEB4,0x7F7DEBB,0x3A0,il2cpp,static-observed,7.1 bulk registry type-slot construction sequence
113,0x57D7700,0x7F7DEC2,0x7F7DEC9,0x3A8,il2cpp,static-observed,7.1 bulk registry type-slot construction sequence
114,0x57F0AC0,0x7F7DED0,0x7F7DED7,0x3B0,il2cpp,static-observed,7.1 bulk registry type-slot construction sequence
115,0x57F39C8,0x7F7DEDE,0x7F7DEE5,0x3B8,il2cpp,static-observed,7.1 bulk registry type-slot construction sequence
116,0x57EFE78,0x7F7DEEC,0x7F7DEF3,0x3C0,il2cpp,static-observed,7.1 bulk registry type-slot construction sequence
117,0x57E5C78,0x7F7DEFA,0x7F7DF01,0x3C8,il2cpp,static-observed,7.1 bulk registry type-slot construction sequence
118,0x57D8910,0x7F7DF08,0x7F7DF0F,0x3D0,il2cpp,static-observed,7.1 bulk registry type-slot construction sequence
119,0x57E2190,0x7F7DF16,0x7F7DF1D,0x3D8,il2cpp,static-observed,7.1 bulk registry type-slot construction sequence
120,0x57F39D0,0x7F7DF24,0x7F7DF2B,0x3E0,il2cpp,static-observed,7.1 bulk registry type-slot construction sequence
121,0x57F39D8,0x7F7DF32,0x7F7DF39,0x3E8,il2cpp,static-observed,7.1 bulk registry type-slot construction sequence
122,0x57F39E0,0x7F7DF40,0x7F7DF47,0x3F0,il2cpp,static-observed,7.1 bulk registry type-slot construction sequence
123,0x57E9450,0x7F7DF4E,0x7F7DF55,0x3F8,il2cpp,static-observed,7.1 bulk registry type-slot construction sequence
124,0x57E3EF8,0x7F7DF5C,0x7F7DF63,0x400,il2cpp,static-observed,7.1 bulk registry type-slot construction sequence
125,0x57F39E8,0x7F7DF6A,0x7F7DF71,0x408,il2cpp,static-observed,7.1 bulk registry type-slot construction sequence
126,0x57E3F10,0x7F7DF78,0x7F7DF7F,0x410,il2cpp,static-observed,7.1 bulk registry type-slot construction sequence
127,0x57F39F0,0x7F7DF86,0x7F7DF8D,0x418,il2cpp,static-observed,7.1 bulk registry type-slot construction sequence
128,0x57F39F8,0x7F7DF94,0x7F7DF9B,0x420,il2cpp,static-observed,7.1 bulk registry type-slot construction sequence
129,0x57F3A00,0x7F7DFA2,0x7F7DFA9,0x428,il2cpp,static-observed,7.1 bulk registry type-slot construction sequence
130,0x57D7AF0,0x7F7DFB0,0x7F7DFB7,0x430,il2cpp,static-observed,7.1 bulk registry type-slot construction sequence
131,0x57F3A08,0x7F7DFBE,0x7F7DFC5,0x438,il2cpp,static-observed,7.1 bulk registry type-slot construction sequence
132,0x57F3A10,0x7F7DFCC,0x7F7DFD3,0x440,il2cpp,static-observed,7.1 bulk registry type-slot construction sequence
133,0x57F3A18,0x7F7DFDA,0x7F7DFE1,0x448,il2cpp,static-observed,7.1 bulk registry type-slot construction sequence
134,0x57F3A20,0x7F7DFE8,0x7F7DFEF,0x450,il2cpp,static-observed,7.1 bulk registry type-slot construction sequence
135,0x57EFB60,0x7F7DFF6,0x7F7DFFD,0x458,il2cpp,static-observed,7.1 bulk registry type-slot construction sequence
136,0x57F3A28,0x7F7E004,0x7F7E00B,0x460,il2cpp,static-observed,7.1 bulk registry type-slot construction sequence
137,0x57F3A30,0x7F7E012,0x7F7E019,0x468,il2cpp,static-observed,7.1 bulk registry type-slot construction sequence
138,0x57B34E0,0x7F7E020,0x7F7E027,0x470,il2cpp,static-observed,7.1 bulk registry type-slot construction sequence
139,0x57F3A38,0x7F7E02E,0x7F7E035,0x478,il2cpp,static-observed,7.1 bulk registry type-slot construction sequence
140,0x57D1A40,0x7F7E03C,0x7F7E043,0x480,il2cpp,static-observed,7.1 bulk registry type-slot construction sequence
141,0x57C7E58,0x7F7E04A,0x7F7E051,0x488,il2cpp,static-observed,7.1 bulk registry type-slot construction sequence
142,0x57E2598,0x7F7E058,0x7F7E05F,0x490,il2cpp,static-observed,7.1 bulk registry type-slot construction sequence
143,0x57E9390,0x7F7E066,0x7F7E06D,0x498,il2cpp,static-observed,7.1 bulk registry type-slot construction sequence
144,0x57B53B0,0x7F7E074,0x7F7E07B,0x4A0,il2cpp,static-observed,7.1 bulk registry type-slot construction sequence
145,0x57E1738,0x7F7E082,0x7F7E089,0x4A8,il2cpp,static-observed,7.1 bulk registry type-slot construction sequence
146,0x57F3A48,0x7F7E090,0x7F7E097,0x4B0,il2cpp,static-observed,7.1 bulk registry type-slot construction sequence
147,0x57F3A50,0x7F7E09E,0x7F7E0A5,0x4B8,il2cpp,static-observed,7.1 bulk registry type-slot construction sequence
148,0x57DD188,0x7F7E0AC,0x7F7E0B3,0x4C0,il2cpp,static-observed,7.1 bulk registry type-slot construction sequence
149,0x57F3A58,0x7F7E0BA,0x7F7E0C1,0x4C8,il2cpp,static-observed,7.1 bulk registry type-slot construction sequence
150,0x57E89E8,0x7F7E0C8,0x7F7E0CF,0x4D0,il2cpp,static-observed,7.1 bulk registry type-slot construction sequence
151,0x57F3A60,0x7F7E0D6,0x7F7E0DD,0x4D8,il2cpp,static-observed,7.1 bulk registry type-slot construction sequence
152,0x57F3A68,0x7F7E0E4,0x7F7E0EB,0x4E0,il2cpp,static-observed,7.1 bulk registry type-slot construction sequence
153,0x57F3A70,0x7F7E0F2,0x7F7E0F9,0x4E8,il2cpp,static-observed,7.1 bulk registry type-slot construction sequence
154,0x57F3A78,0x7F7E100,0x7F7E107,0x4F0,il2cpp,static-observed,7.1 bulk registry type-slot construction sequence
155,0x57EC868,0x7F7E10E,0x7F7E115,0x4F8,il2cpp,static-observed,7.1 bulk registry type-slot construction sequence
156,0x57F3A80,0x7F7E11C,0x7F7E123,0x500,il2cpp,static-observed,7.1 bulk registry type-slot construction sequence
157,0x57F3A88,0x7F7E12A,0x7F7E131,0x508,il2cpp,static-observed,7.1 bulk registry type-slot construction sequence
158,0x57C5360,0x7F7E138,0x7F7E13F,0x510,il2cpp,static-observed,7.1 bulk registry type-slot construction sequence
159,0x57F3A90,0x7F7E146,0x7F7E14D,0x518,il2cpp,static-observed,7.1 bulk registry type-slot construction sequence
160,0x57E7100,0x7F7E154,0x7F7E15B,0x520,il2cpp,static-observed,7.1 bulk registry type-slot construction sequence
161,0x57CE8D0,0x7F7E162,0x7F7E169,0x528,il2cpp,static-observed,7.1 bulk registry type-slot construction sequence
162,0x57F3A98,0x7F7E170,0x7F7E177,0x530,il2cpp,static-observed,7.1 bulk registry type-slot construction sequence
163,0x57F3AA0,0x7F7E17E,0x7F7E185,0x538,il2cpp,static-observed,7.1 bulk registry type-slot construction sequence
164,0x57E8CB8,0x7F7E18C,0x7F7E193,0x540,il2cpp,static-observed,7.1 bulk registry type-slot construction sequence
165,0x57DD6A8,0x7F7E19A,0x7F7E1A1,0x548,il2cpp,static-observed,7.1 bulk registry type-slot construction sequence
166,0x57F3AA8,0x7F7E1A8,0x7F7E1AF,0x550,il2cpp,static-observed,7.1 bulk registry type-slot construction sequence
167,0x57F0080,0x7F7E1B6,0x7F7E1BD,0x558,il2cpp,static-observed,7.1 bulk registry type-slot construction sequence
168,0x57D09F0,0x7F7E1C4,0x7F7E1CB,0x560,il2cpp,static-observed,7.1 bulk registry type-slot construction sequence
169,0x57B0F30,0x7F7E1D2,0x7F7E1D9,0x568,il2cpp,static-observed,7.1 bulk registry type-slot construction sequence
170,0x57F3AB0,0x7F7E1E0,0x7F7E1E7,0x570,il2cpp,static-observed,7.1 bulk registry type-slot construction sequence
171,0x57C7948,0x7F7E1EE,0x7F7E1F5,0x578,il2cpp,static-observed,7.1 bulk registry type-slot construction sequence
172,0x57F3AB8,0x7F7E1FC,0x7F7E203,0x580,il2cpp,static-observed,7.1 bulk registry type-slot construction sequence
173,0x57F3AC0,0x7F7E20A,0x7F7E211,0x588,il2cpp,static-observed,7.1 bulk registry type-slot construction sequence
174,0x57EC568,0x7F7E218,0x7F7E21F,0x590,il2cpp,static-observed,7.1 bulk registry type-slot construction sequence
175,0x57F3AC8,0x7F7E226,0x7F7E22D,0x598,il2cpp,static-observed,7.1 bulk registry type-slot construction sequence
176,0x57F3AD0,0x7F7E234,0x7F7E23B,0x5A0,il2cpp,static-observed,7.1 bulk registry type-slot construction sequence
177,0x57F3AD8,0x7F7E242,0x7F7E249,0x5A8,il2cpp,static-observed,7.1 bulk registry type-slot construction sequence
178,0x57F3AE0,0x7F7E250,0x7F7E257,0x5B0,il2cpp,static-observed,7.1 bulk registry type-slot construction sequence
179,0x57F3AE8,0x7F7E25E,0x7F7E265,0x5B8,il2cpp,static-observed,7.1 bulk registry type-slot construction sequence
180,0x57F3AF0,0x7F7E26C,0x7F7E273,0x5C0,il2cpp,static-observed,7.1 bulk registry type-slot construction sequence
181,0x57F3AF8,0x7F7E27A,0x7F7E281,0x5C8,il2cpp,static-observed,7.1 bulk registry type-slot construction sequence
182,0x57F3B00,0x7F7E288,0x7F7E28F,0x5D0,il2cpp,static-observed,7.1 bulk registry type-slot construction sequence
183,0x57C5628,0x7F7E296,0x7F7E29D,0x5D8,il2cpp,static-observed,7.1 bulk registry type-slot construction sequence
184,0x57B4300,0x7F7E2A4,0x7F7E2AB,0x5E0,il2cpp,static-observed,7.1 bulk registry type-slot construction sequence
185,0x57F3B08,0x7F7E2B2,0x7F7E2B9,0x5E8,il2cpp,static-observed,7.1 bulk registry type-slot construction sequence
186,0x57F3B10,0x7F7E2C0,0x7F7E2C7,0x5F0,il2cpp,static-observed,7.1 bulk registry type-slot construction sequence
187,0x57C8A28,0x7F7E2CE,0x7F7E2D5,0x5F8,il2cpp,static-observed,7.1 bulk registry type-slot construction sequence
188,0x57F3B18,0x7F7E2DC,0x7F7E2E3,0x600,il2cpp,static-observed,7.1 bulk registry type-slot construction sequence
189,0x57CDB40,0x7F7E2EA,0x7F7E2F1,0x608,il2cpp,static-observed,7.1 bulk registry type-slot construction sequence
190,0x57F3B20,0x7F7E2F8,0x7F7E2FF,0x610,il2cpp,static-observed,7.1 bulk registry type-slot construction sequence
191,0x57F3B28,0x7F7E306,0x7F7E30D,0x618,il2cpp,static-observed,7.1 bulk registry type-slot construction sequence
192,0x57F2248,0x7F7E314,0x7F7E31B,0x620,il2cpp,static-observed,7.1 bulk registry type-slot construction sequence
193,0x57D0910,0x7F7E322,0x7F7E329,0x628,il2cpp,static-observed,7.1 bulk registry type-slot construction sequence
194,0x57F3B30,0x7F7E330,0x7F7E337,0x630,il2cpp,static-observed,7.1 bulk registry type-slot construction sequence
195,0x57B35F0,0x7F7E33E,0x7F7E345,0x638,il2cpp,static-observed,7.1 bulk registry type-slot construction sequence
196,0x57E2628,0x7F7E34C,0x7F7E353,0x640,il2cpp,static-observed,7.1 bulk registry type-slot construction sequence
197,0x57F3B38,0x7F7E35A,0x7F7E361,0x648,il2cpp,static-observed,7.1 bulk registry type-slot construction sequence
198,0x57F3B40,0x7F7E368,0x7F7E36F,0x650,il2cpp,static-observed,7.1 bulk registry type-slot construction sequence
199,0x57F3B48,0x7F7E376,0x7F7E37D,0x658,il2cpp,static-observed,7.1 bulk registry type-slot construction sequence
200,0x57F3B50,0x7F7E384,0x7F7E38B,0x660,il2cpp,static-observed,7.1 bulk registry type-slot construction sequence
201,0x57F3B58,0x7F7E392,0x7F7E399,0x668,il2cpp,static-observed,7.1 bulk registry type-slot construction sequence
202,0x57F3B60,0x7F7E3A0,0x7F7E3A7,0x670,il2cpp,static-observed,7.1 bulk registry type-slot construction sequence
203,0x57F3B68,0x7F7E3AE,0x7F7E3B5,0x678,il2cpp,static-observed,7.1 bulk registry type-slot construction sequence
204,0x57F3B70,0x7F7E3BC,0x7F7E3C3,0x680,il2cpp,static-observed,7.1 bulk registry type-slot construction sequence
205,0x57CB988,0x7F7E3CA,0x7F7E3D1,0x688,il2cpp,static-observed,7.1 bulk registry type-slot construction sequence
206,0x57CC9D8,0x7F7E3D8,0x7F7E3DF,0x690,il2cpp,static-observed,7.1 bulk registry type-slot construction sequence
207,0x57AED20,0x7F7E3E6,0x7F7E3ED,0x698,il2cpp,static-observed,7.1 bulk registry type-slot construction sequence
208,0x57E4CA8,0x7F7E3F4,0x7F7E3FB,0x6A0,il2cpp,static-observed,7.1 bulk registry type-slot construction sequence
209,0x57D1128,0x7F7E402,0x7F7E409,0x6A8,il2cpp,static-observed,7.1 bulk registry type-slot construction sequence
210,0x57F1F58,0x7F7E410,0x7F7E417,0x6B0,il2cpp,static-observed,7.1 bulk registry type-slot construction sequence
211,0x57F3B78,0x7F7E41E,0x7F7E425,0x6B8,il2cpp,static-observed,7.1 bulk registry type-slot construction sequence
212,0x57CCAB8,0x7F7E42C,0x7F7E433,0x6C0,il2cpp,static-observed,7.1 bulk registry type-slot construction sequence
213,0x57CED30,0x7F7E43A,0x7F7E441,0x6C8,il2cpp,static-observed,7.1 bulk registry type-slot construction sequence
214,0x57B0F08,0x7F7E448,0x7F7E44F,0x6D0,il2cpp,static-observed,7.1 bulk registry type-slot construction sequence
215,0x57C6BF0,0x7F7E456,0x7F7E45D,0x6D8,il2cpp,static-observed,7.1 bulk registry type-slot construction sequence
216,0x57F3B80,0x7F7E464,0x7F7E46B,0x6E0,il2cpp,static-observed,7.1 bulk registry type-slot construction sequence
217,0x57EA748,0x7F7E472,0x7F7E479,0x6E8,il2cpp,static-observed,7.1 bulk registry type-slot construction sequence
218,0x57F3B88,0x7F7E480,0x7F7E487,0x6F0,il2cpp,static-observed,7.1 bulk registry type-slot construction sequence
219,0x57F3B90,0x7F7E48E,0x7F7E495,0x6F8,il2cpp,static-observed,7.1 bulk registry type-slot construction sequence
220,0x57C6810,0x7F7E49C,0x7F7E4A3,0x700,il2cpp,static-observed,7.1 bulk registry type-slot construction sequence
221,0x57D5400,0x7F7E4AA,0x7F7E4B1,0x708,il2cpp,static-observed,7.1 bulk registry type-slot construction sequence
222,0x57F3B98,0x7F7E4B8,0x7F7E4BF,0x710,il2cpp,static-observed,7.1 bulk registry type-slot construction sequence
223,0x57F3BA0,0x7F7E4C6,0x7F7E4CD,0x718,il2cpp,static-observed,7.1 bulk registry type-slot construction sequence
224,0x57F1718,0x7F7E4D4,0x7F7E4DB,0x720,il2cpp,static-observed,7.1 bulk registry type-slot construction sequence
225,0x57F1CB8,0x7F7E4E2,0x7F7E4E9,0x728,il2cpp,static-observed,7.1 bulk registry type-slot construction sequence
226,0x57F3BA8,0x7F7E4F0,0x7F7E4F7,0x730,il2cpp,static-observed,7.1 bulk registry type-slot construction sequence
227,0x57F3BB0,0x7F7E4FE,0x7F7E505,0x738,il2cpp,static-observed,7.1 bulk registry type-slot construction sequence
228,0x57F3BB8,0x7F7E50C,0x7F7E513,0x740,il2cpp,static-observed,7.1 bulk registry type-slot construction sequence
229,0x57EC1F8,0x7F7E51A,0x7F7E521,0x748,il2cpp,static-observed,7.1 bulk registry type-slot construction sequence
230,0x57D2F38,0x7F7E528,0x7F7E52F,0x750,il2cpp,static-observed,7.1 bulk registry type-slot construction sequence
231,0x57F3BC8,0x7F7E536,0x7F7E53D,0x758,il2cpp,static-observed,7.1 bulk registry type-slot construction sequence
232,0x57F3BD0,0x7F7E544,0x7F7E54B,0x760,il2cpp,static-observed,7.1 bulk registry type-slot construction sequence
233,0x57D3A20,0x7F7E552,0x7F7E559,0x768,il2cpp,static-observed,7.1 bulk registry type-slot construction sequence
234,0x57AF848,0x7F7E560,0x7F7E567,0x770,il2cpp,static-observed,7.1 bulk registry type-slot construction sequence
235,0x57F3BD8,0x7F7E56E,0x7F7E575,0x778,il2cpp,static-observed,7.1 bulk registry type-slot construction sequence
236,0x57F3BE0,0x7F7E57C,0x7F7E583,0x780,il2cpp,static-observed,7.1 bulk registry type-slot construction sequence
237,0x57F3BE8,0x7F7E58A,0x7F7E591,0x788,il2cpp,static-observed,7.1 bulk registry type-slot construction sequence
238,0x57F3BF0,0x7F7E598,0x7F7E59F,0x790,il2cpp,static-observed,7.1 bulk registry type-slot construction sequence
239,0x57F3BF8,0x7F7E5A6,0x7F7E5AD,0x798,il2cpp,static-observed,7.1 bulk registry type-slot construction sequence
240,0x57F3C00,0x7F7E5B4,0x7F7E5BB,0x7A0,il2cpp,static-observed,7.1 bulk registry type-slot construction sequence
241,0x57F3C08,0x7F7E5C2,0x7F7E5C9,0x7A8,il2cpp,static-observed,7.1 bulk registry type-slot construction sequence
242,0x57F3C10,0x7F7E5D0,0x7F7E5D7,0x7B0,il2cpp,static-observed,7.1 bulk registry type-slot construction sequence
243,0x57F3C18,0x7F7E5DE,0x7F7E5E5,0x7B8,il2cpp,static-observed,7.1 bulk registry type-slot construction sequence
244,0x57F3C20,0x7F7E5EC,0x7F7E5F3,0x7C0,il2cpp,static-observed,7.1 bulk registry type-slot construction sequence
245,0x57F3C28,0x7F7E5FA,0x7F7E601,0x7C8,il2cpp,static-observed,7.1 bulk registry type-slot construction sequence
246,0x57F3C30,0x7F7E608,0x7F7E60F,0x7D0,il2cpp,static-observed,7.1 bulk registry type-slot construction sequence
247,0x57CDFF0,0x7F7E616,0x7F7E61D,0x7D8,il2cpp,static-observed,7.1 bulk registry type-slot construction sequence
248,0x57CBA30,0x7F7E624,0x7F7E62B,0x7E0,il2cpp,static-observed,7.1 bulk registry type-slot construction sequence
249,0x57D90D8,0x7F7E632,0x7F7E639,0x7E8,il2cpp,static-observed,7.1 bulk registry type-slot construction sequence
250,0x57F3C38,0x7F7E640,0x7F7E647,0x7F0,il2cpp,static-observed,7.1 bulk registry type-slot construction sequence
251,0x57F11C8,0x7F7E64E,0x7F7E655,0x7F8,il2cpp,static-observed,7.1 bulk registry type-slot construction sequence
252,0x57F3C40,0x7F7E65C,0x7F7E663,0x800,il2cpp,static-observed,7.1 bulk registry type-slot construction sequence
253,0x57F3C48,0x7F7E66A,0x7F7E671,0x808,il2cpp,static-observed,7.1 bulk registry type-slot construction sequence
254,0x57F3C50,0x7F7E678,0x7F7E67F,0x810,il2cpp,static-observed,7.1 bulk registry type-slot construction sequence
255,0x57F3C58,0x7F7E686,0x7F7E68D,0x818,il2cpp,static-observed,7.1 bulk registry type-slot construction sequence
256,0x57F3C60,0x7F7E694,0x7F7E69B,0x820,il2cpp,static-observed,7.1 bulk registry type-slot construction sequence
257,0x57F3C68,0x7F7E6A2,0x7F7E6A9,0x828,il2cpp,static-observed,7.1 bulk registry type-slot construction sequence
258,0x57F3C70,0x7F7E6B0,0x7F7E6B7,0x830,il2cpp,static-observed,7.1 bulk registry type-slot construction sequence
259,0x57D43D0,0x7F7E6BE,0x7F7E6C5,0x838,il2cpp,static-observed,7.1 bulk registry type-slot construction sequence
260,0x57E0050,0x7F7E6CC,0x7F7E6D3,0x840,il2cpp,static-observed,7.1 bulk registry type-slot construction sequence
261,0x57F3C78,0x7F7E6DA,0x7F7E6E1,0x848,il2cpp,static-observed,7.1 bulk registry type-slot construction sequence
262,0x57F3C80,0x7F7E6E8,0x7F7E6EF,0x850,il2cpp,static-observed,7.1 bulk registry type-slot construction sequence
263,0x57EC840,0x7F7E6F6,0x7F7E6FD,0x858,il2cpp,static-observed,7.1 bulk registry type-slot construction sequence
264,0x57F3C88,0x7F7E704,0x7F7E70B,0x860,il2cpp,static-observed,7.1 bulk registry type-slot construction sequence
265,0x57F3C90,0x7F7E712,0x7F7E719,0x868,il2cpp,static-observed,7.1 bulk registry type-slot construction sequence
266,0x57F3C98,0x7F7E720,0x7F7E727,0x870,il2cpp,static-observed,7.1 bulk registry type-slot construction sequence
267,0x57F3CA0,0x7F7E72E,0x7F7E735,0x878,il2cpp,static-observed,7.1 bulk registry type-slot construction sequence
268,0x57D3678,0x7F7E73C,0x7F7E743,0x880,il2cpp,static-observed,7.1 bulk registry type-slot construction sequence
269,0x57F3CA8,0x7F7E74A,0x7F7E751,0x888,il2cpp,static-observed,7.1 bulk registry type-slot construction sequence
270,0x57F3CB0,0x7F7E758,0x7F7E75F,0x890,il2cpp,static-observed,7.1 bulk registry type-slot construction sequence
271,0x57CF128,0x7F7E766,0x7F7E76D,0x898,il2cpp,static-observed,7.1 bulk registry type-slot construction sequence
272,0x57F3CB8,0x7F7E774,0x7F7E77B,0x8A0,il2cpp,static-observed,7.1 bulk registry type-slot construction sequence
273,0x57E2718,0x7F7E782,0x7F7E789,0x8A8,il2cpp,static-observed,7.1 bulk registry type-slot construction sequence
274,0x57F3CC0,0x7F7E790,0x7F7E797,0x8B0,il2cpp,static-observed,7.1 bulk registry type-slot construction sequence
275,0x57F3CC8,0x7F7E79E,0x7F7E7A5,0x8B8,il2cpp,static-observed,7.1 bulk registry type-slot construction sequence
276,0x57F3CD0,0x7F7E7AC,0x7F7E7B3,0x8C0,il2cpp,static-observed,7.1 bulk registry type-slot construction sequence
277,0x57F3CD8,0x7F7E7BA,0x7F7E7C1,0x8C8,il2cpp,static-observed,7.1 bulk registry type-slot construction sequence
278,0x57F3CE0,0x7F7E7C8,0x7F7E7CF,0x8D0,il2cpp,static-observed,7.1 bulk registry type-slot construction sequence
279,0x57F3CE8,0x7F7E7D6,0x7F7E7DD,0x8D8,il2cpp,static-observed,7.1 bulk registry type-slot construction sequence
280,0x57F3CF0,0x7F7E7E4,0x7F7E7EB,0x8E0,il2cpp,static-observed,7.1 bulk registry type-slot construction sequence
281,0x57F3CF8,0x7F7E7F2,0x7F7E7F9,0x8E8,il2cpp,static-observed,7.1 bulk registry type-slot construction sequence
282,0x57F3D00,0x7F7E800,0x7F7E807,0x8F0,il2cpp,static-observed,7.1 bulk registry type-slot construction sequence
283,0x57F3D08,0x7F7E80E,0x7F7E815,0x8F8,il2cpp,static-observed,7.1 bulk registry type-slot construction sequence
284,0x57F3D10,0x7F7E81C,0x7F7E823,0x900,il2cpp,static-observed,7.1 bulk registry type-slot construction sequence
285,0x57F3D18,0x7F7E82A,0x7F7E831,0x908,il2cpp,static-observed,7.1 bulk registry type-slot construction sequence
286,0x57D0090,0x7F7E838,0x7F7E83F,0x910,il2cpp,static-observed,7.1 bulk registry type-slot construction sequence
287,0x57F3D20,0x7F7E846,0x7F7E84D,0x918,il2cpp,static-observed,7.1 bulk registry type-slot construction sequence
288,0x57CA460,0x7F7E854,0x7F7E85B,0x920,il2cpp,static-observed,7.1 bulk registry type-slot construction sequence
289,0x57F3D28,0x7F7E862,0x7F7E869,0x928,il2cpp,static-observed,7.1 bulk registry type-slot construction sequence
290,0x57F3D30,0x7F7E870,0x7F7E877,0x930,il2cpp,static-observed,7.1 bulk registry type-slot construction sequence
291,0x57F3D38,0x7F7E87E,0x7F7E885,0x938,il2cpp,static-observed,7.1 bulk registry type-slot construction sequence
292,0x57CAF58,0x7F7E88C,0x7F7E893,0x940,il2cpp,static-observed,7.1 bulk registry type-slot construction sequence
293,0x57F3D40,0x7F7E89A,0x7F7E8A1,0x948,il2cpp,static-observed,7.1 bulk registry type-slot construction sequence
294,0x57F3D48,0x7F7E8A8,0x7F7E8AF,0x950,il2cpp,static-observed,7.1 bulk registry type-slot construction sequence
295,0x57E5728,0x7F7E8B6,0x7F7E8BD,0x958,il2cpp,static-observed,7.1 bulk registry type-slot construction sequence
296,0x57F3D50,0x7F7E8C4,0x7F7E8CB,0x960,il2cpp,static-observed,7.1 bulk registry type-slot construction sequence
297,0x57E1240,0x7F7E8D2,0x7F7E8D9,0x968,il2cpp,static-observed,7.1 bulk registry type-slot construction sequence
298,0x57F3D58,0x7F7E8E0,0x7F7E8E7,0x970,il2cpp,static-observed,7.1 bulk registry type-slot construction sequence
299,0x57F3D60,0x7F7E8EE,0x7F7E8F5,0x978,il2cpp,static-observed,7.1 bulk registry type-slot construction sequence
300,0x57F3D68,0x7F7E8FC,0x7F7E903,0x980,il2cpp,static-observed,7.1 bulk registry type-slot construction sequence
301,0x57F3D70,0x7F7E90A,0x7F7E911,0x988,il2cpp,static-observed,7.1 bulk registry type-slot construction sequence
302,0x57F3D78,0x7F7E918,0x7F7E91F,0x990,il2cpp,static-observed,7.1 bulk registry type-slot construction sequence
303,0x57F3D80,0x7F7E926,0x7F7E92D,0x998,il2cpp,static-observed,7.1 bulk registry type-slot construction sequence
304,0x57CD4D8,0x7F7E934,0x7F7E93B,0x9A0,il2cpp,static-observed,7.1 bulk registry type-slot construction sequence
305,0x57F3D88,0x7F7E942,0x7F7E949,0x9A8,il2cpp,static-observed,7.1 bulk registry type-slot construction sequence
306,0x57F3D90,0x7F7E950,0x7F7E957,0x9B0,il2cpp,static-observed,7.1 bulk registry type-slot construction sequence
307,0x57F3D98,0x7F7E95E,0x7F7E965,0x9B8,il2cpp,static-observed,7.1 bulk registry type-slot construction sequence
308,0x57C5630,0x7F7E96C,0x7F7E973,0x9C0,il2cpp,static-observed,7.1 bulk registry type-slot construction sequence
309,0x57F3DA0,0x7F7E97A,0x7F7E981,0x9C8,il2cpp,static-observed,7.1 bulk registry type-slot construction sequence
310,0x57F3DA8,0x7F7E988,0x7F7E98F,0x9D0,il2cpp,static-observed,7.1 bulk registry type-slot construction sequence
311,0x57EF6B0,0x7F7E996,0x7F7E99D,0x9D8,il2cpp,static-observed,7.1 bulk registry type-slot construction sequence
312,0x57F3DB0,0x7F7E9A4,0x7F7E9AB,0x9E0,il2cpp,static-observed,7.1 bulk registry type-slot construction sequence
313,0x57F2750,0x7F7E9B2,0x7F7E9B9,0x9E8,il2cpp,static-observed,7.1 bulk registry type-slot construction sequence
314,0x57CD180,0x7F7E9C0,0x7F7E9C7,0x9F0,il2cpp,static-observed,7.1 bulk registry type-slot construction sequence
315,0x57D35E8,0x7F7E9CE,0x7F7E9D5,0x9F8,il2cpp,static-observed,7.1 bulk registry type-slot construction sequence
316,0x57C9A50,0x7F7E9DC,0x7F7E9E3,0xA00,il2cpp,static-observed,7.1 bulk registry type-slot construction sequence
317,0x57E0BA8,0x7F7E9EA,0x7F7E9F1,0xA08,il2cpp,static-observed,7.1 bulk registry type-slot construction sequence
318,0x57F3DB8,0x7F7E9F8,0x7F7E9FF,0xA10,il2cpp,static-observed,7.1 bulk registry type-slot construction sequence
319,0x57F3DC0,0x7F7EA06,0x7F7EA0D,0xA18,il2cpp,static-observed,7.1 bulk registry type-slot construction sequence
320,0x57F3DC8,0x7F7EA14,0x7F7EA1B,0xA20,il2cpp,static-observed,7.1 bulk registry type-slot construction sequence
321,0x57EC8E8,0x7F7EA22,0x7F7EA29,0xA28,il2cpp,static-observed,7.1 bulk registry type-slot construction sequence
322,0x57F3DD0,0x7F7EA30,0x7F7EA37,0xA30,il2cpp,static-observed,7.1 bulk registry type-slot construction sequence
323,0x57CF6E8,0x7F7EA3E,0x7F7EA45,0xA38,il2cpp,static-observed,7.1 bulk registry type-slot construction sequence
324,0x57B49A8,0x7F7EA4C,0x7F7EA53,0xA40,il2cpp,static-observed,7.1 bulk registry type-slot construction sequence
325,0x57CA0A0,0x7F7EA5A,0x7F7EA61,0xA48,il2cpp,static-observed,7.1 bulk registry type-slot construction sequence
326,0x57DF340,0x7F7EA68,0x7F7EA6F,0xA50,il2cpp,static-observed,7.1 bulk registry type-slot construction sequence
327,0x57F1A88,0x7F7EA76,0x7F7EA7D,0xA58,il2cpp,static-observed,7.1 bulk registry type-slot construction sequence
328,0x57D9898,0x7F7EA84,0x7F7EA8B,0xA60,il2cpp,static-observed,7.1 bulk registry type-slot construction sequence
329,0x57C53B8,0x7F7EA92,0x7F7EA99,0xA68,il2cpp,static-observed,7.1 bulk registry type-slot construction sequence
330,0x57F3DD8,0x7F7EAA0,0x7F7EAA7,0xA70,il2cpp,static-observed,7.1 bulk registry type-slot construction sequence
331,0x57F2190,0x7F7EAAE,0x7F7EAB5,0xA78,il2cpp,static-observed,7.1 bulk registry type-slot construction sequence
332,0x57E6D10,0x7F7EABC,0x7F7EAC3,0xA80,il2cpp,static-observed,7.1 bulk registry type-slot construction sequence
333,0x57F3DE0,0x7F7EACA,0x7F7EAD1,0xA88,il2cpp,static-observed,7.1 bulk registry type-slot construction sequence
334,0x57F3DE8,0x7F7EAD8,0x7F7EADF,0xA90,il2cpp,static-observed,7.1 bulk registry type-slot construction sequence
335,0x57E5778,0x7F7EAE6,0x7F7EAED,0xA98,il2cpp,static-observed,7.1 bulk registry type-slot construction sequence
336,0x57F3DF0,0x7F7EAF4,0x7F7EAFB,0xAA0,il2cpp,static-observed,7.1 bulk registry type-slot construction sequence
337,0x57F21A8,0x7F7EB02,0x7F7EB09,0xAA8,il2cpp,static-observed,7.1 bulk registry type-slot construction sequence
338,0x57F3DF8,0x7F7EB10,0x7F7EB17,0xAB0,il2cpp,static-observed,7.1 bulk registry type-slot construction sequence
339,0x57F3E00,0x7F7EB1E,0x7F7EB25,0xAB8,il2cpp,static-observed,7.1 bulk registry type-slot construction sequence
340,0x57E9888,0x7F7EB2C,0x7F7EB33,0xAC0,il2cpp,static-observed,7.1 bulk registry type-slot construction sequence
341,0x57F3E08,0x7F7EB3A,0x7F7EB41,0xAC8,il2cpp,static-observed,7.1 bulk registry type-slot construction sequence
342,0x57F3E10,0x7F7EB48,0x7F7EB4F,0xAD0,il2cpp,static-observed,7.1 bulk registry type-slot construction sequence
343,0x57F3E18,0x7F7EB56,0x7F7EB5D,0xAD8,il2cpp,static-observed,7.1 bulk registry type-slot construction sequence
344,0x57F3E20,0x7F7EB64,0x7F7EB6B,0xAE0,il2cpp,static-observed,7.1 bulk registry type-slot construction sequence
345,0x57F3E28,0x7F7EB72,0x7F7EB79,0xAE8,il2cpp,static-observed,7.1 bulk registry type-slot construction sequence
346,0x57DE580,0x7F7EB80,0x7F7EB87,0xAF0,il2cpp,static-observed,7.1 bulk registry type-slot construction sequence
347,0x57D3D70,0x7F7EB8E,0x7F7EB95,0xAF8,il2cpp,static-observed,7.1 bulk registry type-slot construction sequence
348,0x57F3E30,0x7F7EB9C,0x7F7EBA3,0xB00,il2cpp,static-observed,7.1 bulk registry type-slot construction sequence
349,0x57F3E38,0x7F7EBAA,0x7F7EBB1,0xB08,il2cpp,static-observed,7.1 bulk registry type-slot construction sequence
350,0x57F04E8,0x7F7EBB8,0x7F7EBBF,0xB10,il2cpp,static-observed,7.1 bulk registry type-slot construction sequence
351,0x57F3E40,0x7F7EBC6,0x7F7EBCD,0xB18,il2cpp,static-observed,7.1 bulk registry type-slot construction sequence
352,0x57F3E48,0x7F7EBD4,0x7F7EBDB,0xB20,il2cpp,static-observed,7.1 bulk registry type-slot construction sequence
353,0x57F3E50,0x7F7EBE2,0x7F7EBE9,0xB28,il2cpp,static-observed,7.1 bulk registry type-slot construction sequence
354,0x57F3E58,0x7F7EBF0,0x7F7EBF7,0xB30,il2cpp,static-observed,7.1 bulk registry type-slot construction sequence
355,0x57F3E60,0x7F7EBFE,0x7F7EC05,0xB38,il2cpp,static-observed,7.1 bulk registry type-slot construction sequence
356,0x57B10D0,0x7F7EC0C,0x7F7EC13,0xB40,il2cpp,static-observed,7.1 bulk registry type-slot construction sequence
357,0x57F3E68,0x7F7EC1A,0x7F7EC21,0xB48,il2cpp,static-observed,7.1 bulk registry type-slot construction sequence
358,0x57F3E70,0x7F7EC28,0x7F7EC2F,0xB50,il2cpp,static-observed,7.1 bulk registry type-slot construction sequence
359,0x57F2400,0x7F7EC36,0x7F7EC3D,0xB58,il2cpp,static-observed,7.1 bulk registry type-slot construction sequence
360,0x57E2900,0x7F7EC44,0x7F7EC4B,0xB60,il2cpp,static-observed,7.1 bulk registry type-slot construction sequence
361,0x57F3E78,0x7F7EC52,0x7F7EC59,0xB68,il2cpp,static-observed,7.1 bulk registry type-slot construction sequence
362,0x57C8ED8,0x7F7EC60,0x7F7EC67,0xB70,il2cpp,static-observed,7.1 bulk registry type-slot construction sequence
363,0x57D14A0,0x7F7EC6E,0x7F7EC75,0xB78,il2cpp,static-observed,7.1 bulk registry type-slot construction sequence
364,0x57E6E38,0x7F7EC7C,0x7F7EC83,0xB80,il2cpp,static-observed,7.1 bulk registry type-slot construction sequence
365,0x57F3E80,0x7F7EC8A,0x7F7EC91,0xB88,il2cpp,static-observed,7.1 bulk registry type-slot construction sequence
366,0x57B1458,0x7F7EC98,0x7F7EC9F,0xB90,il2cpp,static-observed,7.1 bulk registry type-slot construction sequence
367,0x57D3008,0x7F7ECA6,0x7F7ECAD,0xB98,il2cpp,static-observed,7.1 bulk registry type-slot construction sequence
368,0x57F3E88,0x7F7ECB4,0x7F7ECBB,0xBA0,il2cpp,static-observed,7.1 bulk registry type-slot construction sequence
369,0x57F3510,0x7F7ECC2,0x7F7ECC9,0xBA8,il2cpp,static-observed,7.1 bulk registry type-slot construction sequence
370,0x57F3E90,0x7F7ECD0,0x7F7ECD7,0xBB0,il2cpp,static-observed,7.1 bulk registry type-slot construction sequence
371,0x57F1F90,0x7F7ECDE,0x7F7ECE5,0xBB8,il2cpp,static-observed,7.1 bulk registry type-slot construction sequence
372,0x57E92F8,0x7F7ECEC,0x7F7ECF3,0xBC0,il2cpp,static-observed,7.1 bulk registry type-slot construction sequence
373,0x57F3E98,0x7F7ECFA,0x7F7ED01,0xBC8,il2cpp,static-observed,7.1 bulk registry type-slot construction sequence
374,0x57B1E18,0x7F7ED08,0x7F7ED0F,0xBD0,il2cpp,static-observed,7.1 bulk registry type-slot construction sequence
375,0x57F3EA0,0x7F7ED16,0x7F7ED1D,0xBD8,il2cpp,static-observed,7.1 bulk registry type-slot construction sequence
376,0x57F3EA8,0x7F7ED24,0x7F7ED2B,0xBE0,il2cpp,static-observed,7.1 bulk registry type-slot construction sequence
377,0x57F3EB0,0x7F7ED32,0x7F7ED39,0xBE8,il2cpp,static-observed,7.1 bulk registry type-slot construction sequence
378,0x57C7580,0x7F7ED40,0x7F7ED47,0xBF0,il2cpp,static-observed,7.1 bulk registry type-slot construction sequence
379,0x57B0680,0x7F7ED4E,0x7F7ED55,0xBF8,il2cpp,static-observed,7.1 bulk registry type-slot construction sequence
380,0x57F3EB8,0x7F7ED5C,0x7F7ED63,0xC00,il2cpp,static-observed,7.1 bulk registry type-slot construction sequence
381,0x57F3EC0,0x7F7ED6A,0x7F7ED71,0xC08,il2cpp,static-observed,7.1 bulk registry type-slot construction sequence
382,0x57F3EC8,0x7F7ED78,0x7F7ED7F,0xC10,il2cpp,static-observed,7.1 bulk registry type-slot construction sequence
383,0x57F3ED0,0x7F7ED86,0x7F7ED8D,0xC18,il2cpp,static-observed,7.1 bulk registry type-slot construction sequence
384,0x57B3DF0,0x7F7ED94,0x7F7ED9B,0xC20,il2cpp,static-observed,7.1 bulk registry type-slot construction sequence
385,0x57F3ED8,0x7F7EDA2,0x7F7EDA9,0xC28,il2cpp,static-observed,7.1 bulk registry type-slot construction sequence
386,0x57F3EE0,0x7F7EDB0,0x7F7EDB7,0xC30,il2cpp,static-observed,7.1 bulk registry type-slot construction sequence
387,0x57F3EE8,0x7F7EDBE,0x7F7EDC5,0xC38,il2cpp,static-observed,7.1 bulk registry type-slot construction sequence
388,0x57F3EF0,0x7F7EDCC,0x7F7EDD3,0xC40,il2cpp,static-observed,7.1 bulk registry type-slot construction sequence
389,0x57EB5B0,0x7F7EDDA,0x7F7EDE1,0xC48,il2cpp,static-observed,7.1 bulk registry type-slot construction sequence
390,0x57AFDA8,0x7F7EDE8,0x7F7EDEF,0xC50,il2cpp,static-observed,7.1 bulk registry type-slot construction sequence
391,0x57AF8F0,0x7F7EDF6,0x7F7EDFD,0xC58,il2cpp,static-observed,7.1 bulk registry type-slot construction sequence
392,0x57F2040,0x7F7EE04,0x7F7EE0B,0xC60,il2cpp,static-observed,7.1 bulk registry type-slot construction sequence
393,0x57DAC88,0x7F7EE12,0x7F7EE19,0xC68,il2cpp,static-observed,7.1 bulk registry type-slot construction sequence
394,0x57C4ED0,0x7F7EE20,0x7F7EE27,0xC70,il2cpp,static-observed,7.1 bulk registry type-slot construction sequence
395,0x57F3EF8,0x7F7EE2E,0x7F7EE35,0xC78,il2cpp,static-observed,7.1 bulk registry type-slot construction sequence
396,0x57F3F00,0x7F7EE3C,0x7F7EE43,0xC80,il2cpp,static-observed,7.1 bulk registry type-slot construction sequence
397,0x57F3F08,0x7F7EE4A,0x7F7EE51,0xC88,il2cpp,static-observed,7.1 bulk registry type-slot construction sequence
398,0x57F3F10,0x7F7EE58,0x7F7EE5F,0xC90,il2cpp,static-observed,7.1 bulk registry type-slot construction sequence
399,0x57CE448,0x7F7EE66,0x7F7EE6D,0xC98,il2cpp,static-observed,7.1 bulk registry type-slot construction sequence
400,0x57EB750,0x7F7EE74,0x7F7EE7B,0xCA0,il2cpp,static-observed,7.1 bulk registry type-slot construction sequence
401,0x57C8F00,0x7F7EE82,0x7F7EE89,0xCA8,il2cpp,static-observed,7.1 bulk registry type-slot construction sequence
402,0x57F3F18,0x7F7EE90,0x7F7EE97,0xCB0,il2cpp,static-observed,7.1 bulk registry type-slot construction sequence
403,0x57AF368,0x7F7EE9E,0x7F7EEA5,0xCB8,il2cpp,static-observed,7.1 bulk registry type-slot construction sequence
404,0x57F3F20,0x7F7EEAC,0x7F7EEB3,0xCC0,il2cpp,static-observed,7.1 bulk registry type-slot construction sequence
405,0x57F3F28,0x7F7EEBA,0x7F7EEC1,0xCC8,il2cpp,static-observed,7.1 bulk registry type-slot construction sequence
406,0x57F3F30,0x7F7EEC8,0x7F7EECF,0xCD0,il2cpp,static-observed,7.1 bulk registry type-slot construction sequence
407,0x57F3F38,0x7F7EED6,0x7F7EEDD,0xCD8,il2cpp,static-observed,7.1 bulk registry type-slot construction sequence
408,0x57EC020,0x7F7EEE4,0x7F7EEEB,0xCE0,il2cpp,static-observed,7.1 bulk registry type-slot construction sequence
409,0x57F3F40,0x7F7EEF2,0x7F7EEF9,0xCE8,il2cpp,static-observed,7.1 bulk registry type-slot construction sequence
410,0x57D5E08,0x7F7EF00,0x7F7EF07,0xCF0,il2cpp,static-observed,7.1 bulk registry type-slot construction sequence
411,0x57DBB00,0x7F7EF0E,0x7F7EF15,0xCF8,il2cpp,static-observed,7.1 bulk registry type-slot construction sequence
412,0x57F3F48,0x7F7EF1C,0x7F7EF23,0xD00,il2cpp,static-observed,7.1 bulk registry type-slot construction sequence
413,0x57F3F50,0x7F7EF2A,0x7F7EF31,0xD08,il2cpp,static-observed,7.1 bulk registry type-slot construction sequence
414,0x57F3F58,0x7F7EF38,0x7F7EF3F,0xD10,il2cpp,static-observed,7.1 bulk registry type-slot construction sequence
415,0x57F1A78,0x7F7EF46,0x7F7EF4D,0xD18,il2cpp,static-observed,7.1 bulk registry type-slot construction sequence
416,0x57F3F60,0x7F7EF54,0x7F7EF5B,0xD20,il2cpp,static-observed,7.1 bulk registry type-slot construction sequence
417,0x57F3F68,0x7F7EF62,0x7F7EF69,0xD28,il2cpp,static-observed,7.1 bulk registry type-slot construction sequence
418,0x57C5140,0x7F7EF70,0x7F7EF77,0xD30,il2cpp,static-observed,7.1 bulk registry type-slot construction sequence
419,0x57F3F70,0x7F7EF7E,0x7F7EF85,0xD38,il2cpp,static-observed,7.1 bulk registry type-slot construction sequence
420,0x57F3F78,0x7F7EF8C,0x7F7EF93,0xD40,il2cpp,static-observed,7.1 bulk registry type-slot construction sequence
421,0x57EE1E0,0x7F7EF9A,0x7F7EFA1,0xD48,il2cpp,static-observed,7.1 bulk registry type-slot construction sequence
422,0x57C95E8,0x7F7EFA8,0x7F7EFAF,0xD50,il2cpp,static-observed,7.1 bulk registry type-slot construction sequence
423,0x57F3F80,0x7F7EFB6,0x7F7EFBD,0xD58,il2cpp,static-observed,7.1 bulk registry type-slot construction sequence
424,0x57F3F88,0x7F7EFC4,0x7F7EFCB,0xD60,il2cpp,static-observed,7.1 bulk registry type-slot construction sequence
425,0x57F3F90,0x7F7EFD2,0x7F7EFD9,0xD68,il2cpp,static-observed,7.1 bulk registry type-slot construction sequence
426,0x57E7148,0x7F7EFE0,0x7F7EFE7,0xD70,il2cpp,static-observed,7.1 bulk registry type-slot construction sequence
427,0x57AECE0,0x7F7EFEE,0x7F7EFF5,0xD78,il2cpp,static-observed,7.1 bulk registry type-slot construction sequence
428,0x57D20F8,0x7F7EFFC,0x7F7F003,0xD80,il2cpp,static-observed,7.1 bulk registry type-slot construction sequence
429,0x57EDAB0,0x7F7F00A,0x7F7F011,0xD88,il2cpp,static-observed,7.1 bulk registry type-slot construction sequence
430,0x57F3F98,0x7F7F018,0x7F7F01F,0xD90,il2cpp,static-observed,7.1 bulk registry type-slot construction sequence
431,0x57F3FA0,0x7F7F026,0x7F7F02D,0xD98,il2cpp,static-observed,7.1 bulk registry type-slot construction sequence
432,0x57F3FA8,0x7F7F034,0x7F7F03B,0xDA0,il2cpp,static-observed,7.1 bulk registry type-slot construction sequence
433,0x57F3FB0,0x7F7F042,0x7F7F049,0xDA8,il2cpp,static-observed,7.1 bulk registry type-slot construction sequence
434,0x57F3FB8,0x7F7F050,0x7F7F057,0xDB0,il2cpp,static-observed,7.1 bulk registry type-slot construction sequence
435,0x57F3FC0,0x7F7F05E,0x7F7F065,0xDB8,il2cpp,static-observed,7.1 bulk registry type-slot construction sequence
436,0x57F3450,0x7F7F06C,0x7F7F073,0xDC0,il2cpp,static-observed,7.1 bulk registry type-slot construction sequence
437,0x57F3FC8,0x7F7F07A,0x7F7F081,0xDC8,il2cpp,static-observed,7.1 bulk registry type-slot construction sequence
438,0x57F3FD0,0x7F7F088,0x7F7F08F,0xDD0,il2cpp,static-observed,7.1 bulk registry type-slot construction sequence
439,0x57F3FD8,0x7F7F096,0x7F7F09D,0xDD8,il2cpp,static-observed,7.1 bulk registry type-slot construction sequence
440,0x57F3FE0,0x7F7F0A4,0x7F7F0AB,0xDE0,il2cpp,static-observed,7.1 bulk registry type-slot construction sequence
441,0x57F3FE8,0x7F7F0B2,0x7F7F0B9,0xDE8,il2cpp,static-observed,7.1 bulk registry type-slot construction sequence
442,0x57E3C18,0x7F7F0C0,0x7F7F0C7,0xDF0,il2cpp,static-observed,7.1 bulk registry type-slot construction sequence
443,0x57F3FF0,0x7F7F0CE,0x7F7F0D5,0xDF8,il2cpp,static-observed,7.1 bulk registry type-slot construction sequence
444,0x57F3FF8,0x7F7F0DC,0x7F7F0E3,0xE00,il2cpp,static-observed,7.1 bulk registry type-slot construction sequence
445,0x57F4000,0x7F7F0EA,0x7F7F0F1,0xE08,il2cpp,static-observed,7.1 bulk registry type-slot construction sequence
446,0x57AE668,0x7F7F0F8,0x7F7F0FF,0xE10,il2cpp,static-observed,7.1 bulk registry type-slot construction sequence
447,0x57D7E20,0x7F7F106,0x7F7F10D,0xE18,il2cpp,static-observed,7.1 bulk registry type-slot construction sequence
448,0x57F4008,0x7F7F114,0x7F7F11B,0xE20,il2cpp,static-observed,7.1 bulk registry type-slot construction sequence
449,0x57F1908,0x7F7F122,0x7F7F129,0xE28,il2cpp,static-observed,7.1 bulk registry type-slot construction sequence
450,0x57F4010,0x7F7F130,0x7F7F137,0xE30,il2cpp,static-observed,7.1 bulk registry type-slot construction sequence
451,0x57EB078,0x7F7F13E,0x7F7F145,0xE38,il2cpp,static-observed,7.1 bulk registry type-slot construction sequence
452,0x57F04C8,0x7F7F14C,0x7F7F153,0xE40,il2cpp,static-observed,7.1 bulk registry type-slot construction sequence
453,0x57F4018,0x7F7F15A,0x7F7F161,0xE48,il2cpp,static-observed,7.1 bulk registry type-slot construction sequence
454,0x57E4F70,0x7F7F168,0x7F7F16F,0xE50,il2cpp,static-observed,7.1 bulk registry type-slot construction sequence
455,0x57F4020,0x7F7F176,0x7F7F17D,0xE58,il2cpp,static-observed,7.1 bulk registry type-slot construction sequence
456,0x57E9FF0,0x7F7F184,0x7F7F18B,0xE60,il2cpp,static-observed,7.1 bulk registry type-slot construction sequence
457,0x57F4028,0x7F7F192,0x7F7F199,0xE68,il2cpp,static-observed,7.1 bulk registry type-slot construction sequence
458,0x57D5238,0x7F7F1A0,0x7F7F1A7,0xE70,il2cpp,static-observed,7.1 bulk registry type-slot construction sequence
459,0x57F4030,0x7F7F1AE,0x7F7F1B5,0xE78,il2cpp,static-observed,7.1 bulk registry type-slot construction sequence
460,0x57F4038,0x7F7F1BC,0x7F7F1C3,0xE80,il2cpp,static-observed,7.1 bulk registry type-slot construction sequence
461,0x57F4040,0x7F7F1CA,0x7F7F1D1,0xE88,il2cpp,static-observed,7.1 bulk registry type-slot construction sequence
462,0x57DC488,0x7F7F1D8,0x7F7F1DF,0xE90,il2cpp,static-observed,7.1 bulk registry type-slot construction sequence
463,0x57DAB08,0x7F7F1E6,0x7F7F1ED,0xE98,il2cpp,static-observed,7.1 bulk registry type-slot construction sequence
464,0x57F4048,0x7F7F1F4,0x7F7F1FB,0xEA0,il2cpp,static-observed,7.1 bulk registry type-slot construction sequence
465,0x57CE2E8,0x7F7F202,0x7F7F209,0xEA8,il2cpp,static-observed,7.1 bulk registry type-slot construction sequence
466,0x57C9710,0x7F7F210,0x7F7F217,0xEB0,il2cpp,static-observed,7.1 bulk registry type-slot construction sequence
467,0x57F4050,0x7F7F21E,0x7F7F225,0xEB8,il2cpp,static-observed,7.1 bulk registry type-slot construction sequence
468,0x57F4058,0x7F7F22C,0x7F7F233,0xEC0,il2cpp,static-observed,7.1 bulk registry type-slot construction sequence
469,0x57F4060,0x7F7F23A,0x7F7F241,0xEC8,il2cpp,static-observed,7.1 bulk registry type-slot construction sequence
470,0x57EC248,0x7F7F248,0x7F7F24F,0xED0,il2cpp,static-observed,7.1 bulk registry type-slot construction sequence
471,0x57F2720,0x7F7F256,0x7F7F25D,0xED8,il2cpp,static-observed,7.1 bulk registry type-slot construction sequence
472,0x57F4068,0x7F7F264,0x7F7F26B,0xEE0,il2cpp,static-observed,7.1 bulk registry type-slot construction sequence
473,0x57E9840,0x7F7F272,0x7F7F279,0xEE8,il2cpp,static-observed,7.1 bulk registry type-slot construction sequence
474,0x57F4070,0x7F7F280,0x7F7F287,0xEF0,il2cpp,static-observed,7.1 bulk registry type-slot construction sequence
475,0x57F4078,0x7F7F28E,0x7F7F295,0xEF8,il2cpp,static-observed,7.1 bulk registry type-slot construction sequence
476,0x57EDFA8,0x7F7F29C,0x7F7F2A3,0xF00,il2cpp,static-observed,7.1 bulk registry type-slot construction sequence
477,0x57F4080,0x7F7F2AA,0x7F7F2B1,0xF08,il2cpp,static-observed,7.1 bulk registry type-slot construction sequence
478,0x57EB238,0x7F7F2B8,0x7F7F2BF,0xF10,il2cpp,static-observed,7.1 bulk registry type-slot construction sequence
479,0x57B3BD0,0x7F7F2C6,0x7F7F2CD,0xF18,il2cpp,static-observed,7.1 bulk registry type-slot construction sequence
480,0x57D48F0,0x7F7F2D4,0x7F7F2DB,0xF20,il2cpp,static-observed,7.1 bulk registry type-slot construction sequence
481,0x57C93C0,0x7F7F2E2,0x7F7F2E9,0xF28,il2cpp,static-observed,7.1 bulk registry type-slot construction sequence
482,0x57F4088,0x7F7F2F0,0x7F7F2F7,0xF30,il2cpp,static-observed,7.1 bulk registry type-slot construction sequence
483,0x57F4090,0x7F7F2FE,0x7F7F305,0xF38,il2cpp,static-observed,7.1 bulk registry type-slot construction sequence
484,0x57F4098,0x7F7F30C,0x7F7F313,0xF40,il2cpp,static-observed,7.1 bulk registry type-slot construction sequence
485,0x57F40A0,0x7F7F31A,0x7F7F321,0xF48,il2cpp,static-observed,7.1 bulk registry type-slot construction sequence
486,0x57F40A8,0x7F7F328,0x7F7F32F,0xF50,il2cpp,static-observed,7.1 bulk registry type-slot construction sequence
487,0x57F40B0,0x7F7F336,0x7F7F33D,0xF58,il2cpp,static-observed,7.1 bulk registry type-slot construction sequence
488,0x57CA0D8,0x7F7F344,0x7F7F34B,0xF60,il2cpp,static-observed,7.1 bulk registry type-slot construction sequence
489,0x57F40B8,0x7F7F352,0x7F7F359,0xF68,il2cpp,static-observed,7.1 bulk registry type-slot construction sequence
490,0x57F40C0,0x7F7F360,0x7F7F367,0xF70,il2cpp,static-observed,7.1 bulk registry type-slot construction sequence
491,0x57DC7A0,0x7F7F36E,0x7F7F375,0xF78,il2cpp,static-observed,7.1 bulk registry type-slot construction sequence
492,0x57F40C8,0x7F7F37C,0x7F7F383,0xF80,il2cpp,static-observed,7.1 bulk registry type-slot construction sequence
493,0x57F40D0,0x7F7F38A,0x7F7F391,0xF88,il2cpp,static-observed,7.1 bulk registry type-slot construction sequence
494,0x57D69B0,0x7F7F398,0x7F7F39F,0xF90,il2cpp,static-observed,7.1 bulk registry type-slot construction sequence
495,0x57F40D8,0x7F7F3A6,0x7F7F3AD,0xF98,il2cpp,static-observed,7.1 bulk registry type-slot construction sequence
496,0x57F40E0,0x7F7F3B4,0x7F7F3BB,0xFA0,il2cpp,static-observed,7.1 bulk registry type-slot construction sequence
497,0x57F40E8,0x7F7F3C2,0x7F7F3C9,0xFA8,il2cpp,static-observed,7.1 bulk registry type-slot construction sequence
498,0x57EA048,0x7F7F3D0,0x7F7F3D7,0xFB0,il2cpp,static-observed,7.1 bulk registry type-slot construction sequence
499,0x57F40F0,0x7F7F3DE,0x7F7F3E5,0xFB8,il2cpp,static-observed,7.1 bulk registry type-slot construction sequence
500,0x57F40F8,0x7F7F3EC,0x7F7F3F3,0xFC0,il2cpp,static-observed,7.1 bulk registry type-slot construction sequence
501,0x57CBA98,0x7F7F3FA,0x7F7F401,0xFC8,il2cpp,static-observed,7.1 bulk registry type-slot construction sequence
502,0x57F4100,0x7F7F408,0x7F7F40F,0xFD0,il2cpp,static-observed,7.1 bulk registry type-slot construction sequence
503,0x57F4108,0x7F7F416,0x7F7F41D,0xFD8,il2cpp,static-observed,7.1 bulk registry type-slot construction sequence
504,0x57F4110,0x7F7F424,0x7F7F42B,0xFE0,il2cpp,static-observed,7.1 bulk registry type-slot construction sequence
505,0x57E7A58,0x7F7F432,0x7F7F439,0xFE8,il2cpp,static-observed,7.1 bulk registry type-slot construction sequence
506,0x57F4118,0x7F7F440,0x7F7F447,0xFF0,il2cpp,static-observed,7.1 bulk registry type-slot construction sequence
507,0x57F4120,0x7F7F44E,0x7F7F455,0xFF8,il2cpp,static-observed,7.1 bulk registry type-slot construction sequence
508,0x57D1008,0x7F7F45C,0x7F7F463,0x1000,il2cpp,static-observed,7.1 bulk registry type-slot construction sequence
509,0x57F4128,0x7F7F46A,0x7F7F471,0x1008,il2cpp,static-observed,7.1 bulk registry type-slot construction sequence
510,0x57DE690,0x7F7F478,0x7F7F47F,0x1010,il2cpp,static-observed,7.1 bulk registry type-slot construction sequence
511,0x57F4130,0x7F7F486,0x7F7F48D,0x1018,il2cpp,static-observed,7.1 bulk registry type-slot construction sequence
512,0x57F4138,0x7F7F494,0x7F7F49B,0x1020,il2cpp,static-observed,7.1 bulk registry type-slot construction sequence
513,0x57CCAC0,0x7F7F4A2,0x7F7F4A9,0x1028,il2cpp,static-observed,7.1 bulk registry type-slot construction sequence
514,0x57F4140,0x7F7F4B0,0x7F7F4B7,0x1030,il2cpp,static-observed,7.1 bulk registry type-slot construction sequence
515,0x57F4148,0x7F7F4BE,0x7F7F4C5,0x1038,il2cpp,static-observed,7.1 bulk registry type-slot construction sequence
516,0x57F4150,0x7F7F4CC,0x7F7F4D3,0x1040,il2cpp,static-observed,7.1 bulk registry type-slot construction sequence
517,0x57F4158,0x7F7F4DA,0x7F7F4E1,0x1048,il2cpp,static-observed,7.1 bulk registry type-slot construction sequence
518,0x57C7598,0x7F7F4E8,0x7F7F4EF,0x1050,il2cpp,static-observed,7.1 bulk registry type-slot construction sequence
519,0x57F4160,0x7F7F4F6,0x7F7F4FD,0x1058,il2cpp,static-observed,7.1 bulk registry type-slot construction sequence
520,0x57EC6E8,0x7F7F504,0x7F7F50B,0x1060,il2cpp,static-observed,7.1 bulk registry type-slot construction sequence
521,0x57F4168,0x7F7F512,0x7F7F519,0x1068,il2cpp,static-observed,7.1 bulk registry type-slot construction sequence
522,0x57F4170,0x7F7F520,0x7F7F527,0x1070,il2cpp,static-observed,7.1 bulk registry type-slot construction sequence
523,0x57EDBB0,0x7F7F52E,0x7F7F535,0x1078,il2cpp,static-observed,7.1 bulk registry type-slot construction sequence
524,0x57AED28,0x7F7F53C,0x7F7F543,0x1080,il2cpp,static-observed,7.1 bulk registry type-slot construction sequence
525,0x57F4178,0x7F7F54A,0x7F7F551,0x1088,il2cpp,static-observed,7.1 bulk registry type-slot construction sequence
526,0x57E2438,0x7F7F558,0x7F7F55F,0x1090,il2cpp,static-observed,7.1 bulk registry type-slot construction sequence
527,0x57F4180,0x7F7F566,0x7F7F56D,0x1098,il2cpp,static-observed,7.1 bulk registry type-slot construction sequence
528,0x57F4188,0x7F7F574,0x7F7F57B,0x10A0,il2cpp,static-observed,7.1 bulk registry type-slot construction sequence
529,0x57CD618,0x7F7F582,0x7F7F589,0x10A8,il2cpp,static-observed,7.1 bulk registry type-slot construction sequence
530,0x57B3090,0x7F7F590,0x7F7F597,0x10B0,il2cpp,static-observed,7.1 bulk registry type-slot construction sequence
531,0x57F4190,0x7F7F59E,0x7F7F5A5,0x10B8,il2cpp,static-observed,7.1 bulk registry type-slot construction sequence
532,0x57E42B0,0x7F7F5AC,0x7F7F5B3,0x10C0,il2cpp,static-observed,7.1 bulk registry type-slot construction sequence
533,0x57B1038,0x7F7F5BA,0x7F7F5C1,0x10C8,il2cpp,static-observed,7.1 bulk registry type-slot construction sequence
534,0x57F4198,0x7F7F5C8,0x7F7F5CF,0x10D0,il2cpp,static-observed,7.1 bulk registry type-slot construction sequence
535,0x57F41A0,0x7F7F5D6,0x7F7F5DD,0x10D8,il2cpp,static-observed,7.1 bulk registry type-slot construction sequence
536,0x57F41A8,0x7F7F5E4,0x7F7F5EB,0x10E0,il2cpp,static-observed,7.1 bulk registry type-slot construction sequence
537,0x57F41B0,0x7F7F5F2,0x7F7F5F9,0x10E8,il2cpp,static-observed,7.1 bulk registry type-slot construction sequence
538,0x57F41B8,0x7F7F600,0x7F7F607,0x10F0,il2cpp,static-observed,7.1 bulk registry type-slot construction sequence
539,0x57CC2F8,0x7F7F60E,0x7F7F615,0x10F8,il2cpp,static-observed,7.1 bulk registry type-slot construction sequence
540,0x57F41C0,0x7F7F61C,0x7F7F623,0x1100,il2cpp,static-observed,7.1 bulk registry type-slot construction sequence
541,0x57CC630,0x7F7F62A,0x7F7F631,0x1108,il2cpp,static-observed,7.1 bulk registry type-slot construction sequence
542,0x57F41C8,0x7F7F638,0x7F7F63F,0x1110,il2cpp,static-observed,7.1 bulk registry type-slot construction sequence
543,0x57CCA80,0x7F7F646,0x7F7F64D,0x1118,il2cpp,static-observed,7.1 bulk registry type-slot construction sequence
544,0x57C6380,0x7F7F654,0x7F7F65B,0x1120,il2cpp,static-observed,7.1 bulk registry type-slot construction sequence
545,0x57F41D0,0x7F7F662,0x7F7F669,0x1128,il2cpp,static-observed,7.1 bulk registry type-slot construction sequence
546,0x57C6638,0x7F7F670,0x7F7F677,0x1130,il2cpp,static-observed,7.1 bulk registry type-slot construction sequence
547,0x57D8620,0x7F7F67E,0x7F7F685,0x1138,il2cpp,static-observed,7.1 bulk registry type-slot construction sequence
548,0x57F1E00,0x7F7F68C,0x7F7F693,0x1140,il2cpp,static-observed,7.1 bulk registry type-slot construction sequence
549,0x57F41D8,0x7F7F69A,0x7F7F6A1,0x1148,il2cpp,static-observed,7.1 bulk registry type-slot construction sequence
550,0x57EF628,0x7F7F6A8,0x7F7F6AF,0x1150,il2cpp,static-observed,7.1 bulk registry type-slot construction sequence
551,0x57F41E8,0x7F7F6B6,0x7F7F6BD,0x1158,il2cpp,static-observed,7.1 bulk registry type-slot construction sequence
552,0x57D1848,0x7F7F6C4,0x7F7F6CB,0x1160,il2cpp,static-observed,7.1 bulk registry type-slot construction sequence
553,0x57C8B28,0x7F7F6D2,0x7F7F6D9,0x1168,il2cpp,static-observed,7.1 bulk registry type-slot construction sequence
554,0x57F41F0,0x7F7F6E0,0x7F7F6E7,0x1170,il2cpp,static-observed,7.1 bulk registry type-slot construction sequence
555,0x57F41F8,0x7F7F6EE,0x7F7F6F5,0x1178,il2cpp,static-observed,7.1 bulk registry type-slot construction sequence
556,0x57B00F0,0x7F7F6FC,0x7F7F703,0x1180,il2cpp,static-observed,7.1 bulk registry type-slot construction sequence
557,0x57F4200,0x7F7F70A,0x7F7F711,0x1188,il2cpp,static-observed,7.1 bulk registry type-slot construction sequence
558,0x57F4208,0x7F7F718,0x7F7F71F,0x1190,il2cpp,static-observed,7.1 bulk registry type-slot construction sequence
559,0x57DB638,0x7F7F726,0x7F7F72D,0x1198,il2cpp,static-observed,7.1 bulk registry type-slot construction sequence
560,0x57DE6D8,0x7F7F734,0x7F7F73B,0x11A0,il2cpp,static-observed,7.1 bulk registry type-slot construction sequence
561,0x57F4210,0x7F7F742,0x7F7F749,0x11A8,il2cpp,static-observed,7.1 bulk registry type-slot construction sequence
562,0x57F4218,0x7F7F750,0x7F7F757,0x11B0,il2cpp,static-observed,7.1 bulk registry type-slot construction sequence
563,0x57F4220,0x7F7F75E,0x7F7F765,0x11B8,il2cpp,static-observed,7.1 bulk registry type-slot construction sequence
564,0x57F4228,0x7F7F76C,0x7F7F773,0x11C0,il2cpp,static-observed,7.1 bulk registry type-slot construction sequence
565,0x57CA950,0x7F7F77A,0x7F7F781,0x11C8,il2cpp,static-observed,7.1 bulk registry type-slot construction sequence
566,0x57D6EA0,0x7F7F788,0x7F7F78F,0x11D0,il2cpp,static-observed,7.1 bulk registry type-slot construction sequence
567,0x57F4230,0x7F7F796,0x7F7F79D,0x11D8,il2cpp,static-observed,7.1 bulk registry type-slot construction sequence
568,0x57EB908,0x7F7F7A4,0x7F7F7AB,0x11E0,il2cpp,static-observed,7.1 bulk registry type-slot construction sequence
569,0x57E4018,0x7F7F7B2,0x7F7F7B9,0x11E8,il2cpp,static-observed,7.1 bulk registry type-slot construction sequence
570,0x57EF2C0,0x7F7F7C0,0x7F7F7C7,0x11F0,il2cpp,static-observed,7.1 bulk registry type-slot construction sequence
571,0x57B48D0,0x7F7F7CE,0x7F7F7D5,0x11F8,il2cpp,static-observed,7.1 bulk registry type-slot construction sequence
572,0x57F4238,0x7F7F7DC,0x7F7F7E3,0x1200,il2cpp,static-observed,7.1 bulk registry type-slot construction sequence
573,0x57F4240,0x7F7F7EA,0x7F7F7F1,0x1208,il2cpp,static-observed,7.1 bulk registry type-slot construction sequence
574,0x57F4248,0x7F7F7F8,0x7F7F7FF,0x1210,il2cpp,static-observed,7.1 bulk registry type-slot construction sequence
575,0x57D59A8,0x7F7F806,0x7F7F80D,0x1218,il2cpp,static-observed,7.1 bulk registry type-slot construction sequence
576,0x57F4250,0x7F7F814,0x7F7F81B,0x1220,il2cpp,static-observed,7.1 bulk registry type-slot construction sequence
577,0x57F4258,0x7F7F822,0x7F7F829,0x1228,il2cpp,static-observed,7.1 bulk registry type-slot construction sequence
578,0x57F4260,0x7F7F830,0x7F7F837,0x1230,il2cpp,static-observed,7.1 bulk registry type-slot construction sequence
579,0x57F4268,0x7F7F83E,0x7F7F845,0x1238,il2cpp,static-observed,7.1 bulk registry type-slot construction sequence
580,0x57B47D0,0x7F7F84C,0x7F7F853,0x1240,il2cpp,static-observed,7.1 bulk registry type-slot construction sequence
581,0x57F4270,0x7F7F85A,0x7F7F861,0x1248,il2cpp,static-observed,7.1 bulk registry type-slot construction sequence
582,0x57E7788,0x7F7F868,0x7F7F86F,0x1250,il2cpp,static-observed,7.1 bulk registry type-slot construction sequence
583,0x57F4278,0x7F7F876,0x7F7F87D,0x1258,il2cpp,static-observed,7.1 bulk registry type-slot construction sequence
584,0x57F4280,0x7F7F884,0x7F7F88B,0x1260,il2cpp,static-observed,7.1 bulk registry type-slot construction sequence
585,0x57CEF10,0x7F7F892,0x7F7F899,0x1268,il2cpp,static-observed,7.1 bulk registry type-slot construction sequence
586,0x57F4288,0x7F7F8A0,0x7F7F8A7,0x1270,il2cpp,static-observed,7.1 bulk registry type-slot construction sequence
587,0x57F4290,0x7F7F8AE,0x7F7F8B5,0x1278,il2cpp,static-observed,7.1 bulk registry type-slot construction sequence
588,0x57F4298,0x7F7F8BC,0x7F7F8C3,0x1280,il2cpp,static-observed,7.1 bulk registry type-slot construction sequence
589,0x57F42A0,0x7F7F8CA,0x7F7F8D1,0x1288,il2cpp,static-observed,7.1 bulk registry type-slot construction sequence
590,0x57DDD18,0x7F7F8D8,0x7F7F8DF,0x1290,il2cpp,static-observed,7.1 bulk registry type-slot construction sequence
591,0x57F2980,0x7F7F8E6,0x7F7F8ED,0x1298,il2cpp,static-observed,7.1 bulk registry type-slot construction sequence
592,0x57F42A8,0x7F7F8F4,0x7F7F8FB,0x12A0,il2cpp,static-observed,7.1 bulk registry type-slot construction sequence
593,0x57D2100,0x7F7F902,0x7F7F909,0x12A8,il2cpp,static-observed,7.1 bulk registry type-slot construction sequence
594,0x57F42B0,0x7F7F910,0x7F7F917,0x12B0,il2cpp,static-observed,7.1 bulk registry type-slot construction sequence
595,0x57F3718,0x7F7F91E,0x7F7F925,0x12B8,il2cpp,static-observed,7.1 bulk registry type-slot construction sequence
596,0x57F42B8,0x7F7F92C,0x7F7F933,0x12C0,il2cpp,static-observed,7.1 bulk registry type-slot construction sequence
597,0x57F2288,0x7F7F93A,0x7F7F941,0x12C8,il2cpp,static-observed,7.1 bulk registry type-slot construction sequence
598,0x57CED20,0x7F7F948,0x7F7F94F,0x12D0,il2cpp,static-observed,7.1 bulk registry type-slot construction sequence
599,0x57C9C18,0x7F7F956,0x7F7F95D,0x12D8,il2cpp,static-observed,7.1 bulk registry type-slot construction sequence
600,0x57F42C0,0x7F7F964,0x7F7F96B,0x12E0,il2cpp,static-observed,7.1 bulk registry type-slot construction sequence
601,0x57F42C8,0x7F7F972,0x7F7F979,0x12E8,il2cpp,static-observed,7.1 bulk registry type-slot construction sequence
602,0x57C8F48,0x7F7F980,0x7F7F987,0x12F0,il2cpp,static-observed,7.1 bulk registry type-slot construction sequence
603,0x57F42D0,0x7F7F98E,0x7F7F995,0x12F8,il2cpp,static-observed,7.1 bulk registry type-slot construction sequence
604,0x57DE8F0,0x7F7F99C,0x7F7F9A3,0x1300,il2cpp,static-observed,7.1 bulk registry type-slot construction sequence
605,0x57E5EA0,0x7F7F9AA,0x7F7F9B1,0x1308,il2cpp,static-observed,7.1 bulk registry type-slot construction sequence
606,0x57F42D8,0x7F7F9B8,0x7F7F9BF,0x1310,il2cpp,static-observed,7.1 bulk registry type-slot construction sequence
607,0x57F42E0,0x7F7F9C6,0x7F7F9CD,0x1318,il2cpp,static-observed,7.1 bulk registry type-slot construction sequence
608,0x57D54A0,0x7F7F9D4,0x7F7F9DB,0x1320,il2cpp,static-observed,7.1 bulk registry type-slot construction sequence
609,0x57F42E8,0x7F7F9E2,0x7F7F9E9,0x1328,il2cpp,static-observed,7.1 bulk registry type-slot construction sequence
610,0x57F42F0,0x7F7F9F0,0x7F7F9F7,0x1330,il2cpp,static-observed,7.1 bulk registry type-slot construction sequence
611,0x57EA638,0x7F7F9FE,0x7F7FA05,0x1338,il2cpp,static-observed,7.1 bulk registry type-slot construction sequence
612,0x57F42F8,0x7F7FA0C,0x7F7FA13,0x1340,il2cpp,static-observed,7.1 bulk registry type-slot construction sequence
613,0x57C92C0,0x7F7FA1A,0x7F7FA21,0x1348,il2cpp,static-observed,7.1 bulk registry type-slot construction sequence
614,0x57F4300,0x7F7FA28,0x7F7FA2F,0x1350,il2cpp,static-observed,7.1 bulk registry type-slot construction sequence
615,0x57F4308,0x7F7FA36,0x7F7FA3D,0x1358,il2cpp,static-observed,7.1 bulk registry type-slot construction sequence
616,0x57C8238,0x7F7FA44,0x7F7FA4B,0x1360,il2cpp,static-observed,7.1 bulk registry type-slot construction sequence
617,0x57F4310,0x7F7FA52,0x7F7FA59,0x1368,il2cpp,static-observed,7.1 bulk registry type-slot construction sequence
618,0x57C9A00,0x7F7FA60,0x7F7FA67,0x1370,il2cpp,static-observed,7.1 bulk registry type-slot construction sequence
619,0x57CC158,0x7F7FA6E,0x7F7FA75,0x1378,il2cpp,static-observed,7.1 bulk registry type-slot construction sequence
620,0x57F4318,0x7F7FA7C,0x7F7FA83,0x1380,il2cpp,static-observed,7.1 bulk registry type-slot construction sequence
621,0x57F4320,0x7F7FA8A,0x7F7FA91,0x1388,il2cpp,static-observed,7.1 bulk registry type-slot construction sequence
622,0x57DE490,0x7F7FA98,0x7F7FA9F,0x1390,il2cpp,static-observed,7.1 bulk registry type-slot construction sequence
623,0x57F4328,0x7F7FAA6,0x7F7FAAD,0x1398,il2cpp,static-observed,7.1 bulk registry type-slot construction sequence
624,0x57F4330,0x7F7FAB4,0x7F7FABB,0x13A0,il2cpp,static-observed,7.1 bulk registry type-slot construction sequence
625,0x57F4338,0x7F7FAC2,0x7F7FAC9,0x13A8,il2cpp,static-observed,7.1 bulk registry type-slot construction sequence
626,0x57F4340,0x7F7FAD0,0x7F7FAD7,0x13B0,il2cpp,static-observed,7.1 bulk registry type-slot construction sequence
627,0x57F1F98,0x7F7FADE,0x7F7FAE5,0x13B8,il2cpp,static-observed,7.1 bulk registry type-slot construction sequence
628,0x57F4348,0x7F7FAEC,0x7F7FAF3,0x13C0,il2cpp,static-observed,7.1 bulk registry type-slot construction sequence
629,0x57F4350,0x7F7FAFA,0x7F7FB01,0x13C8,il2cpp,static-observed,7.1 bulk registry type-slot construction sequence
630,0x57E1CB8,0x7F7FB08,0x7F7FB0F,0x13D0,il2cpp,static-observed,7.1 bulk registry type-slot construction sequence
631,0x57EF000,0x7F7FB16,0x7F7FB1D,0x13D8,il2cpp,static-observed,7.1 bulk registry type-slot construction sequence
632,0x57F1A28,0x7F7FB24,0x7F7FB2B,0x13E0,il2cpp,static-observed,7.1 bulk registry type-slot construction sequence
633,0x57F4358,0x7F7FB32,0x7F7FB39,0x13E8,il2cpp,static-observed,7.1 bulk registry type-slot construction sequence
634,0x57F4360,0x7F7FB40,0x7F7FB47,0x13F0,il2cpp,static-observed,7.1 bulk registry type-slot construction sequence
635,0x57B57B8,0x7F7FB4E,0x7F7FB55,0x13F8,il2cpp,static-observed,7.1 bulk registry type-slot construction sequence
636,0x57DC758,0x7F7FB5C,0x7F7FB63,0x1400,il2cpp,static-observed,7.1 bulk registry type-slot construction sequence
637,0x57F04B8,0x7F7FB6A,0x7F7FB71,0x1408,il2cpp,static-observed,7.1 bulk registry type-slot construction sequence
638,0x57DF2B8,0x7F7FB78,0x7F7FB7F,0x1410,il2cpp,static-observed,7.1 bulk registry type-slot construction sequence
639,0x57CF4A0,0x7F7FB86,0x7F7FB8D,0x1418,il2cpp,static-observed,7.1 bulk registry type-slot construction sequence
640,0x57F4368,0x7F7FB94,0x7F7FB9B,0x1420,il2cpp,static-observed,7.1 bulk registry type-slot construction sequence
641,0x57E8B38,0x7F7FBA2,0x7F7FBA9,0x1428,il2cpp,static-observed,7.1 bulk registry type-slot construction sequence
642,0x57F4370,0x7F7FBB0,0x7F7FBB7,0x1430,il2cpp,static-observed,7.1 bulk registry type-slot construction sequence
643,0x57D0030,0x7F7FBBE,0x7F7FBC5,0x1438,il2cpp,static-observed,7.1 bulk registry type-slot construction sequence
644,0x57F4378,0x7F7FBCC,0x7F7FBD3,0x1440,il2cpp,static-observed,7.1 bulk registry type-slot construction sequence
645,0x57F4380,0x7F7FBDA,0x7F7FBE1,0x1448,il2cpp,static-observed,7.1 bulk registry type-slot construction sequence
646,0x57F4388,0x7F7FBE8,0x7F7FBEF,0x1450,il2cpp,static-observed,7.1 bulk registry type-slot construction sequence
647,0x57EA838,0x7F7FBF6,0x7F7FBFD,0x1458,il2cpp,static-observed,7.1 bulk registry type-slot construction sequence
648,0x57F4390,0x7F7FC04,0x7F7FC0B,0x1460,il2cpp,static-observed,7.1 bulk registry type-slot construction sequence
649,0x57F4398,0x7F7FC12,0x7F7FC19,0x1468,il2cpp,static-observed,7.1 bulk registry type-slot construction sequence
650,0x57F43A0,0x7F7FC20,0x7F7FC27,0x1470,il2cpp,static-observed,7.1 bulk registry type-slot construction sequence
651,0x57F43A8,0x7F7FC2E,0x7F7FC35,0x1478,il2cpp,static-observed,7.1 bulk registry type-slot construction sequence
652,0x57F43B0,0x7F7FC3C,0x7F7FC43,0x1480,il2cpp,static-observed,7.1 bulk registry type-slot construction sequence
653,0x57F43B8,0x7F7FC4A,0x7F7FC51,0x1488,il2cpp,static-observed,7.1 bulk registry type-slot construction sequence
654,0x57C8050,0x7F7FC58,0x7F7FC5F,0x1490,il2cpp,static-observed,7.1 bulk registry type-slot construction sequence
655,0x57F43C0,0x7F7FC66,0x7F7FC6D,0x1498,il2cpp,static-observed,7.1 bulk registry type-slot construction sequence
656,0x57F43C8,0x7F7FC74,0x7F7FC7B,0x14A0,il2cpp,static-observed,7.1 bulk registry type-slot construction sequence
657,0x57F43D0,0x7F7FC82,0x7F7FC89,0x14A8,il2cpp,static-observed,7.1 bulk registry type-slot construction sequence
658,0x57F43D8,0x7F7FC90,0x7F7FC97,0x14B0,il2cpp,static-observed,7.1 bulk registry type-slot construction sequence
659,0x57F43E0,0x7F7FC9E,0x7F7FCA5,0x14B8,il2cpp,static-observed,7.1 bulk registry type-slot construction sequence
660,0x57F43E8,0x7F7FCAC,0x7F7FCB3,0x14C0,il2cpp,static-observed,7.1 bulk registry type-slot construction sequence
661,0x57DADE8,0x7F7FCBA,0x7F7FCC1,0x14C8,il2cpp,static-observed,7.1 bulk registry type-slot construction sequence
662,0x57F43F0,0x7F7FCC8,0x7F7FCCF,0x14D0,il2cpp,static-observed,7.1 bulk registry type-slot construction sequence
663,0x57F43F8,0x7F7FCD6,0x7F7FCDD,0x14D8,il2cpp,static-observed,7.1 bulk registry type-slot construction sequence
664,0x57F4400,0x7F7FCE4,0x7F7FCEB,0x14E0,il2cpp,static-observed,7.1 bulk registry type-slot construction sequence
665,0x57F4408,0x7F7FCF2,0x7F7FCF9,0x14E8,il2cpp,static-observed,7.1 bulk registry type-slot construction sequence
666,0x57F4410,0x7F7FD00,0x7F7FD07,0x14F0,il2cpp,static-observed,7.1 bulk registry type-slot construction sequence
667,0x57F33A0,0x7F7FD0E,0x7F7FD15,0x14F8,il2cpp,static-observed,7.1 bulk registry type-slot construction sequence
668,0x57F1710,0x7F7FD1C,0x7F7FD23,0x1500,il2cpp,static-observed,7.1 bulk registry type-slot construction sequence
669,0x57E2D60,0x7F7FD2A,0x7F7FD31,0x1508,il2cpp,static-observed,7.1 bulk registry type-slot construction sequence
670,0x57E9B80,0x7F7FD38,0x7F7FD3F,0x1510,il2cpp,static-observed,7.1 bulk registry type-slot construction sequence
671,0x57DCE18,0x7F7FD46,0x7F7FD4D,0x1518,il2cpp,static-observed,7.1 bulk registry type-slot construction sequence
672,0x57DCAF8,0x7F7FD54,0x7F7FD5B,0x1520,il2cpp,static-observed,7.1 bulk registry type-slot construction sequence
673,0x57F4418,0x7F7FD62,0x7F7FD69,0x1528,il2cpp,static-observed,7.1 bulk registry type-slot construction sequence
674,0x57F4420,0x7F7FD70,0x7F7FD77,0x1530,il2cpp,static-observed,7.1 bulk registry type-slot construction sequence
675,0x57F4428,0x7F7FD7E,0x7F7FD85,0x1538,il2cpp,static-observed,7.1 bulk registry type-slot construction sequence
676,0x57F4430,0x7F7FD8C,0x7F7FD93,0x1540,il2cpp,static-observed,7.1 bulk registry type-slot construction sequence
677,0x57F4438,0x7F7FD9A,0x7F7FDA1,0x1548,il2cpp,static-observed,7.1 bulk registry type-slot construction sequence
678,0x57CC6F8,0x7F7FDA8,0x7F7FDAF,0x1550,il2cpp,static-observed,7.1 bulk registry type-slot construction sequence
679,0x57DCA50,0x7F7FDB6,0x7F7FDBD,0x1558,il2cpp,static-observed,7.1 bulk registry type-slot construction sequence
680,0x57F4440,0x7F7FDC4,0x7F7FDCB,0x1560,il2cpp,static-observed,7.1 bulk registry type-slot construction sequence
681,0x57F4448,0x7F7FDD2,0x7F7FDD9,0x1568,il2cpp,static-observed,7.1 bulk registry type-slot construction sequence
682,0x57F27D0,0x7F7FDE0,0x7F7FDE7,0x1570,il2cpp,static-observed,7.1 bulk registry type-slot construction sequence
683,0x57D0170,0x7F7FDEE,0x7F7FDF5,0x1578,il2cpp,static-observed,7.1 bulk registry type-slot construction sequence
684,0x57F4458,0x7F7FDFC,0x7F7FE03,0x1580,il2cpp,static-observed,7.1 bulk registry type-slot construction sequence
685,0x57F4460,0x7F7FE0A,0x7F7FE11,0x1588,il2cpp,static-observed,7.1 bulk registry type-slot construction sequence
686,0x57D4128,0x7F7FE18,0x7F7FE1F,0x1590,il2cpp,static-observed,7.1 bulk registry type-slot construction sequence
687,0x57F4468,0x7F7FE26,0x7F7FE2D,0x1598,il2cpp,static-observed,7.1 bulk registry type-slot construction sequence
688,0x57DDCC0,0x7F7FE34,0x7F7FE3B,0x15A0,il2cpp,static-observed,7.1 bulk registry type-slot construction sequence
689,0x57F4470,0x7F7FE42,0x7F7FE49,0x15A8,il2cpp,static-observed,7.1 bulk registry type-slot construction sequence
690,0x57AF668,0x7F7FE50,0x7F7FE57,0x15B0,il2cpp,static-observed,7.1 bulk registry type-slot construction sequence
691,0x57F4478,0x7F7FE5E,0x7F7FE65,0x15B8,il2cpp,static-observed,7.1 bulk registry type-slot construction sequence
692,0x57E0648,0x7F7FE6C,0x7F7FE73,0x15C0,il2cpp,static-observed,7.1 bulk registry type-slot construction sequence
693,0x57B1560,0x7F7FE7A,0x7F7FE81,0x15C8,il2cpp,static-observed,7.1 bulk registry type-slot construction sequence
694,0x57F0B60,0x7F7FE88,0x7F7FE8F,0x15D0,il2cpp,static-observed,7.1 bulk registry type-slot construction sequence
695,0x57F4480,0x7F7FE96,0x7F7FE9D,0x15D8,il2cpp,static-observed,7.1 bulk registry type-slot construction sequence
696,0x57DD558,0x7F7FEA4,0x7F7FEAB,0x15E0,il2cpp,static-observed,7.1 bulk registry type-slot construction sequence
697,0x57F4488,0x7F7FEB2,0x7F7FEB9,0x15E8,il2cpp,static-observed,7.1 bulk registry type-slot construction sequence
698,0x57F4490,0x7F7FEC0,0x7F7FEC7,0x15F0,il2cpp,static-observed,7.1 bulk registry type-slot construction sequence
699,0x57F4498,0x7F7FECE,0x7F7FED5,0x15F8,il2cpp,static-observed,7.1 bulk registry type-slot construction sequence
700,0x57F44A0,0x7F7FEDC,0x7F7FEE3,0x1600,il2cpp,static-observed,7.1 bulk registry type-slot construction sequence
701,0x57F44A8,0x7F7FEEA,0x7F7FEF1,0x1608,il2cpp,static-observed,7.1 bulk registry type-slot construction sequence
702,0x57F44B0,0x7F7FEF8,0x7F7FEFF,0x1610,il2cpp,static-observed,7.1 bulk registry type-slot construction sequence
703,0x57F44B8,0x7F7FF06,0x7F7FF0D,0x1618,il2cpp,static-observed,7.1 bulk registry type-slot construction sequence
704,0x57F44C0,0x7F7FF14,0x7F7FF1B,0x1620,il2cpp,static-observed,7.1 bulk registry type-slot construction sequence
705,0x57F44C8,0x7F7FF22,0x7F7FF29,0x1628,il2cpp,static-observed,7.1 bulk registry type-slot construction sequence
706,0x57F44D0,0x7F7FF30,0x7F7FF37,0x1630,il2cpp,static-observed,7.1 bulk registry type-slot construction sequence
707,0x57F44D8,0x7F7FF3E,0x7F7FF45,0x1638,il2cpp,static-observed,7.1 bulk registry type-slot construction sequence
708,0x57F0DE8,0x7F7FF4C,0x7F7FF53,0x1640,il2cpp,static-observed,7.1 bulk registry type-slot construction sequence
709,0x57F44E0,0x7F7FF5A,0x7F7FF61,0x1648,il2cpp,static-observed,7.1 bulk registry type-slot construction sequence
710,0x57F44E8,0x7F7FF68,0x7F7FF6F,0x1650,il2cpp,static-observed,7.1 bulk registry type-slot construction sequence
711,0x57CDD88,0x7F7FF76,0x7F7FF7D,0x1658,il2cpp,static-observed,7.1 bulk registry type-slot construction sequence
712,0x57F44F0,0x7F7FF84,0x7F7FF8B,0x1660,il2cpp,static-observed,7.1 bulk registry type-slot construction sequence
713,0x57D9C10,0x7F7FF92,0x7F7FF99,0x1668,il2cpp,static-observed,7.1 bulk registry type-slot construction sequence
714,0x57EEC10,0x7F7FFA0,0x7F7FFA7,0x1670,il2cpp,static-observed,7.1 bulk registry type-slot construction sequence
715,0x57D61D0,0x7F7FFAE,0x7F7FFB5,0x1678,il2cpp,static-observed,7.1 bulk registry type-slot construction sequence
716,0x57E2600,0x7F7FFBC,0x7F7FFC3,0x1680,il2cpp,static-observed,7.1 bulk registry type-slot construction sequence
717,0x57B4CC8,0x7F7FFCA,0x7F7FFD1,0x1688,il2cpp,static-observed,7.1 bulk registry type-slot construction sequence
718,0x57F44F8,0x7F7FFD8,0x7F7FFDF,0x1690,il2cpp,static-observed,7.1 bulk registry type-slot construction sequence
719,0x57B56C8,0x7F7FFE6,0x7F7FFED,0x1698,il2cpp,static-observed,7.1 bulk registry type-slot construction sequence
720,0x57D7FA8,0x7F7FFF4,0x7F7FFFB,0x16A0,il2cpp,static-observed,7.1 bulk registry type-slot construction sequence
721,0x57C8A90,0x7F80002,0x7F80009,0x16A8,il2cpp,static-observed,7.1 bulk registry type-slot construction sequence
722,0x57F4500,0x7F80010,0x7F80017,0x16B0,il2cpp,static-observed,7.1 bulk registry type-slot construction sequence
723,0x57CC098,0x7F8001E,0x7F80025,0x16B8,il2cpp,static-observed,7.1 bulk registry type-slot construction sequence
724,0x57CD9C8,0x7F8002C,0x7F80033,0x16C0,il2cpp,static-observed,7.1 bulk registry type-slot construction sequence
725,0x57F4508,0x7F8003A,0x7F80041,0x16C8,il2cpp,static-observed,7.1 bulk registry type-slot construction sequence
726,0x57D3398,0x7F80048,0x7F8004F,0x16D0,il2cpp,static-observed,7.1 bulk registry type-slot construction sequence
727,0x57F4510,0x7F80056,0x7F8005D,0x16D8,il2cpp,static-observed,7.1 bulk registry type-slot construction sequence
728,0x57F4518,0x7F80064,0x7F8006B,0x16E0,il2cpp,static-observed,7.1 bulk registry type-slot construction sequence
729,0x57CBD98,0x7F80072,0x7F80079,0x16E8,il2cpp,static-observed,7.1 bulk registry type-slot construction sequence
730,0x57F4520,0x7F80080,0x7F80087,0x16F0,il2cpp,static-observed,7.1 bulk registry type-slot construction sequence
731,0x57F4528,0x7F8008E,0x7F80095,0x16F8,il2cpp,static-observed,7.1 bulk registry type-slot construction sequence
732,0x57F4530,0x7F8009C,0x7F800A3,0x1700,il2cpp,static-observed,7.1 bulk registry type-slot construction sequence
733,0x57EA910,0x7F800AA,0x7F800B1,0x1708,il2cpp,static-observed,7.1 bulk registry type-slot construction sequence
734,0x57F4538,0x7F800B8,0x7F800BF,0x1710,il2cpp,static-observed,7.1 bulk registry type-slot construction sequence
735,0x57F2E00,0x7F800C6,0x7F800CD,0x1718,il2cpp,static-observed,7.1 bulk registry type-slot construction sequence
736,0x57C6460,0x7F800D4,0x7F800DB,0x1720,il2cpp,static-observed,7.1 bulk registry type-slot construction sequence
737,0x57CAA78,0x7F800E2,0x7F800E9,0x1728,il2cpp,static-observed,7.1 bulk registry type-slot construction sequence
738,0x57CEE50,0x7F800F0,0x7F800F7,0x1730,il2cpp,static-observed,7.1 bulk registry type-slot construction sequence
739,0x57F4540,0x7F800FE,0x7F80105,0x1738,il2cpp,static-observed,7.1 bulk registry type-slot construction sequence
740,0x57F4548,0x7F8010C,0x7F80113,0x1740,il2cpp,static-observed,7.1 bulk registry type-slot construction sequence
741,0x57F16C8,0x7F8011A,0x7F80121,0x1748,il2cpp,static-observed,7.1 bulk registry type-slot construction sequence
742,0x57F4550,0x7F80128,0x7F8012F,0x1750,il2cpp,static-observed,7.1 bulk registry type-slot construction sequence
743,0x57F4558,0x7F80136,0x7F8013D,0x1758,il2cpp,static-observed,7.1 bulk registry type-slot construction sequence
744,0x57EBF38,0x7F80144,0x7F8014B,0x1760,il2cpp,static-observed,7.1 bulk registry type-slot construction sequence
745,0x57DB6A8,0x7F80152,0x7F80159,0x1768,il2cpp,static-observed,7.1 bulk registry type-slot construction sequence
746,0x57E31C8,0x7F80160,0x7F80167,0x1770,il2cpp,static-observed,7.1 bulk registry type-slot construction sequence
747,0x57F4560,0x7F8016E,0x7F80175,0x1778,il2cpp,static-observed,7.1 bulk registry type-slot construction sequence
748,0x57F4568,0x7F8017C,0x7F80183,0x1780,il2cpp,static-observed,7.1 bulk registry type-slot construction sequence
749,0x57F4570,0x7F8018A,0x7F80191,0x1788,il2cpp,static-observed,7.1 bulk registry type-slot construction sequence
750,0x57EEED8,0x7F80198,0x7F8019F,0x1790,il2cpp,static-observed,7.1 bulk registry type-slot construction sequence
751,0x57E1540,0x7F801A6,0x7F801AD,0x1798,il2cpp,static-observed,7.1 bulk registry type-slot construction sequence
752,0x57CD958,0x7F801B4,0x7F801BB,0x17A0,il2cpp,static-observed,7.1 bulk registry type-slot construction sequence
753,0x57F4578,0x7F801C2,0x7F801C9,0x17A8,il2cpp,static-observed,7.1 bulk registry type-slot construction sequence
754,0x57F4580,0x7F801D0,0x7F801D7,0x17B0,il2cpp,static-observed,7.1 bulk registry type-slot construction sequence
755,0x57F4588,0x7F801DE,0x7F801E5,0x17B8,il2cpp,static-observed,7.1 bulk registry type-slot construction sequence
756,0x57F4590,0x7F801EC,0x7F801F3,0x17C0,il2cpp,static-observed,7.1 bulk registry type-slot construction sequence
757,0x57F4598,0x7F801FA,0x7F80201,0x17C8,il2cpp,static-observed,7.1 bulk registry type-slot construction sequence
758,0x57DFD20,0x7F80208,0x7F8020F,0x17D0,il2cpp,static-observed,7.1 bulk registry type-slot construction sequence
759,0x57F45A0,0x7F80216,0x7F8021D,0x17D8,il2cpp,static-observed,7.1 bulk registry type-slot construction sequence
760,0x57D8CC0,0x7F80224,0x7F8022B,0x17E0,il2cpp,static-observed,7.1 bulk registry type-slot construction sequence
761,0x57F45A8,0x7F80232,0x7F80239,0x17E8,il2cpp,static-observed,7.1 bulk registry type-slot construction sequence
762,0x57F45B0,0x7F80240,0x7F80247,0x17F0,il2cpp,static-observed,7.1 bulk registry type-slot construction sequence
763,0x57F45B8,0x7F8024E,0x7F80255,0x17F8,il2cpp,static-observed,7.1 bulk registry type-slot construction sequence
764,0x57F3278,0x7F8025C,0x7F80263,0x1800,il2cpp,static-observed,7.1 bulk registry type-slot construction sequence
765,0x57CBFE8,0x7F8026A,0x7F80271,0x1808,il2cpp,static-observed,7.1 bulk registry type-slot construction sequence
766,0x57CDCA0,0x7F80278,0x7F8027F,0x1810,il2cpp,static-observed,7.1 bulk registry type-slot construction sequence
767,0x57B45C8,0x7F80286,0x7F8028D,0x1818,il2cpp,static-observed,7.1 bulk registry type-slot construction sequence
768,0x57F45C0,0x7F80294,0x7F8029B,0x1820,il2cpp,static-observed,7.1 bulk registry type-slot construction sequence
769,0x57F45C8,0x7F802A2,0x7F802A9,0x1828,il2cpp,static-observed,7.1 bulk registry type-slot construction sequence
770,0x57F45D0,0x7F802B0,0x7F802B7,0x1830,il2cpp,static-observed,7.1 bulk registry type-slot construction sequence
771,0x57F45D8,0x7F802BE,0x7F802C5,0x1838,il2cpp,static-observed,7.1 bulk registry type-slot construction sequence
772,0x57EC860,0x7F802CC,0x7F802D3,0x1840,il2cpp,static-observed,7.1 bulk registry type-slot construction sequence
773,0x57F45E0,0x7F802DA,0x7F802E1,0x1848,il2cpp,static-observed,7.1 bulk registry type-slot construction sequence
774,0x57F45E8,0x7F802E8,0x7F802EF,0x1850,il2cpp,static-observed,7.1 bulk registry type-slot construction sequence
775,0x57F45F0,0x7F802F6,0x7F802FD,0x1858,il2cpp,static-observed,7.1 bulk registry type-slot construction sequence
776,0x57F45F8,0x7F80304,0x7F8030B,0x1860,il2cpp,static-observed,7.1 bulk registry type-slot construction sequence
777,0x57F4600,0x7F80312,0x7F80319,0x1868,il2cpp,static-observed,7.1 bulk registry type-slot construction sequence
778,0x57F4608,0x7F80320,0x7F80327,0x1870,il2cpp,static-observed,7.1 bulk registry type-slot construction sequence
779,0x57D5DE8,0x7F8032E,0x7F80335,0x1878,il2cpp,static-observed,7.1 bulk registry type-slot construction sequence
780,0x57EF428,0x7F8033C,0x7F80343,0x1880,il2cpp,static-observed,7.1 bulk registry type-slot construction sequence
781,0x57E7CD8,0x7F8034A,0x7F80351,0x1888,il2cpp,static-observed,7.1 bulk registry type-slot construction sequence
782,0x57F4610,0x7F80358,0x7F8035F,0x1890,il2cpp,static-observed,7.1 bulk registry type-slot construction sequence
783,0x57EE3D8,0x7F80366,0x7F8036D,0x1898,il2cpp,static-observed,7.1 bulk registry type-slot construction sequence
784,0x57F4618,0x7F80374,0x7F8037B,0x18A0,il2cpp,static-observed,7.1 bulk registry type-slot construction sequence
785,0x57F4620,0x7F80382,0x7F80389,0x18A8,il2cpp,static-observed,7.1 bulk registry type-slot construction sequence
786,0x57F4628,0x7F80390,0x7F80397,0x18B0,il2cpp,static-observed,7.1 bulk registry type-slot construction sequence
787,0x57CE870,0x7F8039E,0x7F803A5,0x18B8,il2cpp,static-observed,7.1 bulk registry type-slot construction sequence
788,0x57F4630,0x7F803AC,0x7F803B3,0x18C0,il2cpp,static-observed,7.1 bulk registry type-slot construction sequence
789,0x57C9950,0x7F803BA,0x7F803C1,0x18C8,il2cpp,static-observed,7.1 bulk registry type-slot construction sequence
790,0x57D2710,0x7F803C8,0x7F803CF,0x18D0,il2cpp,static-observed,7.1 bulk registry type-slot construction sequence
791,0x57F4638,0x7F803D6,0x7F803DD,0x18D8,il2cpp,static-observed,7.1 bulk registry type-slot construction sequence
792,0x57EB4B0,0x7F803E4,0x7F803EB,0x18E0,il2cpp,static-observed,7.1 bulk registry type-slot construction sequence
793,0x57F4640,0x7F803F2,0x7F803F9,0x18E8,il2cpp,static-observed,7.1 bulk registry type-slot construction sequence
794,0x57F4648,0x7F80400,0x7F80407,0x18F0,il2cpp,static-observed,7.1 bulk registry type-slot construction sequence
795,0x57F1848,0x7F8040E,0x7F80415,0x18F8,il2cpp,static-observed,7.1 bulk registry type-slot construction sequence
796,0x57E8AD0,0x7F8041C,0x7F80423,0x1900,il2cpp,static-observed,7.1 bulk registry type-slot construction sequence
797,0x57F4650,0x7F8042A,0x7F80431,0x1908,il2cpp,static-observed,7.1 bulk registry type-slot construction sequence
798,0x57F4658,0x7F80438,0x7F8043F,0x1910,il2cpp,static-observed,7.1 bulk registry type-slot construction sequence
799,0x57F4660,0x7F80446,0x7F8044D,0x1918,il2cpp,static-observed,7.1 bulk registry type-slot construction sequence
800,0x57E38A0,0x7F80454,0x7F8045B,0x1920,il2cpp,static-observed,7.1 bulk registry type-slot construction sequence
801,0x57B4850,0x7F80462,0x7F80469,0x1928,il2cpp,static-observed,7.1 bulk registry type-slot construction sequence
802,0x57EC998,0x7F80470,0x7F80477,0x1930,il2cpp,static-observed,7.1 bulk registry type-slot construction sequence
803,0x57F4668,0x7F8047E,0x7F80485,0x1938,il2cpp,static-observed,7.1 bulk registry type-slot construction sequence
804,0x57F4670,0x7F8048C,0x7F80493,0x1940,il2cpp,static-observed,7.1 bulk registry type-slot construction sequence
805,0x57F1E50,0x7F8049A,0x7F804A1,0x1948,il2cpp,static-observed,7.1 bulk registry type-slot construction sequence
806,0x57F4678,0x7F804A8,0x7F804AF,0x1950,il2cpp,static-observed,7.1 bulk registry type-slot construction sequence
807,0x57EBCB8,0x7F804B6,0x7F804BD,0x1958,il2cpp,static-observed,7.1 bulk registry type-slot construction sequence
808,0x57E3060,0x7F804C4,0x7F804CB,0x1960,il2cpp,static-observed,7.1 bulk registry type-slot construction sequence
809,0x57F4680,0x7F804D2,0x7F804D9,0x1968,il2cpp,static-observed,7.1 bulk registry type-slot construction sequence
810,0x57D13F8,0x7F804E0,0x7F804E7,0x1970,il2cpp,static-observed,7.1 bulk registry type-slot construction sequence
811,0x57EE548,0x7F804EE,0x7F804F5,0x1978,il2cpp,static-observed,7.1 bulk registry type-slot construction sequence
812,0x57C7460,0x7F804FC,0x7F80503,0x1980,il2cpp,static-observed,7.1 bulk registry type-slot construction sequence
813,0x57E6E48,0x7F8050A,0x7F80511,0x1988,il2cpp,static-observed,7.1 bulk registry type-slot construction sequence
814,0x57F4688,0x7F80518,0x7F8051F,0x1990,il2cpp,static-observed,7.1 bulk registry type-slot construction sequence
815,0x57CA988,0x7F80526,0x7F8052D,0x1998,il2cpp,static-observed,7.1 bulk registry type-slot construction sequence
816,0x57F4690,0x7F80534,0x7F8053B,0x19A0,il2cpp,static-observed,7.1 bulk registry type-slot construction sequence
817,0x57F4698,0x7F80542,0x7F80549,0x19A8,il2cpp,static-observed,7.1 bulk registry type-slot construction sequence
818,0x57E5380,0x7F80550,0x7F80557,0x19B0,il2cpp,static-observed,7.1 bulk registry type-slot construction sequence
819,0x57F46A0,0x7F8055E,0x7F80565,0x19B8,il2cpp,static-observed,7.1 bulk registry type-slot construction sequence
820,0x57F46A8,0x7F8056C,0x7F80573,0x19C0,il2cpp,static-observed,7.1 bulk registry type-slot construction sequence
821,0x57F46B0,0x7F8057A,0x7F80581,0x19C8,il2cpp,static-observed,7.1 bulk registry type-slot construction sequence
822,0x57E4AC0,0x7F80588,0x7F8058F,0x19D0,il2cpp,static-observed,7.1 bulk registry type-slot construction sequence
823,0x57F46B8,0x7F80596,0x7F8059D,0x19D8,il2cpp,static-observed,7.1 bulk registry type-slot construction sequence
824,0x57F46C0,0x7F805A4,0x7F805AB,0x19E0,il2cpp,static-observed,7.1 bulk registry type-slot construction sequence
825,0x57DB400,0x7F805B2,0x7F805B9,0x19E8,il2cpp,static-observed,7.1 bulk registry type-slot construction sequence
826,0x57F46C8,0x7F805C0,0x7F805C7,0x19F0,il2cpp,static-observed,7.1 bulk registry type-slot construction sequence
827,0x57EEB68,0x7F805CE,0x7F805D5,0x19F8,il2cpp,static-observed,7.1 bulk registry type-slot construction sequence
828,0x57DD210,0x7F805DC,0x7F805E3,0x1A00,il2cpp,static-observed,7.1 bulk registry type-slot construction sequence
829,0x57F46D0,0x7F805EA,0x7F805F1,0x1A08,il2cpp,static-observed,7.1 bulk registry type-slot construction sequence
830,0x57F3528,0x7F805F8,0x7F805FF,0x1A10,il2cpp,static-observed,7.1 bulk registry type-slot construction sequence
831,0x57C6F88,0x7F80606,0x7F8060D,0x1A18,il2cpp,static-observed,7.1 bulk registry type-slot construction sequence
832,0x57E3600,0x7F80614,0x7F8061B,0x1A20,il2cpp,static-observed,7.1 bulk registry type-slot construction sequence
833,0x57AE318,0x7F80622,0x7F80629,0x1A28,il2cpp,static-observed,7.1 bulk registry type-slot construction sequence
834,0x57F46D8,0x7F80630,0x7F80637,0x1A30,il2cpp,static-observed,7.1 bulk registry type-slot construction sequence
835,0x57DFA38,0x7F8063E,0x7F80645,0x1A38,il2cpp,static-observed,7.1 bulk registry type-slot construction sequence
836,0x57F46E0,0x7F8064C,0x7F80653,0x1A40,il2cpp,static-observed,7.1 bulk registry type-slot construction sequence
837,0x57F46E8,0x7F8065A,0x7F80661,0x1A48,il2cpp,static-observed,7.1 bulk registry type-slot construction sequence
838,0x57F46F0,0x7F80668,0x7F8066F,0x1A50,il2cpp,static-observed,7.1 bulk registry type-slot construction sequence
839,0x57D9B30,0x7F80676,0x7F8067D,0x1A58,il2cpp,static-observed,7.1 bulk registry type-slot construction sequence
840,0x57F1708,0x7F80684,0x7F8068B,0x1A60,il2cpp,static-observed,7.1 bulk registry type-slot construction sequence
841,0x57F46F8,0x7F80692,0x7F80699,0x1A68,il2cpp,static-observed,7.1 bulk registry type-slot construction sequence
842,0x57CCAE8,0x7F806A0,0x7F806A7,0x1A70,il2cpp,static-observed,7.1 bulk registry type-slot construction sequence
843,0x57F4700,0x7F806AE,0x7F806B5,0x1A78,il2cpp,static-observed,7.1 bulk registry type-slot construction sequence
844,0x57F4708,0x7F806BC,0x7F806C3,0x1A80,il2cpp,static-observed,7.1 bulk registry type-slot construction sequence
845,0x57B08D8,0x7F806CA,0x7F806D1,0x1A88,il2cpp,static-observed,7.1 bulk registry type-slot construction sequence
846,0x57F4710,0x7F806D8,0x7F806DF,0x1A90,il2cpp,static-observed,7.1 bulk registry type-slot construction sequence
847,0x57F4718,0x7F806E6,0x7F806ED,0x1A98,il2cpp,static-observed,7.1 bulk registry type-slot construction sequence
848,0x57F4720,0x7F806F4,0x7F806FB,0x1AA0,il2cpp,static-observed,7.1 bulk registry type-slot construction sequence
849,0x57C5B58,0x7F80702,0x7F80709,0x1AA8,il2cpp,static-observed,7.1 bulk registry type-slot construction sequence
850,0x57F4728,0x7F80710,0x7F80717,0x1AB0,il2cpp,static-observed,7.1 bulk registry type-slot construction sequence
851,0x57F4730,0x7F8071E,0x7F80725,0x1AB8,il2cpp,static-observed,7.1 bulk registry type-slot construction sequence
852,0x57EA000,0x7F8072C,0x7F80733,0x1AC0,il2cpp,static-observed,7.1 bulk registry type-slot construction sequence
853,0x57F4738,0x7F8073A,0x7F80741,0x1AC8,il2cpp,static-observed,7.1 bulk registry type-slot construction sequence
854,0x57CC9A0,0x7F80748,0x7F8074F,0x1AD0,il2cpp,static-observed,7.1 bulk registry type-slot construction sequence
855,0x57F4740,0x7F80756,0x7F8075D,0x1AD8,il2cpp,static-observed,7.1 bulk registry type-slot construction sequence
856,0x57EEC70,0x7F80764,0x7F8076B,0x1AE0,il2cpp,static-observed,7.1 bulk registry type-slot construction sequence
857,0x57F4748,0x7F80772,0x7F80779,0x1AE8,il2cpp,static-observed,7.1 bulk registry type-slot construction sequence
858,0x57F4750,0x7F80780,0x7F80787,0x1AF0,il2cpp,static-observed,7.1 bulk registry type-slot construction sequence
859,0x57F4758,0x7F8078E,0x7F80795,0x1AF8,il2cpp,static-observed,7.1 bulk registry type-slot construction sequence
860,0x57F4760,0x7F8079C,0x7F807A3,0x1B00,il2cpp,static-observed,7.1 bulk registry type-slot construction sequence
861,0x57CC990,0x7F807AA,0x7F807B1,0x1B08,il2cpp,static-observed,7.1 bulk registry type-slot construction sequence
862,0x57DCEC8,0x7F807B8,0x7F807BF,0x1B10,il2cpp,static-observed,7.1 bulk registry type-slot construction sequence
863,0x57F4768,0x7F807C6,0x7F807CD,0x1B18,il2cpp,static-observed,7.1 bulk registry type-slot construction sequence
864,0x57F4770,0x7F807D4,0x7F807DB,0x1B20,il2cpp,static-observed,7.1 bulk registry type-slot construction sequence
865,0x57DB608,0x7F807E2,0x7F807E9,0x1B28,il2cpp,static-observed,7.1 bulk registry type-slot construction sequence
866,0x57F4778,0x7F807F0,0x7F807F7,0x1B30,il2cpp,static-observed,7.1 bulk registry type-slot construction sequence
867,0x57F4780,0x7F807FE,0x7F80805,0x1B38,il2cpp,static-observed,7.1 bulk registry type-slot construction sequence
868,0x57F4788,0x7F8080C,0x7F80813,0x1B40,il2cpp,static-observed,7.1 bulk registry type-slot construction sequence
869,0x57F4790,0x7F8081A,0x7F80821,0x1B48,il2cpp,static-observed,7.1 bulk registry type-slot construction sequence
870,0x57CE4E8,0x7F80828,0x7F8082F,0x1B50,il2cpp,static-observed,7.1 bulk registry type-slot construction sequence
871,0x57F4798,0x7F80836,0x7F8083D,0x1B58,il2cpp,static-observed,7.1 bulk registry type-slot construction sequence
872,0x57F47A0,0x7F80844,0x7F8084B,0x1B60,il2cpp,static-observed,7.1 bulk registry type-slot construction sequence
873,0x57EF978,0x7F80852,0x7F80859,0x1B68,il2cpp,static-observed,7.1 bulk registry type-slot construction sequence
874,0x57EF578,0x7F80860,0x7F80867,0x1B70,il2cpp,static-observed,7.1 bulk registry type-slot construction sequence
875,0x57B4A40,0x7F8086E,0x7F80875,0x1B78,il2cpp,static-observed,7.1 bulk registry type-slot construction sequence
876,0x57F47A8,0x7F8087C,0x7F80883,0x1B80,il2cpp,static-observed,7.1 bulk registry type-slot construction sequence
877,0x57EEEE0,0x7F8088A,0x7F80891,0x1B88,il2cpp,static-observed,7.1 bulk registry type-slot construction sequence
878,0x57F47B0,0x7F80898,0x7F8089F,0x1B90,il2cpp,static-observed,7.1 bulk registry type-slot construction sequence
879,0x57F47B8,0x7F808A6,0x7F808AD,0x1B98,il2cpp,static-observed,7.1 bulk registry type-slot construction sequence
880,0x57F47C0,0x7F808B4,0x7F808BB,0x1BA0,il2cpp,static-observed,7.1 bulk registry type-slot construction sequence
881,0x57F47C8,0x7F808C2,0x7F808C9,0x1BA8,il2cpp,static-observed,7.1 bulk registry type-slot construction sequence
882,0x57F47D0,0x7F808D0,0x7F808D7,0x1BB0,il2cpp,static-observed,7.1 bulk registry type-slot construction sequence
883,0x57F47D8,0x7F808DE,0x7F808E5,0x1BB8,il2cpp,static-observed,7.1 bulk registry type-slot construction sequence
884,0x57F47E0,0x7F808EC,0x7F808F3,0x1BC0,il2cpp,static-observed,7.1 bulk registry type-slot construction sequence
885,0x57F47E8,0x7F808FA,0x7F80901,0x1BC8,il2cpp,static-observed,7.1 bulk registry type-slot construction sequence
886,0x57B3010,0x7F80908,0x7F8090F,0x1BD0,il2cpp,static-observed,7.1 bulk registry type-slot construction sequence
887,0x57CC910,0x7F80916,0x7F8091D,0x1BD8,il2cpp,static-observed,7.1 bulk registry type-slot construction sequence
888,0x57F47F0,0x7F80924,0x7F8092B,0x1BE0,il2cpp,static-observed,7.1 bulk registry type-slot construction sequence
889,0x57F47F8,0x7F80932,0x7F80939,0x1BE8,il2cpp,static-observed,7.1 bulk registry type-slot construction sequence
890,0x57F4800,0x7F80940,0x7F80947,0x1BF0,il2cpp,static-observed,7.1 bulk registry type-slot construction sequence
891,0x57F4808,0x7F8094E,0x7F80955,0x1BF8,il2cpp,static-observed,7.1 bulk registry type-slot construction sequence
892,0x57F4810,0x7F8095C,0x7F80963,0x1C00,il2cpp,static-observed,7.1 bulk registry type-slot construction sequence
893,0x57CC620,0x7F8096A,0x7F80971,0x1C08,il2cpp,static-observed,7.1 bulk registry type-slot construction sequence
894,0x57F4818,0x7F80978,0x7F8097F,0x1C10,il2cpp,static-observed,7.1 bulk registry type-slot construction sequence
895,0x57F4820,0x7F80986,0x7F8098D,0x1C18,il2cpp,static-observed,7.1 bulk registry type-slot construction sequence
896,0x57F4828,0x7F80994,0x7F8099B,0x1C20,il2cpp,static-observed,7.1 bulk registry type-slot construction sequence
897,0x57D3DB8,0x7F809A2,0x7F809A9,0x1C28,il2cpp,static-observed,7.1 bulk registry type-slot construction sequence
898,0x57E63E0,0x7F809B0,0x7F809B7,0x1C30,il2cpp,static-observed,7.1 bulk registry type-slot construction sequence
899,0x57F1730,0x7F809BE,0x7F809C5,0x1C38,il2cpp,static-observed,7.1 bulk registry type-slot construction sequence
900,0x57F4830,0x7F809CC,0x7F809D3,0x1C40,il2cpp,static-observed,7.1 bulk registry type-slot construction sequence
901,0x57E2BF8,0x7F809DA,0x7F809E1,0x1C48,il2cpp,static-observed,7.1 bulk registry type-slot construction sequence
902,0x57DB2A8,0x7F809E8,0x7F809EF,0x1C50,il2cpp,static-observed,7.1 bulk registry type-slot construction sequence
903,0x57F4838,0x7F809F6,0x7F809FD,0x1C58,il2cpp,static-observed,7.1 bulk registry type-slot construction sequence
904,0x57F4840,0x7F80A04,0x7F80A0B,0x1C60,il2cpp,static-observed,7.1 bulk registry type-slot construction sequence
905,0x57F4848,0x7F80A12,0x7F80A19,0x1C68,il2cpp,static-observed,7.1 bulk registry type-slot construction sequence
906,0x57DB9F0,0x7F80A20,0x7F80A27,0x1C70,il2cpp,static-observed,7.1 bulk registry type-slot construction sequence
907,0x57B1030,0x7F80A2E,0x7F80A35,0x1C78,il2cpp,static-observed,7.1 bulk registry type-slot construction sequence
908,0x57F4850,0x7F80A3C,0x7F80A43,0x1C80,il2cpp,static-observed,7.1 bulk registry type-slot construction sequence
909,0x57F4858,0x7F80A4A,0x7F80A51,0x1C88,il2cpp,static-observed,7.1 bulk registry type-slot construction sequence
910,0x57F4860,0x7F80A58,0x7F80A5F,0x1C90,il2cpp,static-observed,7.1 bulk registry type-slot construction sequence
911,0x57F4868,0x7F80A66,0x7F80A6D,0x1C98,il2cpp,static-observed,7.1 bulk registry type-slot construction sequence
912,0x57F4870,0x7F80A74,0x7F80A7B,0x1CA0,il2cpp,static-observed,7.1 bulk registry type-slot construction sequence
913,0x57F4878,0x7F80A82,0x7F80A89,0x1CA8,il2cpp,static-observed,7.1 bulk registry type-slot construction sequence
914,0x57F4880,0x7F80A90,0x7F80A97,0x1CB0,il2cpp,static-observed,7.1 bulk registry type-slot construction sequence
915,0x57F4888,0x7F80A9E,0x7F80AA5,0x1CB8,il2cpp,static-observed,7.1 bulk registry type-slot construction sequence
916,0x57F3040,0x7F80AAC,0x7F80AB3,0x1CC0,il2cpp,static-observed,7.1 bulk registry type-slot construction sequence
917,0x57F4890,0x7F80ABA,0x7F80AC1,0x1CC8,il2cpp,static-observed,7.1 bulk registry type-slot construction sequence
918,0x57F1098,0x7F80AC8,0x7F80ACF,0x1CD0,il2cpp,static-observed,7.1 bulk registry type-slot construction sequence
919,0x57F4898,0x7F80AD6,0x7F80ADD,0x1CD8,il2cpp,static-observed,7.1 bulk registry type-slot construction sequence
920,0x57F48A0,0x7F80AE4,0x7F80AEB,0x1CE0,il2cpp,static-observed,7.1 bulk registry type-slot construction sequence
921,0x57F48A8,0x7F80AF2,0x7F80AF9,0x1CE8,il2cpp,static-observed,7.1 bulk registry type-slot construction sequence
922,0x57F48B0,0x7F80B00,0x7F80B07,0x1CF0,il2cpp,static-observed,7.1 bulk registry type-slot construction sequence
923,0x57F48B8,0x7F80B0E,0x7F80B15,0x1CF8,il2cpp,static-observed,7.1 bulk registry type-slot construction sequence
924,0x57E1660,0x7F80B1C,0x7F80B23,0x1D00,il2cpp,static-observed,7.1 bulk registry type-slot construction sequence
925,0x57F48C0,0x7F80B2A,0x7F80B31,0x1D08,il2cpp,static-observed,7.1 bulk registry type-slot construction sequence
926,0x57C8E80,0x7F80B38,0x7F80B3F,0x1D10,il2cpp,static-observed,7.1 bulk registry type-slot construction sequence
927,0x57F48C8,0x7F80B46,0x7F80B4D,0x1D18,il2cpp,static-observed,7.1 bulk registry type-slot construction sequence
928,0x57F48D0,0x7F80B54,0x7F80B5B,0x1D20,il2cpp,static-observed,7.1 bulk registry type-slot construction sequence
929,0x57F48D8,0x7F80B62,0x7F80B69,0x1D28,il2cpp,static-observed,7.1 bulk registry type-slot construction sequence
930,0x57F48E0,0x7F80B70,0x7F80B77,0x1D30,il2cpp,static-observed,7.1 bulk registry type-slot construction sequence
931,0x57F48E8,0x7F80B7E,0x7F80B85,0x1D38,il2cpp,static-observed,7.1 bulk registry type-slot construction sequence
932,0x57E70C0,0x7F80B8C,0x7F80B93,0x1D40,il2cpp,static-observed,7.1 bulk registry type-slot construction sequence
933,0x57F48F0,0x7F80B9A,0x7F80BA1,0x1D48,il2cpp,static-observed,7.1 bulk registry type-slot construction sequence
934,0x57F48F8,0x7F80BA8,0x7F80BAF,0x1D50,il2cpp,static-observed,7.1 bulk registry type-slot construction sequence
935,0x57DF5C8,0x7F80BB6,0x7F80BBD,0x1D58,il2cpp,static-observed,7.1 bulk registry type-slot construction sequence
936,0x57CCBF0,0x7F80BC4,0x7F80BCB,0x1D60,il2cpp,static-observed,7.1 bulk registry type-slot construction sequence
937,0x57F4900,0x7F80BD2,0x7F80BD9,0x1D68,il2cpp,static-observed,7.1 bulk registry type-slot construction sequence
938,0x57E3C88,0x7F80BE0,0x7F80BE7,0x1D70,il2cpp,static-observed,7.1 bulk registry type-slot construction sequence
939,0x57F4908,0x7F80BEE,0x7F80BF5,0x1D78,il2cpp,static-observed,7.1 bulk registry type-slot construction sequence
940,0x57F4910,0x7F80BFC,0x7F80C03,0x1D80,il2cpp,static-observed,7.1 bulk registry type-slot construction sequence
941,0x57F4918,0x7F80C0A,0x7F80C11,0x1D88,il2cpp,static-observed,7.1 bulk registry type-slot construction sequence
942,0x57C6BF8,0x7F80C18,0x7F80C1F,0x1D90,il2cpp,static-observed,7.1 bulk registry type-slot construction sequence
943,0x57F4920,0x7F80C26,0x7F80C2D,0x1D98,il2cpp,static-observed,7.1 bulk registry type-slot construction sequence
944,0x57F4928,0x7F80C34,0x7F80C3B,0x1DA0,il2cpp,static-observed,7.1 bulk registry type-slot construction sequence
945,0x57F4930,0x7F80C42,0x7F80C49,0x1DA8,il2cpp,static-observed,7.1 bulk registry type-slot construction sequence
946,0x57DCFD8,0x7F80C50,0x7F80C57,0x1DB0,il2cpp,static-observed,7.1 bulk registry type-slot construction sequence
947,0x57F4938,0x7F80C5E,0x7F80C65,0x1DB8,il2cpp,static-observed,7.1 bulk registry type-slot construction sequence
948,0x57F4940,0x7F80C6C,0x7F80C73,0x1DC0,il2cpp,static-observed,7.1 bulk registry type-slot construction sequence
949,0x57F4948,0x7F80C7A,0x7F80C81,0x1DC8,il2cpp,static-observed,7.1 bulk registry type-slot construction sequence
950,0x57D6E18,0x7F80C88,0x7F80C8F,0x1DD0,il2cpp,static-observed,7.1 bulk registry type-slot construction sequence
951,0x57F4950,0x7F80C96,0x7F80C9D,0x1DD8,il2cpp,static-observed,7.1 bulk registry type-slot construction sequence
952,0x57F4958,0x7F80CA4,0x7F80CAB,0x1DE0,il2cpp,static-observed,7.1 bulk registry type-slot construction sequence
953,0x57F4960,0x7F80CB2,0x7F80CB9,0x1DE8,il2cpp,static-observed,7.1 bulk registry type-slot construction sequence
954,0x57F4968,0x7F80CC0,0x7F80CC7,0x1DF0,il2cpp,static-observed,7.1 bulk registry type-slot construction sequence
955,0x57D62A0,0x7F80CCE,0x7F80CD5,0x1DF8,il2cpp,static-observed,7.1 bulk registry type-slot construction sequence
956,0x57F4970,0x7F80CDC,0x7F80CE3,0x1E00,il2cpp,static-observed,7.1 bulk registry type-slot construction sequence
957,0x57CFE48,0x7F80CEA,0x7F80CF1,0x1E08,il2cpp,static-observed,7.1 bulk registry type-slot construction sequence
958,0x57F4978,0x7F80CF8,0x7F80CFF,0x1E10,il2cpp,static-observed,7.1 bulk registry type-slot construction sequence
959,0x57D0AF0,0x7F80D06,0x7F80D0D,0x1E18,il2cpp,static-observed,7.1 bulk registry type-slot construction sequence
960,0x57F4980,0x7F80D14,0x7F80D1B,0x1E20,il2cpp,static-observed,7.1 bulk registry type-slot construction sequence
961,0x57F4988,0x7F80D22,0x7F80D29,0x1E28,il2cpp,static-observed,7.1 bulk registry type-slot construction sequence
962,0x57F4990,0x7F80D30,0x7F80D37,0x1E30,il2cpp,static-observed,7.1 bulk registry type-slot construction sequence
963,0x57F1000,0x7F80D3E,0x7F80D45,0x1E38,il2cpp,static-observed,7.1 bulk registry type-slot construction sequence
964,0x57F4998,0x7F80D4C,0x7F80D53,0x1E40,il2cpp,static-observed,7.1 bulk registry type-slot construction sequence
965,0x57F1758,0x7F80D5A,0x7F80D61,0x1E48,il2cpp,static-observed,7.1 bulk registry type-slot construction sequence
966,0x57D7CC0,0x7F80D68,0x7F80D6F,0x1E50,il2cpp,static-observed,7.1 bulk registry type-slot construction sequence
967,0x57F49A0,0x7F80D76,0x7F80D7D,0x1E58,il2cpp,static-observed,7.1 bulk registry type-slot construction sequence
968,0x57F49A8,0x7F80D84,0x7F80D8B,0x1E60,il2cpp,static-observed,7.1 bulk registry type-slot construction sequence
969,0x57F49B0,0x7F80D92,0x7F80D99,0x1E68,il2cpp,static-observed,7.1 bulk registry type-slot construction sequence
970,0x57DF2C0,0x7F80DA0,0x7F80DA7,0x1E70,il2cpp,static-observed,7.1 bulk registry type-slot construction sequence
971,0x57CCEF0,0x7F80DAE,0x7F80DB5,0x1E78,il2cpp,static-observed,7.1 bulk registry type-slot construction sequence
972,0x57F49B8,0x7F80DBC,0x7F80DC3,0x1E80,il2cpp,static-observed,7.1 bulk registry type-slot construction sequence
973,0x57F49C0,0x7F80DCA,0x7F80DD1,0x1E88,il2cpp,static-observed,7.1 bulk registry type-slot construction sequence
974,0x57F49C8,0x7F80DD8,0x7F80DDF,0x1E90,il2cpp,static-observed,7.1 bulk registry type-slot construction sequence
975,0x57D0B78,0x7F80DE6,0x7F80DED,0x1E98,il2cpp,static-observed,7.1 bulk registry type-slot construction sequence
976,0x57DBE40,0x7F80DF4,0x7F80DFB,0x1EA0,il2cpp,static-observed,7.1 bulk registry type-slot construction sequence
977,0x57D9708,0x7F80E02,0x7F80E09,0x1EA8,il2cpp,static-observed,7.1 bulk registry type-slot construction sequence
978,0x57F1760,0x7F80E10,0x7F80E17,0x1EB0,il2cpp,static-observed,7.1 bulk registry type-slot construction sequence
979,0x57E68B0,0x7F80E1E,0x7F80E25,0x1EB8,il2cpp,static-observed,7.1 bulk registry type-slot construction sequence
980,0x57EA420,0x7F80E2C,0x7F80E33,0x1EC0,il2cpp,static-observed,7.1 bulk registry type-slot construction sequence
981,0x57F49D0,0x7F80E3A,0x7F80E41,0x1EC8,il2cpp,static-observed,7.1 bulk registry type-slot construction sequence
982,0x57F49D8,0x7F80E48,0x7F80E4F,0x1ED0,il2cpp,static-observed,7.1 bulk registry type-slot construction sequence
983,0x57F49E0,0x7F80E56,0x7F80E5D,0x1ED8,il2cpp,static-observed,7.1 bulk registry type-slot construction sequence
984,0x57F49E8,0x7F80E64,0x7F80E6B,0x1EE0,il2cpp,static-observed,7.1 bulk registry type-slot construction sequence
985,0x57F49F0,0x7F80E72,0x7F80E79,0x1EE8,il2cpp,static-observed,7.1 bulk registry type-slot construction sequence
986,0x57F49F8,0x7F80E80,0x7F80E87,0x1EF0,il2cpp,static-observed,7.1 bulk registry type-slot construction sequence
987,0x57D1110,0x7F80E8E,0x7F80E95,0x1EF8,il2cpp,static-observed,7.1 bulk registry type-slot construction sequence
988,0x57EB938,0x7F80E9C,0x7F80EA3,0x1F00,il2cpp,static-observed,7.1 bulk registry type-slot construction sequence
989,0x57D9400,0x7F80EAA,0x7F80EB1,0x1F08,il2cpp,static-observed,7.1 bulk registry type-slot construction sequence
990,0x57F4A00,0x7F80EB8,0x7F80EBF,0x1F10,il2cpp,static-observed,7.1 bulk registry type-slot construction sequence
991,0x57F4A08,0x7F80EC6,0x7F80ECD,0x1F18,il2cpp,static-observed,7.1 bulk registry type-slot construction sequence
992,0x57F4A10,0x7F80ED4,0x7F80EDB,0x1F20,il2cpp,static-observed,7.1 bulk registry type-slot construction sequence
993,0x57F4A18,0x7F80EE2,0x7F80EE9,0x1F28,il2cpp,static-observed,7.1 bulk registry type-slot construction sequence
994,0x57F4A20,0x7F80EF0,0x7F80EF7,0x1F30,il2cpp,static-observed,7.1 bulk registry type-slot construction sequence
995,0x57F4A28,0x7F80EFE,0x7F80F05,0x1F38,il2cpp,static-observed,7.1 bulk registry type-slot construction sequence
996,0x57F4A30,0x7F80F0C,0x7F80F13,0x1F40,il2cpp,static-observed,7.1 bulk registry type-slot construction sequence
997,0x57EEE38,0x7F80F1A,0x7F80F21,0x1F48,il2cpp,static-observed,7.1 bulk registry type-slot construction sequence
998,0x57F4A38,0x7F80F28,0x7F80F2F,0x1F50,il2cpp,static-observed,7.1 bulk registry type-slot construction sequence
999,0x57C4F60,0x7F80F36,0x7F80F3D,0x1F58,il2cpp,static-observed,7.1 bulk registry type-slot construction sequence
1000,0x57EBE50,0x7F80F44,0x7F80F4B,0x1F60,il2cpp,static-observed,7.1 bulk registry type-slot construction sequence
1001,0x57F4A40,0x7F80F52,0x7F80F59,0x1F68,il2cpp,static-observed,7.1 bulk registry type-slot construction sequence
1002,0x57F4A48,0x7F80F60,0x7F80F67,0x1F70,il2cpp,static-observed,7.1 bulk registry type-slot construction sequence
1003,0x57F4A50,0x7F80F6E,0x7F80F75,0x1F78,il2cpp,static-observed,7.1 bulk registry type-slot construction sequence
1004,0x57F4A58,0x7F80F7C,0x7F80F83,0x1F80,il2cpp,static-observed,7.1 bulk registry type-slot construction sequence
1005,0x57F4A60,0x7F80F8A,0x7F80F91,0x1F88,il2cpp,static-observed,7.1 bulk registry type-slot construction sequence
1006,0x57D69D0,0x7F80F98,0x7F80F9F,0x1F90,il2cpp,static-observed,7.1 bulk registry type-slot construction sequence
1007,0x57F4A68,0x7F80FA6,0x7F80FAD,0x1F98,il2cpp,static-observed,7.1 bulk registry type-slot construction sequence
1008,0x57F10A0,0x7F80FB4,0x7F80FBB,0x1FA0,il2cpp,static-observed,7.1 bulk registry type-slot construction sequence
1009,0x57F4A70,0x7F80FC2,0x7F80FC9,0x1FA8,il2cpp,static-observed,7.1 bulk registry type-slot construction sequence
1010,0x57EA538,0x7F80FD0,0x7F80FD7,0x1FB0,il2cpp,static-observed,7.1 bulk registry type-slot construction sequence
1011,0x57F1C38,0x7F80FDE,0x7F80FE5,0x1FB8,il2cpp,static-observed,7.1 bulk registry type-slot construction sequence
1012,0x57F4A78,0x7F80FEC,0x7F80FF3,0x1FC0,il2cpp,static-observed,7.1 bulk registry type-slot construction sequence
1013,0x57F4A80,0x7F80FFA,0x7F81001,0x1FC8,il2cpp,static-observed,7.1 bulk registry type-slot construction sequence
1014,0x57DF350,0x7F81008,0x7F8100F,0x1FD0,il2cpp,static-observed,7.1 bulk registry type-slot construction sequence
1015,0x57F4A88,0x7F81016,0x7F8101D,0x1FD8,il2cpp,static-observed,7.1 bulk registry type-slot construction sequence
1016,0x57F4A90,0x7F81024,0x7F8102B,0x1FE0,il2cpp,static-observed,7.1 bulk registry type-slot construction sequence
1017,0x57E0538,0x7F81032,0x7F81039,0x1FE8,il2cpp,static-observed,7.1 bulk registry type-slot construction sequence
1018,0x57F4A98,0x7F81040,0x7F81047,0x1FF0,il2cpp,static-observed,7.1 bulk registry type-slot construction sequence
1019,0x57F3310,0x7F8104E,0x7F81055,0x1FF8,il2cpp,static-observed,7.1 bulk registry type-slot construction sequence
1020,0x57CDA18,0x7F8105C,0x7F81063,0x2000,il2cpp,static-observed,7.1 bulk registry type-slot construction sequence
1021,0x57ED578,0x7F8106A,0x7F81071,0x2008,il2cpp,static-observed,7.1 bulk registry type-slot construction sequence
1022,0x57D8A98,0x7F81078,0x7F8107F,0x2010,il2cpp,static-observed,7.1 bulk registry type-slot construction sequence
1023,0x57F4AA0,0x7F81086,0x7F8108D,0x2018,il2cpp,static-observed,7.1 bulk registry type-slot construction sequence
1024,0x57D79E8,0x7F81094,0x7F8109B,0x2020,il2cpp,static-observed,7.1 bulk registry type-slot construction sequence
1025,0x57C4BE0,0x7F810A2,0x7F810A9,0x2028,il2cpp,static-observed,7.1 bulk registry type-slot construction sequence
1026,0x57F4AA8,0x7F810B0,0x7F810B7,0x2030,il2cpp,static-observed,7.1 bulk registry type-slot construction sequence
1027,0x57EABC0,0x7F810BE,0x7F810C5,0x2038,il2cpp,static-observed,7.1 bulk registry type-slot construction sequence
1028,0x57F4AB0,0x7F810CC,0x7F810D3,0x2040,il2cpp,static-observed,7.1 bulk registry type-slot construction sequence
1029,0x57F1900,0x7F810DA,0x7F810E1,0x2048,il2cpp,static-observed,7.1 bulk registry type-slot construction sequence
1030,0x57F4AB8,0x7F810E8,0x7F810EF,0x2050,il2cpp,static-observed,7.1 bulk registry type-slot construction sequence
1031,0x57F4AC0,0x7F810F6,0x7F810FD,0x2058,il2cpp,static-observed,7.1 bulk registry type-slot construction sequence
1032,0x57F4AC8,0x7F81104,0x7F8110B,0x2060,il2cpp,static-observed,7.1 bulk registry type-slot construction sequence
1033,0x57C6CB8,0x7F81112,0x7F81119,0x2068,il2cpp,static-observed,7.1 bulk registry type-slot construction sequence
1034,0x57F4AD0,0x7F81120,0x7F81127,0x2070,il2cpp,static-observed,7.1 bulk registry type-slot construction sequence
1035,0x57CAFB8,0x7F8112E,0x7F81135,0x2078,il2cpp,static-observed,7.1 bulk registry type-slot construction sequence
1036,0x57CF848,0x7F8113C,0x7F81143,0x2080,il2cpp,static-observed,7.1 bulk registry type-slot construction sequence
1037,0x57F4AD8,0x7F8114A,0x7F81151,0x2088,il2cpp,static-observed,7.1 bulk registry type-slot construction sequence
1038,0x57F4AE0,0x7F81158,0x7F8115F,0x2090,il2cpp,static-observed,7.1 bulk registry type-slot construction sequence
1039,0x57C53C8,0x7F81166,0x7F8116D,0x2098,il2cpp,static-observed,7.1 bulk registry type-slot construction sequence
1040,0x57F4AE8,0x7F81174,0x7F8117B,0x20A0,il2cpp,static-observed,7.1 bulk registry type-slot construction sequence
1041,0x57E4458,0x7F81182,0x7F81189,0x20A8,il2cpp,static-observed,7.1 bulk registry type-slot construction sequence
1042,0x57F4AF0,0x7F81190,0x7F81197,0x20B0,il2cpp,static-observed,7.1 bulk registry type-slot construction sequence
1043,0x57F4AF8,0x7F8119E,0x7F811A5,0x20B8,il2cpp,static-observed,7.1 bulk registry type-slot construction sequence
1044,0x57F4B00,0x7F811AC,0x7F811B3,0x20C0,il2cpp,static-observed,7.1 bulk registry type-slot construction sequence
1045,0x57F4B08,0x7F811BA,0x7F811C1,0x20C8,il2cpp,static-observed,7.1 bulk registry type-slot construction sequence
1046,0x57ECF68,0x7F811C8,0x7F811CF,0x20D0,il2cpp,static-observed,7.1 bulk registry type-slot construction sequence
1047,0x57F4B10,0x7F811D6,0x7F811DD,0x20D8,il2cpp,static-observed,7.1 bulk registry type-slot construction sequence
1048,0x57F4B18,0x7F811E4,0x7F811EB,0x20E0,il2cpp,static-observed,7.1 bulk registry type-slot construction sequence
1049,0x57F4B20,0x7F811F2,0x7F811F9,0x20E8,il2cpp,static-observed,7.1 bulk registry type-slot construction sequence
1050,0x57F4B28,0x7F81200,0x7F81207,0x20F0,il2cpp,static-observed,7.1 bulk registry type-slot construction sequence
1051,0x57F4B30,0x7F8120E,0x7F81215,0x20F8,il2cpp,static-observed,7.1 bulk registry type-slot construction sequence
1052,0x57E32C8,0x7F8121C,0x7F81223,0x2100,il2cpp,static-observed,7.1 bulk registry type-slot construction sequence
1053,0x57B34C8,0x7F8122A,0x7F81231,0x2108,il2cpp,static-observed,7.1 bulk registry type-slot construction sequence
1054,0x57F4B38,0x7F81238,0x7F8123F,0x2110,il2cpp,static-observed,7.1 bulk registry type-slot construction sequence
1055,0x57F4B40,0x7F81246,0x7F8124D,0x2118,il2cpp,static-observed,7.1 bulk registry type-slot construction sequence
1056,0x57F4B48,0x7F81254,0x7F8125B,0x2120,il2cpp,static-observed,7.1 bulk registry type-slot construction sequence
1057,0x57F4B50,0x7F81262,0x7F81269,0x2128,il2cpp,static-observed,7.1 bulk registry type-slot construction sequence
1058,0x57F4B58,0x7F81270,0x7F81277,0x2130,il2cpp,static-observed,7.1 bulk registry type-slot construction sequence
1059,0x57F4B60,0x7F8127E,0x7F81285,0x2138,il2cpp,static-observed,7.1 bulk registry type-slot construction sequence
1060,0x57F4B68,0x7F8128C,0x7F81293,0x2140,il2cpp,static-observed,7.1 bulk registry type-slot construction sequence
1061,0x57F4B70,0x7F8129A,0x7F812A1,0x2148,il2cpp,static-observed,7.1 bulk registry type-slot construction sequence
1062,0x57F4B78,0x7F812A8,0x7F812AF,0x2150,il2cpp,static-observed,7.1 bulk registry type-slot construction sequence
1063,0x57E5578,0x7F812B6,0x7F812BD,0x2158,il2cpp,static-observed,7.1 bulk registry type-slot construction sequence
1064,0x57E3A10,0x7F812C4,0x7F812CB,0x2160,il2cpp,static-observed,7.1 bulk registry type-slot construction sequence
1065,0x57F4B80,0x7F812D2,0x7F812D9,0x2168,il2cpp,static-observed,7.1 bulk registry type-slot construction sequence
1066,0x57F4B88,0x7F812E0,0x7F812E7,0x2170,il2cpp,static-observed,7.1 bulk registry type-slot construction sequence
1067,0x57B2010,0x7F812EE,0x7F812F5,0x2178,il2cpp,static-observed,7.1 bulk registry type-slot construction sequence
1068,0x57F4B90,0x7F812FC,0x7F81303,0x2180,il2cpp,static-observed,7.1 bulk registry type-slot construction sequence
1069,0x57F4B98,0x7F8130A,0x7F81311,0x2188,il2cpp,static-observed,7.1 bulk registry type-slot construction sequence
1070,0x57F4BA0,0x7F81318,0x7F8131F,0x2190,il2cpp,static-observed,7.1 bulk registry type-slot construction sequence
1071,0x57E8968,0x7F81326,0x7F8132D,0x2198,il2cpp,static-observed,7.1 bulk registry type-slot construction sequence
1072,0x57F4BA8,0x7F81334,0x7F8133B,0x21A0,il2cpp,static-observed,7.1 bulk registry type-slot construction sequence
1073,0x57F4BB0,0x7F81342,0x7F81349,0x21A8,il2cpp,static-observed,7.1 bulk registry type-slot construction sequence
1074,0x57DB1B8,0x7F81350,0x7F81357,0x21B0,il2cpp,static-observed,7.1 bulk registry type-slot construction sequence
1075,0x57F4BB8,0x7F8135E,0x7F81365,0x21B8,il2cpp,static-observed,7.1 bulk registry type-slot construction sequence
1076,0x57F4BC0,0x7F8136C,0x7F81373,0x21C0,il2cpp,static-observed,7.1 bulk registry type-slot construction sequence
1077,0x57F4BC8,0x7F8137A,0x7F81381,0x21C8,il2cpp,static-observed,7.1 bulk registry type-slot construction sequence
1078,0x57B36D0,0x7F81388,0x7F8138F,0x21D0,il2cpp,static-observed,7.1 bulk registry type-slot construction sequence
1079,0x57F4BD0,0x7F81396,0x7F8139D,0x21D8,il2cpp,static-observed,7.1 bulk registry type-slot construction sequence
1080,0x57F4BD8,0x7F813A4,0x7F813AB,0x21E0,il2cpp,static-observed,7.1 bulk registry type-slot construction sequence
1081,0x57F4BE0,0x7F813B2,0x7F813B9,0x21E8,il2cpp,static-observed,7.1 bulk registry type-slot construction sequence
1082,0x57EC7F0,0x7F813C0,0x7F813C7,0x21F0,il2cpp,static-observed,7.1 bulk registry type-slot construction sequence
1083,0x57CC7B0,0x7F813CE,0x7F813D5,0x21F8,il2cpp,static-observed,7.1 bulk registry type-slot construction sequence
1084,0x57F4BE8,0x7F813DC,0x7F813E3,0x2200,il2cpp,static-observed,7.1 bulk registry type-slot construction sequence
1085,0x57D8090,0x7F813EA,0x7F813F1,0x2208,il2cpp,static-observed,7.1 bulk registry type-slot construction sequence
1086,0x57F4BF0,0x7F813F8,0x7F813FF,0x2210,il2cpp,static-observed,7.1 bulk registry type-slot construction sequence
1087,0x57D4880,0x7F81406,0x7F8140D,0x2218,il2cpp,static-observed,7.1 bulk registry type-slot construction sequence
1088,0x57F4BF8,0x7F81414,0x7F8141B,0x2220,il2cpp,static-observed,7.1 bulk registry type-slot construction sequence
1089,0x57D2EC8,0x7F81422,0x7F81429,0x2228,il2cpp,static-observed,7.1 bulk registry type-slot construction sequence
1090,0x57F4C00,0x7F81430,0x7F81437,0x2230,il2cpp,static-observed,7.1 bulk registry type-slot construction sequence
1091,0x57D4038,0x7F8143E,0x7F81445,0x2238,il2cpp,static-observed,7.1 bulk registry type-slot construction sequence
1092,0x57F4C08,0x7F8144C,0x7F81453,0x2240,il2cpp,static-observed,7.1 bulk registry type-slot construction sequence
1093,0x57C63D0,0x7F8145A,0x7F81461,0x2248,il2cpp,static-observed,7.1 bulk registry type-slot construction sequence
1094,0x57F35B0,0x7F81468,0x7F8146F,0x2250,il2cpp,static-observed,7.1 bulk registry type-slot construction sequence
1095,0x57F4C10,0x7F81476,0x7F8147D,0x2258,il2cpp,static-observed,7.1 bulk registry type-slot construction sequence
1096,0x57F0EC8,0x7F81484,0x7F8148B,0x2260,il2cpp,static-observed,7.1 bulk registry type-slot construction sequence
1097,0x57DCC00,0x7F81492,0x7F81499,0x2268,il2cpp,static-observed,7.1 bulk registry type-slot construction sequence
1098,0x57F4C18,0x7F814A0,0x7F814A7,0x2270,il2cpp,static-observed,7.1 bulk registry type-slot construction sequence
1099,0x57F4C20,0x7F814AE,0x7F814B5,0x2278,il2cpp,static-observed,7.1 bulk registry type-slot construction sequence
1100,0x57F4C28,0x7F814BC,0x7F814C3,0x2280,il2cpp,static-observed,7.1 bulk registry type-slot construction sequence
1101,0x57D60A8,0x7F814CA,0x7F814D1,0x2288,il2cpp,static-observed,7.1 bulk registry type-slot construction sequence
1102,0x57F4C30,0x7F814D8,0x7F814DF,0x2290,il2cpp,static-observed,7.1 bulk registry type-slot construction sequence
1103,0x57F4C38,0x7F814E6,0x7F814ED,0x2298,il2cpp,static-observed,7.1 bulk registry type-slot construction sequence
1104,0x57F4C40,0x7F814F4,0x7F814FB,0x22A0,il2cpp,static-observed,7.1 bulk registry type-slot construction sequence
1105,0x57D44B8,0x7F81502,0x7F81509,0x22A8,il2cpp,static-observed,7.1 bulk registry type-slot construction sequence
1106,0x57C7B80,0x7F81510,0x7F81517,0x22B0,il2cpp,static-observed,7.1 bulk registry type-slot construction sequence
1107,0x57F4C48,0x7F8151E,0x7F81525,0x22B8,il2cpp,static-observed,7.1 bulk registry type-slot construction sequence
1108,0x57EE090,0x7F8152C,0x7F81533,0x22C0,il2cpp,static-observed,7.1 bulk registry type-slot construction sequence
1109,0x57DFCD8,0x7F8153A,0x7F81541,0x22C8,il2cpp,static-observed,7.1 bulk registry type-slot construction sequence
1110,0x57F4C50,0x7F81548,0x7F8154F,0x22D0,il2cpp,static-observed,7.1 bulk registry type-slot construction sequence
1111,0x57D6058,0x7F81556,0x7F8155D,0x22D8,il2cpp,static-observed,7.1 bulk registry type-slot construction sequence
1112,0x57D7900,0x7F81564,0x7F8156B,0x22E0,il2cpp,static-observed,7.1 bulk registry type-slot construction sequence
1113,0x57F4C58,0x7F81572,0x7F81579,0x22E8,il2cpp,static-observed,7.1 bulk registry type-slot construction sequence
1114,0x57F4C60,0x7F81580,0x7F81587,0x22F0,il2cpp,static-observed,7.1 bulk registry type-slot construction sequence
1115,0x57F4C68,0x7F8158E,0x7F81595,0x22F8,il2cpp,static-observed,7.1 bulk registry type-slot construction sequence
1116,0x57F4C70,0x7F8159C,0x7F815A3,0x2300,il2cpp,static-observed,7.1 bulk registry type-slot construction sequence
1117,0x57F4C78,0x7F815AA,0x7F815B1,0x2308,il2cpp,static-observed,7.1 bulk registry type-slot construction sequence
1118,0x57F4C80,0x7F815B8,0x7F815BF,0x2310,il2cpp,static-observed,7.1 bulk registry type-slot construction sequence
1119,0x57F4C88,0x7F815C6,0x7F815CD,0x2318,il2cpp,static-observed,7.1 bulk registry type-slot construction sequence
1120,0x57F4C90,0x7F815D4,0x7F815DB,0x2320,il2cpp,static-observed,7.1 bulk registry type-slot construction sequence
1121,0x57F4C98,0x7F815E2,0x7F815E9,0x2328,il2cpp,static-observed,7.1 bulk registry type-slot construction sequence
1122,0x57F4CA0,0x7F815F0,0x7F815F7,0x2330,il2cpp,static-observed,7.1 bulk registry type-slot construction sequence
1123,0x57F4CA8,0x7F815FE,0x7F81605,0x2338,il2cpp,static-observed,7.1 bulk registry type-slot construction sequence
1124,0x57E16F8,0x7F8160C,0x7F81613,0x2340,il2cpp,static-observed,7.1 bulk registry type-slot construction sequence
1125,0x57B1160,0x7F8161A,0x7F81621,0x2348,il2cpp,static-observed,7.1 bulk registry type-slot construction sequence
1126,0x57DCCF8,0x7F81628,0x7F8162F,0x2350,il2cpp,static-observed,7.1 bulk registry type-slot construction sequence
1127,0x57B2878,0x7F81636,0x7F8163D,0x2358,il2cpp,static-observed,7.1 bulk registry type-slot construction sequence
1128,0x57F4CB0,0x7F81644,0x7F8164B,0x2360,il2cpp,static-observed,7.1 bulk registry type-slot construction sequence
1129,0x57F4CB8,0x7F81652,0x7F81659,0x2368,il2cpp,static-observed,7.1 bulk registry type-slot construction sequence
1130,0x57F4CC0,0x7F81660,0x7F81667,0x2370,il2cpp,static-observed,7.1 bulk registry type-slot construction sequence
1131,0x57E9ED0,0x7F8166E,0x7F81675,0x2378,il2cpp,static-observed,7.1 bulk registry type-slot construction sequence
1132,0x57F4CC8,0x7F8167C,0x7F81683,0x2380,il2cpp,static-observed,7.1 bulk registry type-slot construction sequence
1133,0x57F4CD0,0x7F8168A,0x7F81691,0x2388,il2cpp,static-observed,7.1 bulk registry type-slot construction sequence
1134,0x57F4CD8,0x7F81698,0x7F8169F,0x2390,il2cpp,static-observed,7.1 bulk registry type-slot construction sequence
1135,0x57B3EE0,0x7F816A6,0x7F816AD,0x2398,il2cpp,static-observed,7.1 bulk registry type-slot construction sequence
1136,0x57F4CE0,0x7F816B4,0x7F816BB,0x23A0,il2cpp,static-observed,7.1 bulk registry type-slot construction sequence
1137,0x57F4CE8,0x7F816C2,0x7F816C9,0x23A8,il2cpp,static-observed,7.1 bulk registry type-slot construction sequence
1138,0x57F4CF0,0x7F816D0,0x7F816D7,0x23B0,il2cpp,static-observed,7.1 bulk registry type-slot construction sequence
1139,0x57F2A40,0x7F816DE,0x7F816E5,0x23B8,il2cpp,static-observed,7.1 bulk registry type-slot construction sequence
1140,0x57F0640,0x7F816EC,0x7F816F3,0x23C0,il2cpp,static-observed,7.1 bulk registry type-slot construction sequence
1141,0x57CCF50,0x7F816FA,0x7F81701,0x23C8,il2cpp,static-observed,7.1 bulk registry type-slot construction sequence
1142,0x57E3A20,0x7F81708,0x7F8170F,0x23D0,il2cpp,static-observed,7.1 bulk registry type-slot construction sequence
1143,0x57DA398,0x7F81716,0x7F8171D,0x23D8,il2cpp,static-observed,7.1 bulk registry type-slot construction sequence
1144,0x57F4CF8,0x7F81724,0x7F8172B,0x23E0,il2cpp,static-observed,7.1 bulk registry type-slot construction sequence
1145,0x57F4D00,0x7F81732,0x7F81739,0x23E8,il2cpp,static-observed,7.1 bulk registry type-slot construction sequence
1146,0x57F4D08,0x7F81740,0x7F81747,0x23F0,il2cpp,static-observed,7.1 bulk registry type-slot construction sequence
1147,0x57CC768,0x7F8174E,0x7F81755,0x23F8,il2cpp,static-observed,7.1 bulk registry type-slot construction sequence
1148,0x57D7EF8,0x7F8175C,0x7F81763,0x2400,il2cpp,static-observed,7.1 bulk registry type-slot construction sequence
1149,0x57F4D10,0x7F8176A,0x7F81771,0x2408,il2cpp,static-observed,7.1 bulk registry type-slot construction sequence
1150,0x57F4D18,0x7F81778,0x7F8177F,0x2410,il2cpp,static-observed,7.1 bulk registry type-slot construction sequence
1151,0x57F4D20,0x7F81786,0x7F8178D,0x2418,il2cpp,static-observed,7.1 bulk registry type-slot construction sequence
1152,0x57F4D28,0x7F81794,0x7F8179B,0x2420,il2cpp,static-observed,7.1 bulk registry type-slot construction sequence
1153,0x57D93A8,0x7F817A2,0x7F817A9,0x2428,il2cpp,static-observed,7.1 bulk registry type-slot construction sequence
1154,0x57F4D30,0x7F817B0,0x7F817B7,0x2430,il2cpp,static-observed,7.1 bulk registry type-slot construction sequence
1155,0x57F4D38,0x7F817BE,0x7F817C5,0x2438,il2cpp,static-observed,7.1 bulk registry type-slot construction sequence
1156,0x57D4870,0x7F817CC,0x7F817D3,0x2440,il2cpp,static-observed,7.1 bulk registry type-slot construction sequence
1157,0x57F4D40,0x7F817DA,0x7F817E1,0x2448,il2cpp,static-observed,7.1 bulk registry type-slot construction sequence
1158,0x57C6E38,0x7F817E8,0x7F817EF,0x2450,il2cpp,static-observed,7.1 bulk registry type-slot construction sequence
1159,0x57EC740,0x7F817F6,0x7F817FD,0x2458,il2cpp,static-observed,7.1 bulk registry type-slot construction sequence
1160,0x57F4D48,0x7F81804,0x7F8180B,0x2460,il2cpp,static-observed,7.1 bulk registry type-slot construction sequence
1161,0x57ED5E0,0x7F81812,0x7F81819,0x2468,il2cpp,static-observed,7.1 bulk registry type-slot construction sequence
1162,0x57F4D50,0x7F81820,0x7F81827,0x2470,il2cpp,static-observed,7.1 bulk registry type-slot construction sequence
1163,0x57F4D58,0x7F8182E,0x7F81835,0x2478,il2cpp,static-observed,7.1 bulk registry type-slot construction sequence
1164,0x57F4D60,0x7F8183C,0x7F81843,0x2480,il2cpp,static-observed,7.1 bulk registry type-slot construction sequence
1165,0x57F4D68,0x7F8184A,0x7F81851,0x2488,il2cpp,static-observed,7.1 bulk registry type-slot construction sequence
1166,0x57F0ED8,0x7F81858,0x7F8185F,0x2490,il2cpp,static-observed,7.1 bulk registry type-slot construction sequence
1167,0x57C8208,0x7F81866,0x7F8186D,0x2498,il2cpp,static-observed,7.1 bulk registry type-slot construction sequence
1168,0x57F4D70,0x7F81874,0x7F8187B,0x24A0,il2cpp,static-observed,7.1 bulk registry type-slot construction sequence
1169,0x57B5870,0x7F81882,0x7F81889,0x24A8,il2cpp,static-observed,7.1 bulk registry type-slot construction sequence
1170,0x57EC830,0x7F81890,0x7F81897,0x24B0,il2cpp,static-observed,7.1 bulk registry type-slot construction sequence
1171,0x57C95A8,0x7F8189E,0x7F818A5,0x24B8,il2cpp,static-observed,7.1 bulk registry type-slot construction sequence
1172,0x57F4D78,0x7F818AC,0x7F818B3,0x24C0,il2cpp,static-observed,7.1 bulk registry type-slot construction sequence
1173,0x57F4D80,0x7F818BA,0x7F818C1,0x24C8,il2cpp,static-observed,7.1 bulk registry type-slot construction sequence
1174,0x57F4D88,0x7F818C8,0x7F818CF,0x24D0,il2cpp,static-observed,7.1 bulk registry type-slot construction sequence
1175,0x57EB728,0x7F818D6,0x7F818DD,0x24D8,il2cpp,static-observed,7.1 bulk registry type-slot construction sequence
1176,0x57F4D90,0x7F818E4,0x7F818EB,0x24E0,il2cpp,static-observed,7.1 bulk registry type-slot construction sequence
1177,0x57F4D98,0x7F818F2,0x7F818F9,0x24E8,il2cpp,static-observed,7.1 bulk registry type-slot construction sequence
1178,0x57F4DA0,0x7F81900,0x7F81907,0x24F0,il2cpp,static-observed,7.1 bulk registry type-slot construction sequence
1179,0x57F4DA8,0x7F8190E,0x7F81915,0x24F8,il2cpp,static-observed,7.1 bulk registry type-slot construction sequence
1180,0x57F4DB0,0x7F8191C,0x7F81923,0x2500,il2cpp,static-observed,7.1 bulk registry type-slot construction sequence
1181,0x57B5360,0x7F8192A,0x7F81931,0x2508,il2cpp,static-observed,7.1 bulk registry type-slot construction sequence
1182,0x57CD420,0x7F81938,0x7F8193F,0x2510,il2cpp,static-observed,7.1 bulk registry type-slot construction sequence
1183,0x57F4DB8,0x7F81946,0x7F8194D,0x2518,il2cpp,static-observed,7.1 bulk registry type-slot construction sequence
1184,0x57F4DC0,0x7F81954,0x7F8195B,0x2520,il2cpp,static-observed,7.1 bulk registry type-slot construction sequence
1185,0x57CE938,0x7F81962,0x7F81969,0x2528,il2cpp,static-observed,7.1 bulk registry type-slot construction sequence
1186,0x57D16F8,0x7F81970,0x7F81977,0x2530,il2cpp,static-observed,7.1 bulk registry type-slot construction sequence
1187,0x57F4DC8,0x7F8197E,0x7F81985,0x2538,il2cpp,static-observed,7.1 bulk registry type-slot construction sequence
1188,0x57F4DD0,0x7F8198C,0x7F81993,0x2540,il2cpp,static-observed,7.1 bulk registry type-slot construction sequence
1189,0x57D04A0,0x7F8199A,0x7F819A1,0x2548,il2cpp,static-observed,7.1 bulk registry type-slot construction sequence
1190,0x57C6328,0x7F819A8,0x7F819AF,0x2550,il2cpp,static-observed,7.1 bulk registry type-slot construction sequence
1191,0x57D6C50,0x7F819B6,0x7F819BD,0x2558,il2cpp,static-observed,7.1 bulk registry type-slot construction sequence
1192,0x57CD450,0x7F819C4,0x7F819CB,0x2560,il2cpp,static-observed,7.1 bulk registry type-slot construction sequence
1193,0x57F4DD8,0x7F819D2,0x7F819D9,0x2568,il2cpp,static-observed,7.1 bulk registry type-slot construction sequence
1194,0x57D79E0,0x7F819E0,0x7F819E7,0x2570,il2cpp,static-observed,7.1 bulk registry type-slot construction sequence
1195,0x57F4DE0,0x7F819EE,0x7F819F5,0x2578,il2cpp,static-observed,7.1 bulk registry type-slot construction sequence
1196,0x57E3E68,0x7F819FC,0x7F81A03,0x2580,il2cpp,static-observed,7.1 bulk registry type-slot construction sequence
1197,0x57F4DE8,0x7F81A0A,0x7F81A11,0x2588,il2cpp,static-observed,7.1 bulk registry type-slot construction sequence
1198,0x57F4DF0,0x7F81A18,0x7F81A1F,0x2590,il2cpp,static-observed,7.1 bulk registry type-slot construction sequence
1199,0x57F4DF8,0x7F81A26,0x7F81A2D,0x2598,il2cpp,static-observed,7.1 bulk registry type-slot construction sequence
1200,0x57F4E00,0x7F81A34,0x7F81A3B,0x25A0,il2cpp,static-observed,7.1 bulk registry type-slot construction sequence
1201,0x57F4E08,0x7F81A42,0x7F81A49,0x25A8,il2cpp,static-observed,7.1 bulk registry type-slot construction sequence
1202,0x57E4B60,0x7F81A50,0x7F81A57,0x25B0,il2cpp,static-observed,7.1 bulk registry type-slot construction sequence
1203,0x57F2990,0x7F81A5E,0x7F81A65,0x25B8,il2cpp,static-observed,7.1 bulk registry type-slot construction sequence
1204,0x57E1B50,0x7F81A6C,0x7F81A73,0x25C0,il2cpp,static-observed,7.1 bulk registry type-slot construction sequence
1205,0x57C9CA0,0x7F81A7A,0x7F81A81,0x25C8,il2cpp,static-observed,7.1 bulk registry type-slot construction sequence
1206,0x57F4E10,0x7F81A88,0x7F81A8F,0x25D0,il2cpp,static-observed,7.1 bulk registry type-slot construction sequence
1207,0x57F4E18,0x7F81A96,0x7F81A9D,0x25D8,il2cpp,static-observed,7.1 bulk registry type-slot construction sequence
1208,0x57E20A0,0x7F81AA4,0x7F81AAB,0x25E0,il2cpp,static-observed,7.1 bulk registry type-slot construction sequence
1209,0x57D9B48,0x7F81AB2,0x7F81AB9,0x25E8,il2cpp,static-observed,7.1 bulk registry type-slot construction sequence
1210,0x57D48F8,0x7F81AC0,0x7F81AC7,0x25F0,il2cpp,static-observed,7.1 bulk registry type-slot construction sequence
1211,0x57F4E20,0x7F81ACE,0x7F81AD5,0x25F8,il2cpp,static-observed,7.1 bulk registry type-slot construction sequence
1212,0x57D8618,0x7F81ADC,0x7F81AE3,0x2600,il2cpp,static-observed,7.1 bulk registry type-slot construction sequence
1213,0x57F4E28,0x7F81AEA,0x7F81AF1,0x2608,il2cpp,static-observed,7.1 bulk registry type-slot construction sequence
1214,0x57F4E30,0x7F81AF8,0x7F81AFF,0x2610,il2cpp,static-observed,7.1 bulk registry type-slot construction sequence
1215,0x57F2DD0,0x7F81B06,0x7F81B0D,0x2618,il2cpp,static-observed,7.1 bulk registry type-slot construction sequence
1216,0x57F4E38,0x7F81B14,0x7F81B1B,0x2620,il2cpp,static-observed,7.1 bulk registry type-slot construction sequence
1217,0x57F4E40,0x7F81B22,0x7F81B29,0x2628,il2cpp,static-observed,7.1 bulk registry type-slot construction sequence
1218,0x57F4E48,0x7F81B30,0x7F81B37,0x2630,il2cpp,static-observed,7.1 bulk registry type-slot construction sequence
1219,0x57D2170,0x7F81B3E,0x7F81B45,0x2638,il2cpp,static-observed,7.1 bulk registry type-slot construction sequence
1220,0x57F4E50,0x7F81B4C,0x7F81B53,0x2640,il2cpp,static-observed,7.1 bulk registry type-slot construction sequence
1221,0x57E3D30,0x7F81B5A,0x7F81B61,0x2648,il2cpp,static-observed,7.1 bulk registry type-slot construction sequence
1222,0x57F4E58,0x7F81B68,0x7F81B6F,0x2650,il2cpp,static-observed,7.1 bulk registry type-slot construction sequence
1223,0x57F4E60,0x7F81B76,0x7F81B7D,0x2658,il2cpp,static-observed,7.1 bulk registry type-slot construction sequence
1224,0x57E9CB0,0x7F81B84,0x7F81B8B,0x2660,il2cpp,static-observed,7.1 bulk registry type-slot construction sequence
1225,0x57F4E68,0x7F81B92,0x7F81B99,0x2668,il2cpp,static-observed,7.1 bulk registry type-slot construction sequence
1226,0x57EE8D8,0x7F81BA0,0x7F81BA7,0x2670,il2cpp,static-observed,7.1 bulk registry type-slot construction sequence
1227,0x57F4E70,0x7F81BAE,0x7F81BB5,0x2678,il2cpp,static-observed,7.1 bulk registry type-slot construction sequence
1228,0x57F4E78,0x7F81BBC,0x7F81BC3,0x2680,il2cpp,static-observed,7.1 bulk registry type-slot construction sequence
1229,0x57E1D30,0x7F81BCA,0x7F81BD1,0x2688,il2cpp,static-observed,7.1 bulk registry type-slot construction sequence
1230,0x57F4E80,0x7F81BD8,0x7F81BDF,0x2690,il2cpp,static-observed,7.1 bulk registry type-slot construction sequence
1231,0x57F4E88,0x7F81BE6,0x7F81BED,0x2698,il2cpp,static-observed,7.1 bulk registry type-slot construction sequence
1232,0x57B1028,0x7F81BF4,0x7F81BFB,0x26A0,il2cpp,static-observed,7.1 bulk registry type-slot construction sequence
1233,0x57CF250,0x7F81C02,0x7F81C09,0x26A8,il2cpp,static-observed,7.1 bulk registry type-slot construction sequence
1234,0x57F4E90,0x7F81C10,0x7F81C17,0x26B0,il2cpp,static-observed,7.1 bulk registry type-slot construction sequence
1235,0x57F4E98,0x7F81C1E,0x7F81C25,0x26B8,il2cpp,static-observed,7.1 bulk registry type-slot construction sequence
1236,0x57F4EA0,0x7F81C2C,0x7F81C33,0x26C0,il2cpp,static-observed,7.1 bulk registry type-slot construction sequence
1237,0x57F1260,0x7F81C3A,0x7F81C41,0x26C8,il2cpp,static-observed,7.1 bulk registry type-slot construction sequence
1238,0x57F4EA8,0x7F81C48,0x7F81C4F,0x26D0,il2cpp,static-observed,7.1 bulk registry type-slot construction sequence
1239,0x57F4EB0,0x7F81C56,0x7F81C5D,0x26D8,il2cpp,static-observed,7.1 bulk registry type-slot construction sequence
1240,0x57F4EB8,0x7F81C64,0x7F81C6B,0x26E0,il2cpp,static-observed,7.1 bulk registry type-slot construction sequence
1241,0x57C5058,0x7F81C72,0x7F81C79,0x26E8,il2cpp,static-observed,7.1 bulk registry type-slot construction sequence
1242,0x57F0938,0x7F81C80,0x7F81C87,0x26F0,il2cpp,static-observed,7.1 bulk registry type-slot construction sequence
1243,0x57F4EC0,0x7F81C8E,0x7F81C95,0x26F8,il2cpp,static-observed,7.1 bulk registry type-slot construction sequence
1244,0x57EB5A8,0x7F81C9C,0x7F81CA3,0x2700,il2cpp,static-observed,7.1 bulk registry type-slot construction sequence
1245,0x57AFC10,0x7F81CAA,0x7F81CB1,0x2708,il2cpp,static-observed,7.1 bulk registry type-slot construction sequence
1246,0x57F4EC8,0x7F81CB8,0x7F81CBF,0x2710,il2cpp,static-observed,7.1 bulk registry type-slot construction sequence
1247,0x57F4ED0,0x7F81CC6,0x7F81CCD,0x2718,il2cpp,static-observed,7.1 bulk registry type-slot construction sequence
1248,0x57EDBF8,0x7F81CD4,0x7F81CDB,0x2720,il2cpp,static-observed,7.1 bulk registry type-slot construction sequence
1249,0x57F4ED8,0x7F81CE2,0x7F81CE9,0x2728,il2cpp,static-observed,7.1 bulk registry type-slot construction sequence
1250,0x57F4EE0,0x7F81CF0,0x7F81CF7,0x2730,il2cpp,static-observed,7.1 bulk registry type-slot construction sequence
1251,0x57F4EE8,0x7F81CFE,0x7F81D05,0x2738,il2cpp,static-observed,7.1 bulk registry type-slot construction sequence
1252,0x57F1F38,0x7F81D0C,0x7F81D13,0x2740,il2cpp,static-observed,7.1 bulk registry type-slot construction sequence
1253,0x57F4EF0,0x7F81D1A,0x7F81D21,0x2748,il2cpp,static-observed,7.1 bulk registry type-slot construction sequence
1254,0x57EB538,0x7F81D28,0x7F81D2F,0x2750,il2cpp,static-observed,7.1 bulk registry type-slot construction sequence
1255,0x57F4EF8,0x7F81D36,0x7F81D3D,0x2758,il2cpp,static-observed,7.1 bulk registry type-slot construction sequence
1256,0x57F4F00,0x7F81D44,0x7F81D4B,0x2760,il2cpp,static-observed,7.1 bulk registry type-slot construction sequence
1257,0x57D4A38,0x7F81D52,0x7F81D59,0x2768,il2cpp,static-observed,7.1 bulk registry type-slot construction sequence
1258,0x57F2080,0x7F81D60,0x7F81D67,0x2770,il2cpp,static-observed,7.1 bulk registry type-slot construction sequence
1259,0x57DBEC0,0x7F81D6E,0x7F81D75,0x2778,il2cpp,static-observed,7.1 bulk registry type-slot construction sequence
1260,0x57C9628,0x7F81D7C,0x7F81D83,0x2780,il2cpp,static-observed,7.1 bulk registry type-slot construction sequence
1261,0x57F4F08,0x7F81D8A,0x7F81D91,0x2788,il2cpp,static-observed,7.1 bulk registry type-slot construction sequence
1262,0x57BA0B8,0x7F81D98,0x7F81D9F,0x2790,il2cpp,static-observed,7.1 bulk registry type-slot construction sequence
1263,0x57DCC30,0x7F81DA6,0x7F81DAD,0x2798,il2cpp,static-observed,7.1 bulk registry type-slot construction sequence
1264,0x57F4F10,0x7F81DB4,0x7F81DBB,0x27A0,il2cpp,static-observed,7.1 bulk registry type-slot construction sequence
1265,0x57F4F18,0x7F81DC2,0x7F81DC9,0x27A8,il2cpp,static-observed,7.1 bulk registry type-slot construction sequence
1266,0x57F4F20,0x7F81DD0,0x7F81DD7,0x27B0,il2cpp,static-observed,7.1 bulk registry type-slot construction sequence
1267,0x57F1F28,0x7F81DDE,0x7F81DE5,0x27B8,il2cpp,static-observed,7.1 bulk registry type-slot construction sequence
1268,0x57E6710,0x7F81DEC,0x7F81DF3,0x27C0,il2cpp,static-observed,7.1 bulk registry type-slot construction sequence
1269,0x57C8C48,0x7F81DFA,0x7F81E01,0x27C8,il2cpp,static-observed,7.1 bulk registry type-slot construction sequence
1270,0x57F4F28,0x7F81E08,0x7F81E0F,0x27D0,il2cpp,static-observed,7.1 bulk registry type-slot construction sequence
1271,0x57C81D0,0x7F81E16,0x7F81E1D,0x27D8,il2cpp,static-observed,7.1 bulk registry type-slot construction sequence
1272,0x57F30C8,0x7F81E24,0x7F81E2B,0x27E0,il2cpp,static-observed,7.1 bulk registry type-slot construction sequence
1273,0x57C8BB0,0x7F81E32,0x7F81E39,0x27E8,il2cpp,static-observed,7.1 bulk registry type-slot construction sequence
1274,0x57C6450,0x7F81E40,0x7F81E47,0x27F0,il2cpp,static-observed,7.1 bulk registry type-slot construction sequence
1275,0x57F2368,0x7F81E4E,0x7F81E55,0x27F8,il2cpp,static-observed,7.1 bulk registry type-slot construction sequence
1276,0x57F4F30,0x7F81E5C,0x7F81E63,0x2800,il2cpp,static-observed,7.1 bulk registry type-slot construction sequence
1277,0x57CA870,0x7F81E6A,0x7F81E71,0x2808,il2cpp,static-observed,7.1 bulk registry type-slot construction sequence
1278,0x57ECEB8,0x7F81E78,0x7F81E7F,0x2810,il2cpp,static-observed,7.1 bulk registry type-slot construction sequence
1279,0x57F4F38,0x7F81E86,0x7F81E8D,0x2818,il2cpp,static-observed,7.1 bulk registry type-slot construction sequence
1280,0x57F4F40,0x7F81E94,0x7F81E9B,0x2820,il2cpp,static-observed,7.1 bulk registry type-slot construction sequence
1281,0x57F4F48,0x7F81EA2,0x7F81EA9,0x2828,il2cpp,static-observed,7.1 bulk registry type-slot construction sequence
1282,0x57F4F50,0x7F81EB0,0x7F81EB7,0x2830,il2cpp,static-observed,7.1 bulk registry type-slot construction sequence
1283,0x57F4F58,0x7F81EBE,0x7F81EC5,0x2838,il2cpp,static-observed,7.1 bulk registry type-slot construction sequence
1284,0x57F4F60,0x7F81ECC,0x7F81ED3,0x2840,il2cpp,static-observed,7.1 bulk registry type-slot construction sequence
1285,0x57F4F68,0x7F81EDA,0x7F81EE1,0x2848,il2cpp,static-observed,7.1 bulk registry type-slot construction sequence
1286,0x57EC380,0x7F81EE8,0x7F81EEF,0x2850,il2cpp,static-observed,7.1 bulk registry type-slot construction sequence
1287,0x57F23F0,0x7F81EF6,0x7F81EFD,0x2858,il2cpp,static-observed,7.1 bulk registry type-slot construction sequence
1288,0x57F4F70,0x7F81F04,0x7F81F0B,0x2860,il2cpp,static-observed,7.1 bulk registry type-slot construction sequence
1289,0x57F4F78,0x7F81F12,0x7F81F19,0x2868,il2cpp,static-observed,7.1 bulk registry type-slot construction sequence
1290,0x57CE2F0,0x7F81F20,0x7F81F27,0x2870,il2cpp,static-observed,7.1 bulk registry type-slot construction sequence
1291,0x57F4F80,0x7F81F2E,0x7F81F35,0x2878,il2cpp,static-observed,7.1 bulk registry type-slot construction sequence
1292,0x57C5CB8,0x7F81F3C,0x7F81F43,0x2880,il2cpp,static-observed,7.1 bulk registry type-slot construction sequence
1293,0x57F4F88,0x7F81F4A,0x7F81F51,0x2888,il2cpp,static-observed,7.1 bulk registry type-slot construction sequence
1294,0x57F4F90,0x7F81F58,0x7F81F5F,0x2890,il2cpp,static-observed,7.1 bulk registry type-slot construction sequence
1295,0x57F1B98,0x7F81F66,0x7F81F6D,0x2898,il2cpp,static-observed,7.1 bulk registry type-slot construction sequence
1296,0x57D16C8,0x7F81F74,0x7F81F7B,0x28A0,il2cpp,static-observed,7.1 bulk registry type-slot construction sequence
1297,0x57F4F98,0x7F81F82,0x7F81F89,0x28A8,il2cpp,static-observed,7.1 bulk registry type-slot construction sequence
1298,0x57F4FA0,0x7F81F90,0x7F81F97,0x28B0,il2cpp,static-observed,7.1 bulk registry type-slot construction sequence
1299,0x57F4FA8,0x7F81F9E,0x7F81FA5,0x28B8,il2cpp,static-observed,7.1 bulk registry type-slot construction sequence
1300,0x57F4FB0,0x7F81FAC,0x7F81FB3,0x28C0,il2cpp,static-observed,7.1 bulk registry type-slot construction sequence
1301,0x57E9490,0x7F81FBA,0x7F81FC1,0x28C8,il2cpp,static-observed,7.1 bulk registry type-slot construction sequence
1302,0x57F4FB8,0x7F81FC8,0x7F81FCF,0x28D0,il2cpp,static-observed,7.1 bulk registry type-slot construction sequence
1303,0x57F4FC0,0x7F81FD6,0x7F81FDD,0x28D8,il2cpp,static-observed,7.1 bulk registry type-slot construction sequence
1304,0x57F4FC8,0x7F81FE4,0x7F81FEB,0x28E0,il2cpp,static-observed,7.1 bulk registry type-slot construction sequence
1305,0x57F4FD0,0x7F81FF2,0x7F81FF9,0x28E8,il2cpp,static-observed,7.1 bulk registry type-slot construction sequence
1306,0x57F4FD8,0x7F82000,0x7F82007,0x28F0,il2cpp,static-observed,7.1 bulk registry type-slot construction sequence
1307,0x57D2E70,0x7F8200E,0x7F82015,0x28F8,il2cpp,static-observed,7.1 bulk registry type-slot construction sequence
1308,0x57F4FE0,0x7F8201C,0x7F82023,0x2900,il2cpp,static-observed,7.1 bulk registry type-slot construction sequence
1309,0x57D56E8,0x7F8202A,0x7F82031,0x2908,il2cpp,static-observed,7.1 bulk registry type-slot construction sequence
1310,0x57F4FE8,0x7F82038,0x7F8203F,0x2910,il2cpp,static-observed,7.1 bulk registry type-slot construction sequence
1311,0x57F4FF0,0x7F82046,0x7F8204D,0x2918,il2cpp,static-observed,7.1 bulk registry type-slot construction sequence
1312,0x57ECD70,0x7F82054,0x7F8205B,0x2920,il2cpp,static-observed,7.1 bulk registry type-slot construction sequence
1313,0x57D4030,0x7F82062,0x7F82069,0x2928,il2cpp,static-observed,7.1 bulk registry type-slot construction sequence
1314,0x57B3238,0x7F82070,0x7F82077,0x2930,il2cpp,static-observed,7.1 bulk registry type-slot construction sequence
1315,0x57F4FF8,0x7F8207E,0x7F82085,0x2938,il2cpp,static-observed,7.1 bulk registry type-slot construction sequence
1316,0x57E2AC0,0x7F8208C,0x7F82093,0x2940,il2cpp,static-observed,7.1 bulk registry type-slot construction sequence
1317,0x57F5000,0x7F8209A,0x7F820A1,0x2948,il2cpp,static-observed,7.1 bulk registry type-slot construction sequence
1318,0x57F5008,0x7F820A8,0x7F820AF,0x2950,il2cpp,static-observed,7.1 bulk registry type-slot construction sequence
1319,0x57E1538,0x7F820B6,0x7F820BD,0x2958,il2cpp,static-observed,7.1 bulk registry type-slot construction sequence
1320,0x57F5010,0x7F820C4,0x7F820CB,0x2960,il2cpp,static-observed,7.1 bulk registry type-slot construction sequence
1321,0x57DE9C8,0x7F820D2,0x7F820D9,0x2968,il2cpp,static-observed,7.1 bulk registry type-slot construction sequence
1322,0x57F5018,0x7F820E0,0x7F820E7,0x2970,il2cpp,static-observed,7.1 bulk registry type-slot construction sequence
1323,0x57C4EE0,0x7F820EE,0x7F820F5,0x2978,il2cpp,static-observed,7.1 bulk registry type-slot construction sequence
1324,0x57EF820,0x7F820FC,0x7F82103,0x2980,il2cpp,static-observed,7.1 bulk registry type-slot construction sequence
1325,0x57F5020,0x7F8210A,0x7F82111,0x2988,il2cpp,static-observed,7.1 bulk registry type-slot construction sequence
1326,0x57F5028,0x7F82118,0x7F8211F,0x2990,il2cpp,static-observed,7.1 bulk registry type-slot construction sequence
1327,0x57D74F0,0x7F82126,0x7F8212D,0x2998,il2cpp,static-observed,7.1 bulk registry type-slot construction sequence
1328,0x57F5030,0x7F82134,0x7F8213B,0x29A0,il2cpp,static-observed,7.1 bulk registry type-slot construction sequence
1329,0x57DF5C0,0x7F82142,0x7F82149,0x29A8,il2cpp,static-observed,7.1 bulk registry type-slot construction sequence
1330,0x57DD8B8,0x7F82150,0x7F82157,0x29B0,il2cpp,static-observed,7.1 bulk registry type-slot construction sequence
1331,0x57E4A10,0x7F8215E,0x7F82165,0x29B8,il2cpp,static-observed,7.1 bulk registry type-slot construction sequence
1332,0x57D3940,0x7F8216C,0x7F82173,0x29C0,il2cpp,static-observed,7.1 bulk registry type-slot construction sequence
1333,0x57F5038,0x7F8217A,0x7F82181,0x29C8,il2cpp,static-observed,7.1 bulk registry type-slot construction sequence
1334,0x57F5040,0x7F82188,0x7F8218F,0x29D0,il2cpp,static-observed,7.1 bulk registry type-slot construction sequence
1335,0x57DBAF8,0x7F82196,0x7F8219D,0x29D8,il2cpp,static-observed,7.1 bulk registry type-slot construction sequence
1336,0x57F5048,0x7F821A4,0x7F821AB,0x29E0,il2cpp,static-observed,7.1 bulk registry type-slot construction sequence
1337,0x57F07F8,0x7F821B2,0x7F821B9,0x29E8,il2cpp,static-observed,7.1 bulk registry type-slot construction sequence
1338,0x57F5050,0x7F821C0,0x7F821C7,0x29F0,il2cpp,static-observed,7.1 bulk registry type-slot construction sequence
1339,0x57F0818,0x7F821CE,0x7F821D5,0x29F8,il2cpp,static-observed,7.1 bulk registry type-slot construction sequence
1340,0x57AFBB0,0x7F821DC,0x7F821E3,0x2A00,il2cpp,static-observed,7.1 bulk registry type-slot construction sequence
1341,0x57CFD40,0x7F821EA,0x7F821F1,0x2A08,il2cpp,static-observed,7.1 bulk registry type-slot construction sequence
1342,0x57E5E18,0x7F821F8,0x7F821FF,0x2A10,il2cpp,static-observed,7.1 bulk registry type-slot construction sequence
1343,0x57C5280,0x7F82206,0x7F8220D,0x2A18,il2cpp,static-observed,7.1 bulk registry type-slot construction sequence
1344,0x57C9798,0x7F82214,0x7F8221B,0x2A20,il2cpp,static-observed,7.1 bulk registry type-slot construction sequence
1345,0x57F5058,0x7F82222,0x7F82229,0x2A28,il2cpp,static-observed,7.1 bulk registry type-slot construction sequence
1346,0x57F5060,0x7F82230,0x7F82237,0x2A30,il2cpp,static-observed,7.1 bulk registry type-slot construction sequence
1347,0x57D37D0,0x7F8223E,0x7F82245,0x2A38,il2cpp,static-observed,7.1 bulk registry type-slot construction sequence
1348,0x57F5068,0x7F8224C,0x7F82253,0x2A40,il2cpp,static-observed,7.1 bulk registry type-slot construction sequence
1349,0x57EE100,0x7F8225A,0x7F82261,0x2A48,il2cpp,static-observed,7.1 bulk registry type-slot construction sequence
1350,0x57F5070,0x7F82268,0x7F8226F,0x2A50,il2cpp,static-observed,7.1 bulk registry type-slot construction sequence
1351,0x57C9F60,0x7F82276,0x7F8227D,0x2A58,il2cpp,static-observed,7.1 bulk registry type-slot construction sequence
1352,0x57D9968,0x7F82284,0x7F8228B,0x2A60,il2cpp,static-observed,7.1 bulk registry type-slot construction sequence
1353,0x57DF600,0x7F82292,0x7F82299,0x2A68,il2cpp,static-observed,7.1 bulk registry type-slot construction sequence
1354,0x57C8908,0x7F822A0,0x7F822A7,0x2A70,il2cpp,static-observed,7.1 bulk registry type-slot construction sequence
1355,0x57F5078,0x7F822AE,0x7F822B5,0x2A78,il2cpp,static-observed,7.1 bulk registry type-slot construction sequence
1356,0x57B49F8,0x7F822BC,0x7F822C3,0x2A80,il2cpp,static-observed,7.1 bulk registry type-slot construction sequence
1357,0x57F5080,0x7F822CA,0x7F822D1,0x2A88,il2cpp,static-observed,7.1 bulk registry type-slot construction sequence
1358,0x57F5088,0x7F822D8,0x7F822DF,0x2A90,il2cpp,static-observed,7.1 bulk registry type-slot construction sequence
1359,0x57DAA38,0x7F822E6,0x7F822ED,0x2A98,il2cpp,static-observed,7.1 bulk registry type-slot construction sequence
1360,0x57E0B08,0x7F822F4,0x7F822FB,0x2AA0,il2cpp,static-observed,7.1 bulk registry type-slot construction sequence
1361,0x57E1938,0x7F82302,0x7F82309,0x2AA8,il2cpp,static-observed,7.1 bulk registry type-slot construction sequence
1362,0x57F5090,0x7F82310,0x7F82317,0x2AB0,il2cpp,static-observed,7.1 bulk registry type-slot construction sequence
1363,0x57F5098,0x7F8231E,0x7F82325,0x2AB8,il2cpp,static-observed,7.1 bulk registry type-slot construction sequence
1364,0x57B48C8,0x7F8232C,0x7F82333,0x2AC0,il2cpp,static-observed,7.1 bulk registry type-slot construction sequence
1365,0x57E0C08,0x7F8233A,0x7F82341,0x2AC8,il2cpp,static-observed,7.1 bulk registry type-slot construction sequence
1366,0x57F50A0,0x7F82348,0x7F8234F,0x2AD0,il2cpp,static-observed,7.1 bulk registry type-slot construction sequence
1367,0x57F50A8,0x7F82356,0x7F8235D,0x2AD8,il2cpp,static-observed,7.1 bulk registry type-slot construction sequence
1368,0x57F07E8,0x7F82364,0x7F8236B,0x2AE0,il2cpp,static-observed,7.1 bulk registry type-slot construction sequence
1369,0x57F50B0,0x7F82372,0x7F82379,0x2AE8,il2cpp,static-observed,7.1 bulk registry type-slot construction sequence
1370,0x57F50B8,0x7F82380,0x7F82387,0x2AF0,il2cpp,static-observed,7.1 bulk registry type-slot construction sequence
1371,0x57F50C0,0x7F8238E,0x7F82395,0x2AF8,il2cpp,static-observed,7.1 bulk registry type-slot construction sequence
1372,0x57B26B0,0x7F8239C,0x7F823A3,0x2B00,il2cpp,static-observed,7.1 bulk registry type-slot construction sequence
1373,0x57F50C8,0x7F823AA,0x7F823B1,0x2B08,il2cpp,static-observed,7.1 bulk registry type-slot construction sequence
1374,0x57F50D0,0x7F823B8,0x7F823BF,0x2B10,il2cpp,static-observed,7.1 bulk registry type-slot construction sequence
1375,0x57F50D8,0x7F823C6,0x7F823CD,0x2B18,il2cpp,static-observed,7.1 bulk registry type-slot construction sequence
1376,0x57F50E0,0x7F823D4,0x7F823DB,0x2B20,il2cpp,static-observed,7.1 bulk registry type-slot construction sequence
1377,0x57F50E8,0x7F823E2,0x7F823E9,0x2B28,il2cpp,static-observed,7.1 bulk registry type-slot construction sequence
1378,0x57AF1C0,0x7F823F0,0x7F823F7,0x2B30,il2cpp,static-observed,7.1 bulk registry type-slot construction sequence
1379,0x57F50F0,0x7F823FE,0x7F82405,0x2B38,il2cpp,static-observed,7.1 bulk registry type-slot construction sequence
1380,0x57E78E8,0x7F8240C,0x7F82413,0x2B40,il2cpp,static-observed,7.1 bulk registry type-slot construction sequence
1381,0x57F50F8,0x7F8241A,0x7F82421,0x2B48,il2cpp,static-observed,7.1 bulk registry type-slot construction sequence
1382,0x57EDE38,0x7F82428,0x7F8242F,0x2B50,il2cpp,static-observed,7.1 bulk registry type-slot construction sequence
1383,0x57F12D8,0x7F82436,0x7F8243D,0x2B58,il2cpp,static-observed,7.1 bulk registry type-slot construction sequence
1384,0x57F5100,0x7F82444,0x7F8244B,0x2B60,il2cpp,static-observed,7.1 bulk registry type-slot construction sequence
1385,0x57EBA38,0x7F82452,0x7F82459,0x2B68,il2cpp,static-observed,7.1 bulk registry type-slot construction sequence
1386,0x57D4258,0x7F82460,0x7F82467,0x2B70,il2cpp,static-observed,7.1 bulk registry type-slot construction sequence
1387,0x57F5108,0x7F8246E,0x7F82475,0x2B78,il2cpp,static-observed,7.1 bulk registry type-slot construction sequence
1388,0x57F5110,0x7F8247C,0x7F82483,0x2B80,il2cpp,static-observed,7.1 bulk registry type-slot construction sequence
1389,0x57F29E8,0x7F8248A,0x7F82491,0x2B88,il2cpp,static-observed,7.1 bulk registry type-slot construction sequence
1390,0x57F5118,0x7F82498,0x7F8249F,0x2B90,il2cpp,static-observed,7.1 bulk registry type-slot construction sequence
1391,0x57F5120,0x7F824A6,0x7F824AD,0x2B98,il2cpp,static-observed,7.1 bulk registry type-slot construction sequence
1392,0x57F5128,0x7F824B4,0x7F824BB,0x2BA0,il2cpp,static-observed,7.1 bulk registry type-slot construction sequence
1393,0x57F5130,0x7F824C2,0x7F824C9,0x2BA8,il2cpp,static-observed,7.1 bulk registry type-slot construction sequence
1394,0x57F5138,0x7F824D0,0x7F824D7,0x2BB0,il2cpp,static-observed,7.1 bulk registry type-slot construction sequence
1395,0x57E3620,0x7F824DE,0x7F824E5,0x2BB8,il2cpp,static-observed,7.1 bulk registry type-slot construction sequence
1396,0x57D25F0,0x7F824EC,0x7F824F3,0x2BC0,il2cpp,static-observed,7.1 bulk registry type-slot construction sequence
1397,0x57D5368,0x7F824FA,0x7F82501,0x2BC8,il2cpp,static-observed,7.1 bulk registry type-slot construction sequence
1398,0x57F5140,0x7F82508,0x7F8250F,0x2BD0,il2cpp,static-observed,7.1 bulk registry type-slot construction sequence
1399,0x57F5148,0x7F82516,0x7F8251D,0x2BD8,il2cpp,static-observed,7.1 bulk registry type-slot construction sequence
1400,0x57D90D0,0x7F82524,0x7F8252B,0x2BE0,il2cpp,static-observed,7.1 bulk registry type-slot construction sequence
1401,0x57F5150,0x7F82532,0x7F82539,0x2BE8,il2cpp,static-observed,7.1 bulk registry type-slot construction sequence
1402,0x57CC9B8,0x7F82540,0x7F82547,0x2BF0,il2cpp,static-observed,7.1 bulk registry type-slot construction sequence
1403,0x57F5158,0x7F8254E,0x7F82555,0x2BF8,il2cpp,static-observed,7.1 bulk registry type-slot construction sequence
1404,0x57F5160,0x7F8255C,0x7F82563,0x2C00,il2cpp,static-observed,7.1 bulk registry type-slot construction sequence
1405,0x57F5168,0x7F8256A,0x7F82571,0x2C08,il2cpp,static-observed,7.1 bulk registry type-slot construction sequence
1406,0x57B3F28,0x7F82578,0x7F8257F,0x2C10,il2cpp,static-observed,7.1 bulk registry type-slot construction sequence
1407,0x57F5170,0x7F82586,0x7F8258D,0x2C18,il2cpp,static-observed,7.1 bulk registry type-slot construction sequence
1408,0x57F5178,0x7F82594,0x7F8259B,0x2C20,il2cpp,static-observed,7.1 bulk registry type-slot construction sequence
1409,0x57F5180,0x7F825A2,0x7F825A9,0x2C28,il2cpp,static-observed,7.1 bulk registry type-slot construction sequence
1410,0x57F5188,0x7F825B0,0x7F825B7,0x2C30,il2cpp,static-observed,7.1 bulk registry type-slot construction sequence
1411,0x57F5190,0x7F825BE,0x7F825C5,0x2C38,il2cpp,static-observed,7.1 bulk registry type-slot construction sequence
1412,0x57F5198,0x7F825CC,0x7F825D3,0x2C40,il2cpp,static-observed,7.1 bulk registry type-slot construction sequence
1413,0x57F51A0,0x7F825DA,0x7F825E1,0x2C48,il2cpp,static-observed,7.1 bulk registry type-slot construction sequence
1414,0x57F51A8,0x7F825E8,0x7F825EF,0x2C50,il2cpp,static-observed,7.1 bulk registry type-slot construction sequence
1415,0x57F51B0,0x7F825F6,0x7F825FD,0x2C58,il2cpp,static-observed,7.1 bulk registry type-slot construction sequence
1416,0x57DBE10,0x7F82604,0x7F8260B,0x2C60,il2cpp,static-observed,7.1 bulk registry type-slot construction sequence
1417,0x57F51B8,0x7F82612,0x7F82619,0x2C68,il2cpp,static-observed,7.1 bulk registry type-slot construction sequence
1418,0x57B4518,0x7F82620,0x7F82627,0x2C70,il2cpp,static-observed,7.1 bulk registry type-slot construction sequence
1419,0x57E4D60,0x7F8262E,0x7F82635,0x2C78,il2cpp,static-observed,7.1 bulk registry type-slot construction sequence
1420,0x57E4038,0x7F8263C,0x7F82643,0x2C80,il2cpp,static-observed,7.1 bulk registry type-slot construction sequence
1421,0x57F51C0,0x7F8264A,0x7F82651,0x2C88,il2cpp,static-observed,7.1 bulk registry type-slot construction sequence
1422,0x57E8F70,0x7F82658,0x7F8265F,0x2C90,il2cpp,static-observed,7.1 bulk registry type-slot construction sequence
1423,0x57D76E8,0x7F82666,0x7F8266D,0x2C98,il2cpp,static-observed,7.1 bulk registry type-slot construction sequence
1424,0x57F51C8,0x7F82674,0x7F8267B,0x2CA0,il2cpp,static-observed,7.1 bulk registry type-slot construction sequence
1425,0x57DA820,0x7F82682,0x7F82689,0x2CA8,il2cpp,static-observed,7.1 bulk registry type-slot construction sequence
1426,0x57F51D0,0x7F82690,0x7F82697,0x2CB0,il2cpp,static-observed,7.1 bulk registry type-slot construction sequence
1427,0x57F1E20,0x7F8269E,0x7F826A5,0x2CB8,il2cpp,static-observed,7.1 bulk registry type-slot construction sequence
1428,0x57CCA40,0x7F826AC,0x7F826B3,0x2CC0,il2cpp,static-observed,7.1 bulk registry type-slot construction sequence
1429,0x57F51D8,0x7F826BA,0x7F826C1,0x2CC8,il2cpp,static-observed,7.1 bulk registry type-slot construction sequence
1430,0x57D9050,0x7F826C8,0x7F826CF,0x2CD0,il2cpp,static-observed,7.1 bulk registry type-slot construction sequence
1431,0x57F3530,0x7F826D6,0x7F826DD,0x2CD8,il2cpp,static-observed,7.1 bulk registry type-slot construction sequence
1432,0x57F51E0,0x7F826E4,0x7F826EB,0x2CE0,il2cpp,static-observed,7.1 bulk registry type-slot construction sequence
1433,0x57DD660,0x7F826F2,0x7F826F9,0x2CE8,il2cpp,static-observed,7.1 bulk registry type-slot construction sequence
1434,0x57F51E8,0x7F82700,0x7F82707,0x2CF0,il2cpp,static-observed,7.1 bulk registry type-slot construction sequence
1435,0x57F51F0,0x7F8270E,0x7F82715,0x2CF8,il2cpp,static-observed,7.1 bulk registry type-slot construction sequence
1436,0x57C52C0,0x7F8271C,0x7F82723,0x2D00,il2cpp,static-observed,7.1 bulk registry type-slot construction sequence
1437,0x57F51F8,0x7F8272A,0x7F82731,0x2D08,il2cpp,static-observed,7.1 bulk registry type-slot construction sequence
1438,0x57F5200,0x7F82738,0x7F8273F,0x2D10,il2cpp,static-observed,7.1 bulk registry type-slot construction sequence
1439,0x57C7B88,0x7F82746,0x7F8274D,0x2D18,il2cpp,static-observed,7.1 bulk registry type-slot construction sequence
1440,0x57E56E0,0x7F82754,0x7F8275B,0x2D20,il2cpp,static-observed,7.1 bulk registry type-slot construction sequence
1441,0x57E2618,0x7F82762,0x7F82769,0x2D28,il2cpp,static-observed,7.1 bulk registry type-slot construction sequence
1442,0x57E17E0,0x7F82770,0x7F82777,0x2D30,il2cpp,static-observed,7.1 bulk registry type-slot construction sequence
1443,0x57EA830,0x7F8277E,0x7F82785,0x2D38,il2cpp,static-observed,7.1 bulk registry type-slot construction sequence
1444,0x57F5208,0x7F8278C,0x7F82793,0x2D40,il2cpp,static-observed,7.1 bulk registry type-slot construction sequence
1445,0x57EBA40,0x7F8279A,0x7F827A1,0x2D48,il2cpp,static-observed,7.1 bulk registry type-slot construction sequence
1446,0x57EFCC8,0x7F827A8,0x7F827AF,0x2D50,il2cpp,static-observed,7.1 bulk registry type-slot construction sequence
1447,0x57E19B8,0x7F827B6,0x7F827BD,0x2D58,il2cpp,static-observed,7.1 bulk registry type-slot construction sequence
1448,0x57EBA08,0x7F827C4,0x7F827CB,0x2D60,il2cpp,static-observed,7.1 bulk registry type-slot construction sequence
1449,0x57F5218,0x7F827D2,0x7F827D9,0x2D68,il2cpp,static-observed,7.1 bulk registry type-slot construction sequence
1450,0x57C6E60,0x7F827E0,0x7F827E7,0x2D70,il2cpp,static-observed,7.1 bulk registry type-slot construction sequence
1451,0x57F5220,0x7F827EE,0x7F827F5,0x2D78,il2cpp,static-observed,7.1 bulk registry type-slot construction sequence
1452,0x57F5228,0x7F827FC,0x7F82803,0x2D80,il2cpp,static-observed,7.1 bulk registry type-slot construction sequence
1453,0x57F5230,0x7F8280A,0x7F82811,0x2D88,il2cpp,static-observed,7.1 bulk registry type-slot construction sequence
1454,0x57F5238,0x7F82818,0x7F8281F,0x2D90,il2cpp,static-observed,7.1 bulk registry type-slot construction sequence
1455,0x57F5240,0x7F82826,0x7F8282D,0x2D98,il2cpp,static-observed,7.1 bulk registry type-slot construction sequence
1456,0x57F5248,0x7F82834,0x7F8283B,0x2DA0,il2cpp,static-observed,7.1 bulk registry type-slot construction sequence
1457,0x57E0100,0x7F82842,0x7F82849,0x2DA8,il2cpp,static-observed,7.1 bulk registry type-slot construction sequence
1458,0x57F5250,0x7F82850,0x7F82857,0x2DB0,il2cpp,static-observed,7.1 bulk registry type-slot construction sequence
1459,0x57EA708,0x7F8285E,0x7F82865,0x2DB8,il2cpp,static-observed,7.1 bulk registry type-slot construction sequence
1460,0x57D1AB0,0x7F8286C,0x7F82873,0x2DC0,il2cpp,static-observed,7.1 bulk registry type-slot construction sequence
1461,0x57F5258,0x7F8287A,0x7F82881,0x2DC8,il2cpp,static-observed,7.1 bulk registry type-slot construction sequence
1462,0x57EFE30,0x7F82888,0x7F8288F,0x2DD0,il2cpp,static-observed,7.1 bulk registry type-slot construction sequence
1463,0x57F5260,0x7F82896,0x7F8289D,0x2DD8,il2cpp,static-observed,7.1 bulk registry type-slot construction sequence
1464,0x57EFE20,0x7F828A4,0x7F828AB,0x2DE0,il2cpp,static-observed,7.1 bulk registry type-slot construction sequence
1465,0x57F5268,0x7F828B2,0x7F828B9,0x2DE8,il2cpp,static-observed,7.1 bulk registry type-slot construction sequence
1466,0x57C57A8,0x7F828C0,0x7F828C7,0x2DF0,il2cpp,static-observed,7.1 bulk registry type-slot construction sequence
1467,0x57F5270,0x7F828CE,0x7F828D5,0x2DF8,il2cpp,static-observed,7.1 bulk registry type-slot construction sequence
1468,0x57DFA30,0x7F828DC,0x7F828E3,0x2E00,il2cpp,static-observed,7.1 bulk registry type-slot construction sequence
1469,0x57F5278,0x7F828EA,0x7F828F1,0x2E08,il2cpp,static-observed,7.1 bulk registry type-slot construction sequence
1470,0x57F5280,0x7F828F8,0x7F828FF,0x2E10,il2cpp,static-observed,7.1 bulk registry type-slot construction sequence
1471,0x57F17C0,0x7F82906,0x7F8290D,0x2E18,il2cpp,static-observed,7.1 bulk registry type-slot construction sequence
1472,0x57C42F0,0x7F82914,0x7F8291B,0x2E20,il2cpp,static-observed,7.1 bulk registry type-slot construction sequence
1473,0x57DAAC8,0x7F82922,0x7F82929,0x2E28,il2cpp,static-observed,7.1 bulk registry type-slot construction sequence
1474,0x57F5288,0x7F82930,0x7F82937,0x2E30,il2cpp,static-observed,7.1 bulk registry type-slot construction sequence
1475,0x57E5710,0x7F8293E,0x7F82945,0x2E38,il2cpp,static-observed,7.1 bulk registry type-slot construction sequence
1476,0x57CD320,0x7F8294C,0x7F82953,0x2E40,il2cpp,static-observed,7.1 bulk registry type-slot construction sequence
1477,0x57DE398,0x7F8295A,0x7F82961,0x2E48,il2cpp,static-observed,7.1 bulk registry type-slot construction sequence
1478,0x57D2150,0x7F82968,0x7F8296F,0x2E50,il2cpp,static-observed,7.1 bulk registry type-slot construction sequence
1479,0x57D8F30,0x7F82976,0x7F8297D,0x2E58,il2cpp,static-observed,7.1 bulk registry type-slot construction sequence
1480,0x57F5290,0x7F82984,0x7F8298B,0x2E60,il2cpp,static-observed,7.1 bulk registry type-slot construction sequence
1481,0x57F5298,0x7F82992,0x7F82999,0x2E68,il2cpp,static-observed,7.1 bulk registry type-slot construction sequence
1482,0x57F52A0,0x7F829A0,0x7F829A7,0x2E70,il2cpp,static-observed,7.1 bulk registry type-slot construction sequence
1483,0x57F52A8,0x7F829AE,0x7F829B5,0x2E78,il2cpp,static-observed,7.1 bulk registry type-slot construction sequence
1484,0x57F52B0,0x7F829BC,0x7F829C3,0x2E80,il2cpp,static-observed,7.1 bulk registry type-slot construction sequence
1485,0x57F0D58,0x7F829CA,0x7F829D1,0x2E88,il2cpp,static-observed,7.1 bulk registry type-slot construction sequence
1486,0x57AFA30,0x7F829D8,0x7F829DF,0x2E90,il2cpp,static-observed,7.1 bulk registry type-slot construction sequence
1487,0x57F52B8,0x7F829E6,0x7F829ED,0x2E98,il2cpp,static-observed,7.1 bulk registry type-slot construction sequence
1488,0x57B1C48,0x7F829F4,0x7F829FB,0x2EA0,il2cpp,static-observed,7.1 bulk registry type-slot construction sequence
1489,0x57F52C0,0x7F82A02,0x7F82A09,0x2EA8,il2cpp,static-observed,7.1 bulk registry type-slot construction sequence
1490,0x57F52C8,0x7F82A10,0x7F82A17,0x2EB0,il2cpp,static-observed,7.1 bulk registry type-slot construction sequence
1491,0x57F52D0,0x7F82A1E,0x7F82A25,0x2EB8,il2cpp,static-observed,7.1 bulk registry type-slot construction sequence
1492,0x57C85F8,0x7F82A2C,0x7F82A33,0x2EC0,il2cpp,static-observed,7.1 bulk registry type-slot construction sequence
1493,0x57B5118,0x7F82A3A,0x7F82A41,0x2EC8,il2cpp,static-observed,7.1 bulk registry type-slot construction sequence
1494,0x57F52D8,0x7F82A48,0x7F82A4F,0x2ED0,il2cpp,static-observed,7.1 bulk registry type-slot construction sequence
1495,0x57F52E0,0x7F82A56,0x7F82A5D,0x2ED8,il2cpp,static-observed,7.1 bulk registry type-slot construction sequence
1496,0x57F52E8,0x7F82A64,0x7F82A6B,0x2EE0,il2cpp,static-observed,7.1 bulk registry type-slot construction sequence
1497,0x57F52F0,0x7F82A72,0x7F82A79,0x2EE8,il2cpp,static-observed,7.1 bulk registry type-slot construction sequence
1498,0x57B0240,0x7F82A80,0x7F82A87,0x2EF0,il2cpp,static-observed,7.1 bulk registry type-slot construction sequence
1499,0x57EC748,0x7F82A8E,0x7F82A95,0x2EF8,il2cpp,static-observed,7.1 bulk registry type-slot construction sequence
1500,0x57E23E0,0x7F82A9C,0x7F82AA3,0x2F00,il2cpp,static-observed,7.1 bulk registry type-slot construction sequence
1501,0x57D46E8,0x7F82AAA,0x7F82AB1,0x2F08,il2cpp,static-observed,7.1 bulk registry type-slot construction sequence
1502,0x57E70E0,0x7F82AB8,0x7F82ABF,0x2F10,il2cpp,static-observed,7.1 bulk registry type-slot construction sequence
1503,0x57F52F8,0x7F82AC6,0x7F82ACD,0x2F18,il2cpp,static-observed,7.1 bulk registry type-slot construction sequence
1504,0x57F5300,0x7F82AD4,0x7F82ADB,0x2F20,il2cpp,static-observed,7.1 bulk registry type-slot construction sequence
1505,0x57F5308,0x7F82AE2,0x7F82AE9,0x2F28,il2cpp,static-observed,7.1 bulk registry type-slot construction sequence
1506,0x57F5310,0x7F82AF0,0x7F82AF7,0x2F30,il2cpp,static-observed,7.1 bulk registry type-slot construction sequence
1507,0x57F1EA8,0x7F82AFE,0x7F82B05,0x2F38,il2cpp,static-observed,7.1 bulk registry type-slot construction sequence
1508,0x57B3268,0x7F82B0C,0x7F82B13,0x2F40,il2cpp,static-observed,7.1 bulk registry type-slot construction sequence
1509,0x57E3358,0x7F82B1A,0x7F82B21,0x2F48,il2cpp,static-observed,7.1 bulk registry type-slot construction sequence
1510,0x57AE850,0x7F82B28,0x7F82B2F,0x2F50,il2cpp,static-observed,7.1 bulk registry type-slot construction sequence
1511,0x57F5318,0x7F82B36,0x7F82B3D,0x2F58,il2cpp,static-observed,7.1 bulk registry type-slot construction sequence
1512,0x57D4BF0,0x7F82B44,0x7F82B4B,0x2F60,il2cpp,static-observed,7.1 bulk registry type-slot construction sequence
1513,0x57F5320,0x7F82B52,0x7F82B59,0x2F68,il2cpp,static-observed,7.1 bulk registry type-slot construction sequence
1514,0x57D4780,0x7F82B60,0x7F82B67,0x2F70,il2cpp,static-observed,7.1 bulk registry type-slot construction sequence
1515,0x57EABA8,0x7F82B6E,0x7F82B75,0x2F78,il2cpp,static-observed,7.1 bulk registry type-slot construction sequence
1516,0x57F5328,0x7F82B7C,0x7F82B83,0x2F80,il2cpp,static-observed,7.1 bulk registry type-slot construction sequence
1517,0x57DB9E8,0x7F82B8A,0x7F82B91,0x2F88,il2cpp,static-observed,7.1 bulk registry type-slot construction sequence
1518,0x57E3718,0x7F82B98,0x7F82B9F,0x2F90,il2cpp,static-observed,7.1 bulk registry type-slot construction sequence
1519,0x57F5330,0x7F82BA6,0x7F82BAD,0x2F98,il2cpp,static-observed,7.1 bulk registry type-slot construction sequence
1520,0x57E20F0,0x7F82BB4,0x7F82BBB,0x2FA0,il2cpp,static-observed,7.1 bulk registry type-slot construction sequence
1521,0x57AEBF8,0x7F82BC2,0x7F82BC9,0x2FA8,il2cpp,static-observed,7.1 bulk registry type-slot construction sequence
1522,0x57CAFC8,0x7F82BD0,0x7F82BD7,0x2FB0,il2cpp,static-observed,7.1 bulk registry type-slot construction sequence
1523,0x57F5338,0x7F82BDE,0x7F82BE5,0x2FB8,il2cpp,static-observed,7.1 bulk registry type-slot construction sequence
1524,0x57F5340,0x7F82BEC,0x7F82BF3,0x2FC0,il2cpp,static-observed,7.1 bulk registry type-slot construction sequence
1525,0x57F5348,0x7F82BFA,0x7F82C01,0x2FC8,il2cpp,static-observed,7.1 bulk registry type-slot construction sequence
1526,0x57E9CC8,0x7F82C08,0x7F82C0F,0x2FD0,il2cpp,static-observed,7.1 bulk registry type-slot construction sequence
1527,0x57D5F40,0x7F82C16,0x7F82C1D,0x2FD8,il2cpp,static-observed,7.1 bulk registry type-slot construction sequence
1528,0x57F5350,0x7F82C24,0x7F82C2B,0x2FE0,il2cpp,static-observed,7.1 bulk registry type-slot construction sequence
1529,0x57E73D0,0x7F82C32,0x7F82C39,0x2FE8,il2cpp,static-observed,7.1 bulk registry type-slot construction sequence
1530,0x57F5358,0x7F82C40,0x7F82C47,0x2FF0,il2cpp,static-observed,7.1 bulk registry type-slot construction sequence
1531,0x57F5360,0x7F82C4E,0x7F82C55,0x2FF8,il2cpp,static-observed,7.1 bulk registry type-slot construction sequence
1532,0x57D0C30,0x7F82C5C,0x7F82C63,0x3000,il2cpp,static-observed,7.1 bulk registry type-slot construction sequence
1533,0x57F5368,0x7F82C6A,0x7F82C71,0x3008,il2cpp,static-observed,7.1 bulk registry type-slot construction sequence
1534,0x57F5370,0x7F82C78,0x7F82C7F,0x3010,il2cpp,static-observed,7.1 bulk registry type-slot construction sequence
1535,0x57F5378,0x7F82C86,0x7F82C8D,0x3018,il2cpp,static-observed,7.1 bulk registry type-slot construction sequence
1536,0x57E6898,0x7F82C94,0x7F82C9B,0x3020,il2cpp,static-observed,7.1 bulk registry type-slot construction sequence
1537,0x57E2768,0x7F82CA2,0x7F82CA9,0x3028,il2cpp,static-observed,7.1 bulk registry type-slot construction sequence
1538,0x57B0430,0x7F82CB0,0x7F82CB7,0x3030,il2cpp,static-observed,7.1 bulk registry type-slot construction sequence
1539,0x57F5380,0x7F82CBE,0x7F82CC5,0x3038,il2cpp,static-observed,7.1 bulk registry type-slot construction sequence
1540,0x57F5388,0x7F82CCC,0x7F82CD3,0x3040,il2cpp,static-observed,7.1 bulk registry type-slot construction sequence
1541,0x57B3FB8,0x7F82CDA,0x7F82CE1,0x3048,il2cpp,static-observed,7.1 bulk registry type-slot construction sequence
1542,0x57F5390,0x7F82CE8,0x7F82CEF,0x3050,il2cpp,static-observed,7.1 bulk registry type-slot construction sequence
1543,0x57F5398,0x7F82CF6,0x7F82CFD,0x3058,il2cpp,static-observed,7.1 bulk registry type-slot construction sequence
1544,0x57E2748,0x7F82D04,0x7F82D0B,0x3060,il2cpp,static-observed,7.1 bulk registry type-slot construction sequence
1545,0x57F53A0,0x7F82D12,0x7F82D19,0x3068,il2cpp,static-observed,7.1 bulk registry type-slot construction sequence
1546,0x57F53A8,0x7F82D20,0x7F82D27,0x3070,il2cpp,static-observed,7.1 bulk registry type-slot construction sequence
1547,0x57B4C00,0x7F82D2E,0x7F82D35,0x3078,il2cpp,static-observed,7.1 bulk registry type-slot construction sequence
1548,0x57D7C10,0x7F82D3C,0x7F82D43,0x3080,il2cpp,static-observed,7.1 bulk registry type-slot construction sequence
1549,0x57EB1A0,0x7F82D4A,0x7F82D51,0x3088,il2cpp,static-observed,7.1 bulk registry type-slot construction sequence
1550,0x57F21C0,0x7F82D58,0x7F82D5F,0x3090,il2cpp,static-observed,7.1 bulk registry type-slot construction sequence
1551,0x57D53B8,0x7F82D66,0x7F82D6D,0x3098,il2cpp,static-observed,7.1 bulk registry type-slot construction sequence
1552,0x57F53B0,0x7F82D74,0x7F82D7B,0x30A0,il2cpp,static-observed,7.1 bulk registry type-slot construction sequence
1553,0x57F53B8,0x7F82D82,0x7F82D89,0x30A8,il2cpp,static-observed,7.1 bulk registry type-slot construction sequence
1554,0x57F53C0,0x7F82D90,0x7F82D97,0x30B0,il2cpp,static-observed,7.1 bulk registry type-slot construction sequence
1555,0x57F53C8,0x7F82D9E,0x7F82DA5,0x30B8,il2cpp,static-observed,7.1 bulk registry type-slot construction sequence
1556,0x57E3328,0x7F82DAC,0x7F82DB3,0x30C0,il2cpp,static-observed,7.1 bulk registry type-slot construction sequence
1557,0x57ED3F0,0x7F82DBA,0x7F82DC1,0x30C8,il2cpp,static-observed,7.1 bulk registry type-slot construction sequence
1558,0x57E2D50,0x7F82DC8,0x7F82DCF,0x30D0,il2cpp,static-observed,7.1 bulk registry type-slot construction sequence
1559,0x57F53D0,0x7F82DD6,0x7F82DDD,0x30D8,il2cpp,static-observed,7.1 bulk registry type-slot construction sequence
1560,0x57F36D0,0x7F82DE4,0x7F82DEB,0x30E0,il2cpp,static-observed,7.1 bulk registry type-slot construction sequence
1561,0x57D7D58,0x7F82DF2,0x7F82DF9,0x30E8,il2cpp,static-observed,7.1 bulk registry type-slot construction sequence
1562,0x57F53D8,0x7F82E00,0x7F82E07,0x30F0,il2cpp,static-observed,7.1 bulk registry type-slot construction sequence
1563,0x57AF818,0x7F82E0E,0x7F82E15,0x30F8,il2cpp,static-observed,7.1 bulk registry type-slot construction sequence
1564,0x57E8E78,0x7F82E1C,0x7F82E23,0x3100,il2cpp,static-observed,7.1 bulk registry type-slot construction sequence
1565,0x57CF620,0x7F82E2A,0x7F82E31,0x3108,il2cpp,static-observed,7.1 bulk registry type-slot construction sequence
1566,0x57F53E0,0x7F82E38,0x7F82E3F,0x3110,il2cpp,static-observed,7.1 bulk registry type-slot construction sequence
1567,0x57F53E8,0x7F82E46,0x7F82E4D,0x3118,il2cpp,static-observed,7.1 bulk registry type-slot construction sequence
1568,0x57F53F0,0x7F82E54,0x7F82E5B,0x3120,il2cpp,static-observed,7.1 bulk registry type-slot construction sequence
1569,0x57F53F8,0x7F82E62,0x7F82E69,0x3128,il2cpp,static-observed,7.1 bulk registry type-slot construction sequence
1570,0x57F5400,0x7F82E70,0x7F82E77,0x3130,il2cpp,static-observed,7.1 bulk registry type-slot construction sequence
1571,0x57F5408,0x7F82E7E,0x7F82E85,0x3138,il2cpp,static-observed,7.1 bulk registry type-slot construction sequence
1572,0x57F5410,0x7F82E8C,0x7F82E93,0x3140,il2cpp,static-observed,7.1 bulk registry type-slot construction sequence
1573,0x57F5418,0x7F82E9A,0x7F82EA1,0x3148,il2cpp,static-observed,7.1 bulk registry type-slot construction sequence
1574,0x57F5420,0x7F82EA8,0x7F82EAF,0x3150,il2cpp,static-observed,7.1 bulk registry type-slot construction sequence
1575,0x57C67B8,0x7F82EB6,0x7F82EBD,0x3158,il2cpp,static-observed,7.1 bulk registry type-slot construction sequence
1576,0x57C80D8,0x7F82EC4,0x7F82ECB,0x3160,il2cpp,static-observed,7.1 bulk registry type-slot construction sequence
1577,0x57F5428,0x7F82ED2,0x7F82ED9,0x3168,il2cpp,static-observed,7.1 bulk registry type-slot construction sequence
1578,0x57E0CC8,0x7F82EE0,0x7F82EE7,0x3170,il2cpp,static-observed,7.1 bulk registry type-slot construction sequence
1579,0x57E2D98,0x7F82EEE,0x7F82EF5,0x3178,il2cpp,static-observed,7.1 bulk registry type-slot construction sequence
1580,0x57C5030,0x7F82EFC,0x7F82F03,0x3180,il2cpp,static-observed,7.1 bulk registry type-slot construction sequence
1581,0x57F5430,0x7F82F0A,0x7F82F11,0x3188,il2cpp,static-observed,7.1 bulk registry type-slot construction sequence
1582,0x57D7078,0x7F82F18,0x7F82F1F,0x3190,il2cpp,static-observed,7.1 bulk registry type-slot construction sequence
1583,0x57D34B8,0x7F82F26,0x7F82F2D,0x3198,il2cpp,static-observed,7.1 bulk registry type-slot construction sequence
1584,0x57F5438,0x7F82F34,0x7F82F3B,0x31A0,il2cpp,static-observed,7.1 bulk registry type-slot construction sequence
1585,0x57D8E90,0x7F82F42,0x7F82F49,0x31A8,il2cpp,static-observed,7.1 bulk registry type-slot construction sequence
1586,0x57B2920,0x7F82F50,0x7F82F57,0x31B0,il2cpp,static-observed,7.1 bulk registry type-slot construction sequence
1587,0x57F5440,0x7F82F5E,0x7F82F65,0x31B8,il2cpp,static-observed,7.1 bulk registry type-slot construction sequence
1588,0x57C9530,0x7F82F6C,0x7F82F73,0x31C0,il2cpp,static-observed,7.1 bulk registry type-slot construction sequence
1589,0x57D7130,0x7F82F7A,0x7F82F81,0x31C8,il2cpp,static-observed,7.1 bulk registry type-slot construction sequence
1590,0x57CC130,0x7F82F88,0x7F82F8F,0x31D0,il2cpp,static-observed,7.1 bulk registry type-slot construction sequence
1591,0x57DE600,0x7F82F96,0x7F82F9D,0x31D8,il2cpp,static-observed,7.1 bulk registry type-slot construction sequence
1592,0x57F5448,0x7F82FA4,0x7F82FAB,0x31E0,il2cpp,static-observed,7.1 bulk registry type-slot construction sequence
1593,0x57AEA10,0x7F82FB2,0x7F82FB9,0x31E8,il2cpp,static-observed,7.1 bulk registry type-slot construction sequence
1594,0x57F5450,0x7F82FC0,0x7F82FC7,0x31F0,il2cpp,static-observed,7.1 bulk registry type-slot construction sequence
1595,0x57CBD60,0x7F82FCE,0x7F82FD5,0x31F8,il2cpp,static-observed,7.1 bulk registry type-slot construction sequence
1596,0x57F5458,0x7F82FDC,0x7F82FE3,0x3200,il2cpp,static-observed,7.1 bulk registry type-slot construction sequence
1597,0x57DA090,0x7F82FEA,0x7F82FF1,0x3208,il2cpp,static-observed,7.1 bulk registry type-slot construction sequence
1598,0x57EDBD0,0x7F82FF8,0x7F82FFF,0x3210,il2cpp,static-observed,7.1 bulk registry type-slot construction sequence
1599,0x57F5460,0x7F83006,0x7F8300D,0x3218,il2cpp,static-observed,7.1 bulk registry type-slot construction sequence
1600,0x57ED4F8,0x7F83014,0x7F8301B,0x3220,il2cpp,static-observed,7.1 bulk registry type-slot construction sequence
1601,0x57F5468,0x7F83022,0x7F83029,0x3228,il2cpp,static-observed,7.1 bulk registry type-slot construction sequence
1602,0x57F5470,0x7F83030,0x7F83037,0x3230,il2cpp,static-observed,7.1 bulk registry type-slot construction sequence
1603,0x57AF300,0x7F8303E,0x7F83045,0x3238,il2cpp,static-observed,7.1 bulk registry type-slot construction sequence
1604,0x57F29F8,0x7F8304C,0x7F83053,0x3240,il2cpp,static-observed,7.1 bulk registry type-slot construction sequence
1605,0x57F5478,0x7F8305A,0x7F83061,0x3248,il2cpp,static-observed,7.1 bulk registry type-slot construction sequence
1606,0x57F5480,0x7F83068,0x7F8306F,0x3250,il2cpp,static-observed,7.1 bulk registry type-slot construction sequence
1607,0x57F5488,0x7F83076,0x7F8307D,0x3258,il2cpp,static-observed,7.1 bulk registry type-slot construction sequence
1608,0x57EF7A8,0x7F83084,0x7F8308B,0x3260,il2cpp,static-observed,7.1 bulk registry type-slot construction sequence
1609,0x57F5490,0x7F83092,0x7F83099,0x3268,il2cpp,static-observed,7.1 bulk registry type-slot construction sequence
1610,0x57F5498,0x7F830A0,0x7F830A7,0x3270,il2cpp,static-observed,7.1 bulk registry type-slot construction sequence
1611,0x57F54A0,0x7F830AE,0x7F830B5,0x3278,il2cpp,static-observed,7.1 bulk registry type-slot construction sequence
1612,0x57E5138,0x7F830BC,0x7F830C3,0x3280,il2cpp,static-observed,7.1 bulk registry type-slot construction sequence
1613,0x57DF808,0x7F830CA,0x7F830D1,0x3288,il2cpp,static-observed,7.1 bulk registry type-slot construction sequence
1614,0x57F54A8,0x7F830D8,0x7F830DF,0x3290,il2cpp,static-observed,7.1 bulk registry type-slot construction sequence
1615,0x57F54B0,0x7F830E6,0x7F830ED,0x3298,il2cpp,static-observed,7.1 bulk registry type-slot construction sequence
1616,0x57E5F70,0x7F830F4,0x7F830FB,0x32A0,il2cpp,static-observed,7.1 bulk registry type-slot construction sequence
1617,0x57F54B8,0x7F83102,0x7F83109,0x32A8,il2cpp,static-observed,7.1 bulk registry type-slot construction sequence
1618,0x57F54C0,0x7F83110,0x7F83117,0x32B0,il2cpp,static-observed,7.1 bulk registry type-slot construction sequence
1619,0x57C7008,0x7F8311E,0x7F83125,0x32B8,il2cpp,static-observed,7.1 bulk registry type-slot construction sequence
1620,0x57C6118,0x7F8312C,0x7F83133,0x32C0,il2cpp,static-observed,7.1 bulk registry type-slot construction sequence
1621,0x57F54C8,0x7F8313A,0x7F83141,0x32C8,il2cpp,static-observed,7.1 bulk registry type-slot construction sequence
1622,0x57E6040,0x7F83148,0x7F8314F,0x32D0,il2cpp,static-observed,7.1 bulk registry type-slot construction sequence
1623,0x57F54D0,0x7F83156,0x7F8315D,0x32D8,il2cpp,static-observed,7.1 bulk registry type-slot construction sequence
1624,0x57DCA78,0x7F83164,0x7F8316B,0x32E0,il2cpp,static-observed,7.1 bulk registry type-slot construction sequence
1625,0x57F54D8,0x7F83172,0x7F83179,0x32E8,il2cpp,static-observed,7.1 bulk registry type-slot construction sequence
1626,0x57D09B8,0x7F83180,0x7F83187,0x32F0,il2cpp,static-observed,7.1 bulk registry type-slot construction sequence
1627,0x57F54E0,0x7F8318E,0x7F83195,0x32F8,il2cpp,static-observed,7.1 bulk registry type-slot construction sequence
1628,0x57F54E8,0x7F8319C,0x7F831A3,0x3300,il2cpp,static-observed,7.1 bulk registry type-slot construction sequence
1629,0x57B3FA8,0x7F831AA,0x7F831B1,0x3308,il2cpp,static-observed,7.1 bulk registry type-slot construction sequence
1630,0x57F1D10,0x7F831B8,0x7F831BF,0x3310,il2cpp,static-observed,7.1 bulk registry type-slot construction sequence
1631,0x57F54F0,0x7F831C6,0x7F831CD,0x3318,il2cpp,static-observed,7.1 bulk registry type-slot construction sequence
1632,0x57F54F8,0x7F831D4,0x7F831DB,0x3320,il2cpp,static-observed,7.1 bulk registry type-slot construction sequence
1633,0x57F5500,0x7F831E2,0x7F831E9,0x3328,il2cpp,static-observed,7.1 bulk registry type-slot construction sequence
1634,0x57AE698,0x7F831F0,0x7F831F7,0x3330,il2cpp,static-observed,7.1 bulk registry type-slot construction sequence
1635,0x57F5508,0x7F831FE,0x7F83205,0x3338,il2cpp,static-observed,7.1 bulk registry type-slot construction sequence
1636,0x57E9830,0x7F8320C,0x7F83213,0x3340,il2cpp,static-observed,7.1 bulk registry type-slot construction sequence
1637,0x57EE158,0x7F8321A,0x7F83221,0x3348,il2cpp,static-observed,7.1 bulk registry type-slot construction sequence
1638,0x57F5510,0x7F83228,0x7F8322F,0x3350,il2cpp,static-observed,7.1 bulk registry type-slot construction sequence
1639,0x57F5518,0x7F83236,0x7F8323D,0x3358,il2cpp,static-observed,7.1 bulk registry type-slot construction sequence
1640,0x57F3440,0x7F83244,0x7F8324B,0x3360,il2cpp,static-observed,7.1 bulk registry type-slot construction sequence
1641,0x57F5520,0x7F83252,0x7F83259,0x3368,il2cpp,static-observed,7.1 bulk registry type-slot construction sequence
1642,0x57F1528,0x7F83260,0x7F83267,0x3370,il2cpp,static-observed,7.1 bulk registry type-slot construction sequence
1643,0x57F5528,0x7F8326E,0x7F83275,0x3378,il2cpp,static-observed,7.1 bulk registry type-slot construction sequence
1644,0x57F5530,0x7F8327C,0x7F83283,0x3380,il2cpp,static-observed,7.1 bulk registry type-slot construction sequence
1645,0x57CA508,0x7F8328A,0x7F83291,0x3388,il2cpp,static-observed,7.1 bulk registry type-slot construction sequence
1646,0x57DED08,0x7F83298,0x7F8329F,0x3390,il2cpp,static-observed,7.1 bulk registry type-slot construction sequence
1647,0x57F5538,0x7F832A6,0x7F832AD,0x3398,il2cpp,static-observed,7.1 bulk registry type-slot construction sequence
1648,0x57F5540,0x7F832B4,0x7F832BB,0x33A0,il2cpp,static-observed,7.1 bulk registry type-slot construction sequence
1649,0x57E75A0,0x7F832C2,0x7F832C9,0x33A8,il2cpp,static-observed,7.1 bulk registry type-slot construction sequence
1650,0x57E7550,0x7F832D0,0x7F832D7,0x33B0,il2cpp,static-observed,7.1 bulk registry type-slot construction sequence
1651,0x57F2808,0x7F832DE,0x7F832E5,0x33B8,il2cpp,static-observed,7.1 bulk registry type-slot construction sequence
1652,0x57F5548,0x7F832EC,0x7F832F3,0x33C0,il2cpp,static-observed,7.1 bulk registry type-slot construction sequence
1653,0x57CA6A0,0x7F832FA,0x7F83301,0x33C8,il2cpp,static-observed,7.1 bulk registry type-slot construction sequence
1654,0x57F5550,0x7F83308,0x7F8330F,0x33D0,il2cpp,static-observed,7.1 bulk registry type-slot construction sequence
1655,0x57F5558,0x7F83316,0x7F8331D,0x33D8,il2cpp,static-observed,7.1 bulk registry type-slot construction sequence
1656,0x57E00C8,0x7F83324,0x7F8332B,0x33E0,il2cpp,static-observed,7.1 bulk registry type-slot construction sequence
1657,0x57F5560,0x7F83332,0x7F83339,0x33E8,il2cpp,static-observed,7.1 bulk registry type-slot construction sequence
1658,0x57C74E0,0x7F83340,0x7F83347,0x33F0,il2cpp,static-observed,7.1 bulk registry type-slot construction sequence
1659,0x57CA948,0x7F8334E,0x7F83355,0x33F8,il2cpp,static-observed,7.1 bulk registry type-slot construction sequence
1660,0x57F5568,0x7F8335C,0x7F83363,0x3400,il2cpp,static-observed,7.1 bulk registry type-slot construction sequence
1661,0x57DE180,0x7F8336A,0x7F83371,0x3408,il2cpp,static-observed,7.1 bulk registry type-slot construction sequence
1662,0x57F5570,0x7F83378,0x7F8337F,0x3410,il2cpp,static-observed,7.1 bulk registry type-slot construction sequence
1663,0x57F5578,0x7F83386,0x7F8338D,0x3418,il2cpp,static-observed,7.1 bulk registry type-slot construction sequence
1664,0x57B3BA0,0x7F83394,0x7F8339B,0x3420,il2cpp,static-observed,7.1 bulk registry type-slot construction sequence
1665,0x57F5580,0x7F833A2,0x7F833A9,0x3428,il2cpp,static-observed,7.1 bulk registry type-slot construction sequence
1666,0x57F5588,0x7F833B0,0x7F833B7,0x3430,il2cpp,static-observed,7.1 bulk registry type-slot construction sequence
1667,0x57F5590,0x7F833BE,0x7F833C5,0x3438,il2cpp,static-observed,7.1 bulk registry type-slot construction sequence
1668,0x57F5598,0x7F833CC,0x7F833D3,0x3440,il2cpp,static-observed,7.1 bulk registry type-slot construction sequence
1669,0x57F55A0,0x7F833DA,0x7F833E1,0x3448,il2cpp,static-observed,7.1 bulk registry type-slot construction sequence
1670,0x57F55A8,0x7F833E8,0x7F833EF,0x3450,il2cpp,static-observed,7.1 bulk registry type-slot construction sequence
1671,0x57EBA88,0x7F833F6,0x7F833FD,0x3458,il2cpp,static-observed,7.1 bulk registry type-slot construction sequence
1672,0x57F55B0,0x7F83404,0x7F8340B,0x3460,il2cpp,static-observed,7.1 bulk registry type-slot construction sequence
1673,0x57EA510,0x7F83412,0x7F83419,0x3468,il2cpp,static-observed,7.1 bulk registry type-slot construction sequence
1674,0x57B55E8,0x7F83420,0x7F83427,0x3470,il2cpp,static-observed,7.1 bulk registry type-slot construction sequence
1675,0x57CBC98,0x7F8342E,0x7F83435,0x3478,il2cpp,static-observed,7.1 bulk registry type-slot construction sequence
1676,0x57F55B8,0x7F8343C,0x7F83443,0x3480,il2cpp,static-observed,7.1 bulk registry type-slot construction sequence
1677,0x57D8188,0x7F8344A,0x7F83451,0x3488,il2cpp,static-observed,7.1 bulk registry type-slot construction sequence
1678,0x57F55C0,0x7F83458,0x7F8345F,0x3490,il2cpp,static-observed,7.1 bulk registry type-slot construction sequence
1679,0x57F55C8,0x7F83466,0x7F8346D,0x3498,il2cpp,static-observed,7.1 bulk registry type-slot construction sequence
1680,0x57AE9F8,0x7F83474,0x7F8347B,0x34A0,il2cpp,static-observed,7.1 bulk registry type-slot construction sequence
1681,0x57CCFD0,0x7F83482,0x7F83489,0x34A8,il2cpp,static-observed,7.1 bulk registry type-slot construction sequence
1682,0x57F55D0,0x7F83490,0x7F83497,0x34B0,il2cpp,static-observed,7.1 bulk registry type-slot construction sequence
1683,0x57DB060,0x7F8349E,0x7F834A5,0x34B8,il2cpp,static-observed,7.1 bulk registry type-slot construction sequence
1684,0x57F55D8,0x7F834AC,0x7F834B3,0x34C0,il2cpp,static-observed,7.1 bulk registry type-slot construction sequence
1685,0x57F55E0,0x7F834BA,0x7F834C1,0x34C8,il2cpp,static-observed,7.1 bulk registry type-slot construction sequence
1686,0x57F55E8,0x7F834C8,0x7F834CF,0x34D0,il2cpp,static-observed,7.1 bulk registry type-slot construction sequence
1687,0x57F55F0,0x7F834D6,0x7F834DD,0x34D8,il2cpp,static-observed,7.1 bulk registry type-slot construction sequence
1688,0x57F55F8,0x7F834E4,0x7F834EB,0x34E0,il2cpp,static-observed,7.1 bulk registry type-slot construction sequence
1689,0x57C6988,0x7F834F2,0x7F834F9,0x34E8,il2cpp,static-observed,7.1 bulk registry type-slot construction sequence
1690,0x57F4450,0x7F83500,0x7F83507,0x34F0,il2cpp,static-observed,7.1 bulk registry type-slot construction sequence
1691,0x57EC238,0x7F8350E,0x7F83515,0x34F8,il2cpp,static-observed,7.1 bulk registry type-slot construction sequence
1692,0x57F0D78,0x7F8351C,0x7F83523,0x3500,il2cpp,static-observed,7.1 bulk registry type-slot construction sequence
1693,0x57AFA48,0x7F8352A,0x7F83531,0x3508,il2cpp,static-observed,7.1 bulk registry type-slot construction sequence
1694,0x57F5600,0x7F83538,0x7F8353F,0x3510,il2cpp,static-observed,7.1 bulk registry type-slot construction sequence
1695,0x57DCF90,0x7F83546,0x7F8354D,0x3518,il2cpp,static-observed,7.1 bulk registry type-slot construction sequence
1696,0x57F5608,0x7F83554,0x7F8355B,0x3520,il2cpp,static-observed,7.1 bulk registry type-slot construction sequence
1697,0x57F2948,0x7F83562,0x7F83569,0x3528,il2cpp,static-observed,7.1 bulk registry type-slot construction sequence
1698,0x57CEE28,0x7F83570,0x7F83577,0x3530,il2cpp,static-observed,7.1 bulk registry type-slot construction sequence
1699,0x57F5610,0x7F8357E,0x7F83585,0x3538,il2cpp,static-observed,7.1 bulk registry type-slot construction sequence
1700,0x57B1DA8,0x7F8358C,0x7F83593,0x3540,il2cpp,static-observed,7.1 bulk registry type-slot construction sequence
1701,0x57F5618,0x7F8359A,0x7F835A1,0x3548,il2cpp,static-observed,7.1 bulk registry type-slot construction sequence
1702,0x57F5620,0x7F835A8,0x7F835AF,0x3550,il2cpp,static-observed,7.1 bulk registry type-slot construction sequence
1703,0x57F5628,0x7F835B6,0x7F835BD,0x3558,il2cpp,static-observed,7.1 bulk registry type-slot construction sequence
1704,0x57F5630,0x7F835C4,0x7F835CB,0x3560,il2cpp,static-observed,7.1 bulk registry type-slot construction sequence
1705,0x57AE4E8,0x7F835D2,0x7F835D9,0x3568,il2cpp,static-observed,7.1 bulk registry type-slot construction sequence
1706,0x57DC7C0,0x7F835E0,0x7F835E7,0x3570,il2cpp,static-observed,7.1 bulk registry type-slot construction sequence
1707,0x57C93E8,0x7F835EE,0x7F835F5,0x3578,il2cpp,static-observed,7.1 bulk registry type-slot construction sequence
1708,0x57DF7D8,0x7F835FC,0x7F83603,0x3580,il2cpp,static-observed,7.1 bulk registry type-slot construction sequence
1709,0x57EED08,0x7F8360A,0x7F83611,0x3588,il2cpp,static-observed,7.1 bulk registry type-slot construction sequence
1710,0x57F5638,0x7F83618,0x7F8361F,0x3590,il2cpp,static-observed,7.1 bulk registry type-slot construction sequence
1711,0x57F5640,0x7F83626,0x7F8362D,0x3598,il2cpp,static-observed,7.1 bulk registry type-slot construction sequence
1712,0x57D4720,0x7F83634,0x7F8363B,0x35A0,il2cpp,static-observed,7.1 bulk registry type-slot construction sequence
1713,0x57F5648,0x7F83642,0x7F83649,0x35A8,il2cpp,static-observed,7.1 bulk registry type-slot construction sequence
1714,0x57F2AC0,0x7F83650,0x7F83657,0x35B0,il2cpp,static-observed,7.1 bulk registry type-slot construction sequence
1715,0x57E0FE0,0x7F8365E,0x7F83665,0x35B8,il2cpp,static-observed,7.1 bulk registry type-slot construction sequence
1716,0x57D2760,0x7F8366C,0x7F83673,0x35C0,il2cpp,static-observed,7.1 bulk registry type-slot construction sequence
1717,0x57C7620,0x7F8367A,0x7F83681,0x35C8,il2cpp,static-observed,7.1 bulk registry type-slot construction sequence
1718,0x57F5650,0x7F83688,0x7F8368F,0x35D0,il2cpp,static-observed,7.1 bulk registry type-slot construction sequence
1719,0x57CA710,0x7F83696,0x7F8369D,0x35D8,il2cpp,static-observed,7.1 bulk registry type-slot construction sequence
1720,0x57F5658,0x7F836A4,0x7F836AB,0x35E0,il2cpp,static-observed,7.1 bulk registry type-slot construction sequence
1721,0x57F5660,0x7F836B2,0x7F836B9,0x35E8,il2cpp,static-observed,7.1 bulk registry type-slot construction sequence
1722,0x57F5668,0x7F836C0,0x7F836C7,0x35F0,il2cpp,static-observed,7.1 bulk registry type-slot construction sequence
1723,0x57DB160,0x7F836CE,0x7F836D5,0x35F8,il2cpp,static-observed,7.1 bulk registry type-slot construction sequence
1724,0x57F5670,0x7F836DC,0x7F836E3,0x3600,il2cpp,static-observed,7.1 bulk registry type-slot construction sequence
1725,0x57F5678,0x7F836EA,0x7F836F1,0x3608,il2cpp,static-observed,7.1 bulk registry type-slot construction sequence
1726,0x57D5570,0x7F836F8,0x7F836FF,0x3610,il2cpp,static-observed,7.1 bulk registry type-slot construction sequence
1727,0x57EB678,0x7F83706,0x7F8370D,0x3618,il2cpp,static-observed,7.1 bulk registry type-slot construction sequence
1728,0x57D7B90,0x7F83714,0x7F8371B,0x3620,il2cpp,static-observed,7.1 bulk registry type-slot construction sequence
1729,0x57CC860,0x7F83722,0x7F83729,0x3628,il2cpp,static-observed,7.1 bulk registry type-slot construction sequence
1730,0x57F3208,0x7F83730,0x7F83737,0x3630,il2cpp,static-observed,7.1 bulk registry type-slot construction sequence
1731,0x57C90A8,0x7F8373E,0x7F83745,0x3638,il2cpp,static-observed,7.1 bulk registry type-slot construction sequence
1732,0x57F5680,0x7F8374C,0x7F83753,0x3640,il2cpp,static-observed,7.1 bulk registry type-slot construction sequence
1733,0x57F06C8,0x7F8375A,0x7F83761,0x3648,il2cpp,static-observed,7.1 bulk registry type-slot construction sequence
1734,0x57C8BF8,0x7F83768,0x7F8376F,0x3650,il2cpp,static-observed,7.1 bulk registry type-slot construction sequence
1735,0x57F5688,0x7F83776,0x7F8377D,0x3658,il2cpp,static-observed,7.1 bulk registry type-slot construction sequence
1736,0x57F5690,0x7F83784,0x7F8378B,0x3660,il2cpp,static-observed,7.1 bulk registry type-slot construction sequence
1737,0x57E3818,0x7F83792,0x7F83799,0x3668,il2cpp,static-observed,7.1 bulk registry type-slot construction sequence
1738,0x57F5698,0x7F837A0,0x7F837A7,0x3670,il2cpp,static-observed,7.1 bulk registry type-slot construction sequence
1739,0x57E3B50,0x7F837AE,0x7F837B5,0x3678,il2cpp,static-observed,7.1 bulk registry type-slot construction sequence
1740,0x57F28C0,0x7F837BC,0x7F837C3,0x3680,il2cpp,static-observed,7.1 bulk registry type-slot construction sequence
1741,0x57F56A0,0x7F837CA,0x7F837D1,0x3688,il2cpp,static-observed,7.1 bulk registry type-slot construction sequence
1742,0x57F56A8,0x7F837D8,0x7F837DF,0x3690,il2cpp,static-observed,7.1 bulk registry type-slot construction sequence
1743,0x57CCAF8,0x7F837E6,0x7F837ED,0x3698,il2cpp,static-observed,7.1 bulk registry type-slot construction sequence
1744,0x57F56B0,0x7F837F4,0x7F837FB,0x36A0,il2cpp,static-observed,7.1 bulk registry type-slot construction sequence
1745,0x57D0710,0x7F83802,0x7F83809,0x36A8,il2cpp,static-observed,7.1 bulk registry type-slot construction sequence
1746,0x57AE078,0x7F83810,0x7F83817,0x36B0,il2cpp,static-observed,7.1 bulk registry type-slot construction sequence
1747,0x57F0328,0x7F8381E,0x7F83825,0x36B8,il2cpp,static-observed,7.1 bulk registry type-slot construction sequence
1748,0x57F56B8,0x7F8382C,0x7F83833,0x36C0,il2cpp,static-observed,7.1 bulk registry type-slot construction sequence
1749,0x57F56C0,0x7F8383A,0x7F83841,0x36C8,il2cpp,static-observed,7.1 bulk registry type-slot construction sequence
1750,0x57F56C8,0x7F83848,0x7F8384F,0x36D0,il2cpp,static-observed,7.1 bulk registry type-slot construction sequence
1751,0x57D1220,0x7F83856,0x7F8385D,0x36D8,il2cpp,static-observed,7.1 bulk registry type-slot construction sequence
1752,0x57F56D0,0x7F83864,0x7F8386B,0x36E0,il2cpp,static-observed,7.1 bulk registry type-slot construction sequence
1753,0x57F0A88,0x7F83872,0x7F83879,0x36E8,il2cpp,static-observed,7.1 bulk registry type-slot construction sequence
1754,0x57F56D8,0x7F83880,0x7F83887,0x36F0,il2cpp,static-observed,7.1 bulk registry type-slot construction sequence
1755,0x57F56F8,0x7F8388E,0x7F83895,0x36F8,il2cpp,static-observed,7.1 bulk registry type-slot construction sequence
1756,0x57F5700,0x7F8389C,0x7F838A3,0x3700,il2cpp,static-observed,7.1 bulk registry type-slot construction sequence
1757,0x57C8518,0x7F838AA,0x7F838B1,0x3708,il2cpp,static-observed,7.1 bulk registry type-slot construction sequence
1758,0x57CCAB0,0x7F838B8,0x7F838BF,0x3710,il2cpp,static-observed,7.1 bulk registry type-slot construction sequence
1759,0x57F5708,0x7F838C6,0x7F838CD,0x3718,il2cpp,static-observed,7.1 bulk registry type-slot construction sequence
1760,0x57F5710,0x7F838D4,0x7F838DB,0x3720,il2cpp,static-observed,7.1 bulk registry type-slot construction sequence
1761,0x57E2C00,0x7F838E2,0x7F838E9,0x3728,il2cpp,static-observed,7.1 bulk registry type-slot construction sequence
1762,0x57EA620,0x7F838F0,0x7F838F7,0x3730,il2cpp,static-observed,7.1 bulk registry type-slot construction sequence
1763,0x57F5718,0x7F838FE,0x7F83905,0x3738,il2cpp,static-observed,7.1 bulk registry type-slot construction sequence
1764,0x57B2DA0,0x7F8390C,0x7F83913,0x3740,il2cpp,static-observed,7.1 bulk registry type-slot construction sequence
1765,0x57CD058,0x7F8391A,0x7F83921,0x3748,il2cpp,static-observed,7.1 bulk registry type-slot construction sequence
1766,0x57F5720,0x7F83928,0x7F8392F,0x3750,il2cpp,static-observed,7.1 bulk registry type-slot construction sequence
1767,0x57E20D8,0x7F83936,0x7F8393D,0x3758,il2cpp,static-observed,7.1 bulk registry type-slot construction sequence
1768,0x57F5728,0x7F83944,0x7F8394B,0x3760,il2cpp,static-observed,7.1 bulk registry type-slot construction sequence
1769,0x57C5268,0x7F83952,0x7F83959,0x3768,il2cpp,static-observed,7.1 bulk registry type-slot construction sequence
1770,0x57F5730,0x7F83960,0x7F83967,0x3770,il2cpp,static-observed,7.1 bulk registry type-slot construction sequence
1771,0x57F5738,0x7F8396E,0x7F83975,0x3778,il2cpp,static-observed,7.1 bulk registry type-slot construction sequence
1772,0x57D1500,0x7F8397C,0x7F83983,0x3780,il2cpp,static-observed,7.1 bulk registry type-slot construction sequence
1773,0x57F5740,0x7F8398A,0x7F83991,0x3788,il2cpp,static-observed,7.1 bulk registry type-slot construction sequence
1774,0x57C5AE8,0x7F83998,0x7F8399F,0x3790,il2cpp,static-observed,7.1 bulk registry type-slot construction sequence
1775,0x57F2D70,0x7F839A6,0x7F839AD,0x3798,il2cpp,static-observed,7.1 bulk registry type-slot construction sequence
1776,0x57F5748,0x7F839B4,0x7F839BB,0x37A0,il2cpp,static-observed,7.1 bulk registry type-slot construction sequence
1777,0x57F5750,0x7F839C2,0x7F839C9,0x37A8,il2cpp,static-observed,7.1 bulk registry type-slot construction sequence
1778,0x57E7288,0x7F839D0,0x7F839D7,0x37B0,il2cpp,static-observed,7.1 bulk registry type-slot construction sequence
1779,0x57F5758,0x7F839DE,0x7F839E5,0x37B8,il2cpp,static-observed,7.1 bulk registry type-slot construction sequence
1780,0x57F5760,0x7F839EC,0x7F839F3,0x37C0,il2cpp,static-observed,7.1 bulk registry type-slot construction sequence
1781,0x57AF9B8,0x7F839FA,0x7F83A01,0x37C8,il2cpp,static-observed,7.1 bulk registry type-slot construction sequence
1782,0x57F5768,0x7F83A08,0x7F83A0F,0x37D0,il2cpp,static-observed,7.1 bulk registry type-slot construction sequence
1783,0x57B36B8,0x7F83A16,0x7F83A1D,0x37D8,il2cpp,static-observed,7.1 bulk registry type-slot construction sequence
1784,0x57F5770,0x7F83A24,0x7F83A2B,0x37E0,il2cpp,static-observed,7.1 bulk registry type-slot construction sequence
1785,0x57F5778,0x7F83A32,0x7F83A39,0x37E8,il2cpp,static-observed,7.1 bulk registry type-slot construction sequence
1786,0x57EA968,0x7F83A40,0x7F83A47,0x37F0,il2cpp,static-observed,7.1 bulk registry type-slot construction sequence
1787,0x57CDD10,0x7F83A4E,0x7F83A55,0x37F8,il2cpp,static-observed,7.1 bulk registry type-slot construction sequence
1788,0x57F5780,0x7F83A5C,0x7F83A63,0x3800,il2cpp,static-observed,7.1 bulk registry type-slot construction sequence
1789,0x57F5788,0x7F83A6A,0x7F83A71,0x3808,il2cpp,static-observed,7.1 bulk registry type-slot construction sequence
1790,0x57D9088,0x7F83A78,0x7F83A7F,0x3810,il2cpp,static-observed,7.1 bulk registry type-slot construction sequence
1791,0x57F0098,0x7F83A86,0x7F83A8D,0x3818,il2cpp,static-observed,7.1 bulk registry type-slot construction sequence
1792,0x57F5790,0x7F83A94,0x7F83A9B,0x3820,il2cpp,static-observed,7.1 bulk registry type-slot construction sequence
1793,0x57F5798,0x7F83AA2,0x7F83AA9,0x3828,il2cpp,static-observed,7.1 bulk registry type-slot construction sequence
1794,0x57F2528,0x7F83AB0,0x7F83AB7,0x3830,il2cpp,static-observed,7.1 bulk registry type-slot construction sequence
1795,0x57F3420,0x7F83ABE,0x7F83AC5,0x3838,il2cpp,static-observed,7.1 bulk registry type-slot construction sequence
1796,0x57F57A0,0x7F83ACC,0x7F83AD3,0x3840,il2cpp,static-observed,7.1 bulk registry type-slot construction sequence
1797,0x57F57A8,0x7F83ADA,0x7F83AE1,0x3848,il2cpp,static-observed,7.1 bulk registry type-slot construction sequence
1798,0x57F57B0,0x7F83AE8,0x7F83AEF,0x3850,il2cpp,static-observed,7.1 bulk registry type-slot construction sequence
1799,0x57F57B8,0x7F83AF6,0x7F83AFD,0x3858,il2cpp,static-observed,7.1 bulk registry type-slot construction sequence
1800,0x57B4BB0,0x7F83B04,0x7F83B0B,0x3860,il2cpp,static-observed,7.1 bulk registry type-slot construction sequence
1801,0x57F57C0,0x7F83B12,0x7F83B19,0x3868,il2cpp,static-observed,7.1 bulk registry type-slot construction sequence
1802,0x57F57C8,0x7F83B20,0x7F83B27,0x3870,il2cpp,static-observed,7.1 bulk registry type-slot construction sequence
1803,0x57F57D0,0x7F83B2E,0x7F83B35,0x3878,il2cpp,static-observed,7.1 bulk registry type-slot construction sequence
1804,0x57F57D8,0x7F83B3C,0x7F83B43,0x3880,il2cpp,static-observed,7.1 bulk registry type-slot construction sequence
1805,0x57F57E0,0x7F83B4A,0x7F83B51,0x3888,il2cpp,static-observed,7.1 bulk registry type-slot construction sequence
1806,0x57F57E8,0x7F83B58,0x7F83B5F,0x3890,il2cpp,static-observed,7.1 bulk registry type-slot construction sequence
1807,0x57C7310,0x7F83B66,0x7F83B6D,0x3898,il2cpp,static-observed,7.1 bulk registry type-slot construction sequence
1808,0x57CBC68,0x7F83B74,0x7F83B7B,0x38A0,il2cpp,static-observed,7.1 bulk registry type-slot construction sequence
1809,0x57B0CE8,0x7F83B82,0x7F83B89,0x38A8,il2cpp,static-observed,7.1 bulk registry type-slot construction sequence
1810,0x57EBCA8,0x7F83B90,0x7F83B97,0x38B0,il2cpp,static-observed,7.1 bulk registry type-slot construction sequence
1811,0x57AF9B0,0x7F83B9E,0x7F83BA5,0x38B8,il2cpp,static-observed,7.1 bulk registry type-slot construction sequence
1812,0x57ED480,0x7F83BAC,0x7F83BB3,0x38C0,il2cpp,static-observed,7.1 bulk registry type-slot construction sequence
1813,0x57F57F0,0x7F83BBA,0x7F83BC1,0x38C8,il2cpp,static-observed,7.1 bulk registry type-slot construction sequence
1814,0x57CDF30,0x7F83BC8,0x7F83BCF,0x38D0,il2cpp,static-observed,7.1 bulk registry type-slot construction sequence
1815,0x57AF868,0x7F83BD6,0x7F83BDD,0x38D8,il2cpp,static-observed,7.1 bulk registry type-slot construction sequence
1816,0x57EC3B0,0x7F83BE4,0x7F83BEB,0x38E0,il2cpp,static-observed,7.1 bulk registry type-slot construction sequence
1817,0x57F57F8,0x7F83BF2,0x7F83BF9,0x38E8,il2cpp,static-observed,7.1 bulk registry type-slot construction sequence
1818,0x57F5800,0x7F83C00,0x7F83C07,0x38F0,il2cpp,static-observed,7.1 bulk registry type-slot construction sequence
1819,0x57F5808,0x7F83C0E,0x7F83C15,0x38F8,il2cpp,static-observed,7.1 bulk registry type-slot construction sequence
1820,0x57F5810,0x7F83C1C,0x7F83C23,0x3900,il2cpp,static-observed,7.1 bulk registry type-slot construction sequence
1821,0x57F5818,0x7F83C2A,0x7F83C31,0x3908,il2cpp,static-observed,7.1 bulk registry type-slot construction sequence
1822,0x57F5820,0x7F83C38,0x7F83C3F,0x3910,il2cpp,static-observed,7.1 bulk registry type-slot construction sequence
1823,0x57F5828,0x7F83C46,0x7F83C4D,0x3918,il2cpp,static-observed,7.1 bulk registry type-slot construction sequence
1824,0x57B4670,0x7F83C54,0x7F83C5B,0x3920,il2cpp,static-observed,7.1 bulk registry type-slot construction sequence
1825,0x57F5830,0x7F83C62,0x7F83C69,0x3928,il2cpp,static-observed,7.1 bulk registry type-slot construction sequence
1826,0x57C92E0,0x7F83C70,0x7F83C77,0x3930,il2cpp,static-observed,7.1 bulk registry type-slot construction sequence
1827,0x57F5838,0x7F83C7E,0x7F83C85,0x3938,il2cpp,static-observed,7.1 bulk registry type-slot construction sequence
1828,0x57F5840,0x7F83C8C,0x7F83C93,0x3940,il2cpp,static-observed,7.1 bulk registry type-slot construction sequence
1829,0x57F5848,0x7F83C9A,0x7F83CA1,0x3948,il2cpp,static-observed,7.1 bulk registry type-slot construction sequence
1830,0x57DB200,0x7F83CA8,0x7F83CAF,0x3950,il2cpp,static-observed,7.1 bulk registry type-slot construction sequence
1831,0x57F5850,0x7F83CB6,0x7F83CBD,0x3958,il2cpp,static-observed,7.1 bulk registry type-slot construction sequence
1832,0x57D41F0,0x7F83CC4,0x7F83CCB,0x3960,il2cpp,static-observed,7.1 bulk registry type-slot construction sequence
1833,0x57F5858,0x7F83CD2,0x7F83CD9,0x3968,il2cpp,static-observed,7.1 bulk registry type-slot construction sequence
1834,0x57F5860,0x7F83CE0,0x7F83CE7,0x3970,il2cpp,static-observed,7.1 bulk registry type-slot construction sequence
1835,0x57E8A68,0x7F83CEE,0x7F83CF5,0x3978,il2cpp,static-observed,7.1 bulk registry type-slot construction sequence
1836,0x57F5868,0x7F83CFC,0x7F83D03,0x3980,il2cpp,static-observed,7.1 bulk registry type-slot construction sequence
1837,0x57F5870,0x7F83D0A,0x7F83D11,0x3988,il2cpp,static-observed,7.1 bulk registry type-slot construction sequence
1838,0x57F5878,0x7F83D18,0x7F83D1F,0x3990,il2cpp,static-observed,7.1 bulk registry type-slot construction sequence
1839,0x57F5880,0x7F83D26,0x7F83D2D,0x3998,il2cpp,static-observed,7.1 bulk registry type-slot construction sequence
1840,0x57F5888,0x7F83D34,0x7F83D3B,0x39A0,il2cpp,static-observed,7.1 bulk registry type-slot construction sequence
1841,0x57F5890,0x7F83D42,0x7F83D49,0x39A8,il2cpp,static-observed,7.1 bulk registry type-slot construction sequence
1842,0x57F5898,0x7F83D50,0x7F83D57,0x39B0,il2cpp,static-observed,7.1 bulk registry type-slot construction sequence
1843,0x57C6640,0x7F83D5E,0x7F83D65,0x39B8,il2cpp,static-observed,7.1 bulk registry type-slot construction sequence
1844,0x57F58A0,0x7F83D6C,0x7F83D73,0x39C0,il2cpp,static-observed,7.1 bulk registry type-slot construction sequence
1845,0x57F58A8,0x7F83D7A,0x7F83D81,0x39C8,il2cpp,static-observed,7.1 bulk registry type-slot construction sequence
1846,0x57B2008,0x7F83D88,0x7F83D8F,0x39D0,il2cpp,static-observed,7.1 bulk registry type-slot construction sequence
1847,0x57F58B0,0x7F83D96,0x7F83D9D,0x39D8,il2cpp,static-observed,7.1 bulk registry type-slot construction sequence
1848,0x57DB3A0,0x7F83DA4,0x7F83DAB,0x39E0,il2cpp,static-observed,7.1 bulk registry type-slot construction sequence
1849,0x57F58B8,0x7F83DB2,0x7F83DB9,0x39E8,il2cpp,static-observed,7.1 bulk registry type-slot construction sequence
1850,0x57F58C0,0x7F83DC0,0x7F83DC7,0x39F0,il2cpp,static-observed,7.1 bulk registry type-slot construction sequence
1851,0x57F58C8,0x7F83DCE,0x7F83DD5,0x39F8,il2cpp,static-observed,7.1 bulk registry type-slot construction sequence
1852,0x57F58D0,0x7F83DDC,0x7F83DE3,0x3A00,il2cpp,static-observed,7.1 bulk registry type-slot construction sequence
1853,0x57F0C98,0x7F83DEA,0x7F83DF1,0x3A08,il2cpp,static-observed,7.1 bulk registry type-slot construction sequence
1854,0x57ED330,0x7F83DF8,0x7F83DFF,0x3A10,il2cpp,static-observed,7.1 bulk registry type-slot construction sequence
1855,0x57DB3F8,0x7F83E06,0x7F83E0D,0x3A18,il2cpp,static-observed,7.1 bulk registry type-slot construction sequence
1856,0x57F58D8,0x7F83E14,0x7F83E1B,0x3A20,il2cpp,static-observed,7.1 bulk registry type-slot construction sequence
1857,0x57F58E0,0x7F83E22,0x7F83E29,0x3A28,il2cpp,static-observed,7.1 bulk registry type-slot construction sequence
1858,0x57F58E8,0x7F83E30,0x7F83E37,0x3A30,il2cpp,static-observed,7.1 bulk registry type-slot construction sequence
1859,0x57E4388,0x7F83E3E,0x7F83E45,0x3A38,il2cpp,static-observed,7.1 bulk registry type-slot construction sequence
1860,0x57F58F0,0x7F83E4C,0x7F83E53,0x3A40,il2cpp,static-observed,7.1 bulk registry type-slot construction sequence
1861,0x57B0838,0x7F83E5A,0x7F83E61,0x3A48,il2cpp,static-observed,7.1 bulk registry type-slot construction sequence
1862,0x57F58F8,0x7F83E68,0x7F83E6F,0x3A50,il2cpp,static-observed,7.1 bulk registry type-slot construction sequence
1863,0x57C5BE8,0x7F83E76,0x7F83E7D,0x3A58,il2cpp,static-observed,7.1 bulk registry type-slot construction sequence
1864,0x57F5900,0x7F83E84,0x7F83E8B,0x3A60,il2cpp,static-observed,7.1 bulk registry type-slot construction sequence
1865,0x57F5908,0x7F83E92,0x7F83E99,0x3A68,il2cpp,static-observed,7.1 bulk registry type-slot construction sequence
1866,0x57F5910,0x7F83EA0,0x7F83EA7,0x3A70,il2cpp,static-observed,7.1 bulk registry type-slot construction sequence
1867,0x57F5918,0x7F83EAE,0x7F83EB5,0x3A78,il2cpp,static-observed,7.1 bulk registry type-slot construction sequence
1868,0x57CA718,0x7F83EBC,0x7F83EC3,0x3A80,il2cpp,static-observed,7.1 bulk registry type-slot construction sequence
1869,0x57C5820,0x7F83ECA,0x7F83ED1,0x3A88,il2cpp,static-observed,7.1 bulk registry type-slot construction sequence
1870,0x57CEC98,0x7F83ED8,0x7F83EDF,0x3A90,il2cpp,static-observed,7.1 bulk registry type-slot construction sequence
1871,0x57F5920,0x7F83EE6,0x7F83EED,0x3A98,il2cpp,static-observed,7.1 bulk registry type-slot construction sequence
1872,0x57F5928,0x7F83EF4,0x7F83EFB,0x3AA0,il2cpp,static-observed,7.1 bulk registry type-slot construction sequence
1873,0x57F5930,0x7F83F02,0x7F83F09,0x3AA8,il2cpp,static-observed,7.1 bulk registry type-slot construction sequence
1874,0x57EC630,0x7F83F10,0x7F83F17,0x3AB0,il2cpp,static-observed,7.1 bulk registry type-slot construction sequence
1875,0x57F5938,0x7F83F1E,0x7F83F25,0x3AB8,il2cpp,static-observed,7.1 bulk registry type-slot construction sequence
1876,0x57D44E8,0x7F83F2C,0x7F83F33,0x3AC0,il2cpp,static-observed,7.1 bulk registry type-slot construction sequence
1877,0x57F5940,0x7F83F3A,0x7F83F41,0x3AC8,il2cpp,static-observed,7.1 bulk registry type-slot construction sequence
1878,0x57F5948,0x7F83F48,0x7F83F4F,0x3AD0,il2cpp,static-observed,7.1 bulk registry type-slot construction sequence
1879,0x57EE1C0,0x7F83F56,0x7F83F5D,0x3AD8,il2cpp,static-observed,7.1 bulk registry type-slot construction sequence
1880,0x57F5950,0x7F83F64,0x7F83F6B,0x3AE0,il2cpp,static-observed,7.1 bulk registry type-slot construction sequence
1881,0x57CE718,0x7F83F72,0x7F83F79,0x3AE8,il2cpp,static-observed,7.1 bulk registry type-slot construction sequence
1882,0x57C89A0,0x7F83F80,0x7F83F87,0x3AF0,il2cpp,static-observed,7.1 bulk registry type-slot construction sequence
1883,0x57F5958,0x7F83F8E,0x7F83F95,0x3AF8,il2cpp,static-observed,7.1 bulk registry type-slot construction sequence
1884,0x57F5960,0x7F83F9C,0x7F83FA3,0x3B00,il2cpp,static-observed,7.1 bulk registry type-slot construction sequence
1885,0x57F5968,0x7F83FAA,0x7F83FB1,0x3B08,il2cpp,static-observed,7.1 bulk registry type-slot construction sequence
1886,0x57E51B0,0x7F83FB8,0x7F83FBF,0x3B10,il2cpp,static-observed,7.1 bulk registry type-slot construction sequence
1887,0x57F5970,0x7F83FC6,0x7F83FCD,0x3B18,il2cpp,static-observed,7.1 bulk registry type-slot construction sequence
1888,0x57F5978,0x7F83FD4,0x7F83FDB,0x3B20,il2cpp,static-observed,7.1 bulk registry type-slot construction sequence
1889,0x57F5980,0x7F83FE2,0x7F83FE9,0x3B28,il2cpp,static-observed,7.1 bulk registry type-slot construction sequence
1890,0x57CDA70,0x7F83FF0,0x7F83FF7,0x3B30,il2cpp,static-observed,7.1 bulk registry type-slot construction sequence
1891,0x57F5988,0x7F83FFE,0x7F84005,0x3B38,il2cpp,static-observed,7.1 bulk registry type-slot construction sequence
1892,0x57EFD20,0x7F8400C,0x7F84013,0x3B40,il2cpp,static-observed,7.1 bulk registry type-slot construction sequence
1893,0x57F5990,0x7F8401A,0x7F84021,0x3B48,il2cpp,static-observed,7.1 bulk registry type-slot construction sequence
1894,0x57F5998,0x7F84028,0x7F8402F,0x3B50,il2cpp,static-observed,7.1 bulk registry type-slot construction sequence
1895,0x57F0570,0x7F84036,0x7F8403D,0x3B58,il2cpp,static-observed,7.1 bulk registry type-slot construction sequence
1896,0x57EAA40,0x7F84044,0x7F8404B,0x3B60,il2cpp,static-observed,7.1 bulk registry type-slot construction sequence
1897,0x57F59A0,0x7F84052,0x7F84059,0x3B68,il2cpp,static-observed,7.1 bulk registry type-slot construction sequence
1898,0x57EE768,0x7F84060,0x7F84067,0x3B70,il2cpp,static-observed,7.1 bulk registry type-slot construction sequence
1899,0x57F59A8,0x7F8406E,0x7F84075,0x3B78,il2cpp,static-observed,7.1 bulk registry type-slot construction sequence
1900,0x57F59B0,0x7F8407C,0x7F84083,0x3B80,il2cpp,static-observed,7.1 bulk registry type-slot construction sequence
1901,0x57E8E68,0x7F8408A,0x7F84091,0x3B88,il2cpp,static-observed,7.1 bulk registry type-slot construction sequence
1902,0x57F59B8,0x7F84098,0x7F8409F,0x3B90,il2cpp,static-observed,7.1 bulk registry type-slot construction sequence
1903,0x57F59C0,0x7F840A6,0x7F840AD,0x3B98,il2cpp,static-observed,7.1 bulk registry type-slot construction sequence
1904,0x57F59C8,0x7F840B4,0x7F840BB,0x3BA0,il2cpp,static-observed,7.1 bulk registry type-slot construction sequence
1905,0x57C6D88,0x7F840C2,0x7F840C9,0x3BA8,il2cpp,static-observed,7.1 bulk registry type-slot construction sequence
1906,0x57CB8F8,0x7F840D0,0x7F840D7,0x3BB0,il2cpp,static-observed,7.1 bulk registry type-slot construction sequence
1907,0x57CF278,0x7F840DE,0x7F840E5,0x3BB8,il2cpp,static-observed,7.1 bulk registry type-slot construction sequence
1908,0x57E7AF0,0x7F840EC,0x7F840F3,0x3BC0,il2cpp,static-observed,7.1 bulk registry type-slot construction sequence
1909,0x57F59D0,0x7F840FA,0x7F84101,0x3BC8,il2cpp,static-observed,7.1 bulk registry type-slot construction sequence
1910,0x57F59D8,0x7F84108,0x7F8410F,0x3BD0,il2cpp,static-observed,7.1 bulk registry type-slot construction sequence
1911,0x57F59E0,0x7F84116,0x7F8411D,0x3BD8,il2cpp,static-observed,7.1 bulk registry type-slot construction sequence
1912,0x57F59E8,0x7F84124,0x7F8412B,0x3BE0,il2cpp,static-observed,7.1 bulk registry type-slot construction sequence
1913,0x57EF758,0x7F84132,0x7F84139,0x3BE8,il2cpp,static-observed,7.1 bulk registry type-slot construction sequence
1914,0x57F59F0,0x7F84140,0x7F84147,0x3BF0,il2cpp,static-observed,7.1 bulk registry type-slot construction sequence
1915,0x57C82B8,0x7F8414E,0x7F84155,0x3BF8,il2cpp,static-observed,7.1 bulk registry type-slot construction sequence
1916,0x57F59F8,0x7F8415C,0x7F84163,0x3C00,il2cpp,static-observed,7.1 bulk registry type-slot construction sequence
1917,0x57F5A00,0x7F8416A,0x7F84171,0x3C08,il2cpp,static-observed,7.1 bulk registry type-slot construction sequence
1918,0x57EA960,0x7F84178,0x7F8417F,0x3C10,il2cpp,static-observed,7.1 bulk registry type-slot construction sequence
1919,0x57B59C0,0x7F84186,0x7F8418D,0x3C18,il2cpp,static-observed,7.1 bulk registry type-slot construction sequence
1920,0x57F5A08,0x7F84194,0x7F8419B,0x3C20,il2cpp,static-observed,7.1 bulk registry type-slot construction sequence
1921,0x57CBB08,0x7F841A2,0x7F841A9,0x3C28,il2cpp,static-observed,7.1 bulk registry type-slot construction sequence
1922,0x57D22F8,0x7F841B0,0x7F841B7,0x3C30,il2cpp,static-observed,7.1 bulk registry type-slot construction sequence
1923,0x57F5A10,0x7F841BE,0x7F841C5,0x3C38,il2cpp,static-observed,7.1 bulk registry type-slot construction sequence
1924,0x57F5A18,0x7F841CC,0x7F841D3,0x3C40,il2cpp,static-observed,7.1 bulk registry type-slot construction sequence
1925,0x57F5A20,0x7F841DA,0x7F841E1,0x3C48,il2cpp,static-observed,7.1 bulk registry type-slot construction sequence
1926,0x57F5A28,0x7F841E8,0x7F841EF,0x3C50,il2cpp,static-observed,7.1 bulk registry type-slot construction sequence
1927,0x57F5A30,0x7F841F6,0x7F841FD,0x3C58,il2cpp,static-observed,7.1 bulk registry type-slot construction sequence
1928,0x57F20F0,0x7F84204,0x7F8420B,0x3C60,il2cpp,static-observed,7.1 bulk registry type-slot construction sequence
1929,0x57F5A38,0x7F84212,0x7F84219,0x3C68,il2cpp,static-observed,7.1 bulk registry type-slot construction sequence
1930,0x57DB590,0x7F84220,0x7F84227,0x3C70,il2cpp,static-observed,7.1 bulk registry type-slot construction sequence
1931,0x57F5A40,0x7F8422E,0x7F84235,0x3C78,il2cpp,static-observed,7.1 bulk registry type-slot construction sequence
1932,0x57B5358,0x7F8423C,0x7F84243,0x3C80,il2cpp,static-observed,7.1 bulk registry type-slot construction sequence
1933,0x57C5D70,0x7F8424A,0x7F84251,0x3C88,il2cpp,static-observed,7.1 bulk registry type-slot construction sequence
1934,0x57F5A48,0x7F84258,0x7F8425F,0x3C90,il2cpp,static-observed,7.1 bulk registry type-slot construction sequence
1935,0x57F5A50,0x7F84266,0x7F8426D,0x3C98,il2cpp,static-observed,7.1 bulk registry type-slot construction sequence
1936,0x57E92B8,0x7F84274,0x7F8427B,0x3CA0,il2cpp,static-observed,7.1 bulk registry type-slot construction sequence
1937,0x57E16C0,0x7F84282,0x7F84289,0x3CA8,il2cpp,static-observed,7.1 bulk registry type-slot construction sequence
1938,0x57D9530,0x7F84290,0x7F84297,0x3CB0,il2cpp,static-observed,7.1 bulk registry type-slot construction sequence
1939,0x57CE228,0x7F8429E,0x7F842A5,0x3CB8,il2cpp,static-observed,7.1 bulk registry type-slot construction sequence
1940,0x57E6A38,0x7F842AC,0x7F842B3,0x3CC0,il2cpp,static-observed,7.1 bulk registry type-slot construction sequence
1941,0x57F5A58,0x7F842BA,0x7F842C1,0x3CC8,il2cpp,static-observed,7.1 bulk registry type-slot construction sequence
1942,0x57E08B0,0x7F842C8,0x7F842CF,0x3CD0,il2cpp,static-observed,7.1 bulk registry type-slot construction sequence
1943,0x57F2A00,0x7F842D6,0x7F842DD,0x3CD8,il2cpp,static-observed,7.1 bulk registry type-slot construction sequence
1944,0x57B25F0,0x7F842E4,0x7F842EB,0x3CE0,il2cpp,static-observed,7.1 bulk registry type-slot construction sequence
1945,0x57C93A8,0x7F842F2,0x7F842F9,0x3CE8,il2cpp,static-observed,7.1 bulk registry type-slot construction sequence
1946,0x57F5A60,0x7F84300,0x7F84307,0x3CF0,il2cpp,static-observed,7.1 bulk registry type-slot construction sequence
1947,0x57DED60,0x7F8430E,0x7F84315,0x3CF8,il2cpp,static-observed,7.1 bulk registry type-slot construction sequence
1948,0x57F5A68,0x7F8431C,0x7F84323,0x3D00,il2cpp,static-observed,7.1 bulk registry type-slot construction sequence
1949,0x57F5A70,0x7F8432A,0x7F84331,0x3D08,il2cpp,static-observed,7.1 bulk registry type-slot construction sequence
1950,0x57CF820,0x7F84338,0x7F8433F,0x3D10,il2cpp,static-observed,7.1 bulk registry type-slot construction sequence
1951,0x57F5A78,0x7F84346,0x7F8434D,0x3D18,il2cpp,static-observed,7.1 bulk registry type-slot construction sequence
1952,0x57F5A80,0x7F84354,0x7F8435B,0x3D20,il2cpp,static-observed,7.1 bulk registry type-slot construction sequence
1953,0x57F5A88,0x7F84362,0x7F84369,0x3D28,il2cpp,static-observed,7.1 bulk registry type-slot construction sequence
1954,0x57F5A90,0x7F84370,0x7F84377,0x3D30,il2cpp,static-observed,7.1 bulk registry type-slot construction sequence
1955,0x57F5A98,0x7F8437E,0x7F84385,0x3D38,il2cpp,static-observed,7.1 bulk registry type-slot construction sequence
1956,0x57D31F8,0x7F8438C,0x7F84393,0x3D40,il2cpp,static-observed,7.1 bulk registry type-slot construction sequence
1957,0x57F5AA0,0x7F8439A,0x7F843A1,0x3D48,il2cpp,static-observed,7.1 bulk registry type-slot construction sequence
1958,0x57F5AA8,0x7F843A8,0x7F843AF,0x3D50,il2cpp,static-observed,7.1 bulk registry type-slot construction sequence
1959,0x57C7C58,0x7F843B6,0x7F843BD,0x3D58,il2cpp,static-observed,7.1 bulk registry type-slot construction sequence
1960,0x57F5AB0,0x7F843C4,0x7F843CB,0x3D60,il2cpp,static-observed,7.1 bulk registry type-slot construction sequence
1961,0x57EDBE0,0x7F843D2,0x7F843D9,0x3D68,il2cpp,static-observed,7.1 bulk registry type-slot construction sequence
1962,0x57F5AB8,0x7F843E0,0x7F843E7,0x3D70,il2cpp,static-observed,7.1 bulk registry type-slot construction sequence
1963,0x57D16B0,0x7F843EE,0x7F843F5,0x3D78,il2cpp,static-observed,7.1 bulk registry type-slot construction sequence
1964,0x57E0030,0x7F843FC,0x7F84403,0x3D80,il2cpp,static-observed,7.1 bulk registry type-slot construction sequence
1965,0x57F5AC0,0x7F8440A,0x7F84411,0x3D88,il2cpp,static-observed,7.1 bulk registry type-slot construction sequence
1966,0x57F5AC8,0x7F84418,0x7F8441F,0x3D90,il2cpp,static-observed,7.1 bulk registry type-slot construction sequence
1967,0x57CF520,0x7F84426,0x7F8442D,0x3D98,il2cpp,static-observed,7.1 bulk registry type-slot construction sequence
1968,0x57CD7D0,0x7F84434,0x7F8443B,0x3DA0,il2cpp,static-observed,7.1 bulk registry type-slot construction sequence
1969,0x57D3E08,0x7F84442,0x7F84449,0x3DA8,il2cpp,static-observed,7.1 bulk registry type-slot construction sequence
1970,0x57F5AD0,0x7F84450,0x7F84457,0x3DB0,il2cpp,static-observed,7.1 bulk registry type-slot construction sequence
1971,0x57F5AD8,0x7F8445E,0x7F84465,0x3DB8,il2cpp,static-observed,7.1 bulk registry type-slot construction sequence
1972,0x57F5AE0,0x7F8446C,0x7F84473,0x3DC0,il2cpp,static-observed,7.1 bulk registry type-slot construction sequence
1973,0x57F5AE8,0x7F8447A,0x7F84481,0x3DC8,il2cpp,static-observed,7.1 bulk registry type-slot construction sequence
1974,0x57F5AF0,0x7F84488,0x7F8448F,0x3DD0,il2cpp,static-observed,7.1 bulk registry type-slot construction sequence
1975,0x57B3240,0x7F84496,0x7F8449D,0x3DD8,il2cpp,static-observed,7.1 bulk registry type-slot construction sequence
1976,0x57F5AF8,0x7F844A4,0x7F844AB,0x3DE0,il2cpp,static-observed,7.1 bulk registry type-slot construction sequence
1977,0x57F5B00,0x7F844B2,0x7F844B9,0x3DE8,il2cpp,static-observed,7.1 bulk registry type-slot construction sequence
1978,0x57CC438,0x7F844C0,0x7F844C7,0x3DF0,il2cpp,static-observed,7.1 bulk registry type-slot construction sequence
1979,0x57F5B08,0x7F844CE,0x7F844D5,0x3DF8,il2cpp,static-observed,7.1 bulk registry type-slot construction sequence
1980,0x57F1A80,0x7F844DC,0x7F844E3,0x3E00,il2cpp,static-observed,7.1 bulk registry type-slot construction sequence
1981,0x57F5B10,0x7F844EA,0x7F844F1,0x3E08,il2cpp,static-observed,7.1 bulk registry type-slot construction sequence
1982,0x57F5B18,0x7F844F8,0x7F844FF,0x3E10,il2cpp,static-observed,7.1 bulk registry type-slot construction sequence
1983,0x57E17D8,0x7F84506,0x7F8450D,0x3E18,il2cpp,static-observed,7.1 bulk registry type-slot construction sequence
1984,0x57C9B48,0x7F84514,0x7F8451B,0x3E20,il2cpp,static-observed,7.1 bulk registry type-slot construction sequence
1985,0x57F5B20,0x7F84522,0x7F84529,0x3E28,il2cpp,static-observed,7.1 bulk registry type-slot construction sequence
1986,0x57AF328,0x7F84530,0x7F84537,0x3E30,il2cpp,static-observed,7.1 bulk registry type-slot construction sequence
1987,0x57C99F0,0x7F8453E,0x7F84545,0x3E38,il2cpp,static-observed,7.1 bulk registry type-slot construction sequence
1988,0x57DB0F8,0x7F8454C,0x7F84553,0x3E40,il2cpp,static-observed,7.1 bulk registry type-slot construction sequence
1989,0x57F5B28,0x7F8455A,0x7F84561,0x3E48,il2cpp,static-observed,7.1 bulk registry type-slot construction sequence
1990,0x57F5B30,0x7F84568,0x7F8456F,0x3E50,il2cpp,static-observed,7.1 bulk registry type-slot construction sequence
1991,0x57DF968,0x7F84576,0x7F8457D,0x3E58,il2cpp,static-observed,7.1 bulk registry type-slot construction sequence
1992,0x57F5B38,0x7F84584,0x7F8458B,0x3E60,il2cpp,static-observed,7.1 bulk registry type-slot construction sequence
1993,0x57F5B40,0x7F84592,0x7F84599,0x3E68,il2cpp,static-observed,7.1 bulk registry type-slot construction sequence
1994,0x57F5B48,0x7F845A0,0x7F845A7,0x3E70,il2cpp,static-observed,7.1 bulk registry type-slot construction sequence
1995,0x57F5B50,0x7F845AE,0x7F845B5,0x3E78,il2cpp,static-observed,7.1 bulk registry type-slot construction sequence
1996,0x57CD080,0x7F845BC,0x7F845C3,0x3E80,il2cpp,static-observed,7.1 bulk registry type-slot construction sequence
1997,0x57F5B58,0x7F845CA,0x7F845D1,0x3E88,il2cpp,static-observed,7.1 bulk registry type-slot construction sequence
1998,0x57F5B60,0x7F845D8,0x7F845DF,0x3E90,il2cpp,static-observed,7.1 bulk registry type-slot construction sequence
1999,0x57E77D8,0x7F845E6,0x7F845ED,0x3E98,il2cpp,static-observed,7.1 bulk registry type-slot construction sequence
2000,0x57F5B68,0x7F845F4,0x7F845FB,0x3EA0,il2cpp,static-observed,7.1 bulk registry type-slot construction sequence
2001,0x57F5B70,0x7F84602,0x7F84609,0x3EA8,il2cpp,static-observed,7.1 bulk registry type-slot construction sequence
2002,0x57F5B78,0x7F84610,0x7F84617,0x3EB0,il2cpp,static-observed,7.1 bulk registry type-slot construction sequence
2003,0x57E4C00,0x7F8461E,0x7F84625,0x3EB8,il2cpp,static-observed,7.1 bulk registry type-slot construction sequence
2004,0x57F5B80,0x7F8462C,0x7F84633,0x3EC0,il2cpp,static-observed,7.1 bulk registry type-slot construction sequence
2005,0x57F5B88,0x7F8463A,0x7F84641,0x3EC8,il2cpp,static-observed,7.1 bulk registry type-slot construction sequence
2006,0x57F5B90,0x7F84648,0x7F8464F,0x3ED0,il2cpp,static-observed,7.1 bulk registry type-slot construction sequence
2007,0x57ECD60,0x7F84656,0x7F8465D,0x3ED8,il2cpp,static-observed,7.1 bulk registry type-slot construction sequence
2008,0x57DCCB0,0x7F84664,0x7F8466B,0x3EE0,il2cpp,static-observed,7.1 bulk registry type-slot construction sequence
2009,0x57DBE90,0x7F84672,0x7F84679,0x3EE8,il2cpp,static-observed,7.1 bulk registry type-slot construction sequence
2010,0x57B05A8,0x7F84680,0x7F84687,0x3EF0,il2cpp,static-observed,7.1 bulk registry type-slot construction sequence
2011,0x57D21F8,0x7F8468E,0x7F84695,0x3EF8,il2cpp,static-observed,7.1 bulk registry type-slot construction sequence
2012,0x57F5B98,0x7F8469C,0x7F846A3,0x3F00,il2cpp,static-observed,7.1 bulk registry type-slot construction sequence
2013,0x57DBF90,0x7F846AA,0x7F846B1,0x3F08,il2cpp,static-observed,7.1 bulk registry type-slot construction sequence
2014,0x57D8C10,0x7F846B8,0x7F846BF,0x3F10,il2cpp,static-observed,7.1 bulk registry type-slot construction sequence
2015,0x57F5BA0,0x7F846C6,0x7F846CD,0x3F18,il2cpp,static-observed,7.1 bulk registry type-slot construction sequence
2016,0x57CA330,0x7F846D4,0x7F846DB,0x3F20,il2cpp,static-observed,7.1 bulk registry type-slot construction sequence
2017,0x57F5BA8,0x7F846E2,0x7F846E9,0x3F28,il2cpp,static-observed,7.1 bulk registry type-slot construction sequence
2018,0x57F5BB0,0x7F846F0,0x7F846F7,0x3F30,il2cpp,static-observed,7.1 bulk registry type-slot construction sequence
2019,0x57F5BB8,0x7F846FE,0x7F84705,0x3F38,il2cpp,static-observed,7.1 bulk registry type-slot construction sequence
2020,0x57F2320,0x7F8470C,0x7F84713,0x3F40,il2cpp,static-observed,7.1 bulk registry type-slot construction sequence
2021,0x57F5BC0,0x7F8471A,0x7F84721,0x3F48,il2cpp,static-observed,7.1 bulk registry type-slot construction sequence
2022,0x57F1FB0,0x7F84728,0x7F8472F,0x3F50,il2cpp,static-observed,7.1 bulk registry type-slot construction sequence
2023,0x57DECA0,0x7F84736,0x7F8473D,0x3F58,il2cpp,static-observed,7.1 bulk registry type-slot construction sequence
2024,0x57F5BC8,0x7F84744,0x7F8474B,0x3F60,il2cpp,static-observed,7.1 bulk registry type-slot construction sequence
2025,0x57F5BD0,0x7F84752,0x7F84759,0x3F68,il2cpp,static-observed,7.1 bulk registry type-slot construction sequence
2026,0x57F5BD8,0x7F84760,0x7F84767,0x3F70,il2cpp,static-observed,7.1 bulk registry type-slot construction sequence
2027,0x57E06D8,0x7F8476E,0x7F84775,0x3F78,il2cpp,static-observed,7.1 bulk registry type-slot construction sequence
2028,0x57F5BE0,0x7F8477C,0x7F84783,0x3F80,il2cpp,static-observed,7.1 bulk registry type-slot construction sequence
2029,0x57B0CF0,0x7F8478A,0x7F84791,0x3F88,il2cpp,static-observed,7.1 bulk registry type-slot construction sequence
2030,0x57B5398,0x7F84798,0x7F8479F,0x3F90,il2cpp,static-observed,7.1 bulk registry type-slot construction sequence
2031,0x57F5BE8,0x7F847A6,0x7F847AD,0x3F98,il2cpp,static-observed,7.1 bulk registry type-slot construction sequence
2032,0x57D7628,0x7F847B4,0x7F847BB,0x3FA0,il2cpp,static-observed,7.1 bulk registry type-slot construction sequence
2033,0x57D8870,0x7F847C2,0x7F847C9,0x3FA8,il2cpp,static-observed,7.1 bulk registry type-slot construction sequence
2034,0x57F5BF0,0x7F847D0,0x7F847D7,0x3FB0,il2cpp,static-observed,7.1 bulk registry type-slot construction sequence
2035,0x57DE268,0x7F847DE,0x7F847E5,0x3FB8,il2cpp,static-observed,7.1 bulk registry type-slot construction sequence
2036,0x57F5BF8,0x7F847EC,0x7F847F3,0x3FC0,il2cpp,static-observed,7.1 bulk registry type-slot construction sequence
2037,0x57B4A20,0x7F847FA,0x7F84801,0x3FC8,il2cpp,static-observed,7.1 bulk registry type-slot construction sequence
2038,0x57F5C00,0x7F84808,0x7F8480F,0x3FD0,il2cpp,static-observed,7.1 bulk registry type-slot construction sequence
2039,0x57C7010,0x7F84816,0x7F8481D,0x3FD8,il2cpp,static-observed,7.1 bulk registry type-slot construction sequence
2040,0x57F5C08,0x7F84824,0x7F8482B,0x3FE0,il2cpp,static-observed,7.1 bulk registry type-slot construction sequence
2041,0x57F5C10,0x7F84832,0x7F84839,0x3FE8,il2cpp,static-observed,7.1 bulk registry type-slot construction sequence
2042,0x57F5C18,0x7F84840,0x7F84847,0x3FF0,il2cpp,static-observed,7.1 bulk registry type-slot construction sequence
2043,0x57F5C20,0x7F8484E,0x7F84855,0x3FF8,il2cpp,static-observed,7.1 bulk registry type-slot construction sequence
2044,0x57F5C28,0x7F8485C,0x7F84863,0x4000,il2cpp,static-observed,7.1 bulk registry type-slot construction sequence
2045,0x57F5C30,0x7F8486A,0x7F84871,0x4008,il2cpp,static-observed,7.1 bulk registry type-slot construction sequence
2046,0x57F5C38,0x7F84878,0x7F8487F,0x4010,il2cpp,static-observed,7.1 bulk registry type-slot construction sequence
2047,0x57CCAF0,0x7F84886,0x7F8488D,0x4018,il2cpp,static-observed,7.1 bulk registry type-slot construction sequence
2048,0x57F5C40,0x7F84894,0x7F8489B,0x4020,il2cpp,static-observed,7.1 bulk registry type-slot construction sequence
2049,0x57F5C48,0x7F848A2,0x7F848A9,0x4028,il2cpp,static-observed,7.1 bulk registry type-slot construction sequence
2050,0x57E6B58,0x7F848B0,0x7F848B7,0x4030,il2cpp,static-observed,7.1 bulk registry type-slot construction sequence
2051,0x57ECFB8,0x7F848BE,0x7F848C5,0x4038,il2cpp,static-observed,7.1 bulk registry type-slot construction sequence
2052,0x57F5C50,0x7F848CC,0x7F848D3,0x4040,il2cpp,static-observed,7.1 bulk registry type-slot construction sequence
2053,0x57F5C58,0x7F848DA,0x7F848E1,0x4048,il2cpp,static-observed,7.1 bulk registry type-slot construction sequence
2054,0x57C8358,0x7F848E8,0x7F848EF,0x4050,il2cpp,static-observed,7.1 bulk registry type-slot construction sequence
2055,0x57E5A30,0x7F848F6,0x7F848FD,0x4058,il2cpp,static-observed,7.1 bulk registry type-slot construction sequence
2056,0x57B4F28,0x7F84904,0x7F8490B,0x4060,il2cpp,static-observed,7.1 bulk registry type-slot construction sequence
2057,0x57CE9E8,0x7F84912,0x7F84919,0x4068,il2cpp,static-observed,7.1 bulk registry type-slot construction sequence
2058,0x57CA8E8,0x7F84920,0x7F84927,0x4070,il2cpp,static-observed,7.1 bulk registry type-slot construction sequence
2059,0x57D7340,0x7F8492E,0x7F84935,0x4078,il2cpp,static-observed,7.1 bulk registry type-slot construction sequence
2060,0x57E23E8,0x7F8493C,0x7F84943,0x4080,il2cpp,static-observed,7.1 bulk registry type-slot construction sequence
2061,0x57D2870,0x7F8494A,0x7F84951,0x4088,il2cpp,static-observed,7.1 bulk registry type-slot construction sequence
2062,0x57D27E0,0x7F84958,0x7F8495F,0x4090,il2cpp,static-observed,7.1 bulk registry type-slot construction sequence
2063,0x57E1990,0x7F84966,0x7F8496D,0x4098,il2cpp,static-observed,7.1 bulk registry type-slot construction sequence
2064,0x57EFBA0,0x7F84974,0x7F8497B,0x40A0,il2cpp,static-observed,7.1 bulk registry type-slot construction sequence
2065,0x57B4740,0x7F84982,0x7F84989,0x40A8,il2cpp,static-observed,7.1 bulk registry type-slot construction sequence
2066,0x57F2110,0x7F84990,0x7F84997,0x40B0,il2cpp,static-observed,7.1 bulk registry type-slot construction sequence
2067,0x57F5C60,0x7F8499E,0x7F849A5,0x40B8,il2cpp,static-observed,7.1 bulk registry type-slot construction sequence
2068,0x57F5C68,0x7F849AC,0x7F849B3,0x40C0,il2cpp,static-observed,7.1 bulk registry type-slot construction sequence
2069,0x57EB8B0,0x7F849BA,0x7F849C1,0x40C8,il2cpp,static-observed,7.1 bulk registry type-slot construction sequence
2070,0x57F5C70,0x7F849C8,0x7F849CF,0x40D0,il2cpp,static-observed,7.1 bulk registry type-slot construction sequence
2071,0x57E01F0,0x7F849D6,0x7F849DD,0x40D8,il2cpp,static-observed,7.1 bulk registry type-slot construction sequence
2072,0x57F5C78,0x7F849E4,0x7F849EB,0x40E0,il2cpp,static-observed,7.1 bulk registry type-slot construction sequence
2073,0x57F5C80,0x7F849F2,0x7F849F9,0x40E8,il2cpp,static-observed,7.1 bulk registry type-slot construction sequence
2074,0x57F0270,0x7F84A00,0x7F84A07,0x40F0,il2cpp,static-observed,7.1 bulk registry type-slot construction sequence
2075,0x57F5C88,0x7F84A0E,0x7F84A15,0x40F8,il2cpp,static-observed,7.1 bulk registry type-slot construction sequence
2076,0x57E7140,0x7F84A1C,0x7F84A23,0x4100,il2cpp,static-observed,7.1 bulk registry type-slot construction sequence
2077,0x57C8DE0,0x7F84A2A,0x7F84A31,0x4108,il2cpp,static-observed,7.1 bulk registry type-slot construction sequence
2078,0x57D7C18,0x7F84A38,0x7F84A3F,0x4110,il2cpp,static-observed,7.1 bulk registry type-slot construction sequence
2079,0x57B5968,0x7F84A46,0x7F84A4D,0x4118,il2cpp,static-observed,7.1 bulk registry type-slot construction sequence
2080,0x57C7700,0x7F84A54,0x7F84A5B,0x4120,il2cpp,static-observed,7.1 bulk registry type-slot construction sequence
2081,0x57F5C90,0x7F84A62,0x7F84A69,0x4128,il2cpp,static-observed,7.1 bulk registry type-slot construction sequence
2082,0x57F5C98,0x7F84A70,0x7F84A77,0x4130,il2cpp,static-observed,7.1 bulk registry type-slot construction sequence
2083,0x57F5CA0,0x7F84A7E,0x7F84A85,0x4138,il2cpp,static-observed,7.1 bulk registry type-slot construction sequence
2084,0x57DF548,0x7F84A8C,0x7F84A93,0x4140,il2cpp,static-observed,7.1 bulk registry type-slot construction sequence
2085,0x57C4E38,0x7F84A9A,0x7F84AA1,0x4148,il2cpp,static-observed,7.1 bulk registry type-slot construction sequence
2086,0x57F5CA8,0x7F84AA8,0x7F84AAF,0x4150,il2cpp,static-observed,7.1 bulk registry type-slot construction sequence
2087,0x57F5CB0,0x7F84AB6,0x7F84ABD,0x4158,il2cpp,static-observed,7.1 bulk registry type-slot construction sequence
2088,0x57F5CB8,0x7F84AC4,0x7F84ACB,0x4160,il2cpp,static-observed,7.1 bulk registry type-slot construction sequence
2089,0x57F5CC0,0x7F84AD2,0x7F84AD9,0x4168,il2cpp,static-observed,7.1 bulk registry type-slot construction sequence
2090,0x57F1FA0,0x7F84AE0,0x7F84AE7,0x4170,il2cpp,static-observed,7.1 bulk registry type-slot construction sequence
2091,0x57F5CC8,0x7F84AEE,0x7F84AF5,0x4178,il2cpp,static-observed,7.1 bulk registry type-slot construction sequence
2092,0x57F5CD0,0x7F84AFC,0x7F84B03,0x4180,il2cpp,static-observed,7.1 bulk registry type-slot construction sequence
2093,0x57D3AE8,0x7F84B0A,0x7F84B11,0x4188,il2cpp,static-observed,7.1 bulk registry type-slot construction sequence
2094,0x57F0918,0x7F84B18,0x7F84B1F,0x4190,il2cpp,static-observed,7.1 bulk registry type-slot construction sequence
2095,0x57F5CD8,0x7F84B26,0x7F84B2D,0x4198,il2cpp,static-observed,7.1 bulk registry type-slot construction sequence
2096,0x57F5CE0,0x7F84B34,0x7F84B3B,0x41A0,il2cpp,static-observed,7.1 bulk registry type-slot construction sequence
2097,0x57F5CE8,0x7F84B42,0x7F84B49,0x41A8,il2cpp,static-observed,7.1 bulk registry type-slot construction sequence
2098,0x57F5CF0,0x7F84B50,0x7F84B57,0x41B0,il2cpp,static-observed,7.1 bulk registry type-slot construction sequence
2099,0x57EE4A0,0x7F84B5E,0x7F84B65,0x41B8,il2cpp,static-observed,7.1 bulk registry type-slot construction sequence
2100,0x57F5CF8,0x7F84B6C,0x7F84B73,0x41C0,il2cpp,static-observed,7.1 bulk registry type-slot construction sequence
2101,0x57CEA60,0x7F84B7A,0x7F84B81,0x41C8,il2cpp,static-observed,7.1 bulk registry type-slot construction sequence
2102,0x57F5D00,0x7F84B88,0x7F84B8F,0x41D0,il2cpp,static-observed,7.1 bulk registry type-slot construction sequence
2103,0x57F5D08,0x7F84B96,0x7F84B9D,0x41D8,il2cpp,static-observed,7.1 bulk registry type-slot construction sequence
2104,0x57F5D10,0x7F84BA4,0x7F84BAB,0x41E0,il2cpp,static-observed,7.1 bulk registry type-slot construction sequence
2105,0x57F5D18,0x7F84BB2,0x7F84BB9,0x41E8,il2cpp,static-observed,7.1 bulk registry type-slot construction sequence
2106,0x57F5D20,0x7F84BC0,0x7F84BC7,0x41F0,il2cpp,static-observed,7.1 bulk registry type-slot construction sequence
2107,0x57F5D28,0x7F84BCE,0x7F84BD5,0x41F8,il2cpp,static-observed,7.1 bulk registry type-slot construction sequence
2108,0x57DF358,0x7F84BDC,0x7F84BE3,0x4200,il2cpp,static-observed,7.1 bulk registry type-slot construction sequence
2109,0x57F5D30,0x7F84BEA,0x7F84BF1,0x4208,il2cpp,static-observed,7.1 bulk registry type-slot construction sequence
2110,0x57ED738,0x7F84BF8,0x7F84BFF,0x4210,il2cpp,static-observed,7.1 bulk registry type-slot construction sequence
2111,0x57F5D38,0x7F84C06,0x7F84C0D,0x4218,il2cpp,static-observed,7.1 bulk registry type-slot construction sequence
2112,0x57F5D40,0x7F84C14,0x7F84C1B,0x4220,il2cpp,static-observed,7.1 bulk registry type-slot construction sequence
2113,0x57B2280,0x7F84C22,0x7F84C29,0x4228,il2cpp,static-observed,7.1 bulk registry type-slot construction sequence
2114,0x57F5D48,0x7F84C30,0x7F84C37,0x4230,il2cpp,static-observed,7.1 bulk registry type-slot construction sequence
2115,0x57D23F0,0x7F84C3E,0x7F84C45,0x4238,il2cpp,static-observed,7.1 bulk registry type-slot construction sequence
2116,0x57E7A40,0x7F84C4C,0x7F84C53,0x4240,il2cpp,static-observed,7.1 bulk registry type-slot construction sequence
2117,0x57C5008,0x7F84C5A,0x7F84C61,0x4248,il2cpp,static-observed,7.1 bulk registry type-slot construction sequence
2118,0x57F5D50,0x7F84C68,0x7F84C6F,0x4250,il2cpp,static-observed,7.1 bulk registry type-slot construction sequence
2119,0x57F5D58,0x7F84C76,0x7F84C7D,0x4258,il2cpp,static-observed,7.1 bulk registry type-slot construction sequence
2120,0x57F5D60,0x7F84C84,0x7F84C8B,0x4260,il2cpp,static-observed,7.1 bulk registry type-slot construction sequence
2121,0x57F2B50,0x7F84C92,0x7F84C99,0x4268,il2cpp,static-observed,7.1 bulk registry type-slot construction sequence
2122,0x57F5D68,0x7F84CA0,0x7F84CA7,0x4270,il2cpp,static-observed,7.1 bulk registry type-slot construction sequence
2123,0x57F5D70,0x7F84CAE,0x7F84CB5,0x4278,il2cpp,static-observed,7.1 bulk registry type-slot construction sequence
2124,0x57F5D78,0x7F84CBC,0x7F84CC3,0x4280,il2cpp,static-observed,7.1 bulk registry type-slot construction sequence
2125,0x57AE6A0,0x7F84CCA,0x7F84CD1,0x4288,il2cpp,static-observed,7.1 bulk registry type-slot construction sequence
2126,0x57F5D80,0x7F84CD8,0x7F84CDF,0x4290,il2cpp,static-observed,7.1 bulk registry type-slot construction sequence
2127,0x57CE310,0x7F84CE6,0x7F84CED,0x4298,il2cpp,static-observed,7.1 bulk registry type-slot construction sequence
2128,0x57E5DD0,0x7F84CF4,0x7F84CFB,0x42A0,il2cpp,static-observed,7.1 bulk registry type-slot construction sequence
2129,0x57F5D88,0x7F84D02,0x7F84D09,0x42A8,il2cpp,static-observed,7.1 bulk registry type-slot construction sequence
2130,0x57F1A90,0x7F84D10,0x7F84D17,0x42B0,il2cpp,static-observed,7.1 bulk registry type-slot construction sequence
2131,0x57DBF78,0x7F84D1E,0x7F84D25,0x42B8,il2cpp,static-observed,7.1 bulk registry type-slot construction sequence
2132,0x57C9A30,0x7F84D2C,0x7F84D33,0x42C0,il2cpp,static-observed,7.1 bulk registry type-slot construction sequence
2133,0x57F5D90,0x7F84D3A,0x7F84D41,0x42C8,il2cpp,static-observed,7.1 bulk registry type-slot construction sequence
2134,0x57F5D98,0x7F84D48,0x7F84D4F,0x42D0,il2cpp,static-observed,7.1 bulk registry type-slot construction sequence
2135,0x57F5DA0,0x7F84D56,0x7F84D5D,0x42D8,il2cpp,static-observed,7.1 bulk registry type-slot construction sequence
2136,0x57E5718,0x7F84D64,0x7F84D6B,0x42E0,il2cpp,static-observed,7.1 bulk registry type-slot construction sequence
2137,0x57F5DA8,0x7F84D72,0x7F84D79,0x42E8,il2cpp,static-observed,7.1 bulk registry type-slot construction sequence
2138,0x57F5DB0,0x7F84D80,0x7F84D87,0x42F0,il2cpp,static-observed,7.1 bulk registry type-slot construction sequence
2139,0x57F5DB8,0x7F84D8E,0x7F84D95,0x42F8,il2cpp,static-observed,7.1 bulk registry type-slot construction sequence
2140,0x57DAFE0,0x7F84D9C,0x7F84DA3,0x4300,il2cpp,static-observed,7.1 bulk registry type-slot construction sequence
2141,0x57D6E58,0x7F84DAA,0x7F84DB1,0x4308,il2cpp,static-observed,7.1 bulk registry type-slot construction sequence
2142,0x57F5DC0,0x7F84DB8,0x7F84DBF,0x4310,il2cpp,static-observed,7.1 bulk registry type-slot construction sequence
2143,0x57DD0F0,0x7F84DC6,0x7F84DCD,0x4318,il2cpp,static-observed,7.1 bulk registry type-slot construction sequence
2144,0x57CF3D8,0x7F84DD4,0x7F84DDB,0x4320,il2cpp,static-observed,7.1 bulk registry type-slot construction sequence
2145,0x57F5DC8,0x7F84DE2,0x7F84DE9,0x4328,il2cpp,static-observed,7.1 bulk registry type-slot construction sequence
2146,0x57F5DD0,0x7F84DF0,0x7F84DF7,0x4330,il2cpp,static-observed,7.1 bulk registry type-slot construction sequence
2147,0x57B4478,0x7F84DFE,0x7F84E05,0x4338,il2cpp,static-observed,7.1 bulk registry type-slot construction sequence
2148,0x57F5DD8,0x7F84E0C,0x7F84E13,0x4340,il2cpp,static-observed,7.1 bulk registry type-slot construction sequence
2149,0x57E1010,0x7F84E1A,0x7F84E21,0x4348,il2cpp,static-observed,7.1 bulk registry type-slot construction sequence
2150,0x57E6DB8,0x7F84E28,0x7F84E2F,0x4350,il2cpp,static-observed,7.1 bulk registry type-slot construction sequence
2151,0x57F5DE0,0x7F84E36,0x7F84E3D,0x4358,il2cpp,static-observed,7.1 bulk registry type-slot construction sequence
2152,0x57F5DE8,0x7F84E44,0x7F84E4B,0x4360,il2cpp,static-observed,7.1 bulk registry type-slot construction sequence
2153,0x57F5DF0,0x7F84E52,0x7F84E59,0x4368,il2cpp,static-observed,7.1 bulk registry type-slot construction sequence
2154,0x57CB910,0x7F84E60,0x7F84E67,0x4370,il2cpp,static-observed,7.1 bulk registry type-slot construction sequence
2155,0x57D6AA0,0x7F84E6E,0x7F84E75,0x4378,il2cpp,static-observed,7.1 bulk registry type-slot construction sequence
2156,0x57F5DF8,0x7F84E7C,0x7F84E83,0x4380,il2cpp,static-observed,7.1 bulk registry type-slot construction sequence
2157,0x57B3210,0x7F84E8A,0x7F84E91,0x4388,il2cpp,static-observed,7.1 bulk registry type-slot construction sequence
2158,0x57E1940,0x7F84E98,0x7F84E9F,0x4390,il2cpp,static-observed,7.1 bulk registry type-slot construction sequence
2159,0x57E4538,0x7F84EA6,0x7F84EAD,0x4398,il2cpp,static-observed,7.1 bulk registry type-slot construction sequence
2160,0x57F5E00,0x7F84EB4,0x7F84EBB,0x43A0,il2cpp,static-observed,7.1 bulk registry type-slot construction sequence
2161,0x57C68A8,0x7F84EC2,0x7F84EC9,0x43A8,il2cpp,static-observed,7.1 bulk registry type-slot construction sequence
2162,0x57F5E08,0x7F84ED0,0x7F84ED7,0x43B0,il2cpp,static-observed,7.1 bulk registry type-slot construction sequence
2163,0x57EAD88,0x7F84EDE,0x7F84EE5,0x43B8,il2cpp,static-observed,7.1 bulk registry type-slot construction sequence
2164,0x57E2688,0x7F84EEC,0x7F84EF3,0x43C0,il2cpp,static-observed,7.1 bulk registry type-slot construction sequence
2165,0x57F5E10,0x7F84EFA,0x7F84F01,0x43C8,il2cpp,static-observed,7.1 bulk registry type-slot construction sequence
2166,0x57DE200,0x7F84F08,0x7F84F0F,0x43D0,il2cpp,static-observed,7.1 bulk registry type-slot construction sequence
2167,0x57F5E18,0x7F84F16,0x7F84F1D,0x43D8,il2cpp,static-observed,7.1 bulk registry type-slot construction sequence
2168,0x57F5E20,0x7F84F24,0x7F84F2B,0x43E0,il2cpp,static-observed,7.1 bulk registry type-slot construction sequence
2169,0x57F5E28,0x7F84F32,0x7F84F39,0x43E8,il2cpp,static-observed,7.1 bulk registry type-slot construction sequence
2170,0x57F5E30,0x7F84F40,0x7F84F47,0x43F0,il2cpp,static-observed,7.1 bulk registry type-slot construction sequence
2171,0x57D0A48,0x7F84F4E,0x7F84F55,0x43F8,il2cpp,static-observed,7.1 bulk registry type-slot construction sequence
2172,0x57F5E38,0x7F84F5C,0x7F84F63,0x4400,il2cpp,static-observed,7.1 bulk registry type-slot construction sequence
2173,0x57F5E40,0x7F84F6A,0x7F84F71,0x4408,il2cpp,static-observed,7.1 bulk registry type-slot construction sequence
2174,0x57F5E48,0x7F84F78,0x7F84F7F,0x4410,il2cpp,static-observed,7.1 bulk registry type-slot construction sequence
2175,0x57F5E50,0x7F84F86,0x7F84F8D,0x4418,il2cpp,static-observed,7.1 bulk registry type-slot construction sequence
2176,0x57F5E58,0x7F84F94,0x7F84F9B,0x4420,il2cpp,static-observed,7.1 bulk registry type-slot construction sequence
2177,0x57B3F30,0x7F84FA2,0x7F84FA9,0x4428,il2cpp,static-observed,7.1 bulk registry type-slot construction sequence
2178,0x57F34E0,0x7F84FB0,0x7F84FB7,0x4430,il2cpp,static-observed,7.1 bulk registry type-slot construction sequence
2179,0x57D16A0,0x7F84FBE,0x7F84FC5,0x4438,il2cpp,static-observed,7.1 bulk registry type-slot construction sequence
2180,0x57E0348,0x7F84FCC,0x7F84FD3,0x4440,il2cpp,static-observed,7.1 bulk registry type-slot construction sequence
2181,0x57F5E60,0x7F84FDA,0x7F84FE1,0x4448,il2cpp,static-observed,7.1 bulk registry type-slot construction sequence
2182,0x57F5E68,0x7F84FE8,0x7F84FEF,0x4450,il2cpp,static-observed,7.1 bulk registry type-slot construction sequence
2183,0x57F5E70,0x7F84FF6,0x7F84FFD,0x4458,il2cpp,static-observed,7.1 bulk registry type-slot construction sequence
2184,0x57F5E78,0x7F85004,0x7F8500B,0x4460,il2cpp,static-observed,7.1 bulk registry type-slot construction sequence
2185,0x57CFB78,0x7F85012,0x7F85019,0x4468,il2cpp,static-observed,7.1 bulk registry type-slot construction sequence
2186,0x57F5E80,0x7F85020,0x7F85027,0x4470,il2cpp,static-observed,7.1 bulk registry type-slot construction sequence
2187,0x57B50C8,0x7F8502E,0x7F85035,0x4478,il2cpp,static-observed,7.1 bulk registry type-slot construction sequence
2188,0x57C9368,0x7F8503C,0x7F85043,0x4480,il2cpp,static-observed,7.1 bulk registry type-slot construction sequence
2189,0x57CC258,0x7F8504A,0x7F85051,0x4488,il2cpp,static-observed,7.1 bulk registry type-slot construction sequence
2190,0x57F5E88,0x7F85058,0x7F8505F,0x4490,il2cpp,static-observed,7.1 bulk registry type-slot construction sequence
2191,0x57F5E90,0x7F85066,0x7F8506D,0x4498,il2cpp,static-observed,7.1 bulk registry type-slot construction sequence
2192,0x57D69F0,0x7F85074,0x7F8507B,0x44A0,il2cpp,static-observed,7.1 bulk registry type-slot construction sequence
2193,0x57F5E98,0x7F85082,0x7F85089,0x44A8,il2cpp,static-observed,7.1 bulk registry type-slot construction sequence
2194,0x57CE8E8,0x7F85090,0x7F85097,0x44B0,il2cpp,static-observed,7.1 bulk registry type-slot construction sequence
2195,0x57F5EA0,0x7F8509E,0x7F850A5,0x44B8,il2cpp,static-observed,7.1 bulk registry type-slot construction sequence
2196,0x57E8E28,0x7F850AC,0x7F850B3,0x44C0,il2cpp,static-observed,7.1 bulk registry type-slot construction sequence
2197,0x57C9448,0x7F850BA,0x7F850C1,0x44C8,il2cpp,static-observed,7.1 bulk registry type-slot construction sequence
2198,0x57F5EA8,0x7F850C8,0x7F850CF,0x44D0,il2cpp,static-observed,7.1 bulk registry type-slot construction sequence
2199,0x57F5EB0,0x7F850D6,0x7F850DD,0x44D8,il2cpp,static-observed,7.1 bulk registry type-slot construction sequence
2200,0x57F5EB8,0x7F850E4,0x7F850EB,0x44E0,il2cpp,static-observed,7.1 bulk registry type-slot construction sequence
2201,0x57F5EC0,0x7F850F2,0x7F850F9,0x44E8,il2cpp,static-observed,7.1 bulk registry type-slot construction sequence
2202,0x57B4A48,0x7F85100,0x7F85107,0x44F0,il2cpp,static-observed,7.1 bulk registry type-slot construction sequence
2203,0x57F5EC8,0x7F8510E,0x7F85115,0x44F8,il2cpp,static-observed,7.1 bulk registry type-slot construction sequence
2204,0x57F5ED0,0x7F8511C,0x7F85123,0x4500,il2cpp,static-observed,7.1 bulk registry type-slot construction sequence
2205,0x57F5ED8,0x7F8512A,0x7F85131,0x4508,il2cpp,static-observed,7.1 bulk registry type-slot construction sequence
2206,0x57F5EE0,0x7F85138,0x7F8513F,0x4510,il2cpp,static-observed,7.1 bulk registry type-slot construction sequence
2207,0x57ECCD0,0x7F85146,0x7F8514D,0x4518,il2cpp,static-observed,7.1 bulk registry type-slot construction sequence
2208,0x57DA2D0,0x7F85154,0x7F8515B,0x4520,il2cpp,static-observed,7.1 bulk registry type-slot construction sequence
2209,0x57D2940,0x7F85162,0x7F85169,0x4528,il2cpp,static-observed,7.1 bulk registry type-slot construction sequence
2210,0x57F5EE8,0x7F85170,0x7F85177,0x4530,il2cpp,static-observed,7.1 bulk registry type-slot construction sequence
2211,0x57F5EF0,0x7F8517E,0x7F85185,0x4538,il2cpp,static-observed,7.1 bulk registry type-slot construction sequence
2212,0x57F5EF8,0x7F8518C,0x7F85193,0x4540,il2cpp,static-observed,7.1 bulk registry type-slot construction sequence
2213,0x57CAB38,0x7F8519A,0x7F851A1,0x4548,il2cpp,static-observed,7.1 bulk registry type-slot construction sequence
2214,0x57F5F00,0x7F851A8,0x7F851AF,0x4550,il2cpp,static-observed,7.1 bulk registry type-slot construction sequence
2215,0x57CA1D8,0x7F851B6,0x7F851BD,0x4558,il2cpp,static-observed,7.1 bulk registry type-slot construction sequence
2216,0x57E29D0,0x7F851C4,0x7F851CB,0x4560,il2cpp,static-observed,7.1 bulk registry type-slot construction sequence
2217,0x57B0EB8,0x7F851D2,0x7F851D9,0x4568,il2cpp,static-observed,7.1 bulk registry type-slot construction sequence
2218,0x57CA2C8,0x7F851E0,0x7F851E7,0x4570,il2cpp,static-observed,7.1 bulk registry type-slot construction sequence
2219,0x57F5F08,0x7F851EE,0x7F851F5,0x4578,il2cpp,static-observed,7.1 bulk registry type-slot construction sequence
2220,0x57F1BD0,0x7F851FC,0x7F85203,0x4580,il2cpp,static-observed,7.1 bulk registry type-slot construction sequence
2221,0x57F5F10,0x7F8520A,0x7F85211,0x4588,il2cpp,static-observed,7.1 bulk registry type-slot construction sequence
2222,0x57F5F18,0x7F85218,0x7F8521F,0x4590,il2cpp,static-observed,7.1 bulk registry type-slot construction sequence
2223,0x57F5F20,0x7F85226,0x7F8522D,0x4598,il2cpp,static-observed,7.1 bulk registry type-slot construction sequence
2224,0x57F5F28,0x7F85234,0x7F8523B,0x45A0,il2cpp,static-observed,7.1 bulk registry type-slot construction sequence
2225,0x57F5F30,0x7F85242,0x7F85249,0x45A8,il2cpp,static-observed,7.1 bulk registry type-slot construction sequence
2226,0x57F5F38,0x7F85250,0x7F85257,0x45B0,il2cpp,static-observed,7.1 bulk registry type-slot construction sequence
2227,0x57F5F40,0x7F8525E,0x7F85265,0x45B8,il2cpp,static-observed,7.1 bulk registry type-slot construction sequence
2228,0x57F0450,0x7F8526C,0x7F85273,0x45C0,il2cpp,static-observed,7.1 bulk registry type-slot construction sequence
2229,0x57E9C40,0x7F8527A,0x7F85281,0x45C8,il2cpp,static-observed,7.1 bulk registry type-slot construction sequence
2230,0x57F5F48,0x7F85288,0x7F8528F,0x45D0,il2cpp,static-observed,7.1 bulk registry type-slot construction sequence
2231,0x57F5F50,0x7F85296,0x7F8529D,0x45D8,il2cpp,static-observed,7.1 bulk registry type-slot construction sequence
2232,0x57E6498,0x7F852A4,0x7F852AB,0x45E0,il2cpp,static-observed,7.1 bulk registry type-slot construction sequence
2233,0x57C87F8,0x7F852B2,0x7F852B9,0x45E8,il2cpp,static-observed,7.1 bulk registry type-slot construction sequence
2234,0x57F5F58,0x7F852C0,0x7F852C7,0x45F0,il2cpp,static-observed,7.1 bulk registry type-slot construction sequence
2235,0x57F3188,0x7F852CE,0x7F852D5,0x45F8,il2cpp,static-observed,7.1 bulk registry type-slot construction sequence
2236,0x57E0DA8,0x7F852DC,0x7F852E3,0x4600,il2cpp,static-observed,7.1 bulk registry type-slot construction sequence
2237,0x57F5F60,0x7F852EA,0x7F852F1,0x4608,il2cpp,static-observed,7.1 bulk registry type-slot construction sequence
2238,0x57C8230,0x7F852F8,0x7F852FF,0x4610,il2cpp,static-observed,7.1 bulk registry type-slot construction sequence
2239,0x57F5F68,0x7F85306,0x7F8530D,0x4618,il2cpp,static-observed,7.1 bulk registry type-slot construction sequence
2240,0x57F5F70,0x7F85314,0x7F8531B,0x4620,il2cpp,static-observed,7.1 bulk registry type-slot construction sequence
2241,0x57F5F78,0x7F85322,0x7F85329,0x4628,il2cpp,static-observed,7.1 bulk registry type-slot construction sequence
2242,0x57F5F80,0x7F85330,0x7F85337,0x4630,il2cpp,static-observed,7.1 bulk registry type-slot construction sequence
2243,0x57F5F88,0x7F8533E,0x7F85345,0x4638,il2cpp,static-observed,7.1 bulk registry type-slot construction sequence
2244,0x57CBBA0,0x7F8534C,0x7F85353,0x4640,il2cpp,static-observed,7.1 bulk registry type-slot construction sequence
2245,0x57F5F90,0x7F8535A,0x7F85361,0x4648,il2cpp,static-observed,7.1 bulk registry type-slot construction sequence
2246,0x57F5F98,0x7F85368,0x7F8536F,0x4650,il2cpp,static-observed,7.1 bulk registry type-slot construction sequence
2247,0x57F5FA0,0x7F85376,0x7F8537D,0x4658,il2cpp,static-observed,7.1 bulk registry type-slot construction sequence
2248,0x57F5FA8,0x7F85384,0x7F8538B,0x4660,il2cpp,static-observed,7.1 bulk registry type-slot construction sequence
2249,0x57F5FB0,0x7F85392,0x7F85399,0x4668,il2cpp,static-observed,7.1 bulk registry type-slot construction sequence
2250,0x57F5FB8,0x7F853A0,0x7F853A7,0x4670,il2cpp,static-observed,7.1 bulk registry type-slot construction sequence
2251,0x57D1BC0,0x7F853AE,0x7F853B5,0x4678,il2cpp,static-observed,7.1 bulk registry type-slot construction sequence
2252,0x57C8D90,0x7F853BC,0x7F853C3,0x4680,il2cpp,static-observed,7.1 bulk registry type-slot construction sequence
2253,0x57F0AB0,0x7F853CA,0x7F853D1,0x4688,il2cpp,static-observed,7.1 bulk registry type-slot construction sequence
2254,0x57F5FC0,0x7F853D8,0x7F853DF,0x4690,il2cpp,static-observed,7.1 bulk registry type-slot construction sequence
2255,0x57F5FC8,0x7F853E6,0x7F853ED,0x4698,il2cpp,static-observed,7.1 bulk registry type-slot construction sequence
2256,0x57CB918,0x7F853F4,0x7F853FB,0x46A0,il2cpp,static-observed,7.1 bulk registry type-slot construction sequence
2257,0x57F5FD0,0x7F85402,0x7F85409,0x46A8,il2cpp,static-observed,7.1 bulk registry type-slot construction sequence
2258,0x57E1960,0x7F85410,0x7F85417,0x46B0,il2cpp,static-observed,7.1 bulk registry type-slot construction sequence
2259,0x57E0E80,0x7F8541E,0x7F85425,0x46B8,il2cpp,static-observed,7.1 bulk registry type-slot construction sequence
2260,0x57F17A0,0x7F8542C,0x7F85433,0x46C0,il2cpp,static-observed,7.1 bulk registry type-slot construction sequence
2261,0x57DEB28,0x7F8543A,0x7F85441,0x46C8,il2cpp,static-observed,7.1 bulk registry type-slot construction sequence
2262,0x57F5FD8,0x7F85448,0x7F8544F,0x46D0,il2cpp,static-observed,7.1 bulk registry type-slot construction sequence
2263,0x57F5FE0,0x7F85456,0x7F8545D,0x46D8,il2cpp,static-observed,7.1 bulk registry type-slot construction sequence
2264,0x57F5FE8,0x7F85464,0x7F8546B,0x46E0,il2cpp,static-observed,7.1 bulk registry type-slot construction sequence
2265,0x57F5FF0,0x7F85472,0x7F85479,0x46E8,il2cpp,static-observed,7.1 bulk registry type-slot construction sequence
2266,0x57D4798,0x7F85480,0x7F85487,0x46F0,il2cpp,static-observed,7.1 bulk registry type-slot construction sequence
2267,0x57C4E90,0x7F8548E,0x7F85495,0x46F8,il2cpp,static-observed,7.1 bulk registry type-slot construction sequence
2268,0x57F5FF8,0x7F8549C,0x7F854A3,0x4700,il2cpp,static-observed,7.1 bulk registry type-slot construction sequence
2269,0x57D1888,0x7F854AA,0x7F854B1,0x4708,il2cpp,static-observed,7.1 bulk registry type-slot construction sequence
2270,0x57F6000,0x7F854B8,0x7F854BF,0x4710,il2cpp,static-observed,7.1 bulk registry type-slot construction sequence
2271,0x57F6008,0x7F854C6,0x7F854CD,0x4718,il2cpp,static-observed,7.1 bulk registry type-slot construction sequence
2272,0x57F6010,0x7F854D4,0x7F854DB,0x4720,il2cpp,static-observed,7.1 bulk registry type-slot construction sequence
2273,0x57E41A8,0x7F854E2,0x7F854E9,0x4728,il2cpp,static-observed,7.1 bulk registry type-slot construction sequence
2274,0x57CB960,0x7F854F0,0x7F854F7,0x4730,il2cpp,static-observed,7.1 bulk registry type-slot construction sequence
2275,0x57DC2D8,0x7F854FE,0x7F85505,0x4738,il2cpp,static-observed,7.1 bulk registry type-slot construction sequence
2276,0x57F6018,0x7F8550C,0x7F85513,0x4740,il2cpp,static-observed,7.1 bulk registry type-slot construction sequence
2277,0x57F6020,0x7F8551A,0x7F85521,0x4748,il2cpp,static-observed,7.1 bulk registry type-slot construction sequence
2278,0x57DF970,0x7F85528,0x7F8552F,0x4750,il2cpp,static-observed,7.1 bulk registry type-slot construction sequence
2279,0x57ECC98,0x7F85536,0x7F8553D,0x4758,il2cpp,static-observed,7.1 bulk registry type-slot construction sequence
2280,0x57F6028,0x7F85544,0x7F8554B,0x4760,il2cpp,static-observed,7.1 bulk registry type-slot construction sequence
2281,0x57E6E00,0x7F85552,0x7F85559,0x4768,il2cpp,static-observed,7.1 bulk registry type-slot construction sequence
2282,0x57C7350,0x7F85560,0x7F85567,0x4770,il2cpp,static-observed,7.1 bulk registry type-slot construction sequence
2283,0x57F6030,0x7F8556E,0x7F85575,0x4778,il2cpp,static-observed,7.1 bulk registry type-slot construction sequence
2284,0x57F6038,0x7F8557C,0x7F85583,0x4780,il2cpp,static-observed,7.1 bulk registry type-slot construction sequence
2285,0x57DFAC0,0x7F8558A,0x7F85591,0x4788,il2cpp,static-observed,7.1 bulk registry type-slot construction sequence
2286,0x57F6040,0x7F85598,0x7F8559F,0x4790,il2cpp,static-observed,7.1 bulk registry type-slot construction sequence
2287,0x57DBFC8,0x7F855A6,0x7F855AD,0x4798,il2cpp,static-observed,7.1 bulk registry type-slot construction sequence
2288,0x57C5F40,0x7F855B4,0x7F855BB,0x47A0,il2cpp,static-observed,7.1 bulk registry type-slot construction sequence
2289,0x57F6048,0x7F855C2,0x7F855C9,0x47A8,il2cpp,static-observed,7.1 bulk registry type-slot construction sequence
2290,0x57F6050,0x7F855D0,0x7F855D7,0x47B0,il2cpp,static-observed,7.1 bulk registry type-slot construction sequence
2291,0x57C9090,0x7F855DE,0x7F855E5,0x47B8,il2cpp,static-observed,7.1 bulk registry type-slot construction sequence
2292,0x57F6058,0x7F855EC,0x7F855F3,0x47C0,il2cpp,static-observed,7.1 bulk registry type-slot construction sequence
2293,0x57F6060,0x7F855FA,0x7F85601,0x47C8,il2cpp,static-observed,7.1 bulk registry type-slot construction sequence
2294,0x57DA280,0x7F85608,0x7F8560F,0x47D0,il2cpp,static-observed,7.1 bulk registry type-slot construction sequence
2295,0x57F6068,0x7F85616,0x7F8561D,0x47D8,il2cpp,static-observed,7.1 bulk registry type-slot construction sequence
2296,0x57E4C48,0x7F85624,0x7F8562B,0x47E0,il2cpp,static-observed,7.1 bulk registry type-slot construction sequence
2297,0x57F6070,0x7F85632,0x7F85639,0x47E8,il2cpp,static-observed,7.1 bulk registry type-slot construction sequence
2298,0x57D86C8,0x7F85640,0x7F85647,0x47F0,il2cpp,static-observed,7.1 bulk registry type-slot construction sequence
2299,0x57E2500,0x7F8564E,0x7F85655,0x47F8,il2cpp,static-observed,7.1 bulk registry type-slot construction sequence
2300,0x57F1FD0,0x7F8565C,0x7F85663,0x4800,il2cpp,static-observed,7.1 bulk registry type-slot construction sequence
2301,0x57F6078,0x7F8566A,0x7F85671,0x4808,il2cpp,static-observed,7.1 bulk registry type-slot construction sequence
2302,0x57F6080,0x7F85678,0x7F8567F,0x4810,il2cpp,static-observed,7.1 bulk registry type-slot construction sequence
2303,0x57CAE78,0x7F85686,0x7F8568D,0x4818,il2cpp,static-observed,7.1 bulk registry type-slot construction sequence
2304,0x57F6088,0x7F85694,0x7F8569B,0x4820,il2cpp,static-observed,7.1 bulk registry type-slot construction sequence
2305,0x57F6090,0x7F856A2,0x7F856A9,0x4828,il2cpp,static-observed,7.1 bulk registry type-slot construction sequence
2306,0x57F6098,0x7F856B0,0x7F856B7,0x4830,il2cpp,static-observed,7.1 bulk registry type-slot construction sequence
2307,0x57F60A0,0x7F856BE,0x7F856C5,0x4838,il2cpp,static-observed,7.1 bulk registry type-slot construction sequence
2308,0x57CD770,0x7F856CC,0x7F856D3,0x4840,il2cpp,static-observed,7.1 bulk registry type-slot construction sequence
2309,0x57B4A08,0x7F856DA,0x7F856E1,0x4848,il2cpp,static-observed,7.1 bulk registry type-slot construction sequence
2310,0x57F60A8,0x7F856E8,0x7F856EF,0x4850,il2cpp,static-observed,7.1 bulk registry type-slot construction sequence
2311,0x57DEFF8,0x7F856F6,0x7F856FD,0x4858,il2cpp,static-observed,7.1 bulk registry type-slot construction sequence
2312,0x57F60B0,0x7F85704,0x7F8570B,0x4860,il2cpp,static-observed,7.1 bulk registry type-slot construction sequence
2313,0x57F60B8,0x7F85712,0x7F85719,0x4868,il2cpp,static-observed,7.1 bulk registry type-slot construction sequence
2314,0x57F60C0,0x7F85720,0x7F85727,0x4870,il2cpp,static-observed,7.1 bulk registry type-slot construction sequence
2315,0x57E19B0,0x7F8572E,0x7F85735,0x4878,il2cpp,static-observed,7.1 bulk registry type-slot construction sequence
2316,0x57F60C8,0x7F8573C,0x7F85743,0x4880,il2cpp,static-observed,7.1 bulk registry type-slot construction sequence
2317,0x57F60D0,0x7F8574A,0x7F85751,0x4888,il2cpp,static-observed,7.1 bulk registry type-slot construction sequence
2318,0x57D6320,0x7F85758,0x7F8575F,0x4890,il2cpp,static-observed,7.1 bulk registry type-slot construction sequence
2319,0x57F60D8,0x7F85766,0x7F8576D,0x4898,il2cpp,static-observed,7.1 bulk registry type-slot construction sequence
2320,0x57F60E0,0x7F85774,0x7F8577B,0x48A0,il2cpp,static-observed,7.1 bulk registry type-slot construction sequence
2321,0x57F60E8,0x7F85782,0x7F85789,0x48A8,il2cpp,static-observed,7.1 bulk registry type-slot construction sequence
2322,0x57B2E98,0x7F85790,0x7F85797,0x48B0,il2cpp,static-observed,7.1 bulk registry type-slot construction sequence
2323,0x57DD588,0x7F8579E,0x7F857A5,0x48B8,il2cpp,static-observed,7.1 bulk registry type-slot construction sequence
2324,0x57B3E80,0x7F857AC,0x7F857B3,0x48C0,il2cpp,static-observed,7.1 bulk registry type-slot construction sequence
2325,0x57D1458,0x7F857BA,0x7F857C1,0x48C8,il2cpp,static-observed,7.1 bulk registry type-slot construction sequence
2326,0x57AF660,0x7F857C8,0x7F857CF,0x48D0,il2cpp,static-observed,7.1 bulk registry type-slot construction sequence
2327,0x57DDD88,0x7F857D6,0x7F857DD,0x48D8,il2cpp,static-observed,7.1 bulk registry type-slot construction sequence
2328,0x57F1CD8,0x7F857E4,0x7F857EB,0x48E0,il2cpp,static-observed,7.1 bulk registry type-slot construction sequence
2329,0x57F60F0,0x7F857F2,0x7F857F9,0x48E8,il2cpp,static-observed,7.1 bulk registry type-slot construction sequence
2330,0x57F60F8,0x7F85800,0x7F85807,0x48F0,il2cpp,static-observed,7.1 bulk registry type-slot construction sequence
2331,0x57DB1B0,0x7F8580E,0x7F85815,0x48F8,il2cpp,static-observed,7.1 bulk registry type-slot construction sequence
2332,0x57F6100,0x7F8581C,0x7F85823,0x4900,il2cpp,static-observed,7.1 bulk registry type-slot construction sequence
2333,0x57F6108,0x7F8582A,0x7F85831,0x4908,il2cpp,static-observed,7.1 bulk registry type-slot construction sequence
2334,0x57F6110,0x7F85838,0x7F8583F,0x4910,il2cpp,static-observed,7.1 bulk registry type-slot construction sequence
2335,0x57F6118,0x7F85846,0x7F8584D,0x4918,il2cpp,static-observed,7.1 bulk registry type-slot construction sequence
2336,0x57F6120,0x7F85854,0x7F8585B,0x4920,il2cpp,static-observed,7.1 bulk registry type-slot construction sequence
2337,0x57EFC48,0x7F85862,0x7F85869,0x4928,il2cpp,static-observed,7.1 bulk registry type-slot construction sequence
2338,0x57F6128,0x7F85870,0x7F85877,0x4930,il2cpp,static-observed,7.1 bulk registry type-slot construction sequence
2339,0x57F6130,0x7F8587E,0x7F85885,0x4938,il2cpp,static-observed,7.1 bulk registry type-slot construction sequence
2340,0x57F6138,0x7F8588C,0x7F85893,0x4940,il2cpp,static-observed,7.1 bulk registry type-slot construction sequence
2341,0x57F6140,0x7F8589A,0x7F858A1,0x4948,il2cpp,static-observed,7.1 bulk registry type-slot construction sequence
2342,0x57F6148,0x7F858A8,0x7F858AF,0x4950,il2cpp,static-observed,7.1 bulk registry type-slot construction sequence
2343,0x57F15F8,0x7F858B6,0x7F858BD,0x4958,il2cpp,static-observed,7.1 bulk registry type-slot construction sequence
2344,0x57F6150,0x7F858C4,0x7F858CB,0x4960,il2cpp,static-observed,7.1 bulk registry type-slot construction sequence
2345,0x57CAC08,0x7F858D2,0x7F858D9,0x4968,il2cpp,static-observed,7.1 bulk registry type-slot construction sequence
2346,0x57F6158,0x7F858E0,0x7F858E7,0x4970,il2cpp,static-observed,7.1 bulk registry type-slot construction sequence
2347,0x57F2120,0x7F858EE,0x7F858F5,0x4978,il2cpp,static-observed,7.1 bulk registry type-slot construction sequence
2348,0x57F6160,0x7F858FC,0x7F85903,0x4980,il2cpp,static-observed,7.1 bulk registry type-slot construction sequence
2349,0x57DE018,0x7F8590A,0x7F85911,0x4988,il2cpp,static-observed,7.1 bulk registry type-slot construction sequence
2350,0x57F6168,0x7F85918,0x7F8591F,0x4990,il2cpp,static-observed,7.1 bulk registry type-slot construction sequence
2351,0x57F6170,0x7F85926,0x7F8592D,0x4998,il2cpp,static-observed,7.1 bulk registry type-slot construction sequence
2352,0x57F6178,0x7F85934,0x7F8593B,0x49A0,il2cpp,static-observed,7.1 bulk registry type-slot construction sequence
2353,0x57E4118,0x7F85942,0x7F85949,0x49A8,il2cpp,static-observed,7.1 bulk registry type-slot construction sequence
2354,0x57F6180,0x7F85950,0x7F85957,0x49B0,il2cpp,static-observed,7.1 bulk registry type-slot construction sequence
2355,0x57D6DB0,0x7F8595E,0x7F85965,0x49B8,il2cpp,static-observed,7.1 bulk registry type-slot construction sequence
2356,0x57F6188,0x7F8596C,0x7F85973,0x49C0,il2cpp,static-observed,7.1 bulk registry type-slot construction sequence
2357,0x57CC740,0x7F8597A,0x7F85981,0x49C8,il2cpp,static-observed,7.1 bulk registry type-slot construction sequence
2358,0x57F6190,0x7F85988,0x7F8598F,0x49D0,il2cpp,static-observed,7.1 bulk registry type-slot construction sequence
2359,0x57F6198,0x7F85996,0x7F8599D,0x49D8,il2cpp,static-observed,7.1 bulk registry type-slot construction sequence
2360,0x57F61A0,0x7F859A4,0x7F859AB,0x49E0,il2cpp,static-observed,7.1 bulk registry type-slot construction sequence
2361,0x57F61A8,0x7F859B2,0x7F859B9,0x49E8,il2cpp,static-observed,7.1 bulk registry type-slot construction sequence
2362,0x57F61B0,0x7F859C0,0x7F859C7,0x49F0,il2cpp,static-observed,7.1 bulk registry type-slot construction sequence
2363,0x57F61B8,0x7F859CE,0x7F859D5,0x49F8,il2cpp,static-observed,7.1 bulk registry type-slot construction sequence
2364,0x57F61C0,0x7F859DC,0x7F859E3,0x4A00,il2cpp,static-observed,7.1 bulk registry type-slot construction sequence
2365,0x57E95D8,0x7F859EA,0x7F859F1,0x4A08,il2cpp,static-observed,7.1 bulk registry type-slot construction sequence
2366,0x57D1BC8,0x7F859F8,0x7F859FF,0x4A10,il2cpp,static-observed,7.1 bulk registry type-slot construction sequence
2367,0x57DEDC8,0x7F85A06,0x7F85A0D,0x4A18,il2cpp,static-observed,7.1 bulk registry type-slot construction sequence
2368,0x57F61C8,0x7F85A14,0x7F85A1B,0x4A20,il2cpp,static-observed,7.1 bulk registry type-slot construction sequence
2369,0x57F61D0,0x7F85A22,0x7F85A29,0x4A28,il2cpp,static-observed,7.1 bulk registry type-slot construction sequence
2370,0x57E3280,0x7F85A30,0x7F85A37,0x4A30,il2cpp,static-observed,7.1 bulk registry type-slot construction sequence
2371,0x57E2A20,0x7F85A3E,0x7F85A45,0x4A38,il2cpp,static-observed,7.1 bulk registry type-slot construction sequence
2372,0x57F61D8,0x7F85A4C,0x7F85A53,0x4A40,il2cpp,static-observed,7.1 bulk registry type-slot construction sequence
2373,0x57F61E0,0x7F85A5A,0x7F85A61,0x4A48,il2cpp,static-observed,7.1 bulk registry type-slot construction sequence
2374,0x57F61E8,0x7F85A68,0x7F85A6F,0x4A50,il2cpp,static-observed,7.1 bulk registry type-slot construction sequence
2375,0x57F61F0,0x7F85A76,0x7F85A7D,0x4A58,il2cpp,static-observed,7.1 bulk registry type-slot construction sequence
2376,0x57F3058,0x7F85A84,0x7F85A8B,0x4A60,il2cpp,static-observed,7.1 bulk registry type-slot construction sequence
2377,0x57F61F8,0x7F85A92,0x7F85A99,0x4A68,il2cpp,static-observed,7.1 bulk registry type-slot construction sequence
2378,0x57C7B08,0x7F85AA0,0x7F85AA7,0x4A70,il2cpp,static-observed,7.1 bulk registry type-slot construction sequence
2379,0x57F6200,0x7F85AAE,0x7F85AB5,0x4A78,il2cpp,static-observed,7.1 bulk registry type-slot construction sequence
2380,0x57F6208,0x7F85ABC,0x7F85AC3,0x4A80,il2cpp,static-observed,7.1 bulk registry type-slot construction sequence
2381,0x57F6210,0x7F85ACA,0x7F85AD1,0x4A88,il2cpp,static-observed,7.1 bulk registry type-slot construction sequence
2382,0x57F6218,0x7F85AD8,0x7F85ADF,0x4A90,il2cpp,static-observed,7.1 bulk registry type-slot construction sequence
2383,0x57AEBB8,0x7F85AE6,0x7F85AED,0x4A98,il2cpp,static-observed,7.1 bulk registry type-slot construction sequence
2384,0x57F6220,0x7F85AF4,0x7F85AFB,0x4AA0,il2cpp,static-observed,7.1 bulk registry type-slot construction sequence
2385,0x57F6228,0x7F85B02,0x7F85B09,0x4AA8,il2cpp,static-observed,7.1 bulk registry type-slot construction sequence
2386,0x57F6230,0x7F85B10,0x7F85B17,0x4AB0,il2cpp,static-observed,7.1 bulk registry type-slot construction sequence
2387,0x57DF1C0,0x7F85B1E,0x7F85B25,0x4AB8,il2cpp,static-observed,7.1 bulk registry type-slot construction sequence
2388,0x57F3158,0x7F85B2C,0x7F85B33,0x4AC0,il2cpp,static-observed,7.1 bulk registry type-slot construction sequence
2389,0x57F6238,0x7F85B3A,0x7F85B41,0x4AC8,il2cpp,static-observed,7.1 bulk registry type-slot construction sequence
2390,0x57F6240,0x7F85B48,0x7F85B4F,0x4AD0,il2cpp,static-observed,7.1 bulk registry type-slot construction sequence
2391,0x57F6248,0x7F85B56,0x7F85B5D,0x4AD8,il2cpp,static-observed,7.1 bulk registry type-slot construction sequence
2392,0x57F6250,0x7F85B64,0x7F85B6B,0x4AE0,il2cpp,static-observed,7.1 bulk registry type-slot construction sequence
2393,0x57F6258,0x7F85B72,0x7F85B79,0x4AE8,il2cpp,static-observed,7.1 bulk registry type-slot construction sequence
2394,0x57ECF40,0x7F85B80,0x7F85B87,0x4AF0,il2cpp,static-observed,7.1 bulk registry type-slot construction sequence
2395,0x57F6260,0x7F85B8E,0x7F85B95,0x4AF8,il2cpp,static-observed,7.1 bulk registry type-slot construction sequence
2396,0x57CC388,0x7F85B9C,0x7F85BA3,0x4B00,il2cpp,static-observed,7.1 bulk registry type-slot construction sequence
2397,0x57F6268,0x7F85BAA,0x7F85BB1,0x4B08,il2cpp,static-observed,7.1 bulk registry type-slot construction sequence
2398,0x57F6270,0x7F85BB8,0x7F85BBF,0x4B10,il2cpp,static-observed,7.1 bulk registry type-slot construction sequence
2399,0x57E3A88,0x7F85BC6,0x7F85BCD,0x4B18,il2cpp,static-observed,7.1 bulk registry type-slot construction sequence
2400,0x57E6DD8,0x7F85BD4,0x7F85BDB,0x4B20,il2cpp,static-observed,7.1 bulk registry type-slot construction sequence
2401,0x57F6278,0x7F85BE2,0x7F85BE9,0x4B28,il2cpp,static-observed,7.1 bulk registry type-slot construction sequence
2402,0x57E0E70,0x7F85BF0,0x7F85BF7,0x4B30,il2cpp,static-observed,7.1 bulk registry type-slot construction sequence
2403,0x57F6280,0x7F85BFE,0x7F85C05,0x4B38,il2cpp,static-observed,7.1 bulk registry type-slot construction sequence
2404,0x57F6288,0x7F85C0C,0x7F85C13,0x4B40,il2cpp,static-observed,7.1 bulk registry type-slot construction sequence
2405,0x57E8FB0,0x7F85C1A,0x7F85C21,0x4B48,il2cpp,static-observed,7.1 bulk registry type-slot construction sequence
2406,0x57EC1C0,0x7F85C28,0x7F85C2F,0x4B50,il2cpp,static-observed,7.1 bulk registry type-slot construction sequence
2407,0x57F6290,0x7F85C36,0x7F85C3D,0x4B58,il2cpp,static-observed,7.1 bulk registry type-slot construction sequence
2408,0x57B4218,0x7F85C44,0x7F85C4B,0x4B60,il2cpp,static-observed,7.1 bulk registry type-slot construction sequence
2409,0x57F6298,0x7F85C52,0x7F85C59,0x4B68,il2cpp,static-observed,7.1 bulk registry type-slot construction sequence
2410,0x57F62A0,0x7F85C60,0x7F85C67,0x4B70,il2cpp,static-observed,7.1 bulk registry type-slot construction sequence
2411,0x57F62A8,0x7F85C6E,0x7F85C75,0x4B78,il2cpp,static-observed,7.1 bulk registry type-slot construction sequence
2412,0x57F62B0,0x7F85C7C,0x7F85C83,0x4B80,il2cpp,static-observed,7.1 bulk registry type-slot construction sequence
2413,0x57F62B8,0x7F85C8A,0x7F85C91,0x4B88,il2cpp,static-observed,7.1 bulk registry type-slot construction sequence
2414,0x57E9828,0x7F85C98,0x7F85C9F,0x4B90,il2cpp,static-observed,7.1 bulk registry type-slot construction sequence
2415,0x57F62C0,0x7F85CA6,0x7F85CAD,0x4B98,il2cpp,static-observed,7.1 bulk registry type-slot construction sequence
2416,0x57F62C8,0x7F85CB4,0x7F85CBB,0x4BA0,il2cpp,static-observed,7.1 bulk registry type-slot construction sequence
2417,0x57F62D0,0x7F85CC2,0x7F85CC9,0x4BA8,il2cpp,static-observed,7.1 bulk registry type-slot construction sequence
2418,0x57F62D8,0x7F85CD0,0x7F85CD7,0x4BB0,il2cpp,static-observed,7.1 bulk registry type-slot construction sequence
2419,0x57F62E0,0x7F85CDE,0x7F85CE5,0x4BB8,il2cpp,static-observed,7.1 bulk registry type-slot construction sequence
2420,0x57F62E8,0x7F85CEC,0x7F85CF3,0x4BC0,il2cpp,static-observed,7.1 bulk registry type-slot construction sequence
2421,0x57DB7D8,0x7F85CFA,0x7F85D01,0x4BC8,il2cpp,static-observed,7.1 bulk registry type-slot construction sequence
2422,0x57F62F0,0x7F85D08,0x7F85D0F,0x4BD0,il2cpp,static-observed,7.1 bulk registry type-slot construction sequence
2423,0x57DF9C0,0x7F85D16,0x7F85D1D,0x4BD8,il2cpp,static-observed,7.1 bulk registry type-slot construction sequence
2424,0x57F62F8,0x7F85D24,0x7F85D2B,0x4BE0,il2cpp,static-observed,7.1 bulk registry type-slot construction sequence
2425,0x57F13B0,0x7F85D32,0x7F85D39,0x4BE8,il2cpp,static-observed,7.1 bulk registry type-slot construction sequence
2426,0x57F6300,0x7F85D40,0x7F85D47,0x4BF0,il2cpp,static-observed,7.1 bulk registry type-slot construction sequence
2427,0x57F6308,0x7F85D4E,0x7F85D55,0x4BF8,il2cpp,static-observed,7.1 bulk registry type-slot construction sequence
2428,0x57F6310,0x7F85D5C,0x7F85D63,0x4C00,il2cpp,static-observed,7.1 bulk registry type-slot construction sequence
2429,0x57F6318,0x7F85D6A,0x7F85D71,0x4C08,il2cpp,static-observed,7.1 bulk registry type-slot construction sequence
2430,0x57D89B8,0x7F85D78,0x7F85D7F,0x4C10,il2cpp,static-observed,7.1 bulk registry type-slot construction sequence
2431,0x57F6320,0x7F85D86,0x7F85D8D,0x4C18,il2cpp,static-observed,7.1 bulk registry type-slot construction sequence
2432,0x57F6328,0x7F85D94,0x7F85D9B,0x4C20,il2cpp,static-observed,7.1 bulk registry type-slot construction sequence
2433,0x57D9008,0x7F85DA2,0x7F85DA9,0x4C28,il2cpp,static-observed,7.1 bulk registry type-slot construction sequence
2434,0x57F6330,0x7F85DB0,0x7F85DB7,0x4C30,il2cpp,static-observed,7.1 bulk registry type-slot construction sequence
2435,0x57F08E0,0x7F85DBE,0x7F85DC5,0x4C38,il2cpp,static-observed,7.1 bulk registry type-slot construction sequence
2436,0x57EB6C8,0x7F85DCC,0x7F85DD3,0x4C40,il2cpp,static-observed,7.1 bulk registry type-slot construction sequence
2437,0x57F6338,0x7F85DDA,0x7F85DE1,0x4C48,il2cpp,static-observed,7.1 bulk registry type-slot construction sequence
2438,0x57F6340,0x7F85DE8,0x7F85DEF,0x4C50,il2cpp,static-observed,7.1 bulk registry type-slot construction sequence
2439,0x57F6348,0x7F85DF6,0x7F85DFD,0x4C58,il2cpp,static-observed,7.1 bulk registry type-slot construction sequence
2440,0x57F6350,0x7F85E04,0x7F85E0B,0x4C60,il2cpp,static-observed,7.1 bulk registry type-slot construction sequence
2441,0x57F2AE0,0x7F85E12,0x7F85E19,0x4C68,il2cpp,static-observed,7.1 bulk registry type-slot construction sequence
2442,0x57D1298,0x7F85E20,0x7F85E27,0x4C70,il2cpp,static-observed,7.1 bulk registry type-slot construction sequence
2443,0x57AE928,0x7F85E2E,0x7F85E35,0x4C78,il2cpp,static-observed,7.1 bulk registry type-slot construction sequence
2444,0x57E2348,0x7F85E3C,0x7F85E43,0x4C80,il2cpp,static-observed,7.1 bulk registry type-slot construction sequence
2445,0x57F6358,0x7F85E4A,0x7F85E51,0x4C88,il2cpp,static-observed,7.1 bulk registry type-slot construction sequence
2446,0x57F6360,0x7F85E58,0x7F85E5F,0x4C90,il2cpp,static-observed,7.1 bulk registry type-slot construction sequence
2447,0x57E9028,0x7F85E66,0x7F85E6D,0x4C98,il2cpp,static-observed,7.1 bulk registry type-slot construction sequence
2448,0x57F21E0,0x7F85E74,0x7F85E7B,0x4CA0,il2cpp,static-observed,7.1 bulk registry type-slot construction sequence
2449,0x57F6368,0x7F85E82,0x7F85E89,0x4CA8,il2cpp,static-observed,7.1 bulk registry type-slot construction sequence
2450,0x57F6370,0x7F85E90,0x7F85E97,0x4CB0,il2cpp,static-observed,7.1 bulk registry type-slot construction sequence
2451,0x57F6378,0x7F85E9E,0x7F85EA5,0x4CB8,il2cpp,static-observed,7.1 bulk registry type-slot construction sequence
2452,0x57F6380,0x7F85EAC,0x7F85EB3,0x4CC0,il2cpp,static-observed,7.1 bulk registry type-slot construction sequence
2453,0x57AFA18,0x7F85EBA,0x7F85EC1,0x4CC8,il2cpp,static-observed,7.1 bulk registry type-slot construction sequence
2454,0x57EDFF0,0x7F85EC8,0x7F85ECF,0x4CD0,il2cpp,static-observed,7.1 bulk registry type-slot construction sequence
2455,0x57F6388,0x7F85ED6,0x7F85EDD,0x4CD8,il2cpp,static-observed,7.1 bulk registry type-slot construction sequence
2456,0x57EB650,0x7F85EE4,0x7F85EEB,0x4CE0,il2cpp,static-observed,7.1 bulk registry type-slot construction sequence
2457,0x57EC6B0,0x7F85EF2,0x7F85EF9,0x4CE8,il2cpp,static-observed,7.1 bulk registry type-slot construction sequence
2458,0x57F6390,0x7F85F00,0x7F85F07,0x4CF0,il2cpp,static-observed,7.1 bulk registry type-slot construction sequence
2459,0x57F6398,0x7F85F0E,0x7F85F15,0x4CF8,il2cpp,static-observed,7.1 bulk registry type-slot construction sequence
2460,0x57F63A0,0x7F85F1C,0x7F85F23,0x4D00,il2cpp,static-observed,7.1 bulk registry type-slot construction sequence
2461,0x57F63A8,0x7F85F2A,0x7F85F31,0x4D08,il2cpp,static-observed,7.1 bulk registry type-slot construction sequence
2462,0x57F63B0,0x7F85F38,0x7F85F3F,0x4D10,il2cpp,static-observed,7.1 bulk registry type-slot construction sequence
2463,0x57F63B8,0x7F85F46,0x7F85F4D,0x4D18,il2cpp,static-observed,7.1 bulk registry type-slot construction sequence
2464,0x57F63C0,0x7F85F54,0x7F85F5B,0x4D20,il2cpp,static-observed,7.1 bulk registry type-slot construction sequence
2465,0x57F63C8,0x7F85F62,0x7F85F69,0x4D28,il2cpp,static-observed,7.1 bulk registry type-slot construction sequence
2466,0x57F63D0,0x7F85F70,0x7F85F77,0x4D30,il2cpp,static-observed,7.1 bulk registry type-slot construction sequence
2467,0x57C9508,0x7F85F7E,0x7F85F85,0x4D38,il2cpp,static-observed,7.1 bulk registry type-slot construction sequence
2468,0x57D7778,0x7F85F8C,0x7F85F93,0x4D40,il2cpp,static-observed,7.1 bulk registry type-slot construction sequence
2469,0x57EABD0,0x7F85F9A,0x7F85FA1,0x4D48,il2cpp,static-observed,7.1 bulk registry type-slot construction sequence
2470,0x57D8758,0x7F85FA8,0x7F85FAF,0x4D50,il2cpp,static-observed,7.1 bulk registry type-slot construction sequence
2471,0x57DF4B8,0x7F85FB6,0x7F85FBD,0x4D58,il2cpp,static-observed,7.1 bulk registry type-slot construction sequence
2472,0x57F63D8,0x7F85FC4,0x7F85FCB,0x4D60,il2cpp,static-observed,7.1 bulk registry type-slot construction sequence
2473,0x57F63E0,0x7F85FD2,0x7F85FD9,0x4D68,il2cpp,static-observed,7.1 bulk registry type-slot construction sequence
2474,0x57F1E28,0x7F85FE0,0x7F85FE7,0x4D70,il2cpp,static-observed,7.1 bulk registry type-slot construction sequence
2475,0x57F63E8,0x7F85FEE,0x7F85FF5,0x4D78,il2cpp,static-observed,7.1 bulk registry type-slot construction sequence
2476,0x57F63F0,0x7F85FFC,0x7F86003,0x4D80,il2cpp,static-observed,7.1 bulk registry type-slot construction sequence
2477,0x57C85D8,0x7F8600A,0x7F86011,0x4D88,il2cpp,static-observed,7.1 bulk registry type-slot construction sequence
2478,0x57F63F8,0x7F86018,0x7F8601F,0x4D90,il2cpp,static-observed,7.1 bulk registry type-slot construction sequence
2479,0x57F6400,0x7F86026,0x7F8602D,0x4D98,il2cpp,static-observed,7.1 bulk registry type-slot construction sequence
2480,0x57F6408,0x7F86034,0x7F8603B,0x4DA0,il2cpp,static-observed,7.1 bulk registry type-slot construction sequence
2481,0x57E6558,0x7F86042,0x7F86049,0x4DA8,il2cpp,static-observed,7.1 bulk registry type-slot construction sequence
2482,0x57F21B8,0x7F86050,0x7F86057,0x4DB0,il2cpp,static-observed,7.1 bulk registry type-slot construction sequence
2483,0x57F6410,0x7F8605E,0x7F86065,0x4DB8,il2cpp,static-observed,7.1 bulk registry type-slot construction sequence
2484,0x57F6418,0x7F8606C,0x7F86073,0x4DC0,il2cpp,static-observed,7.1 bulk registry type-slot construction sequence
2485,0x57F6420,0x7F8607A,0x7F86081,0x4DC8,il2cpp,static-observed,7.1 bulk registry type-slot construction sequence
2486,0x57F6428,0x7F86088,0x7F8608F,0x4DD0,il2cpp,static-observed,7.1 bulk registry type-slot construction sequence
2487,0x57D46D0,0x7F86096,0x7F8609D,0x4DD8,il2cpp,static-observed,7.1 bulk registry type-slot construction sequence
2488,0x57CF3D0,0x7F860A4,0x7F860AB,0x4DE0,il2cpp,static-observed,7.1 bulk registry type-slot construction sequence
2489,0x57F6430,0x7F860B2,0x7F860B9,0x4DE8,il2cpp,static-observed,7.1 bulk registry type-slot construction sequence
2490,0x57F6438,0x7F860C0,0x7F860C7,0x4DF0,il2cpp,static-observed,7.1 bulk registry type-slot construction sequence
2491,0x57F6440,0x7F860CE,0x7F860D5,0x4DF8,il2cpp,static-observed,7.1 bulk registry type-slot construction sequence
2492,0x57F6448,0x7F860DC,0x7F860E3,0x4E00,il2cpp,static-observed,7.1 bulk registry type-slot construction sequence
2493,0x57E23D0,0x7F860EA,0x7F860F1,0x4E08,il2cpp,static-observed,7.1 bulk registry type-slot construction sequence
2494,0x57AF588,0x7F860F8,0x7F860FF,0x4E10,il2cpp,static-observed,7.1 bulk registry type-slot construction sequence
2495,0x57F6450,0x7F86106,0x7F8610D,0x4E18,il2cpp,static-observed,7.1 bulk registry type-slot construction sequence
2496,0x57F6458,0x7F86114,0x7F8611B,0x4E20,il2cpp,static-observed,7.1 bulk registry type-slot construction sequence
2497,0x57F6460,0x7F86122,0x7F86129,0x4E28,il2cpp,static-observed,7.1 bulk registry type-slot construction sequence
2498,0x57F6468,0x7F86130,0x7F86137,0x4E30,il2cpp,static-observed,7.1 bulk registry type-slot construction sequence
2499,0x57F6470,0x7F8613E,0x7F86145,0x4E38,il2cpp,static-observed,7.1 bulk registry type-slot construction sequence
2500,0x57F1D68,0x7F8614C,0x7F86153,0x4E40,il2cpp,static-observed,7.1 bulk registry type-slot construction sequence
2501,0x57F6478,0x7F8615A,0x7F86161,0x4E48,il2cpp,static-observed,7.1 bulk registry type-slot construction sequence
2502,0x57C9060,0x7F86168,0x7F8616F,0x4E50,il2cpp,static-observed,7.1 bulk registry type-slot construction sequence
2503,0x57F6480,0x7F86176,0x7F8617D,0x4E58,il2cpp,static-observed,7.1 bulk registry type-slot construction sequence
2504,0x57F6488,0x7F86184,0x7F8618B,0x4E60,il2cpp,static-observed,7.1 bulk registry type-slot construction sequence
2505,0x57F6490,0x7F86192,0x7F86199,0x4E68,il2cpp,static-observed,7.1 bulk registry type-slot construction sequence
2506,0x57CFD18,0x7F861A0,0x7F861A7,0x4E70,il2cpp,static-observed,7.1 bulk registry type-slot construction sequence
2507,0x57F6498,0x7F861AE,0x7F861B5,0x4E78,il2cpp,static-observed,7.1 bulk registry type-slot construction sequence
2508,0x57CE140,0x7F861BC,0x7F861C3,0x4E80,il2cpp,static-observed,7.1 bulk registry type-slot construction sequence
2509,0x57D6948,0x7F861CA,0x7F861D1,0x4E88,il2cpp,static-observed,7.1 bulk registry type-slot construction sequence
2510,0x57F64A0,0x7F861D8,0x7F861DF,0x4E90,il2cpp,static-observed,7.1 bulk registry type-slot construction sequence
2511,0x57F64A8,0x7F861E6,0x7F861ED,0x4E98,il2cpp,static-observed,7.1 bulk registry type-slot construction sequence
2512,0x57F64B0,0x7F861F4,0x7F861FB,0x4EA0,il2cpp,static-observed,7.1 bulk registry type-slot construction sequence
2513,0x57F64B8,0x7F86202,0x7F86209,0x4EA8,il2cpp,static-observed,7.1 bulk registry type-slot construction sequence
2514,0x57EC210,0x7F86210,0x7F86217,0x4EB0,il2cpp,static-observed,7.1 bulk registry type-slot construction sequence
2515,0x57F64C0,0x7F8621E,0x7F86225,0x4EB8,il2cpp,static-observed,7.1 bulk registry type-slot construction sequence
2516,0x57D09C8,0x7F8622C,0x7F86233,0x4EC0,il2cpp,static-observed,7.1 bulk registry type-slot construction sequence
2517,0x57F64C8,0x7F8623A,0x7F86241,0x4EC8,il2cpp,static-observed,7.1 bulk registry type-slot construction sequence
2518,0x57F64D0,0x7F86248,0x7F8624F,0x4ED0,il2cpp,static-observed,7.1 bulk registry type-slot construction sequence
2519,0x57F64D8,0x7F86256,0x7F8625D,0x4ED8,il2cpp,static-observed,7.1 bulk registry type-slot construction sequence
2520,0x57EDE48,0x7F86264,0x7F8626B,0x4EE0,il2cpp,static-observed,7.1 bulk registry type-slot construction sequence
2521,0x57DCE98,0x7F86272,0x7F86279,0x4EE8,il2cpp,static-observed,7.1 bulk registry type-slot construction sequence
2522,0x57F64E0,0x7F86280,0x7F86287,0x4EF0,il2cpp,static-observed,7.1 bulk registry type-slot construction sequence
2523,0x57F64E8,0x7F8628E,0x7F86295,0x4EF8,il2cpp,static-observed,7.1 bulk registry type-slot construction sequence
2524,0x57F64F0,0x7F8629C,0x7F862A3,0x4F00,il2cpp,static-observed,7.1 bulk registry type-slot construction sequence
2525,0x57F64F8,0x7F862AA,0x7F862B1,0x4F08,il2cpp,static-observed,7.1 bulk registry type-slot construction sequence
2526,0x57CD6C0,0x7F862B8,0x7F862BF,0x4F10,il2cpp,static-observed,7.1 bulk registry type-slot construction sequence
2527,0x57F1110,0x7F862C6,0x7F862CD,0x4F18,il2cpp,static-observed,7.1 bulk registry type-slot construction sequence
2528,0x57F6500,0x7F862D4,0x7F862DB,0x4F20,il2cpp,static-observed,7.1 bulk registry type-slot construction sequence
2529,0x57F6508,0x7F862E2,0x7F862E9,0x4F28,il2cpp,static-observed,7.1 bulk registry type-slot construction sequence
2530,0x57F6510,0x7F862F0,0x7F862F7,0x4F30,il2cpp,static-observed,7.1 bulk registry type-slot construction sequence
2531,0x57DE768,0x7F862FE,0x7F86305,0x4F38,il2cpp,static-observed,7.1 bulk registry type-slot construction sequence
2532,0x57E0E00,0x7F8630C,0x7F86313,0x4F40,il2cpp,static-observed,7.1 bulk registry type-slot construction sequence
2533,0x57D6FE8,0x7F8631A,0x7F86321,0x4F48,il2cpp,static-observed,7.1 bulk registry type-slot construction sequence
2534,0x57D1540,0x7F86328,0x7F8632F,0x4F50,il2cpp,static-observed,7.1 bulk registry type-slot construction sequence
2535,0x57DB1D0,0x7F86336,0x7F8633D,0x4F58,il2cpp,static-observed,7.1 bulk registry type-slot construction sequence
2536,0x57F6518,0x7F86344,0x7F8634B,0x4F60,il2cpp,static-observed,7.1 bulk registry type-slot construction sequence
2537,0x57C4E80,0x7F86352,0x7F86359,0x4F68,il2cpp,static-observed,7.1 bulk registry type-slot construction sequence
2538,0x57F6520,0x7F86360,0x7F86367,0x4F70,il2cpp,static-observed,7.1 bulk registry type-slot construction sequence
2539,0x57E3070,0x7F8636E,0x7F86375,0x4F78,il2cpp,static-observed,7.1 bulk registry type-slot construction sequence
2540,0x57EC158,0x7F8637C,0x7F86383,0x4F80,il2cpp,static-observed,7.1 bulk registry type-slot construction sequence
2541,0x57F6528,0x7F8638A,0x7F86391,0x4F88,il2cpp,static-observed,7.1 bulk registry type-slot construction sequence
2542,0x57F6530,0x7F86398,0x7F8639F,0x4F90,il2cpp,static-observed,7.1 bulk registry type-slot construction sequence
2543,0x57F6538,0x7F863A6,0x7F863AD,0x4F98,il2cpp,static-observed,7.1 bulk registry type-slot construction sequence
2544,0x57F6540,0x7F863B4,0x7F863BB,0x4FA0,il2cpp,static-observed,7.1 bulk registry type-slot construction sequence
2545,0x57F6548,0x7F863C2,0x7F863C9,0x4FA8,il2cpp,static-observed,7.1 bulk registry type-slot construction sequence
2546,0x57F6550,0x7F863D0,0x7F863D7,0x4FB0,il2cpp,static-observed,7.1 bulk registry type-slot construction sequence
2547,0x57F6558,0x7F863DE,0x7F863E5,0x4FB8,il2cpp,static-observed,7.1 bulk registry type-slot construction sequence
2548,0x57F6560,0x7F863EC,0x7F863F3,0x4FC0,il2cpp,static-observed,7.1 bulk registry type-slot construction sequence
2549,0x57F6568,0x7F863FA,0x7F86401,0x4FC8,il2cpp,static-observed,7.1 bulk registry type-slot construction sequence
2550,0x57E8880,0x7F86408,0x7F8640F,0x4FD0,il2cpp,static-observed,7.1 bulk registry type-slot construction sequence
2551,0x57AE968,0x7F86416,0x7F8641D,0x4FD8,il2cpp,static-observed,7.1 bulk registry type-slot construction sequence
2552,0x57DAE80,0x7F86424,0x7F8642B,0x4FE0,il2cpp,static-observed,7.1 bulk registry type-slot construction sequence
2553,0x57F6570,0x7F86432,0x7F86439,0x4FE8,il2cpp,static-observed,7.1 bulk registry type-slot construction sequence
2554,0x57B38D0,0x7F86440,0x7F86447,0x4FF0,il2cpp,static-observed,7.1 bulk registry type-slot construction sequence
2555,0x57F6578,0x7F8644E,0x7F86455,0x4FF8,il2cpp,static-observed,7.1 bulk registry type-slot construction sequence
2556,0x57E5808,0x7F8645C,0x7F86463,0x5000,il2cpp,static-observed,7.1 bulk registry type-slot construction sequence
2557,0x57F6580,0x7F8646A,0x7F86471,0x5008,il2cpp,static-observed,7.1 bulk registry type-slot construction sequence
2558,0x57CF4B0,0x7F86478,0x7F8647F,0x5010,il2cpp,static-observed,7.1 bulk registry type-slot construction sequence
2559,0x57B3278,0x7F86486,0x7F8648D,0x5018,il2cpp,static-observed,7.1 bulk registry type-slot construction sequence
2560,0x57AF7A8,0x7F86494,0x7F8649B,0x5020,il2cpp,static-observed,7.1 bulk registry type-slot construction sequence
2561,0x57E10A0,0x7F864A2,0x7F864A9,0x5028,il2cpp,static-observed,7.1 bulk registry type-slot construction sequence
2562,0x57B0908,0x7F864B0,0x7F864B7,0x5030,il2cpp,static-observed,7.1 bulk registry type-slot construction sequence
2563,0x57DEC10,0x7F864BE,0x7F864C5,0x5038,il2cpp,static-observed,7.1 bulk registry type-slot construction sequence
2564,0x57F0E80,0x7F864CC,0x7F864D3,0x5040,il2cpp,static-observed,7.1 bulk registry type-slot construction sequence
2565,0x57B53C0,0x7F864DA,0x7F864E1,0x5048,il2cpp,static-observed,7.1 bulk registry type-slot construction sequence
2566,0x57F6588,0x7F864E8,0x7F864EF,0x5050,il2cpp,static-observed,7.1 bulk registry type-slot construction sequence
2567,0x57F6590,0x7F864F6,0x7F864FD,0x5058,il2cpp,static-observed,7.1 bulk registry type-slot construction sequence
2568,0x57D8968,0x7F86504,0x7F8650B,0x5060,il2cpp,static-observed,7.1 bulk registry type-slot construction sequence
2569,0x57C78D0,0x7F86512,0x7F86519,0x5068,il2cpp,static-observed,7.1 bulk registry type-slot construction sequence
2570,0x57F6598,0x7F86520,0x7F86527,0x5070,il2cpp,static-observed,7.1 bulk registry type-slot construction sequence
2571,0x57F65A0,0x7F8652E,0x7F86535,0x5078,il2cpp,static-observed,7.1 bulk registry type-slot construction sequence
2572,0x57AE560,0x7F8653C,0x7F86543,0x5080,il2cpp,static-observed,7.1 bulk registry type-slot construction sequence
2573,0x57F65A8,0x7F8654A,0x7F86551,0x5088,il2cpp,static-observed,7.1 bulk registry type-slot construction sequence
2574,0x57F65B0,0x7F86558,0x7F8655F,0x5090,il2cpp,static-observed,7.1 bulk registry type-slot construction sequence
2575,0x57C5B80,0x7F86566,0x7F8656D,0x5098,il2cpp,static-observed,7.1 bulk registry type-slot construction sequence
2576,0x57F65B8,0x7F86574,0x7F8657B,0x50A0,il2cpp,static-observed,7.1 bulk registry type-slot construction sequence
2577,0x57F65C0,0x7F86582,0x7F86589,0x50A8,il2cpp,static-observed,7.1 bulk registry type-slot construction sequence
2578,0x57F65C8,0x7F86590,0x7F86597,0x50B0,il2cpp,static-observed,7.1 bulk registry type-slot construction sequence
2579,0x57AF270,0x7F8659E,0x7F865A5,0x50B8,il2cpp,static-observed,7.1 bulk registry type-slot construction sequence
2580,0x57D1D18,0x7F865AC,0x7F865B3,0x50C0,il2cpp,static-observed,7.1 bulk registry type-slot construction sequence
2581,0x57E63D0,0x7F865BA,0x7F865C1,0x50C8,il2cpp,static-observed,7.1 bulk registry type-slot construction sequence
2582,0x57E9058,0x7F865C8,0x7F865CF,0x50D0,il2cpp,static-observed,7.1 bulk registry type-slot construction sequence
2583,0x57F65D0,0x7F865D6,0x7F865DD,0x50D8,il2cpp,static-observed,7.1 bulk registry type-slot construction sequence
2584,0x57F65D8,0x7F865E4,0x7F865EB,0x50E0,il2cpp,static-observed,7.1 bulk registry type-slot construction sequence
2585,0x57F65E0,0x7F865F2,0x7F865F9,0x50E8,il2cpp,static-observed,7.1 bulk registry type-slot construction sequence
2586,0x57F65E8,0x7F86600,0x7F86607,0x50F0,il2cpp,static-observed,7.1 bulk registry type-slot construction sequence
2587,0x57F65F0,0x7F8660E,0x7F86615,0x50F8,il2cpp,static-observed,7.1 bulk registry type-slot construction sequence
2588,0x57F65F8,0x7F8661C,0x7F86623,0x5100,il2cpp,static-observed,7.1 bulk registry type-slot construction sequence
2589,0x57F6600,0x7F8662A,0x7F86631,0x5108,il2cpp,static-observed,7.1 bulk registry type-slot construction sequence
2590,0x57F6608,0x7F86638,0x7F8663F,0x5110,il2cpp,static-observed,7.1 bulk registry type-slot construction sequence
2591,0x57E90E8,0x7F86646,0x7F8664D,0x5118,il2cpp,static-observed,7.1 bulk registry type-slot construction sequence
2592,0x57F6610,0x7F86654,0x7F8665B,0x5120,il2cpp,static-observed,7.1 bulk registry type-slot construction sequence
2593,0x57F6618,0x7F86662,0x7F86669,0x5128,il2cpp,static-observed,7.1 bulk registry type-slot construction sequence
2594,0x57CF220,0x7F86670,0x7F86677,0x5130,il2cpp,static-observed,7.1 bulk registry type-slot construction sequence
2595,0x57DFBA8,0x7F8667E,0x7F86685,0x5138,il2cpp,static-observed,7.1 bulk registry type-slot construction sequence
2596,0x57F6620,0x7F8668C,0x7F86693,0x5140,il2cpp,static-observed,7.1 bulk registry type-slot construction sequence
2597,0x57D8BD0,0x7F8669A,0x7F866A1,0x5148,il2cpp,static-observed,7.1 bulk registry type-slot construction sequence
2598,0x57F6628,0x7F866A8,0x7F866AF,0x5150,il2cpp,static-observed,7.1 bulk registry type-slot construction sequence
2599,0x57F6630,0x7F866B6,0x7F866BD,0x5158,il2cpp,static-observed,7.1 bulk registry type-slot construction sequence
2600,0x57F6638,0x7F866C4,0x7F866CB,0x5160,il2cpp,static-observed,7.1 bulk registry type-slot construction sequence
2601,0x57F6640,0x7F866D2,0x7F866D9,0x5168,il2cpp,static-observed,7.1 bulk registry type-slot construction sequence
2602,0x57F6648,0x7F866E0,0x7F866E7,0x5170,il2cpp,static-observed,7.1 bulk registry type-slot construction sequence
2603,0x57CD848,0x7F866EE,0x7F866F5,0x5178,il2cpp,static-observed,7.1 bulk registry type-slot construction sequence
2604,0x57F6650,0x7F866FC,0x7F86703,0x5180,il2cpp,static-observed,7.1 bulk registry type-slot construction sequence
2605,0x57F6658,0x7F8670A,0x7F86711,0x5188,il2cpp,static-observed,7.1 bulk registry type-slot construction sequence
2606,0x57EBD18,0x7F86718,0x7F8671F,0x5190,il2cpp,static-observed,7.1 bulk registry type-slot construction sequence
2607,0x57AEA30,0x7F86726,0x7F8672D,0x5198,il2cpp,static-observed,7.1 bulk registry type-slot construction sequence
2608,0x57F6660,0x7F86734,0x7F8673B,0x51A0,il2cpp,static-observed,7.1 bulk registry type-slot construction sequence
2609,0x57F6668,0x7F86742,0x7F86749,0x51A8,il2cpp,static-observed,7.1 bulk registry type-slot construction sequence
2610,0x57F6670,0x7F86750,0x7F86757,0x51B0,il2cpp,static-observed,7.1 bulk registry type-slot construction sequence
2611,0x57F6678,0x7F8675E,0x7F86765,0x51B8,il2cpp,static-observed,7.1 bulk registry type-slot construction sequence
2612,0x57F6680,0x7F8676C,0x7F86773,0x51C0,il2cpp,static-observed,7.1 bulk registry type-slot construction sequence
2613,0x57F6688,0x7F8677A,0x7F86781,0x51C8,il2cpp,static-observed,7.1 bulk registry type-slot construction sequence
2614,0x57AF8A8,0x7F86788,0x7F8678F,0x51D0,il2cpp,static-observed,7.1 bulk registry type-slot construction sequence
2615,0x57F6690,0x7F86796,0x7F8679D,0x51D8,il2cpp,static-observed,7.1 bulk registry type-slot construction sequence
2616,0x57C5938,0x7F867A4,0x7F867AB,0x51E0,il2cpp,static-observed,7.1 bulk registry type-slot construction sequence
2617,0x57F6698,0x7F867B2,0x7F867B9,0x51E8,il2cpp,static-observed,7.1 bulk registry type-slot construction sequence
2618,0x57F66A0,0x7F867C0,0x7F867C7,0x51F0,il2cpp,static-observed,7.1 bulk registry type-slot construction sequence
2619,0x57EA978,0x7F867CE,0x7F867D5,0x51F8,il2cpp,static-observed,7.1 bulk registry type-slot construction sequence
2620,0x57F66A8,0x7F867DC,0x7F867E3,0x5200,il2cpp,static-observed,7.1 bulk registry type-slot construction sequence
2621,0x57F66B0,0x7F867EA,0x7F867F1,0x5208,il2cpp,static-observed,7.1 bulk registry type-slot construction sequence
2622,0x57D39C8,0x7F867F8,0x7F867FF,0x5210,il2cpp,static-observed,7.1 bulk registry type-slot construction sequence
2623,0x57F66B8,0x7F86806,0x7F8680D,0x5218,il2cpp,static-observed,7.1 bulk registry type-slot construction sequence
2624,0x57F66C0,0x7F86814,0x7F8681B,0x5220,il2cpp,static-observed,7.1 bulk registry type-slot construction sequence
2625,0x57F66C8,0x7F86822,0x7F86829,0x5228,il2cpp,static-observed,7.1 bulk registry type-slot construction sequence
2626,0x57F66D0,0x7F86830,0x7F86837,0x5230,il2cpp,static-observed,7.1 bulk registry type-slot construction sequence
2627,0x57EE208,0x7F8683E,0x7F86845,0x5238,il2cpp,static-observed,7.1 bulk registry type-slot construction sequence
2628,0x57F66D8,0x7F8684C,0x7F86853,0x5240,il2cpp,static-observed,7.1 bulk registry type-slot construction sequence
2629,0x57D4A10,0x7F8685A,0x7F86861,0x5248,il2cpp,static-observed,7.1 bulk registry type-slot construction sequence
2630,0x57B5690,0x7F86868,0x7F8686F,0x5250,il2cpp,static-observed,7.1 bulk registry type-slot construction sequence
2631,0x57CD410,0x7F86876,0x7F8687D,0x5258,il2cpp,static-observed,7.1 bulk registry type-slot construction sequence
2632,0x57F66E0,0x7F86884,0x7F8688B,0x5260,il2cpp,static-observed,7.1 bulk registry type-slot construction sequence
2633,0x57EEF20,0x7F86892,0x7F86899,0x5268,il2cpp,static-observed,7.1 bulk registry type-slot construction sequence
2634,0x57F66E8,0x7F868A0,0x7F868A7,0x5270,il2cpp,static-observed,7.1 bulk registry type-slot construction sequence
2635,0x57F66F0,0x7F868AE,0x7F868B5,0x5278,il2cpp,static-observed,7.1 bulk registry type-slot construction sequence
2636,0x57B4B48,0x7F868BC,0x7F868C3,0x5280,il2cpp,static-observed,7.1 bulk registry type-slot construction sequence
2637,0x57EEDE8,0x7F868CA,0x7F868D1,0x5288,il2cpp,static-observed,7.1 bulk registry type-slot construction sequence
2638,0x57F66F8,0x7F868D8,0x7F868DF,0x5290,il2cpp,static-observed,7.1 bulk registry type-slot construction sequence
2639,0x57CD590,0x7F868E6,0x7F868ED,0x5298,il2cpp,static-observed,7.1 bulk registry type-slot construction sequence
2640,0x57F6700,0x7F868F4,0x7F868FB,0x52A0,il2cpp,static-observed,7.1 bulk registry type-slot construction sequence
2641,0x57F6708,0x7F86902,0x7F86909,0x52A8,il2cpp,static-observed,7.1 bulk registry type-slot construction sequence
2642,0x57F6710,0x7F86910,0x7F86917,0x52B0,il2cpp,static-observed,7.1 bulk registry type-slot construction sequence
2643,0x57EB798,0x7F8691E,0x7F86925,0x52B8,il2cpp,static-observed,7.1 bulk registry type-slot construction sequence
2644,0x57E6200,0x7F8692C,0x7F86933,0x52C0,il2cpp,static-observed,7.1 bulk registry type-slot construction sequence
2645,0x57C7CE0,0x7F8693A,0x7F86941,0x52C8,il2cpp,static-observed,7.1 bulk registry type-slot construction sequence
2646,0x57F6718,0x7F86948,0x7F8694F,0x52D0,il2cpp,static-observed,7.1 bulk registry type-slot construction sequence
2647,0x57F6720,0x7F86956,0x7F8695D,0x52D8,il2cpp,static-observed,7.1 bulk registry type-slot construction sequence
2648,0x57F6728,0x7F86964,0x7F8696B,0x52E0,il2cpp,static-observed,7.1 bulk registry type-slot construction sequence
2649,0x57F6730,0x7F86972,0x7F86979,0x52E8,il2cpp,static-observed,7.1 bulk registry type-slot construction sequence
2650,0x57CCEA8,0x7F86980,0x7F86987,0x52F0,il2cpp,static-observed,7.1 bulk registry type-slot construction sequence
2651,0x57F6738,0x7F8698E,0x7F86995,0x52F8,il2cpp,static-observed,7.1 bulk registry type-slot construction sequence
2652,0x57F6740,0x7F8699C,0x7F869A3,0x5300,il2cpp,static-observed,7.1 bulk registry type-slot construction sequence
2653,0x57E48D0,0x7F869AA,0x7F869B1,0x5308,il2cpp,static-observed,7.1 bulk registry type-slot construction sequence
2654,0x57F6748,0x7F869B8,0x7F869BF,0x5310,il2cpp,static-observed,7.1 bulk registry type-slot construction sequence
2655,0x57F6750,0x7F869C6,0x7F869CD,0x5318,il2cpp,static-observed,7.1 bulk registry type-slot construction sequence
2656,0x57D15A8,0x7F869D4,0x7F869DB,0x5320,il2cpp,static-observed,7.1 bulk registry type-slot construction sequence
2657,0x57F6758,0x7F869E2,0x7F869E9,0x5328,il2cpp,static-observed,7.1 bulk registry type-slot construction sequence
2658,0x57F6760,0x7F869F0,0x7F869F7,0x5330,il2cpp,static-observed,7.1 bulk registry type-slot construction sequence
2659,0x57D6180,0x7F869FE,0x7F86A05,0x5338,il2cpp,static-observed,7.1 bulk registry type-slot construction sequence
2660,0x57C5AD0,0x7F86A0C,0x7F86A13,0x5340,il2cpp,static-observed,7.1 bulk registry type-slot construction sequence
2661,0x57F6768,0x7F86A1A,0x7F86A21,0x5348,il2cpp,static-observed,7.1 bulk registry type-slot construction sequence
2662,0x57F6770,0x7F86A28,0x7F86A2F,0x5350,il2cpp,static-observed,7.1 bulk registry type-slot construction sequence
2663,0x57E6138,0x7F86A36,0x7F86A3D,0x5358,il2cpp,static-observed,7.1 bulk registry type-slot construction sequence
2664,0x57EF710,0x7F86A44,0x7F86A4B,0x5360,il2cpp,static-observed,7.1 bulk registry type-slot construction sequence
2665,0x57F6778,0x7F86A52,0x7F86A59,0x5368,il2cpp,static-observed,7.1 bulk registry type-slot construction sequence
2666,0x57F0808,0x7F86A60,0x7F86A67,0x5370,il2cpp,static-observed,7.1 bulk registry type-slot construction sequence
2667,0x57DDAC8,0x7F86A6E,0x7F86A75,0x5378,il2cpp,static-observed,7.1 bulk registry type-slot construction sequence
2668,0x57F6780,0x7F86A7C,0x7F86A83,0x5380,il2cpp,static-observed,7.1 bulk registry type-slot construction sequence
2669,0x57C8E90,0x7F86A8A,0x7F86A91,0x5388,il2cpp,static-observed,7.1 bulk registry type-slot construction sequence
2670,0x57D8F80,0x7F86A98,0x7F86A9F,0x5390,il2cpp,static-observed,7.1 bulk registry type-slot construction sequence
2671,0x57F6788,0x7F86AA6,0x7F86AAD,0x5398,il2cpp,static-observed,7.1 bulk registry type-slot construction sequence
2672,0x57F6790,0x7F86AB4,0x7F86ABB,0x53A0,il2cpp,static-observed,7.1 bulk registry type-slot construction sequence
2673,0x57F6798,0x7F86AC2,0x7F86AC9,0x53A8,il2cpp,static-observed,7.1 bulk registry type-slot construction sequence
2674,0x57F67A0,0x7F86AD0,0x7F86AD7,0x53B0,il2cpp,static-observed,7.1 bulk registry type-slot construction sequence
2675,0x57CAB90,0x7F86ADE,0x7F86AE5,0x53B8,il2cpp,static-observed,7.1 bulk registry type-slot construction sequence
2676,0x57DE3E8,0x7F86AEC,0x7F86AF3,0x53C0,il2cpp,static-observed,7.1 bulk registry type-slot construction sequence
2677,0x57E54A0,0x7F86AFA,0x7F86B01,0x53C8,il2cpp,static-observed,7.1 bulk registry type-slot construction sequence
2678,0x57F67A8,0x7F86B08,0x7F86B0F,0x53D0,il2cpp,static-observed,7.1 bulk registry type-slot construction sequence
2679,0x57F67B0,0x7F86B16,0x7F86B1D,0x53D8,il2cpp,static-observed,7.1 bulk registry type-slot construction sequence
2680,0x57EDA90,0x7F86B24,0x7F86B2B,0x53E0,il2cpp,static-observed,7.1 bulk registry type-slot construction sequence
2681,0x57F67B8,0x7F86B32,0x7F86B39,0x53E8,il2cpp,static-observed,7.1 bulk registry type-slot construction sequence
2682,0x57F67C0,0x7F86B40,0x7F86B47,0x53F0,il2cpp,static-observed,7.1 bulk registry type-slot construction sequence
2683,0x57F67C8,0x7F86B4E,0x7F86B55,0x53F8,il2cpp,static-observed,7.1 bulk registry type-slot construction sequence
2684,0x57F67D0,0x7F86B5C,0x7F86B63,0x5400,il2cpp,static-observed,7.1 bulk registry type-slot construction sequence
2685,0x57F67D8,0x7F86B6A,0x7F86B71,0x5408,il2cpp,static-observed,7.1 bulk registry type-slot construction sequence
2686,0x57C9B30,0x7F86B78,0x7F86B7F,0x5410,il2cpp,static-observed,7.1 bulk registry type-slot construction sequence
2687,0x57F67E0,0x7F86B86,0x7F86B8D,0x5418,il2cpp,static-observed,7.1 bulk registry type-slot construction sequence
2688,0x57C7760,0x7F86B94,0x7F86B9B,0x5420,il2cpp,static-observed,7.1 bulk registry type-slot construction sequence
2689,0x57F67E8,0x7F86BA2,0x7F86BA9,0x5428,il2cpp,static-observed,7.1 bulk registry type-slot construction sequence
2690,0x57D3868,0x7F86BB0,0x7F86BB7,0x5430,il2cpp,static-observed,7.1 bulk registry type-slot construction sequence
2691,0x57F67F0,0x7F86BBE,0x7F86BC5,0x5438,il2cpp,static-observed,7.1 bulk registry type-slot construction sequence
2692,0x57DE9C0,0x7F86BCC,0x7F86BD3,0x5440,il2cpp,static-observed,7.1 bulk registry type-slot construction sequence
2693,0x57F67F8,0x7F86BDA,0x7F86BE1,0x5448,il2cpp,static-observed,7.1 bulk registry type-slot construction sequence
2694,0x57F6800,0x7F86BE8,0x7F86BEF,0x5450,il2cpp,static-observed,7.1 bulk registry type-slot construction sequence
2695,0x57F6808,0x7F86BF6,0x7F86BFD,0x5458,il2cpp,static-observed,7.1 bulk registry type-slot construction sequence
2696,0x57F6810,0x7F86C04,0x7F86C0B,0x5460,il2cpp,static-observed,7.1 bulk registry type-slot construction sequence
2697,0x57F6818,0x7F86C12,0x7F86C19,0x5468,il2cpp,static-observed,7.1 bulk registry type-slot construction sequence
2698,0x57F6820,0x7F86C20,0x7F86C27,0x5470,il2cpp,static-observed,7.1 bulk registry type-slot construction sequence
2699,0x57F6828,0x7F86C2E,0x7F86C35,0x5478,il2cpp,static-observed,7.1 bulk registry type-slot construction sequence
2700,0x57C9B00,0x7F86C3C,0x7F86C43,0x5480,il2cpp,static-observed,7.1 bulk registry type-slot construction sequence
2701,0x57F6830,0x7F86C4A,0x7F86C51,0x5488,il2cpp,static-observed,7.1 bulk registry type-slot construction sequence
2702,0x57F6838,0x7F86C58,0x7F86C5F,0x5490,il2cpp,static-observed,7.1 bulk registry type-slot construction sequence
2703,0x57F6840,0x7F86C66,0x7F86C6D,0x5498,il2cpp,static-observed,7.1 bulk registry type-slot construction sequence
2704,0x57C6218,0x7F86C74,0x7F86C7B,0x54A0,il2cpp,static-observed,7.1 bulk registry type-slot construction sequence
2705,0x57CABF0,0x7F86C82,0x7F86C89,0x54A8,il2cpp,static-observed,7.1 bulk registry type-slot construction sequence
2706,0x57F6848,0x7F86C90,0x7F86C97,0x54B0,il2cpp,static-observed,7.1 bulk registry type-slot construction sequence
2707,0x57F6850,0x7F86C9E,0x7F86CA5,0x54B8,il2cpp,static-observed,7.1 bulk registry type-slot construction sequence
2708,0x57F6858,0x7F86CAC,0x7F86CB3,0x54C0,il2cpp,static-observed,7.1 bulk registry type-slot construction sequence
2709,0x57EB790,0x7F86CBA,0x7F86CC1,0x54C8,il2cpp,static-observed,7.1 bulk registry type-slot construction sequence
2710,0x57ECAD8,0x7F86CC8,0x7F86CCF,0x54D0,il2cpp,static-observed,7.1 bulk registry type-slot construction sequence
2711,0x57E09E8,0x7F86CD6,0x7F86CDD,0x54D8,il2cpp,static-observed,7.1 bulk registry type-slot construction sequence
2712,0x57CA438,0x7F86CE4,0x7F86CEB,0x54E0,il2cpp,static-observed,7.1 bulk registry type-slot construction sequence
2713,0x57F6860,0x7F86CF2,0x7F86CF9,0x54E8,il2cpp,static-observed,7.1 bulk registry type-slot construction sequence
2714,0x57EFD08,0x7F86D00,0x7F86D07,0x54F0,il2cpp,static-observed,7.1 bulk registry type-slot construction sequence
2715,0x57F6868,0x7F86D0E,0x7F86D15,0x54F8,il2cpp,static-observed,7.1 bulk registry type-slot construction sequence
2716,0x57F6870,0x7F86D1C,0x7F86D23,0x5500,il2cpp,static-observed,7.1 bulk registry type-slot construction sequence
2717,0x57C92B8,0x7F86D2A,0x7F86D31,0x5508,il2cpp,static-observed,7.1 bulk registry type-slot construction sequence
2718,0x57C5170,0x7F86D38,0x7F86D3F,0x5510,il2cpp,static-observed,7.1 bulk registry type-slot construction sequence
2719,0x57F6878,0x7F86D46,0x7F86D4D,0x5518,il2cpp,static-observed,7.1 bulk registry type-slot construction sequence
2720,0x57E3350,0x7F86D54,0x7F86D5B,0x5520,il2cpp,static-observed,7.1 bulk registry type-slot construction sequence
2721,0x57F6880,0x7F86D62,0x7F86D69,0x5528,il2cpp,static-observed,7.1 bulk registry type-slot construction sequence
2722,0x57F6888,0x7F86D70,0x7F86D77,0x5530,il2cpp,static-observed,7.1 bulk registry type-slot construction sequence
2723,0x57EBC20,0x7F86D7E,0x7F86D85,0x5538,il2cpp,static-observed,7.1 bulk registry type-slot construction sequence
2724,0x57DB880,0x7F86D8C,0x7F86D93,0x5540,il2cpp,static-observed,7.1 bulk registry type-slot construction sequence
2725,0x57DA688,0x7F86D9A,0x7F86DA1,0x5548,il2cpp,static-observed,7.1 bulk registry type-slot construction sequence
2726,0x57F6890,0x7F86DA8,0x7F86DAF,0x5550,il2cpp,static-observed,7.1 bulk registry type-slot construction sequence
2727,0x57EFF30,0x7F86DB6,0x7F86DBD,0x5558,il2cpp,static-observed,7.1 bulk registry type-slot construction sequence
2728,0x57C4B38,0x7F86DC4,0x7F86DCB,0x5560,il2cpp,static-observed,7.1 bulk registry type-slot construction sequence
2729,0x57D3038,0x7F86DD2,0x7F86DD9,0x5568,il2cpp,static-observed,7.1 bulk registry type-slot construction sequence
2730,0x57C8768,0x7F86DE0,0x7F86DE7,0x5570,il2cpp,static-observed,7.1 bulk registry type-slot construction sequence
2731,0x57F6898,0x7F86DEE,0x7F86DF5,0x5578,il2cpp,static-observed,7.1 bulk registry type-slot construction sequence
2732,0x57F68A0,0x7F86DFC,0x7F86E03,0x5580,il2cpp,static-observed,7.1 bulk registry type-slot construction sequence
2733,0x57F68A8,0x7F86E0A,0x7F86E11,0x5588,il2cpp,static-observed,7.1 bulk registry type-slot construction sequence
2734,0x57B47F8,0x7F86E18,0x7F86E1F,0x5590,il2cpp,static-observed,7.1 bulk registry type-slot construction sequence
2735,0x57F68B0,0x7F86E26,0x7F86E2D,0x5598,il2cpp,static-observed,7.1 bulk registry type-slot construction sequence
2736,0x57D1550,0x7F86E34,0x7F86E3B,0x55A0,il2cpp,static-observed,7.1 bulk registry type-slot construction sequence
2737,0x57F68B8,0x7F86E42,0x7F86E49,0x55A8,il2cpp,static-observed,7.1 bulk registry type-slot construction sequence
2738,0x57F68C0,0x7F86E50,0x7F86E57,0x55B0,il2cpp,static-observed,7.1 bulk registry type-slot construction sequence
2739,0x57F68C8,0x7F86E5E,0x7F86E65,0x55B8,il2cpp,static-observed,7.1 bulk registry type-slot construction sequence
2740,0x57F68D0,0x7F86E6C,0x7F86E73,0x55C0,il2cpp,static-observed,7.1 bulk registry type-slot construction sequence
2741,0x57F68D8,0x7F86E7A,0x7F86E81,0x55C8,il2cpp,static-observed,7.1 bulk registry type-slot construction sequence
2742,0x57B3CA8,0x7F86E88,0x7F86E8F,0x55D0,il2cpp,static-observed,7.1 bulk registry type-slot construction sequence
2743,0x57F68E0,0x7F86E96,0x7F86E9D,0x55D8,il2cpp,static-observed,7.1 bulk registry type-slot construction sequence
2744,0x57F68E8,0x7F86EA4,0x7F86EAB,0x55E0,il2cpp,static-observed,7.1 bulk registry type-slot construction sequence
2745,0x57E2BF0,0x7F86EB2,0x7F86EB9,0x55E8,il2cpp,static-observed,7.1 bulk registry type-slot construction sequence
2746,0x57F68F0,0x7F86EC0,0x7F86EC7,0x55F0,il2cpp,static-observed,7.1 bulk registry type-slot construction sequence
2747,0x57F68F8,0x7F86ECE,0x7F86ED5,0x55F8,il2cpp,static-observed,7.1 bulk registry type-slot construction sequence
2748,0x57B1E68,0x7F86EDC,0x7F86EE3,0x5600,il2cpp,static-observed,7.1 bulk registry type-slot construction sequence
2749,0x57EA7B8,0x7F86EEA,0x7F86EF1,0x5608,il2cpp,static-observed,7.1 bulk registry type-slot construction sequence
2750,0x57F6900,0x7F86EF8,0x7F86EFF,0x5610,il2cpp,static-observed,7.1 bulk registry type-slot construction sequence
2751,0x57D8D30,0x7F86F06,0x7F86F0D,0x5618,il2cpp,static-observed,7.1 bulk registry type-slot construction sequence
2752,0x57F6908,0x7F86F14,0x7F86F1B,0x5620,il2cpp,static-observed,7.1 bulk registry type-slot construction sequence
2753,0x57F6910,0x7F86F22,0x7F86F29,0x5628,il2cpp,static-observed,7.1 bulk registry type-slot construction sequence
2754,0x57F6918,0x7F86F30,0x7F86F37,0x5630,il2cpp,static-observed,7.1 bulk registry type-slot construction sequence
2755,0x57E6FE8,0x7F86F3E,0x7F86F45,0x5638,il2cpp,static-observed,7.1 bulk registry type-slot construction sequence
2756,0x57F6920,0x7F86F4C,0x7F86F53,0x5640,il2cpp,static-observed,7.1 bulk registry type-slot construction sequence
2757,0x57F6928,0x7F86F5A,0x7F86F61,0x5648,il2cpp,static-observed,7.1 bulk registry type-slot construction sequence
2758,0x57EDE20,0x7F86F68,0x7F86F6F,0x5650,il2cpp,static-observed,7.1 bulk registry type-slot construction sequence
2759,0x57F6930,0x7F86F76,0x7F86F7D,0x5658,il2cpp,static-observed,7.1 bulk registry type-slot construction sequence
2760,0x57F6938,0x7F86F84,0x7F86F8B,0x5660,il2cpp,static-observed,7.1 bulk registry type-slot construction sequence
2761,0x57E1B08,0x7F86F92,0x7F86F99,0x5668,il2cpp,static-observed,7.1 bulk registry type-slot construction sequence
2762,0x57B34B8,0x7F86FA0,0x7F86FA7,0x5670,il2cpp,static-observed,7.1 bulk registry type-slot construction sequence
2763,0x57D37B0,0x7F86FAE,0x7F86FB5,0x5678,il2cpp,static-observed,7.1 bulk registry type-slot construction sequence
2764,0x57F6940,0x7F86FBC,0x7F86FC3,0x5680,il2cpp,static-observed,7.1 bulk registry type-slot construction sequence
2765,0x57F29F0,0x7F86FCA,0x7F86FD1,0x5688,il2cpp,static-observed,7.1 bulk registry type-slot construction sequence
2766,0x57F6948,0x7F86FD8,0x7F86FDF,0x5690,il2cpp,static-observed,7.1 bulk registry type-slot construction sequence
2767,0x57D7000,0x7F86FE6,0x7F86FED,0x5698,il2cpp,static-observed,7.1 bulk registry type-slot construction sequence
2768,0x57F6950,0x7F86FF4,0x7F86FFB,0x56A0,il2cpp,static-observed,7.1 bulk registry type-slot construction sequence
2769,0x57F6958,0x7F87002,0x7F87009,0x56A8,il2cpp,static-observed,7.1 bulk registry type-slot construction sequence
2770,0x57F6960,0x7F87010,0x7F87017,0x56B0,il2cpp,static-observed,7.1 bulk registry type-slot construction sequence
2771,0x57DF280,0x7F8701E,0x7F87025,0x56B8,il2cpp,static-observed,7.1 bulk registry type-slot construction sequence
2772,0x57F6968,0x7F8702C,0x7F87033,0x56C0,il2cpp,static-observed,7.1 bulk registry type-slot construction sequence
2773,0x57F6970,0x7F8703A,0x7F87041,0x56C8,il2cpp,static-observed,7.1 bulk registry type-slot construction sequence
2774,0x57F6978,0x7F87048,0x7F8704F,0x56D0,il2cpp,static-observed,7.1 bulk registry type-slot construction sequence
2775,0x57F6980,0x7F87056,0x7F8705D,0x56D8,il2cpp,static-observed,7.1 bulk registry type-slot construction sequence
2776,0x57ECCA8,0x7F87064,0x7F8706B,0x56E0,il2cpp,static-observed,7.1 bulk registry type-slot construction sequence
2777,0x57F6988,0x7F87072,0x7F87079,0x56E8,il2cpp,static-observed,7.1 bulk registry type-slot construction sequence
2778,0x57F6990,0x7F87080,0x7F87087,0x56F0,il2cpp,static-observed,7.1 bulk registry type-slot construction sequence
2779,0x57D7608,0x7F8708E,0x7F87095,0x56F8,il2cpp,static-observed,7.1 bulk registry type-slot construction sequence
2780,0x57ECBD0,0x7F8709C,0x7F870A3,0x5700,il2cpp,static-observed,7.1 bulk registry type-slot construction sequence
2781,0x57F6998,0x7F870AA,0x7F870B1,0x5708,il2cpp,static-observed,7.1 bulk registry type-slot construction sequence
2782,0x57E3D38,0x7F870B8,0x7F870BF,0x5710,il2cpp,static-observed,7.1 bulk registry type-slot construction sequence
2783,0x57F69A0,0x7F870C6,0x7F870CD,0x5718,il2cpp,static-observed,7.1 bulk registry type-slot construction sequence
2784,0x57F69A8,0x7F870D4,0x7F870DB,0x5720,il2cpp,static-observed,7.1 bulk registry type-slot construction sequence
2785,0x57F69B0,0x7F870E2,0x7F870E9,0x5728,il2cpp,static-observed,7.1 bulk registry type-slot construction sequence
2786,0x57F69B8,0x7F870F0,0x7F870F7,0x5730,il2cpp,static-observed,7.1 bulk registry type-slot construction sequence
2787,0x57F69C0,0x7F870FE,0x7F87105,0x5738,il2cpp,static-observed,7.1 bulk registry type-slot construction sequence
2788,0x57F69C8,0x7F8710C,0x7F87113,0x5740,il2cpp,static-observed,7.1 bulk registry type-slot construction sequence
2789,0x57D8408,0x7F8711A,0x7F87121,0x5748,il2cpp,static-observed,7.1 bulk registry type-slot construction sequence
2790,0x57AE628,0x7F87128,0x7F8712F,0x5750,il2cpp,static-observed,7.1 bulk registry type-slot construction sequence
2791,0x57F69D0,0x7F87136,0x7F8713D,0x5758,il2cpp,static-observed,7.1 bulk registry type-slot construction sequence
2792,0x57F69D8,0x7F87144,0x7F8714B,0x5760,il2cpp,static-observed,7.1 bulk registry type-slot construction sequence
2793,0x57F69E0,0x7F87152,0x7F87159,0x5768,il2cpp,static-observed,7.1 bulk registry type-slot construction sequence
2794,0x57C9558,0x7F87160,0x7F87167,0x5770,il2cpp,static-observed,7.1 bulk registry type-slot construction sequence
2795,0x57AF798,0x7F8716E,0x7F87175,0x5778,il2cpp,static-observed,7.1 bulk registry type-slot construction sequence
2796,0x57EAAC0,0x7F8717C,0x7F87183,0x5780,il2cpp,static-observed,7.1 bulk registry type-slot construction sequence
2797,0x57DC438,0x7F8718A,0x7F87191,0x5788,il2cpp,static-observed,7.1 bulk registry type-slot construction sequence
2798,0x57F69E8,0x7F87198,0x7F8719F,0x5790,il2cpp,static-observed,7.1 bulk registry type-slot construction sequence
2799,0x57D2EA8,0x7F871A6,0x7F871AD,0x5798,il2cpp,static-observed,7.1 bulk registry type-slot construction sequence
2800,0x57D7978,0x7F871B4,0x7F871BB,0x57A0,il2cpp,static-observed,7.1 bulk registry type-slot construction sequence
2801,0x57D5B60,0x7F871C2,0x7F871C9,0x57A8,il2cpp,static-observed,7.1 bulk registry type-slot construction sequence
2802,0x57AF2C0,0x7F871D0,0x7F871D7,0x57B0,il2cpp,static-observed,7.1 bulk registry type-slot construction sequence
2803,0x57F69F0,0x7F871DE,0x7F871E5,0x57B8,il2cpp,static-observed,7.1 bulk registry type-slot construction sequence
2804,0x57F69F8,0x7F871EC,0x7F871F3,0x57C0,il2cpp,static-observed,7.1 bulk registry type-slot construction sequence
2805,0x57F2A20,0x7F871FA,0x7F87201,0x57C8,il2cpp,static-observed,7.1 bulk registry type-slot construction sequence
2806,0x57C9C90,0x7F87208,0x7F8720F,0x57D0,il2cpp,static-observed,7.1 bulk registry type-slot construction sequence
2807,0x57F6A00,0x7F87216,0x7F8721D,0x57D8,il2cpp,static-observed,7.1 bulk registry type-slot construction sequence
2808,0x57F6A08,0x7F87224,0x7F8722B,0x57E0,il2cpp,static-observed,7.1 bulk registry type-slot construction sequence
2809,0x57F6A10,0x7F87232,0x7F87239,0x57E8,il2cpp,static-observed,7.1 bulk registry type-slot construction sequence
2810,0x57F6A18,0x7F87240,0x7F87247,0x57F0,il2cpp,static-observed,7.1 bulk registry type-slot construction sequence
2811,0x57F6A20,0x7F8724E,0x7F87255,0x57F8,il2cpp,static-observed,7.1 bulk registry type-slot construction sequence
2812,0x57F6A28,0x7F8725C,0x7F87263,0x5800,il2cpp,static-observed,7.1 bulk registry type-slot construction sequence
2813,0x57DF288,0x7F8726A,0x7F87271,0x5808,il2cpp,static-observed,7.1 bulk registry type-slot construction sequence
2814,0x57F6A30,0x7F87278,0x7F8727F,0x5810,il2cpp,static-observed,7.1 bulk registry type-slot construction sequence
2815,0x57F6A38,0x7F87286,0x7F8728D,0x5818,il2cpp,static-observed,7.1 bulk registry type-slot construction sequence
2816,0x57F6A40,0x7F87294,0x7F8729B,0x5820,il2cpp,static-observed,7.1 bulk registry type-slot construction sequence
2817,0x57CFB10,0x7F872A2,0x7F872A9,0x5828,il2cpp,static-observed,7.1 bulk registry type-slot construction sequence
2818,0x57F6A48,0x7F872B0,0x7F872B7,0x5830,il2cpp,static-observed,7.1 bulk registry type-slot construction sequence
2819,0x57F6A50,0x7F872BE,0x7F872C5,0x5838,il2cpp,static-observed,7.1 bulk registry type-slot construction sequence
2820,0x57D2630,0x7F872CC,0x7F872D3,0x5840,il2cpp,static-observed,7.1 bulk registry type-slot construction sequence
2821,0x57F6A58,0x7F872DA,0x7F872E1,0x5848,il2cpp,static-observed,7.1 bulk registry type-slot construction sequence
2822,0x57E5E78,0x7F872E8,0x7F872EF,0x5850,il2cpp,static-observed,7.1 bulk registry type-slot construction sequence
2823,0x57F6A60,0x7F872F6,0x7F872FD,0x5858,il2cpp,static-observed,7.1 bulk registry type-slot construction sequence
2824,0x57F6A68,0x7F87304,0x7F8730B,0x5860,il2cpp,static-observed,7.1 bulk registry type-slot construction sequence
2825,0x57F6A70,0x7F87312,0x7F87319,0x5868,il2cpp,static-observed,7.1 bulk registry type-slot construction sequence
2826,0x57E9820,0x7F87320,0x7F87327,0x5870,il2cpp,static-observed,7.1 bulk registry type-slot construction sequence
2827,0x57F6A78,0x7F8732E,0x7F87335,0x5878,il2cpp,static-observed,7.1 bulk registry type-slot construction sequence
2828,0x57D9040,0x7F8733C,0x7F87343,0x5880,il2cpp,static-observed,7.1 bulk registry type-slot construction sequence
2829,0x57F6A80,0x7F8734A,0x7F87351,0x5888,il2cpp,static-observed,7.1 bulk registry type-slot construction sequence
2830,0x57E2DF8,0x7F87358,0x7F8735F,0x5890,il2cpp,static-observed,7.1 bulk registry type-slot construction sequence
2831,0x57F6A88,0x7F87366,0x7F8736D,0x5898,il2cpp,static-observed,7.1 bulk registry type-slot construction sequence
2832,0x57F6A90,0x7F87374,0x7F8737B,0x58A0,il2cpp,static-observed,7.1 bulk registry type-slot construction sequence
2833,0x57F6A98,0x7F87382,0x7F87389,0x58A8,il2cpp,static-observed,7.1 bulk registry type-slot construction sequence
2834,0x57CE630,0x7F87390,0x7F87397,0x58B0,il2cpp,static-observed,7.1 bulk registry type-slot construction sequence
2835,0x57F6AA0,0x7F8739E,0x7F873A5,0x58B8,il2cpp,static-observed,7.1 bulk registry type-slot construction sequence
2836,0x57D81A0,0x7F873AC,0x7F873B3,0x58C0,il2cpp,static-observed,7.1 bulk registry type-slot construction sequence
2837,0x57F6AA8,0x7F873BA,0x7F873C1,0x58C8,il2cpp,static-observed,7.1 bulk registry type-slot construction sequence
2838,0x57E9F40,0x7F873C8,0x7F873CF,0x58D0,il2cpp,static-observed,7.1 bulk registry type-slot construction sequence
2839,0x57F6AB0,0x7F873D6,0x7F873DD,0x58D8,il2cpp,static-observed,7.1 bulk registry type-slot construction sequence
2840,0x57F6AB8,0x7F873E4,0x7F873EB,0x58E0,il2cpp,static-observed,7.1 bulk registry type-slot construction sequence
2841,0x57F6AC0,0x7F873F2,0x7F873F9,0x58E8,il2cpp,static-observed,7.1 bulk registry type-slot construction sequence
2842,0x57F6AC8,0x7F87400,0x7F87407,0x58F0,il2cpp,static-observed,7.1 bulk registry type-slot construction sequence
2843,0x57E8690,0x7F8740E,0x7F87415,0x58F8,il2cpp,static-observed,7.1 bulk registry type-slot construction sequence
2844,0x57D3370,0x7F8741C,0x7F87423,0x5900,il2cpp,static-observed,7.1 bulk registry type-slot construction sequence
2845,0x57F6AD0,0x7F8742A,0x7F87431,0x5908,il2cpp,static-observed,7.1 bulk registry type-slot construction sequence
2846,0x57AFBB8,0x7F87438,0x7F8743F,0x5910,il2cpp,static-observed,7.1 bulk registry type-slot construction sequence
2847,0x57F2188,0x7F87446,0x7F8744D,0x5918,il2cpp,static-observed,7.1 bulk registry type-slot construction sequence
2848,0x57CDEC8,0x7F87454,0x7F8745B,0x5920,il2cpp,static-observed,7.1 bulk registry type-slot construction sequence
2849,0x57F6AD8,0x7F87462,0x7F87469,0x5928,il2cpp,static-observed,7.1 bulk registry type-slot construction sequence
2850,0x57E2B60,0x7F87470,0x7F87477,0x5930,il2cpp,static-observed,7.1 bulk registry type-slot construction sequence
2851,0x57C89E8,0x7F8747E,0x7F87485,0x5938,il2cpp,static-observed,7.1 bulk registry type-slot construction sequence
2852,0x57F6AE0,0x7F8748C,0x7F87493,0x5940,il2cpp,static-observed,7.1 bulk registry type-slot construction sequence
2853,0x57F6AE8,0x7F8749A,0x7F874A1,0x5948,il2cpp,static-observed,7.1 bulk registry type-slot construction sequence
2854,0x57D6BA8,0x7F874A8,0x7F874AF,0x5950,il2cpp,static-observed,7.1 bulk registry type-slot construction sequence
2855,0x57F6AF0,0x7F874B6,0x7F874BD,0x5958,il2cpp,static-observed,7.1 bulk registry type-slot construction sequence
2856,0x57F6AF8,0x7F874C4,0x7F874CB,0x5960,il2cpp,static-observed,7.1 bulk registry type-slot construction sequence
2857,0x57F6B00,0x7F874D2,0x7F874D9,0x5968,il2cpp,static-observed,7.1 bulk registry type-slot construction sequence
2858,0x57F6B08,0x7F874E0,0x7F874E7,0x5970,il2cpp,static-observed,7.1 bulk registry type-slot construction sequence
2859,0x57F1F88,0x7F874EE,0x7F874F5,0x5978,il2cpp,static-observed,7.1 bulk registry type-slot construction sequence
2860,0x57F6B10,0x7F874FC,0x7F87503,0x5980,il2cpp,static-observed,7.1 bulk registry type-slot construction sequence
2861,0x57CDB08,0x7F8750A,0x7F87511,0x5988,il2cpp,static-observed,7.1 bulk registry type-slot construction sequence
2862,0x57F6B18,0x7F87518,0x7F8751F,0x5990,il2cpp,static-observed,7.1 bulk registry type-slot construction sequence
2863,0x57F6B20,0x7F87526,0x7F8752D,0x5998,il2cpp,static-observed,7.1 bulk registry type-slot construction sequence
2864,0x57D3378,0x7F87534,0x7F8753B,0x59A0,il2cpp,static-observed,7.1 bulk registry type-slot construction sequence
2865,0x57B2820,0x7F87542,0x7F87549,0x59A8,il2cpp,static-observed,7.1 bulk registry type-slot construction sequence
2866,0x57F6B28,0x7F87550,0x7F87557,0x59B0,il2cpp,static-observed,7.1 bulk registry type-slot construction sequence
2867,0x57F6B30,0x7F8755E,0x7F87565,0x59B8,il2cpp,static-observed,7.1 bulk registry type-slot construction sequence
2868,0x57E9B38,0x7F8756C,0x7F87573,0x59C0,il2cpp,static-observed,7.1 bulk registry type-slot construction sequence
2869,0x57F6B38,0x7F8757A,0x7F87581,0x59C8,il2cpp,static-observed,7.1 bulk registry type-slot construction sequence
2870,0x57D9DA0,0x7F87588,0x7F8758F,0x59D0,il2cpp,static-observed,7.1 bulk registry type-slot construction sequence
2871,0x57F0668,0x7F87596,0x7F8759D,0x59D8,il2cpp,static-observed,7.1 bulk registry type-slot construction sequence
2872,0x57D1C58,0x7F875A4,0x7F875AB,0x59E0,il2cpp,static-observed,7.1 bulk registry type-slot construction sequence
2873,0x57B5970,0x7F875B2,0x7F875B9,0x59E8,il2cpp,static-observed,7.1 bulk registry type-slot construction sequence
2874,0x57E9728,0x7F875C0,0x7F875C7,0x59F0,il2cpp,static-observed,7.1 bulk registry type-slot construction sequence
2875,0x57CB0B8,0x7F875CE,0x7F875D5,0x59F8,il2cpp,static-observed,7.1 bulk registry type-slot construction sequence
2876,0x57E0AE0,0x7F875DC,0x7F875E3,0x5A00,il2cpp,static-observed,7.1 bulk registry type-slot construction sequence
2877,0x57F6B40,0x7F875EA,0x7F875F1,0x5A08,il2cpp,static-observed,7.1 bulk registry type-slot construction sequence
2878,0x57F6B48,0x7F875F8,0x7F875FF,0x5A10,il2cpp,static-observed,7.1 bulk registry type-slot construction sequence
2879,0x57F6B50,0x7F87606,0x7F8760D,0x5A18,il2cpp,static-observed,7.1 bulk registry type-slot construction sequence
2880,0x57CF8C0,0x7F87614,0x7F8761B,0x5A20,il2cpp,static-observed,7.1 bulk registry type-slot construction sequence
2881,0x57F6B58,0x7F87622,0x7F87629,0x5A28,il2cpp,static-observed,7.1 bulk registry type-slot construction sequence
2882,0x57D5F30,0x7F87630,0x7F87637,0x5A30,il2cpp,static-observed,7.1 bulk registry type-slot construction sequence
2883,0x57E9300,0x7F8763E,0x7F87645,0x5A38,il2cpp,static-observed,7.1 bulk registry type-slot construction sequence
2884,0x57D6240,0x7F8764C,0x7F87653,0x5A40,il2cpp,static-observed,7.1 bulk registry type-slot construction sequence
2885,0x57F6B60,0x7F8765A,0x7F87661,0x5A48,il2cpp,static-observed,7.1 bulk registry type-slot construction sequence
2886,0x57E1DB0,0x7F87668,0x7F8766F,0x5A50,il2cpp,static-observed,7.1 bulk registry type-slot construction sequence
2887,0x57E0A18,0x7F87676,0x7F8767D,0x5A58,il2cpp,static-observed,7.1 bulk registry type-slot construction sequence
2888,0x57C5348,0x7F87684,0x7F8768B,0x5A60,il2cpp,static-observed,7.1 bulk registry type-slot construction sequence
2889,0x57F6B68,0x7F87692,0x7F87699,0x5A68,il2cpp,static-observed,7.1 bulk registry type-slot construction sequence
2890,0x57EFB58,0x7F876A0,0x7F876A7,0x5A70,il2cpp,static-observed,7.1 bulk registry type-slot construction sequence
2891,0x57F6B70,0x7F876AE,0x7F876B5,0x5A78,il2cpp,static-observed,7.1 bulk registry type-slot construction sequence
2892,0x57CF788,0x7F876BC,0x7F876C3,0x5A80,il2cpp,static-observed,7.1 bulk registry type-slot construction sequence
2893,0x57C7F58,0x7F876CA,0x7F876D1,0x5A88,il2cpp,static-observed,7.1 bulk registry type-slot construction sequence
2894,0x57F6B78,0x7F876D8,0x7F876DF,0x5A90,il2cpp,static-observed,7.1 bulk registry type-slot construction sequence
2895,0x57ED070,0x7F876E6,0x7F876ED,0x5A98,il2cpp,static-observed,7.1 bulk registry type-slot construction sequence
2896,0x57F6B80,0x7F876F4,0x7F876FB,0x5AA0,il2cpp,static-observed,7.1 bulk registry type-slot construction sequence
2897,0x57EF6A8,0x7F87702,0x7F87709,0x5AA8,il2cpp,static-observed,7.1 bulk registry type-slot construction sequence
2898,0x57F1340,0x7F87710,0x7F87717,0x5AB0,il2cpp,static-observed,7.1 bulk registry type-slot construction sequence
2899,0x57E3928,0x7F8771E,0x7F87725,0x5AB8,il2cpp,static-observed,7.1 bulk registry type-slot construction sequence
2900,0x57F6B88,0x7F8772C,0x7F87733,0x5AC0,il2cpp,static-observed,7.1 bulk registry type-slot construction sequence
2901,0x57F6B90,0x7F8773A,0x7F87741,0x5AC8,il2cpp,static-observed,7.1 bulk registry type-slot construction sequence
2902,0x57D73F0,0x7F87748,0x7F8774F,0x5AD0,il2cpp,static-observed,7.1 bulk registry type-slot construction sequence
2903,0x57E6BA0,0x7F87756,0x7F8775D,0x5AD8,il2cpp,static-observed,7.1 bulk registry type-slot construction sequence
2904,0x57F6B98,0x7F87764,0x7F8776B,0x5AE0,il2cpp,static-observed,7.1 bulk registry type-slot construction sequence
2905,0x57F6BA0,0x7F87772,0x7F87779,0x5AE8,il2cpp,static-observed,7.1 bulk registry type-slot construction sequence
2906,0x57F6BA8,0x7F87780,0x7F87787,0x5AF0,il2cpp,static-observed,7.1 bulk registry type-slot construction sequence
2907,0x57DCD10,0x7F8778E,0x7F87795,0x5AF8,il2cpp,static-observed,7.1 bulk registry type-slot construction sequence
2908,0x57F6BB0,0x7F8779C,0x7F877A3,0x5B00,il2cpp,static-observed,7.1 bulk registry type-slot construction sequence
2909,0x57F6BB8,0x7F877AA,0x7F877B1,0x5B08,il2cpp,static-observed,7.1 bulk registry type-slot construction sequence
2910,0x57F6BC0,0x7F877B8,0x7F877BF,0x5B10,il2cpp,static-observed,7.1 bulk registry type-slot construction sequence
2911,0x57F6BC8,0x7F877C6,0x7F877CD,0x5B18,il2cpp,static-observed,7.1 bulk registry type-slot construction sequence
2912,0x57CD050,0x7F877D4,0x7F877DB,0x5B20,il2cpp,static-observed,7.1 bulk registry type-slot construction sequence
2913,0x57F6BD0,0x7F877E2,0x7F877E9,0x5B28,il2cpp,static-observed,7.1 bulk registry type-slot construction sequence
2914,0x57D9DC8,0x7F877F0,0x7F877F7,0x5B30,il2cpp,static-observed,7.1 bulk registry type-slot construction sequence
2915,0x57F6BD8,0x7F877FE,0x7F87805,0x5B38,il2cpp,static-observed,7.1 bulk registry type-slot construction sequence
2916,0x57F6BE0,0x7F8780C,0x7F87813,0x5B40,il2cpp,static-observed,7.1 bulk registry type-slot construction sequence
2917,0x57F6BE8,0x7F8781A,0x7F87821,0x5B48,il2cpp,static-observed,7.1 bulk registry type-slot construction sequence
2918,0x57F6BF0,0x7F87828,0x7F8782F,0x5B50,il2cpp,static-observed,7.1 bulk registry type-slot construction sequence
2919,0x57F6BF8,0x7F87836,0x7F8783D,0x5B58,il2cpp,static-observed,7.1 bulk registry type-slot construction sequence
2920,0x57C90D8,0x7F87844,0x7F8784B,0x5B60,il2cpp,static-observed,7.1 bulk registry type-slot construction sequence
2921,0x57C75A0,0x7F87852,0x7F87859,0x5B68,il2cpp,static-observed,7.1 bulk registry type-slot construction sequence
2922,0x57C76F8,0x7F87860,0x7F87867,0x5B70,il2cpp,static-observed,7.1 bulk registry type-slot construction sequence
2923,0x57F6C00,0x7F8786E,0x7F87875,0x5B78,il2cpp,static-observed,7.1 bulk registry type-slot construction sequence
2924,0x57F6C08,0x7F8787C,0x7F87883,0x5B80,il2cpp,static-observed,7.1 bulk registry type-slot construction sequence
2925,0x57F6C10,0x7F8788A,0x7F87891,0x5B88,il2cpp,static-observed,7.1 bulk registry type-slot construction sequence
2926,0x57F1B08,0x7F87898,0x7F8789F,0x5B90,il2cpp,static-observed,7.1 bulk registry type-slot construction sequence
2927,0x57F6C18,0x7F878A6,0x7F878AD,0x5B98,il2cpp,static-observed,7.1 bulk registry type-slot construction sequence
2928,0x57F6C20,0x7F878B4,0x7F878BB,0x5BA0,il2cpp,static-observed,7.1 bulk registry type-slot construction sequence
2929,0x57B0418,0x7F878C2,0x7F878C9,0x5BA8,il2cpp,static-observed,7.1 bulk registry type-slot construction sequence
2930,0x57CE088,0x7F878D0,0x7F878D7,0x5BB0,il2cpp,static-observed,7.1 bulk registry type-slot construction sequence
2931,0x57C7488,0x7F878DE,0x7F878E5,0x5BB8,il2cpp,static-observed,7.1 bulk registry type-slot construction sequence
2932,0x57F6C28,0x7F878EC,0x7F878F3,0x5BC0,il2cpp,static-observed,7.1 bulk registry type-slot construction sequence
2933,0x57ED0F0,0x7F878FA,0x7F87901,0x5BC8,il2cpp,static-observed,7.1 bulk registry type-slot construction sequence
2934,0x57F6C30,0x7F87908,0x7F8790F,0x5BD0,il2cpp,static-observed,7.1 bulk registry type-slot construction sequence
2935,0x57B12C8,0x7F87916,0x7F8791D,0x5BD8,il2cpp,static-observed,7.1 bulk registry type-slot construction sequence
2936,0x57F6C38,0x7F87924,0x7F8792B,0x5BE0,il2cpp,static-observed,7.1 bulk registry type-slot construction sequence
2937,0x57E54D8,0x7F87932,0x7F87939,0x5BE8,il2cpp,static-observed,7.1 bulk registry type-slot construction sequence
2938,0x57E2818,0x7F87940,0x7F87947,0x5BF0,il2cpp,static-observed,7.1 bulk registry type-slot construction sequence
2939,0x57D2868,0x7F8794E,0x7F87955,0x5BF8,il2cpp,static-observed,7.1 bulk registry type-slot construction sequence
2940,0x57F6C40,0x7F8795C,0x7F87963,0x5C00,il2cpp,static-observed,7.1 bulk registry type-slot construction sequence
2941,0x57F6C48,0x7F8796A,0x7F87971,0x5C08,il2cpp,static-observed,7.1 bulk registry type-slot construction sequence
2942,0x57C6E18,0x7F87978,0x7F8797F,0x5C10,il2cpp,static-observed,7.1 bulk registry type-slot construction sequence
2943,0x57B2730,0x7F87986,0x7F8798D,0x5C18,il2cpp,static-observed,7.1 bulk registry type-slot construction sequence
2944,0x57F6C50,0x7F87994,0x7F8799B,0x5C20,il2cpp,static-observed,7.1 bulk registry type-slot construction sequence
2945,0x57F6C58,0x7F879A2,0x7F879A9,0x5C28,il2cpp,static-observed,7.1 bulk registry type-slot construction sequence
2946,0x57D6CB8,0x7F879B0,0x7F879B7,0x5C30,il2cpp,static-observed,7.1 bulk registry type-slot construction sequence
2947,0x57F6C60,0x7F879BE,0x7F879C5,0x5C38,il2cpp,static-observed,7.1 bulk registry type-slot construction sequence
2948,0x57F6C68,0x7F879CC,0x7F879D3,0x5C40,il2cpp,static-observed,7.1 bulk registry type-slot construction sequence
2949,0x57F6C70,0x7F879DA,0x7F879E1,0x5C48,il2cpp,static-observed,7.1 bulk registry type-slot construction sequence
2950,0x57F6C78,0x7F879E8,0x7F879EF,0x5C50,il2cpp,static-observed,7.1 bulk registry type-slot construction sequence
2951,0x57F2B70,0x7F879F6,0x7F879FD,0x5C58,il2cpp,static-observed,7.1 bulk registry type-slot construction sequence
2952,0x57F6C80,0x7F87A04,0x7F87A0B,0x5C60,il2cpp,static-observed,7.1 bulk registry type-slot construction sequence
2953,0x57F6C88,0x7F87A12,0x7F87A19,0x5C68,il2cpp,static-observed,7.1 bulk registry type-slot construction sequence
2954,0x57F6C90,0x7F87A20,0x7F87A27,0x5C70,il2cpp,static-observed,7.1 bulk registry type-slot construction sequence
2955,0x57F6C98,0x7F87A2E,0x7F87A35,0x5C78,il2cpp,static-observed,7.1 bulk registry type-slot construction sequence
2956,0x57B1C20,0x7F87A3C,0x7F87A43,0x5C80,il2cpp,static-observed,7.1 bulk registry type-slot construction sequence
2957,0x57B33F0,0x7F87A4A,0x7F87A51,0x5C88,il2cpp,static-observed,7.1 bulk registry type-slot construction sequence
2958,0x57F0670,0x7F87A58,0x7F87A5F,0x5C90,il2cpp,static-observed,7.1 bulk registry type-slot construction sequence
2959,0x57C8070,0x7F87A66,0x7F87A6D,0x5C98,il2cpp,static-observed,7.1 bulk registry type-slot construction sequence
2960,0x57B4FD0,0x7F87A74,0x7F87A7B,0x5CA0,il2cpp,static-observed,7.1 bulk registry type-slot construction sequence
2961,0x57D8990,0x7F87A82,0x7F87A89,0x5CA8,il2cpp,static-observed,7.1 bulk registry type-slot construction sequence
2962,0x57F6CA0,0x7F87A90,0x7F87A97,0x5CB0,il2cpp,static-observed,7.1 bulk registry type-slot construction sequence
2963,0x57F6CA8,0x7F87A9E,0x7F87AA5,0x5CB8,il2cpp,static-observed,7.1 bulk registry type-slot construction sequence
2964,0x57B1270,0x7F87AAC,0x7F87AB3,0x5CC0,il2cpp,static-observed,7.1 bulk registry type-slot construction sequence
2965,0x57F6CB0,0x7F87ABA,0x7F87AC1,0x5CC8,il2cpp,static-observed,7.1 bulk registry type-slot construction sequence
2966,0x57F6CB8,0x7F87AC8,0x7F87ACF,0x5CD0,il2cpp,static-observed,7.1 bulk registry type-slot construction sequence
2967,0x57F6CC0,0x7F87AD6,0x7F87ADD,0x5CD8,il2cpp,static-observed,7.1 bulk registry type-slot construction sequence
2968,0x57E8D18,0x7F87AE4,0x7F87AEB,0x5CE0,il2cpp,static-observed,7.1 bulk registry type-slot construction sequence
2969,0x57AF520,0x7F87AF2,0x7F87AF9,0x5CE8,il2cpp,static-observed,7.1 bulk registry type-slot construction sequence
2970,0x57F6CC8,0x7F87B00,0x7F87B07,0x5CF0,il2cpp,static-observed,7.1 bulk registry type-slot construction sequence
2971,0x57DBA80,0x7F87B0E,0x7F87B15,0x5CF8,il2cpp,static-observed,7.1 bulk registry type-slot construction sequence
2972,0x57F6CD0,0x7F87B1C,0x7F87B23,0x5D00,il2cpp,static-observed,7.1 bulk registry type-slot construction sequence
2973,0x57E2658,0x7F87B2A,0x7F87B31,0x5D08,il2cpp,static-observed,7.1 bulk registry type-slot construction sequence
2974,0x57F6CD8,0x7F87B38,0x7F87B3F,0x5D10,il2cpp,static-observed,7.1 bulk registry type-slot construction sequence
2975,0x57E4870,0x7F87B46,0x7F87B4D,0x5D18,il2cpp,static-observed,7.1 bulk registry type-slot construction sequence
2976,0x57F6CE0,0x7F87B54,0x7F87B5B,0x5D20,il2cpp,static-observed,7.1 bulk registry type-slot construction sequence
2977,0x57CB8B8,0x7F87B62,0x7F87B69,0x5D28,il2cpp,static-observed,7.1 bulk registry type-slot construction sequence
2978,0x57D39E0,0x7F87B70,0x7F87B77,0x5D30,il2cpp,static-observed,7.1 bulk registry type-slot construction sequence
2979,0x57AF5E8,0x7F87B7E,0x7F87B85,0x5D38,il2cpp,static-observed,7.1 bulk registry type-slot construction sequence
2980,0x57E46C8,0x7F87B8C,0x7F87B93,0x5D40,il2cpp,static-observed,7.1 bulk registry type-slot construction sequence
2981,0x57F6CE8,0x7F87B9A,0x7F87BA1,0x5D48,il2cpp,static-observed,7.1 bulk registry type-slot construction sequence
2982,0x57F6CF0,0x7F87BA8,0x7F87BAF,0x5D50,il2cpp,static-observed,7.1 bulk registry type-slot construction sequence
2983,0x57E5658,0x7F87BB6,0x7F87BBD,0x5D58,il2cpp,static-observed,7.1 bulk registry type-slot construction sequence
2984,0x57D86D0,0x7F87BC4,0x7F87BCB,0x5D60,il2cpp,static-observed,7.1 bulk registry type-slot construction sequence
2985,0x57F6CF8,0x7F87BD2,0x7F87BD9,0x5D68,il2cpp,static-observed,7.1 bulk registry type-slot construction sequence
2986,0x57F6D00,0x7F87BE0,0x7F87BE7,0x5D70,il2cpp,static-observed,7.1 bulk registry type-slot construction sequence
2987,0x57CCBC8,0x7F87BEE,0x7F87BF5,0x5D78,il2cpp,static-observed,7.1 bulk registry type-slot construction sequence
2988,0x57D3380,0x7F87BFC,0x7F87C03,0x5D80,il2cpp,static-observed,7.1 bulk registry type-slot construction sequence
2989,0x57F6D08,0x7F87C0A,0x7F87C11,0x5D88,il2cpp,static-observed,7.1 bulk registry type-slot construction sequence
2990,0x57F6D10,0x7F87C18,0x7F87C1F,0x5D90,il2cpp,static-observed,7.1 bulk registry type-slot construction sequence
2991,0x57F2290,0x7F87C26,0x7F87C2D,0x5D98,il2cpp,static-observed,7.1 bulk registry type-slot construction sequence
2992,0x57D5E70,0x7F87C34,0x7F87C3B,0x5DA0,il2cpp,static-observed,7.1 bulk registry type-slot construction sequence
2993,0x57F6D18,0x7F87C42,0x7F87C49,0x5DA8,il2cpp,static-observed,7.1 bulk registry type-slot construction sequence
2994,0x57F6D20,0x7F87C50,0x7F87C57,0x5DB0,il2cpp,static-observed,7.1 bulk registry type-slot construction sequence
2995,0x57EB6B0,0x7F87C5E,0x7F87C65,0x5DB8,il2cpp,static-observed,7.1 bulk registry type-slot construction sequence
2996,0x57F6D28,0x7F87C6C,0x7F87C73,0x5DC0,il2cpp,static-observed,7.1 bulk registry type-slot construction sequence
2997,0x57D6518,0x7F87C7A,0x7F87C81,0x5DC8,il2cpp,static-observed,7.1 bulk registry type-slot construction sequence
2998,0x57F6D30,0x7F87C88,0x7F87C8F,0x5DD0,il2cpp,static-observed,7.1 bulk registry type-slot construction sequence
2999,0x57F6D38,0x7F87C96,0x7F87C9D,0x5DD8,il2cpp,static-observed,7.1 bulk registry type-slot construction sequence
3000,0x57C5540,0x7F87CA4,0x7F87CAB,0x5DE0,il2cpp,static-observed,7.1 bulk registry type-slot construction sequence
3001,0x57AF078,0x7F87CB2,0x7F87CB9,0x5DE8,il2cpp,static-observed,7.1 bulk registry type-slot construction sequence
3002,0x57DD7F8,0x7F87CC0,0x7F87CC7,0x5DF0,il2cpp,static-observed,7.1 bulk registry type-slot construction sequence
3003,0x57F6D40,0x7F87CCE,0x7F87CD5,0x5DF8,il2cpp,static-observed,7.1 bulk registry type-slot construction sequence
3004,0x57F6D48,0x7F87CDC,0x7F87CE3,0x5E00,il2cpp,static-observed,7.1 bulk registry type-slot construction sequence
3005,0x57E21D0,0x7F87CEA,0x7F87CF1,0x5E08,il2cpp,static-observed,7.1 bulk registry type-slot construction sequence
3006,0x57F6D50,0x7F87CF8,0x7F87CFF,0x5E10,il2cpp,static-observed,7.1 bulk registry type-slot construction sequence
3007,0x57F6D58,0x7F87D06,0x7F87D0D,0x5E18,il2cpp,static-observed,7.1 bulk registry type-slot construction sequence
3008,0x57F6D60,0x7F87D14,0x7F87D1B,0x5E20,il2cpp,static-observed,7.1 bulk registry type-slot construction sequence
3009,0x57F6D68,0x7F87D22,0x7F87D29,0x5E28,il2cpp,static-observed,7.1 bulk registry type-slot construction sequence
3010,0x57F6D70,0x7F87D30,0x7F87D37,0x5E30,il2cpp,static-observed,7.1 bulk registry type-slot construction sequence
3011,0x57F6D78,0x7F87D3E,0x7F87D45,0x5E38,il2cpp,static-observed,7.1 bulk registry type-slot construction sequence
3012,0x57F6D80,0x7F87D4C,0x7F87D53,0x5E40,il2cpp,static-observed,7.1 bulk registry type-slot construction sequence
3013,0x57F6D88,0x7F87D5A,0x7F87D61,0x5E48,il2cpp,static-observed,7.1 bulk registry type-slot construction sequence
3014,0x57F6D90,0x7F87D68,0x7F87D6F,0x5E50,il2cpp,static-observed,7.1 bulk registry type-slot construction sequence
3015,0x57F6D98,0x7F87D76,0x7F87D7D,0x5E58,il2cpp,static-observed,7.1 bulk registry type-slot construction sequence
3016,0x57F6DA0,0x7F87D84,0x7F87D8B,0x5E60,il2cpp,static-observed,7.1 bulk registry type-slot construction sequence
3017,0x57F6DA8,0x7F87D92,0x7F87D99,0x5E68,il2cpp,static-observed,7.1 bulk registry type-slot construction sequence
3018,0x57D1930,0x7F87DA0,0x7F87DA7,0x5E70,il2cpp,static-observed,7.1 bulk registry type-slot construction sequence
3019,0x57F6DB0,0x7F87DAE,0x7F87DB5,0x5E78,il2cpp,static-observed,7.1 bulk registry type-slot construction sequence
3020,0x57F6DB8,0x7F87DBC,0x7F87DC3,0x5E80,il2cpp,static-observed,7.1 bulk registry type-slot construction sequence
3021,0x57F6DC0,0x7F87DCA,0x7F87DD1,0x5E88,il2cpp,static-observed,7.1 bulk registry type-slot construction sequence
3022,0x57F6DC8,0x7F87DD8,0x7F87DDF,0x5E90,il2cpp,static-observed,7.1 bulk registry type-slot construction sequence
3023,0x57F6DD0,0x7F87DE6,0x7F87DED,0x5E98,il2cpp,static-observed,7.1 bulk registry type-slot construction sequence
3024,0x57F6DD8,0x7F87DF4,0x7F87DFB,0x5EA0,il2cpp,static-observed,7.1 bulk registry type-slot construction sequence
3025,0x57F6DE0,0x7F87E02,0x7F87E09,0x5EA8,il2cpp,static-observed,7.1 bulk registry type-slot construction sequence
3026,0x57DC480,0x7F87E10,0x7F87E17,0x5EB0,il2cpp,static-observed,7.1 bulk registry type-slot construction sequence
3027,0x57F6DE8,0x7F87E1E,0x7F87E25,0x5EB8,il2cpp,static-observed,7.1 bulk registry type-slot construction sequence
3028,0x57F6DF0,0x7F87E2C,0x7F87E33,0x5EC0,il2cpp,static-observed,7.1 bulk registry type-slot construction sequence
3029,0x57B3C90,0x7F87E3A,0x7F87E41,0x5EC8,il2cpp,static-observed,7.1 bulk registry type-slot construction sequence
3030,0x57D0208,0x7F87E48,0x7F87E4F,0x5ED0,il2cpp,static-observed,7.1 bulk registry type-slot construction sequence
3031,0x57F6DF8,0x7F87E56,0x7F87E5D,0x5ED8,il2cpp,static-observed,7.1 bulk registry type-slot construction sequence
3032,0x57F6E00,0x7F87E64,0x7F87E6B,0x5EE0,il2cpp,static-observed,7.1 bulk registry type-slot construction sequence
3033,0x57CFD10,0x7F87E72,0x7F87E79,0x5EE8,il2cpp,static-observed,7.1 bulk registry type-slot construction sequence
3034,0x57E2298,0x7F87E80,0x7F87E87,0x5EF0,il2cpp,static-observed,7.1 bulk registry type-slot construction sequence
3035,0x57DC3F0,0x7F87E8E,0x7F87E95,0x5EF8,il2cpp,static-observed,7.1 bulk registry type-slot construction sequence
3036,0x57F6E08,0x7F87E9C,0x7F87EA3,0x5F00,il2cpp,static-observed,7.1 bulk registry type-slot construction sequence
3037,0x57D3CF8,0x7F87EAA,0x7F87EB1,0x5F08,il2cpp,static-observed,7.1 bulk registry type-slot construction sequence
3038,0x57E77B0,0x7F87EB8,0x7F87EBF,0x5F10,il2cpp,static-observed,7.1 bulk registry type-slot construction sequence
3039,0x57DC900,0x7F87EC6,0x7F87ECD,0x5F18,il2cpp,static-observed,7.1 bulk registry type-slot construction sequence
3040,0x57F6E10,0x7F87ED4,0x7F87EDB,0x5F20,il2cpp,static-observed,7.1 bulk registry type-slot construction sequence
3041,0x57B4B70,0x7F87EE2,0x7F87EE9,0x5F28,il2cpp,static-observed,7.1 bulk registry type-slot construction sequence
3042,0x57F6E18,0x7F87EF0,0x7F87EF7,0x5F30,il2cpp,static-observed,7.1 bulk registry type-slot construction sequence
3043,0x57F6E20,0x7F87EFE,0x7F87F05,0x5F38,il2cpp,static-observed,7.1 bulk registry type-slot construction sequence
3044,0x57E2B28,0x7F87F0C,0x7F87F13,0x5F40,il2cpp,static-observed,7.1 bulk registry type-slot construction sequence
3045,0x57B45C0,0x7F87F1A,0x7F87F21,0x5F48,il2cpp,static-observed,7.1 bulk registry type-slot construction sequence
3046,0x57F6E28,0x7F87F28,0x7F87F2F,0x5F50,il2cpp,static-observed,7.1 bulk registry type-slot construction sequence
3047,0x57F6E30,0x7F87F36,0x7F87F3D,0x5F58,il2cpp,static-observed,7.1 bulk registry type-slot construction sequence
3048,0x57F6E38,0x7F87F44,0x7F87F4B,0x5F60,il2cpp,static-observed,7.1 bulk registry type-slot construction sequence
3049,0x57D37E8,0x7F87F52,0x7F87F59,0x5F68,il2cpp,static-observed,7.1 bulk registry type-slot construction sequence
3050,0x57D6C38,0x7F87F60,0x7F87F67,0x5F70,il2cpp,static-observed,7.1 bulk registry type-slot construction sequence
3051,0x57F6E40,0x7F87F6E,0x7F87F75,0x5F78,il2cpp,static-observed,7.1 bulk registry type-slot construction sequence
3052,0x57F6E48,0x7F87F7C,0x7F87F83,0x5F80,il2cpp,static-observed,7.1 bulk registry type-slot construction sequence
3053,0x57F6E50,0x7F87F8A,0x7F87F91,0x5F88,il2cpp,static-observed,7.1 bulk registry type-slot construction sequence
3054,0x57EDD48,0x7F87F98,0x7F87F9F,0x5F90,il2cpp,static-observed,7.1 bulk registry type-slot construction sequence
3055,0x57F6E58,0x7F87FA6,0x7F87FAD,0x5F98,il2cpp,static-observed,7.1 bulk registry type-slot construction sequence
3056,0x57CF150,0x7F87FB4,0x7F87FBB,0x5FA0,il2cpp,static-observed,7.1 bulk registry type-slot construction sequence
3057,0x57AFE38,0x7F87FC2,0x7F87FC9,0x5FA8,il2cpp,static-observed,7.1 bulk registry type-slot construction sequence
3058,0x57F6E60,0x7F87FD0,0x7F87FD7,0x5FB0,il2cpp,static-observed,7.1 bulk registry type-slot construction sequence
3059,0x57F6E68,0x7F87FDE,0x7F87FE5,0x5FB8,il2cpp,static-observed,7.1 bulk registry type-slot construction sequence
3060,0x57F6E70,0x7F87FEC,0x7F87FF3,0x5FC0,il2cpp,static-observed,7.1 bulk registry type-slot construction sequence
3061,0x57B4120,0x7F87FFA,0x7F88001,0x5FC8,il2cpp,static-observed,7.1 bulk registry type-slot construction sequence
3062,0x57F6E78,0x7F88008,0x7F8800F,0x5FD0,il2cpp,static-observed,7.1 bulk registry type-slot construction sequence
3063,0x57DCFA8,0x7F88016,0x7F8801D,0x5FD8,il2cpp,static-observed,7.1 bulk registry type-slot construction sequence
3064,0x57CA760,0x7F88024,0x7F8802B,0x5FE0,il2cpp,static-observed,7.1 bulk registry type-slot construction sequence
3065,0x57F6E80,0x7F88032,0x7F88039,0x5FE8,il2cpp,static-observed,7.1 bulk registry type-slot construction sequence
3066,0x57F6E88,0x7F88040,0x7F88047,0x5FF0,il2cpp,static-observed,7.1 bulk registry type-slot construction sequence
3067,0x57F6E90,0x7F8804E,0x7F88055,0x5FF8,il2cpp,static-observed,7.1 bulk registry type-slot construction sequence
3068,0x57F6E98,0x7F8805C,0x7F88063,0x6000,il2cpp,static-observed,7.1 bulk registry type-slot construction sequence
3069,0x57CCC08,0x7F8806A,0x7F88071,0x6008,il2cpp,static-observed,7.1 bulk registry type-slot construction sequence
3070,0x57F6EA0,0x7F88078,0x7F8807F,0x6010,il2cpp,static-observed,7.1 bulk registry type-slot construction sequence
3071,0x57DF878,0x7F88086,0x7F8808D,0x6018,il2cpp,static-observed,7.1 bulk registry type-slot construction sequence
3072,0x57E0B40,0x7F88094,0x7F8809B,0x6020,il2cpp,static-observed,7.1 bulk registry type-slot construction sequence
3073,0x57CDA08,0x7F880A2,0x7F880A9,0x6028,il2cpp,static-observed,7.1 bulk registry type-slot construction sequence
3074,0x57B45A8,0x7F880B0,0x7F880B7,0x6030,il2cpp,static-observed,7.1 bulk registry type-slot construction sequence
3075,0x57F6EA8,0x7F880BE,0x7F880C5,0x6038,il2cpp,static-observed,7.1 bulk registry type-slot construction sequence
3076,0x57F6EB0,0x7F880CC,0x7F880D3,0x6040,il2cpp,static-observed,7.1 bulk registry type-slot construction sequence
3077,0x57F6EB8,0x7F880DA,0x7F880E1,0x6048,il2cpp,static-observed,7.1 bulk registry type-slot construction sequence
3078,0x57E2248,0x7F880E8,0x7F880EF,0x6050,il2cpp,static-observed,7.1 bulk registry type-slot construction sequence
3079,0x57EDA48,0x7F880F6,0x7F880FD,0x6058,il2cpp,static-observed,7.1 bulk registry type-slot construction sequence
3080,0x57CE198,0x7F88104,0x7F8810B,0x6060,il2cpp,static-observed,7.1 bulk registry type-slot construction sequence
3081,0x57DB0C8,0x7F88112,0x7F88119,0x6068,il2cpp,static-observed,7.1 bulk registry type-slot construction sequence
3082,0x57F6EC0,0x7F88120,0x7F88127,0x6070,il2cpp,static-observed,7.1 bulk registry type-slot construction sequence
3083,0x57F6EC8,0x7F8812E,0x7F88135,0x6078,il2cpp,static-observed,7.1 bulk registry type-slot construction sequence
3084,0x57F6ED0,0x7F8813C,0x7F88143,0x6080,il2cpp,static-observed,7.1 bulk registry type-slot construction sequence
3085,0x57F6ED8,0x7F8814A,0x7F88151,0x6088,il2cpp,static-observed,7.1 bulk registry type-slot construction sequence
3086,0x57F6EE0,0x7F88158,0x7F8815F,0x6090,il2cpp,static-observed,7.1 bulk registry type-slot construction sequence
3087,0x57DD390,0x7F88166,0x7F8816D,0x6098,il2cpp,static-observed,7.1 bulk registry type-slot construction sequence
3088,0x57DF198,0x7F88174,0x7F8817B,0x60A0,il2cpp,static-observed,7.1 bulk registry type-slot construction sequence
3089,0x57F6EE8,0x7F88182,0x7F88189,0x60A8,il2cpp,static-observed,7.1 bulk registry type-slot construction sequence
3090,0x57DEFA0,0x7F88190,0x7F88197,0x60B0,il2cpp,static-observed,7.1 bulk registry type-slot construction sequence
3091,0x57F6EF0,0x7F8819E,0x7F881A5,0x60B8,il2cpp,static-observed,7.1 bulk registry type-slot construction sequence
3092,0x57F6EF8,0x7F881AC,0x7F881B3,0x60C0,il2cpp,static-observed,7.1 bulk registry type-slot construction sequence
3093,0x57F6F00,0x7F881BA,0x7F881C1,0x60C8,il2cpp,static-observed,7.1 bulk registry type-slot construction sequence
3094,0x57F6F08,0x7F881C8,0x7F881CF,0x60D0,il2cpp,static-observed,7.1 bulk registry type-slot construction sequence
3095,0x57F6F10,0x7F881D6,0x7F881DD,0x60D8,il2cpp,static-observed,7.1 bulk registry type-slot construction sequence
3096,0x57F6F18,0x7F881E4,0x7F881EB,0x60E0,il2cpp,static-observed,7.1 bulk registry type-slot construction sequence
3097,0x57EDD50,0x7F881F2,0x7F881F9,0x60E8,il2cpp,static-observed,7.1 bulk registry type-slot construction sequence
3098,0x57F6F20,0x7F88200,0x7F88207,0x60F0,il2cpp,static-observed,7.1 bulk registry type-slot construction sequence
3099,0x57D3920,0x7F8820E,0x7F88215,0x60F8,il2cpp,static-observed,7.1 bulk registry type-slot construction sequence
3100,0x57F6F28,0x7F8821C,0x7F88223,0x6100,il2cpp,static-observed,7.1 bulk registry type-slot construction sequence
3101,0x57C5188,0x7F8822A,0x7F88231,0x6108,il2cpp,static-observed,7.1 bulk registry type-slot construction sequence
3102,0x57B4170,0x7F88238,0x7F8823F,0x6110,il2cpp,static-observed,7.1 bulk registry type-slot construction sequence
3103,0x57F6F30,0x7F88246,0x7F8824D,0x6118,il2cpp,static-observed,7.1 bulk registry type-slot construction sequence
3104,0x57F11F8,0x7F88254,0x7F8825B,0x6120,il2cpp,static-observed,7.1 bulk registry type-slot construction sequence
3105,0x57F6F38,0x7F88262,0x7F88269,0x6128,il2cpp,static-observed,7.1 bulk registry type-slot construction sequence
3106,0x57E4C70,0x7F88270,0x7F88277,0x6130,il2cpp,static-observed,7.1 bulk registry type-slot construction sequence
3107,0x57F6F40,0x7F8827E,0x7F88285,0x6138,il2cpp,static-observed,7.1 bulk registry type-slot construction sequence
3108,0x57ECA98,0x7F8828C,0x7F88293,0x6140,il2cpp,static-observed,7.1 bulk registry type-slot construction sequence
3109,0x57F6F48,0x7F8829A,0x7F882A1,0x6148,il2cpp,static-observed,7.1 bulk registry type-slot construction sequence
3110,0x57E5FC0,0x7F882A8,0x7F882AF,0x6150,il2cpp,static-observed,7.1 bulk registry type-slot construction sequence
3111,0x57ED888,0x7F882B6,0x7F882BD,0x6158,il2cpp,static-observed,7.1 bulk registry type-slot construction sequence
3112,0x57DCB78,0x7F882C4,0x7F882CB,0x6160,il2cpp,static-observed,7.1 bulk registry type-slot construction sequence
3113,0x57F6F50,0x7F882D2,0x7F882D9,0x6168,il2cpp,static-observed,7.1 bulk registry type-slot construction sequence
3114,0x57F1D38,0x7F882E0,0x7F882E7,0x6170,il2cpp,static-observed,7.1 bulk registry type-slot construction sequence
3115,0x57F6F58,0x7F882EE,0x7F882F5,0x6178,il2cpp,static-observed,7.1 bulk registry type-slot construction sequence
3116,0x57F0630,0x7F882FC,0x7F88303,0x6180,il2cpp,static-observed,7.1 bulk registry type-slot construction sequence
3117,0x57C8968,0x7F8830A,0x7F88311,0x6188,il2cpp,static-observed,7.1 bulk registry type-slot construction sequence
3118,0x57F6F60,0x7F88318,0x7F8831F,0x6190,il2cpp,static-observed,7.1 bulk registry type-slot construction sequence
3119,0x57F6F68,0x7F88326,0x7F8832D,0x6198,il2cpp,static-observed,7.1 bulk registry type-slot construction sequence
3120,0x57F6F70,0x7F88334,0x7F8833B,0x61A0,il2cpp,static-observed,7.1 bulk registry type-slot construction sequence
3121,0x57F6F78,0x7F88342,0x7F88349,0x61A8,il2cpp,static-observed,7.1 bulk registry type-slot construction sequence
3122,0x57F6F80,0x7F88350,0x7F88357,0x61B0,il2cpp,static-observed,7.1 bulk registry type-slot construction sequence
3123,0x57E41F8,0x7F8835E,0x7F88365,0x61B8,il2cpp,static-observed,7.1 bulk registry type-slot construction sequence
3124,0x57E9920,0x7F8836C,0x7F88373,0x61C0,il2cpp,static-observed,7.1 bulk registry type-slot construction sequence
3125,0x57F6F88,0x7F8837A,0x7F88381,0x61C8,il2cpp,static-observed,7.1 bulk registry type-slot construction sequence
3126,0x57F6F90,0x7F88388,0x7F8838F,0x61D0,il2cpp,static-observed,7.1 bulk registry type-slot construction sequence
3127,0x57F6F98,0x7F88396,0x7F8839D,0x61D8,il2cpp,static-observed,7.1 bulk registry type-slot construction sequence
3128,0x57E33C8,0x7F883A4,0x7F883AB,0x61E0,il2cpp,static-observed,7.1 bulk registry type-slot construction sequence
3129,0x57F6FA0,0x7F883B2,0x7F883B9,0x61E8,il2cpp,static-observed,7.1 bulk registry type-slot construction sequence
3130,0x57CC9E0,0x7F883C0,0x7F883C7,0x61F0,il2cpp,static-observed,7.1 bulk registry type-slot construction sequence
3131,0x57F6FA8,0x7F883CE,0x7F883D5,0x61F8,il2cpp,static-observed,7.1 bulk registry type-slot construction sequence
3132,0x57F18C0,0x7F883DC,0x7F883E3,0x6200,il2cpp,static-observed,7.1 bulk registry type-slot construction sequence
3133,0x57C7988,0x7F883EA,0x7F883F1,0x6208,il2cpp,static-observed,7.1 bulk registry type-slot construction sequence
3134,0x57F1BE0,0x7F883F8,0x7F883FF,0x6210,il2cpp,static-observed,7.1 bulk registry type-slot construction sequence
3135,0x57B44B0,0x7F88406,0x7F8840D,0x6218,il2cpp,static-observed,7.1 bulk registry type-slot construction sequence
3136,0x57E3A70,0x7F88414,0x7F8841B,0x6220,il2cpp,static-observed,7.1 bulk registry type-slot construction sequence
3137,0x57E3D20,0x7F88422,0x7F88429,0x6228,il2cpp,static-observed,7.1 bulk registry type-slot construction sequence
3138,0x57DF740,0x7F88430,0x7F88437,0x6230,il2cpp,static-observed,7.1 bulk registry type-slot construction sequence
3139,0x57F6FB0,0x7F8843E,0x7F88445,0x6238,il2cpp,static-observed,7.1 bulk registry type-slot construction sequence
3140,0x57D90A0,0x7F8844C,0x7F88453,0x6240,il2cpp,static-observed,7.1 bulk registry type-slot construction sequence
3141,0x57F6FB8,0x7F8845A,0x7F88461,0x6248,il2cpp,static-observed,7.1 bulk registry type-slot construction sequence
3142,0x57AFC30,0x7F88468,0x7F8846F,0x6250,il2cpp,static-observed,7.1 bulk registry type-slot construction sequence
3143,0x57F6FC0,0x7F88476,0x7F8847D,0x6258,il2cpp,static-observed,7.1 bulk registry type-slot construction sequence
3144,0x57B5948,0x7F88484,0x7F8848B,0x6260,il2cpp,static-observed,7.1 bulk registry type-slot construction sequence
3145,0x57DA0C8,0x7F88492,0x7F88499,0x6268,il2cpp,static-observed,7.1 bulk registry type-slot construction sequence
3146,0x57EA4F8,0x7F884A0,0x7F884A7,0x6270,il2cpp,static-observed,7.1 bulk registry type-slot construction sequence
3147,0x57F6FC8,0x7F884AE,0x7F884B5,0x6278,il2cpp,static-observed,7.1 bulk registry type-slot construction sequence
3148,0x57E55C8,0x7F884BC,0x7F884C3,0x6280,il2cpp,static-observed,7.1 bulk registry type-slot construction sequence
3149,0x57F6FD0,0x7F884CA,0x7F884D1,0x6288,il2cpp,static-observed,7.1 bulk registry type-slot construction sequence
3150,0x57F6FD8,0x7F884D8,0x7F884DF,0x6290,il2cpp,static-observed,7.1 bulk registry type-slot construction sequence
3151,0x57ED1C0,0x7F884E6,0x7F884ED,0x6298,il2cpp,static-observed,7.1 bulk registry type-slot construction sequence
3152,0x57F6FE0,0x7F884F4,0x7F884FB,0x62A0,il2cpp,static-observed,7.1 bulk registry type-slot construction sequence
3153,0x57C4AE8,0x7F88502,0x7F88509,0x62A8,il2cpp,static-observed,7.1 bulk registry type-slot construction sequence
3154,0x57F6FE8,0x7F88510,0x7F88517,0x62B0,il2cpp,static-observed,7.1 bulk registry type-slot construction sequence
3155,0x57F6FF0,0x7F8851E,0x7F88525,0x62B8,il2cpp,static-observed,7.1 bulk registry type-slot construction sequence
3156,0x57F6FF8,0x7F8852C,0x7F88533,0x62C0,il2cpp,static-observed,7.1 bulk registry type-slot construction sequence
3157,0x57F7000,0x7F8853A,0x7F88541,0x62C8,il2cpp,static-observed,7.1 bulk registry type-slot construction sequence
3158,0x57B0E48,0x7F88548,0x7F8854F,0x62D0,il2cpp,static-observed,7.1 bulk registry type-slot construction sequence
3159,0x57F7008,0x7F88556,0x7F8855D,0x62D8,il2cpp,static-observed,7.1 bulk registry type-slot construction sequence
3160,0x57C4D90,0x7F88564,0x7F8856B,0x62E0,il2cpp,static-observed,7.1 bulk registry type-slot construction sequence
3161,0x57C9A90,0x7F88572,0x7F88579,0x62E8,il2cpp,static-observed,7.1 bulk registry type-slot construction sequence
3162,0x57F7010,0x7F88580,0x7F88587,0x62F0,il2cpp,static-observed,7.1 bulk registry type-slot construction sequence
3163,0x57D5EE8,0x7F8858E,0x7F88595,0x62F8,il2cpp,static-observed,7.1 bulk registry type-slot construction sequence
3164,0x57F7018,0x7F8859C,0x7F885A3,0x6300,il2cpp,static-observed,7.1 bulk registry type-slot construction sequence
3165,0x57F7020,0x7F885AA,0x7F885B1,0x6308,il2cpp,static-observed,7.1 bulk registry type-slot construction sequence
3166,0x57DB770,0x7F885B8,0x7F885BF,0x6310,il2cpp,static-observed,7.1 bulk registry type-slot construction sequence
3167,0x57F7028,0x7F885C6,0x7F885CD,0x6318,il2cpp,static-observed,7.1 bulk registry type-slot construction sequence
3168,0x57C4FC0,0x7F885D4,0x7F885DB,0x6320,il2cpp,static-observed,7.1 bulk registry type-slot construction sequence
3169,0x57F7030,0x7F885E2,0x7F885E9,0x6328,il2cpp,static-observed,7.1 bulk registry type-slot construction sequence
3170,0x57F7038,0x7F885F0,0x7F885F7,0x6330,il2cpp,static-observed,7.1 bulk registry type-slot construction sequence
3171,0x57C9578,0x7F885FE,0x7F88605,0x6338,il2cpp,static-observed,7.1 bulk registry type-slot construction sequence
3172,0x57F7040,0x7F8860C,0x7F88613,0x6340,il2cpp,static-observed,7.1 bulk registry type-slot construction sequence
3173,0x57F7048,0x7F8861A,0x7F88621,0x6348,il2cpp,static-observed,7.1 bulk registry type-slot construction sequence
3174,0x57B5620,0x7F88628,0x7F8862F,0x6350,il2cpp,static-observed,7.1 bulk registry type-slot construction sequence
3175,0x57CC288,0x7F88636,0x7F8863D,0x6358,il2cpp,static-observed,7.1 bulk registry type-slot construction sequence
3176,0x57E7B40,0x7F88644,0x7F8864B,0x6360,il2cpp,static-observed,7.1 bulk registry type-slot construction sequence
3177,0x57F7050,0x7F88652,0x7F88659,0x6368,il2cpp,static-observed,7.1 bulk registry type-slot construction sequence
3178,0x57DA100,0x7F88660,0x7F88667,0x6370,il2cpp,static-observed,7.1 bulk registry type-slot construction sequence
3179,0x57F7058,0x7F8866E,0x7F88675,0x6378,il2cpp,static-observed,7.1 bulk registry type-slot construction sequence
3180,0x57E32D0,0x7F8867C,0x7F88683,0x6380,il2cpp,static-observed,7.1 bulk registry type-slot construction sequence
3181,0x57F7060,0x7F8868A,0x7F88691,0x6388,il2cpp,static-observed,7.1 bulk registry type-slot construction sequence
3182,0x57F7068,0x7F88698,0x7F8869F,0x6390,il2cpp,static-observed,7.1 bulk registry type-slot construction sequence
3183,0x57F7070,0x7F886A6,0x7F886AD,0x6398,il2cpp,static-observed,7.1 bulk registry type-slot construction sequence
3184,0x57DB228,0x7F886B4,0x7F886BB,0x63A0,il2cpp,static-observed,7.1 bulk registry type-slot construction sequence
3185,0x57E9CC0,0x7F886C2,0x7F886C9,0x63A8,il2cpp,static-observed,7.1 bulk registry type-slot construction sequence
3186,0x57E90D8,0x7F886D0,0x7F886D7,0x63B0,il2cpp,static-observed,7.1 bulk registry type-slot construction sequence
3187,0x57B43B8,0x7F886DE,0x7F886E5,0x63B8,il2cpp,static-observed,7.1 bulk registry type-slot construction sequence
3188,0x57F7078,0x7F886EC,0x7F886F3,0x63C0,il2cpp,static-observed,7.1 bulk registry type-slot construction sequence
3189,0x57B09A8,0x7F886FA,0x7F88701,0x63C8,il2cpp,static-observed,7.1 bulk registry type-slot construction sequence
3190,0x57D3E98,0x7F88708,0x7F8870F,0x63D0,il2cpp,static-observed,7.1 bulk registry type-slot construction sequence
3191,0x57F7080,0x7F88716,0x7F8871D,0x63D8,il2cpp,static-observed,7.1 bulk registry type-slot construction sequence
3192,0x57EC950,0x7F88724,0x7F8872B,0x63E0,il2cpp,static-observed,7.1 bulk registry type-slot construction sequence
3193,0x57F7088,0x7F88732,0x7F88739,0x63E8,il2cpp,static-observed,7.1 bulk registry type-slot construction sequence
3194,0x57F7090,0x7F88740,0x7F88747,0x63F0,il2cpp,static-observed,7.1 bulk registry type-slot construction sequence
3195,0x57F7098,0x7F8874E,0x7F88755,0x63F8,il2cpp,static-observed,7.1 bulk registry type-slot construction sequence
3196,0x57C7928,0x7F8875C,0x7F88763,0x6400,il2cpp,static-observed,7.1 bulk registry type-slot construction sequence
3197,0x57F70A0,0x7F8876A,0x7F88771,0x6408,il2cpp,static-observed,7.1 bulk registry type-slot construction sequence
3198,0x57CBBE8,0x7F88778,0x7F8877F,0x6410,il2cpp,static-observed,7.1 bulk registry type-slot construction sequence
3199,0x57F70A8,0x7F88786,0x7F8878D,0x6418,il2cpp,static-observed,7.1 bulk registry type-slot construction sequence
3200,0x57F70B0,0x7F88794,0x7F8879B,0x6420,il2cpp,static-observed,7.1 bulk registry type-slot construction sequence
3201,0x57F70B8,0x7F887A2,0x7F887A9,0x6428,il2cpp,static-observed,7.1 bulk registry type-slot construction sequence
3202,0x57F70C0,0x7F887B0,0x7F887B7,0x6430,il2cpp,static-observed,7.1 bulk registry type-slot construction sequence
3203,0x57F70C8,0x7F887BE,0x7F887C5,0x6438,il2cpp,static-observed,7.1 bulk registry type-slot construction sequence
3204,0x57F70D0,0x7F887CC,0x7F887D3,0x6440,il2cpp,static-observed,7.1 bulk registry type-slot construction sequence
3205,0x57F70D8,0x7F887DA,0x7F887E1,0x6448,il2cpp,static-observed,7.1 bulk registry type-slot construction sequence
3206,0x57E2110,0x7F887E8,0x7F887EF,0x6450,il2cpp,static-observed,7.1 bulk registry type-slot construction sequence
3207,0x57F1B88,0x7F887F6,0x7F887FD,0x6458,il2cpp,static-observed,7.1 bulk registry type-slot construction sequence
3208,0x57D6ED8,0x7F88804,0x7F8880B,0x6460,il2cpp,static-observed,7.1 bulk registry type-slot construction sequence
3209,0x57F70E0,0x7F88812,0x7F88819,0x6468,il2cpp,static-observed,7.1 bulk registry type-slot construction sequence
3210,0x57F70E8,0x7F88820,0x7F88827,0x6470,il2cpp,static-observed,7.1 bulk registry type-slot construction sequence
3211,0x57F70F0,0x7F8882E,0x7F88835,0x6478,il2cpp,static-observed,7.1 bulk registry type-slot construction sequence
3212,0x57F70F8,0x7F8883C,0x7F88843,0x6480,il2cpp,static-observed,7.1 bulk registry type-slot construction sequence
3213,0x57F7100,0x7F8884A,0x7F88851,0x6488,il2cpp,static-observed,7.1 bulk registry type-slot construction sequence
3214,0x57F7108,0x7F88858,0x7F8885F,0x6490,il2cpp,static-observed,7.1 bulk registry type-slot construction sequence
3215,0x57DDA18,0x7F88866,0x7F8886D,0x6498,il2cpp,static-observed,7.1 bulk registry type-slot construction sequence
3216,0x57F7110,0x7F88874,0x7F8887B,0x64A0,il2cpp,static-observed,7.1 bulk registry type-slot construction sequence
3217,0x57F7118,0x7F88882,0x7F88889,0x64A8,il2cpp,static-observed,7.1 bulk registry type-slot construction sequence
3218,0x57F7120,0x7F88890,0x7F88897,0x64B0,il2cpp,static-observed,7.1 bulk registry type-slot construction sequence
3219,0x57D5600,0x7F8889E,0x7F888A5,0x64B8,il2cpp,static-observed,7.1 bulk registry type-slot construction sequence
3220,0x57F7128,0x7F888AC,0x7F888B3,0x64C0,il2cpp,static-observed,7.1 bulk registry type-slot construction sequence
3221,0x57B48E0,0x7F888BA,0x7F888C1,0x64C8,il2cpp,static-observed,7.1 bulk registry type-slot construction sequence
3222,0x57F7130,0x7F888C8,0x7F888CF,0x64D0,il2cpp,static-observed,7.1 bulk registry type-slot construction sequence
3223,0x57CEB38,0x7F888D6,0x7F888DD,0x64D8,il2cpp,static-observed,7.1 bulk registry type-slot construction sequence
3224,0x57F7138,0x7F888E4,0x7F888EB,0x64E0,il2cpp,static-observed,7.1 bulk registry type-slot construction sequence
3225,0x57F7140,0x7F888F2,0x7F888F9,0x64E8,il2cpp,static-observed,7.1 bulk registry type-slot construction sequence
3226,0x57EFC40,0x7F88900,0x7F88907,0x64F0,il2cpp,static-observed,7.1 bulk registry type-slot construction sequence
3227,0x57D0F90,0x7F8890E,0x7F88915,0x64F8,il2cpp,static-observed,7.1 bulk registry type-slot construction sequence
3228,0x57DC218,0x7F8891C,0x7F88923,0x6500,il2cpp,static-observed,7.1 bulk registry type-slot construction sequence
3229,0x57F7148,0x7F8892A,0x7F88931,0x6508,il2cpp,static-observed,7.1 bulk registry type-slot construction sequence
3230,0x57F7150,0x7F88938,0x7F8893F,0x6510,il2cpp,static-observed,7.1 bulk registry type-slot construction sequence
3231,0x57F7158,0x7F88946,0x7F8894D,0x6518,il2cpp,static-observed,7.1 bulk registry type-slot construction sequence
3232,0x57E5278,0x7F88954,0x7F8895B,0x6520,il2cpp,static-observed,7.1 bulk registry type-slot construction sequence
3233,0x57C9408,0x7F88962,0x7F88969,0x6528,il2cpp,static-observed,7.1 bulk registry type-slot construction sequence
3234,0x57F7160,0x7F88970,0x7F88977,0x6530,il2cpp,static-observed,7.1 bulk registry type-slot construction sequence
3235,0x57F7168,0x7F8897E,0x7F88985,0x6538,il2cpp,static-observed,7.1 bulk registry type-slot construction sequence
3236,0x57B10B0,0x7F8898C,0x7F88993,0x6540,il2cpp,static-observed,7.1 bulk registry type-slot construction sequence
3237,0x57F7170,0x7F8899A,0x7F889A1,0x6548,il2cpp,static-observed,7.1 bulk registry type-slot construction sequence
3238,0x57F7178,0x7F889A8,0x7F889AF,0x6550,il2cpp,static-observed,7.1 bulk registry type-slot construction sequence
3239,0x57E5230,0x7F889B6,0x7F889BD,0x6558,il2cpp,static-observed,7.1 bulk registry type-slot construction sequence
3240,0x57E4910,0x7F889C4,0x7F889CB,0x6560,il2cpp,static-observed,7.1 bulk registry type-slot construction sequence
3241,0x57F7180,0x7F889D2,0x7F889D9,0x6568,il2cpp,static-observed,7.1 bulk registry type-slot construction sequence
3242,0x57F7188,0x7F889E0,0x7F889E7,0x6570,il2cpp,static-observed,7.1 bulk registry type-slot construction sequence
3243,0x57E4430,0x7F889EE,0x7F889F5,0x6578,il2cpp,static-observed,7.1 bulk registry type-slot construction sequence
3244,0x57F0870,0x7F889FC,0x7F88A03,0x6580,il2cpp,static-observed,7.1 bulk registry type-slot construction sequence
3245,0x57D6940,0x7F88A0A,0x7F88A11,0x6588,il2cpp,static-observed,7.1 bulk registry type-slot construction sequence
3246,0x57CD2D8,0x7F88A18,0x7F88A1F,0x6590,il2cpp,static-observed,7.1 bulk registry type-slot construction sequence
3247,0x57DC058,0x7F88A26,0x7F88A2D,0x6598,il2cpp,static-observed,7.1 bulk registry type-slot construction sequence
3248,0x57D5E58,0x7F88A34,0x7F88A3B,0x65A0,il2cpp,static-observed,7.1 bulk registry type-slot construction sequence
3249,0x57F7190,0x7F88A42,0x7F88A49,0x65A8,il2cpp,static-observed,7.1 bulk registry type-slot construction sequence
3250,0x57F7198,0x7F88A50,0x7F88A57,0x65B0,il2cpp,static-observed,7.1 bulk registry type-slot construction sequence
3251,0x57F71A0,0x7F88A5E,0x7F88A65,0x65B8,il2cpp,static-observed,7.1 bulk registry type-slot construction sequence
3252,0x57F71A8,0x7F88A6C,0x7F88A73,0x65C0,il2cpp,static-observed,7.1 bulk registry type-slot construction sequence
3253,0x57F71B0,0x7F88A7A,0x7F88A81,0x65C8,il2cpp,static-observed,7.1 bulk registry type-slot construction sequence
3254,0x57F0920,0x7F88A88,0x7F88A8F,0x65D0,il2cpp,static-observed,7.1 bulk registry type-slot construction sequence
3255,0x57F71B8,0x7F88A96,0x7F88A9D,0x65D8,il2cpp,static-observed,7.1 bulk registry type-slot construction sequence
3256,0x57DAE78,0x7F88AA4,0x7F88AAB,0x65E0,il2cpp,static-observed,7.1 bulk registry type-slot construction sequence
3257,0x57F71C0,0x7F88AB2,0x7F88AB9,0x65E8,il2cpp,static-observed,7.1 bulk registry type-slot construction sequence
3258,0x57F71C8,0x7F88AC0,0x7F88AC7,0x65F0,il2cpp,static-observed,7.1 bulk registry type-slot construction sequence
3259,0x57F71D0,0x7F88ACE,0x7F88AD5,0x65F8,il2cpp,static-observed,7.1 bulk registry type-slot construction sequence
3260,0x57D9DD8,0x7F88ADC,0x7F88AE3,0x6600,il2cpp,static-observed,7.1 bulk registry type-slot construction sequence
3261,0x57D5AE0,0x7F88AEA,0x7F88AF1,0x6608,il2cpp,static-observed,7.1 bulk registry type-slot construction sequence
3262,0x57F71D8,0x7F88AF8,0x7F88AFF,0x6610,il2cpp,static-observed,7.1 bulk registry type-slot construction sequence
3263,0x57C5368,0x7F88B06,0x7F88B0D,0x6618,il2cpp,static-observed,7.1 bulk registry type-slot construction sequence
3264,0x57F71E0,0x7F88B14,0x7F88B1B,0x6620,il2cpp,static-observed,7.1 bulk registry type-slot construction sequence
3265,0x57F71E8,0x7F88B22,0x7F88B29,0x6628,il2cpp,static-observed,7.1 bulk registry type-slot construction sequence
3266,0x57F71F0,0x7F88B30,0x7F88B37,0x6630,il2cpp,static-observed,7.1 bulk registry type-slot construction sequence
3267,0x57F71F8,0x7F88B3E,0x7F88B45,0x6638,il2cpp,static-observed,7.1 bulk registry type-slot construction sequence
3268,0x57F7200,0x7F88B4C,0x7F88B53,0x6640,il2cpp,static-observed,7.1 bulk registry type-slot construction sequence
3269,0x57F7208,0x7F88B5A,0x7F88B61,0x6648,il2cpp,static-observed,7.1 bulk registry type-slot construction sequence
3270,0x57F7210,0x7F88B68,0x7F88B6F,0x6650,il2cpp,static-observed,7.1 bulk registry type-slot construction sequence
3271,0x57B4C38,0x7F88B76,0x7F88B7D,0x6658,il2cpp,static-observed,7.1 bulk registry type-slot construction sequence
3272,0x57F7218,0x7F88B84,0x7F88B8B,0x6660,il2cpp,static-observed,7.1 bulk registry type-slot construction sequence
3273,0x57F7220,0x7F88B92,0x7F88B99,0x6668,il2cpp,static-observed,7.1 bulk registry type-slot construction sequence
3274,0x57F17E0,0x7F88BA0,0x7F88BA7,0x6670,il2cpp,static-observed,7.1 bulk registry type-slot construction sequence
3275,0x57F7228,0x7F88BAE,0x7F88BB5,0x6678,il2cpp,static-observed,7.1 bulk registry type-slot construction sequence
3276,0x57E0188,0x7F88BBC,0x7F88BC3,0x6680,il2cpp,static-observed,7.1 bulk registry type-slot construction sequence
3277,0x57C68C0,0x7F88BCA,0x7F88BD1,0x6688,il2cpp,static-observed,7.1 bulk registry type-slot construction sequence
3278,0x57E0038,0x7F88BD8,0x7F88BDF,0x6690,il2cpp,static-observed,7.1 bulk registry type-slot construction sequence
3279,0x57F7230,0x7F88BE6,0x7F88BED,0x6698,il2cpp,static-observed,7.1 bulk registry type-slot construction sequence
3280,0x57F7238,0x7F88BF4,0x7F88BFB,0x66A0,il2cpp,static-observed,7.1 bulk registry type-slot construction sequence
3281,0x57F7240,0x7F88C02,0x7F88C09,0x66A8,il2cpp,static-observed,7.1 bulk registry type-slot construction sequence
3282,0x57D26E0,0x7F88C10,0x7F88C17,0x66B0,il2cpp,static-observed,7.1 bulk registry type-slot construction sequence
3283,0x57F7248,0x7F88C1E,0x7F88C25,0x66B8,il2cpp,static-observed,7.1 bulk registry type-slot construction sequence
3284,0x57CF060,0x7F88C2C,0x7F88C33,0x66C0,il2cpp,static-observed,7.1 bulk registry type-slot construction sequence
3285,0x57F02D0,0x7F88C3A,0x7F88C41,0x66C8,il2cpp,static-observed,7.1 bulk registry type-slot construction sequence
3286,0x57F7250,0x7F88C48,0x7F88C4F,0x66D0,il2cpp,static-observed,7.1 bulk registry type-slot construction sequence
3287,0x57F7258,0x7F88C56,0x7F88C5D,0x66D8,il2cpp,static-observed,7.1 bulk registry type-slot construction sequence
3288,0x57F7260,0x7F88C64,0x7F88C6B,0x66E0,il2cpp,static-observed,7.1 bulk registry type-slot construction sequence
3289,0x57F7268,0x7F88C72,0x7F88C79,0x66E8,il2cpp,static-observed,7.1 bulk registry type-slot construction sequence
3290,0x57F7270,0x7F88C80,0x7F88C87,0x66F0,il2cpp,static-observed,7.1 bulk registry type-slot construction sequence
3291,0x57F07D8,0x7F88C8E,0x7F88C95,0x66F8,il2cpp,static-observed,7.1 bulk registry type-slot construction sequence
3292,0x57F7278,0x7F88C9C,0x7F88CA3,0x6700,il2cpp,static-observed,7.1 bulk registry type-slot construction sequence
3293,0x57F7280,0x7F88CAA,0x7F88CB1,0x6708,il2cpp,static-observed,7.1 bulk registry type-slot construction sequence
3294,0x57F7288,0x7F88CB8,0x7F88CBF,0x6710,il2cpp,static-observed,7.1 bulk registry type-slot construction sequence
3295,0x57F7290,0x7F88CC6,0x7F88CCD,0x6718,il2cpp,static-observed,7.1 bulk registry type-slot construction sequence
3296,0x57AF3B0,0x7F88CD4,0x7F88CDB,0x6720,il2cpp,static-observed,7.1 bulk registry type-slot construction sequence
3297,0x57F7298,0x7F88CE2,0x7F88CE9,0x6728,il2cpp,static-observed,7.1 bulk registry type-slot construction sequence
3298,0x57ED508,0x7F88CF0,0x7F88CF7,0x6730,il2cpp,static-observed,7.1 bulk registry type-slot construction sequence
3299,0x57F72A0,0x7F88CFE,0x7F88D05,0x6738,il2cpp,static-observed,7.1 bulk registry type-slot construction sequence
3300,0x57F72A8,0x7F88D0C,0x7F88D13,0x6740,il2cpp,static-observed,7.1 bulk registry type-slot construction sequence
3301,0x57F72B0,0x7F88D1A,0x7F88D21,0x6748,il2cpp,static-observed,7.1 bulk registry type-slot construction sequence
3302,0x57CFE58,0x7F88D28,0x7F88D2F,0x6750,il2cpp,static-observed,7.1 bulk registry type-slot construction sequence
3303,0x57F72B8,0x7F88D36,0x7F88D3D,0x6758,il2cpp,static-observed,7.1 bulk registry type-slot construction sequence
3304,0x57F03F0,0x7F88D44,0x7F88D4B,0x6760,il2cpp,static-observed,7.1 bulk registry type-slot construction sequence
3305,0x57D4058,0x7F88D52,0x7F88D59,0x6768,il2cpp,static-observed,7.1 bulk registry type-slot construction sequence
3306,0x57F72C0,0x7F88D60,0x7F88D67,0x6770,il2cpp,static-observed,7.1 bulk registry type-slot construction sequence
3307,0x57E4628,0x7F88D6E,0x7F88D75,0x6778,il2cpp,static-observed,7.1 bulk registry type-slot construction sequence
3308,0x57D38E8,0x7F88D7C,0x7F88D83,0x6780,il2cpp,static-observed,7.1 bulk registry type-slot construction sequence
3309,0x57F72C8,0x7F88D8A,0x7F88D91,0x6788,il2cpp,static-observed,7.1 bulk registry type-slot construction sequence
3310,0x57E7328,0x7F88D98,0x7F88D9F,0x6790,il2cpp,static-observed,7.1 bulk registry type-slot construction sequence
3311,0x57F72D0,0x7F88DA6,0x7F88DAD,0x6798,il2cpp,static-observed,7.1 bulk registry type-slot construction sequence
3312,0x57B1DC0,0x7F88DB4,0x7F88DBB,0x67A0,il2cpp,static-observed,7.1 bulk registry type-slot construction sequence
3313,0x57F72D8,0x7F88DC2,0x7F88DC9,0x67A8,il2cpp,static-observed,7.1 bulk registry type-slot construction sequence
3314,0x57F72E0,0x7F88DD0,0x7F88DD7,0x67B0,il2cpp,static-observed,7.1 bulk registry type-slot construction sequence
3315,0x57F72E8,0x7F88DDE,0x7F88DE5,0x67B8,il2cpp,static-observed,7.1 bulk registry type-slot construction sequence
3316,0x57EEDB8,0x7F88DEC,0x7F88DF3,0x67C0,il2cpp,static-observed,7.1 bulk registry type-slot construction sequence
3317,0x57F72F0,0x7F88DFA,0x7F88E01,0x67C8,il2cpp,static-observed,7.1 bulk registry type-slot construction sequence
3318,0x57F72F8,0x7F88E08,0x7F88E0F,0x67D0,il2cpp,static-observed,7.1 bulk registry type-slot construction sequence
3319,0x57F7300,0x7F88E16,0x7F88E1D,0x67D8,il2cpp,static-observed,7.1 bulk registry type-slot construction sequence
3320,0x57C8040,0x7F88E24,0x7F88E2B,0x67E0,il2cpp,static-observed,7.1 bulk registry type-slot construction sequence
3321,0x57F7308,0x7F88E32,0x7F88E39,0x67E8,il2cpp,static-observed,7.1 bulk registry type-slot construction sequence
3322,0x57F7310,0x7F88E40,0x7F88E47,0x67F0,il2cpp,static-observed,7.1 bulk registry type-slot construction sequence
3323,0x57C8030,0x7F88E4E,0x7F88E55,0x67F8,il2cpp,static-observed,7.1 bulk registry type-slot construction sequence
3324,0x57F7318,0x7F88E5C,0x7F88E63,0x6800,il2cpp,static-observed,7.1 bulk registry type-slot construction sequence
3325,0x57F7320,0x7F88E6A,0x7F88E71,0x6808,il2cpp,static-observed,7.1 bulk registry type-slot construction sequence
3326,0x57B06B8,0x7F88E78,0x7F88E7F,0x6810,il2cpp,static-observed,7.1 bulk registry type-slot construction sequence
3327,0x57F7328,0x7F88E86,0x7F88E8D,0x6818,il2cpp,static-observed,7.1 bulk registry type-slot construction sequence
3328,0x57F1578,0x7F88E94,0x7F88E9B,0x6820,il2cpp,static-observed,7.1 bulk registry type-slot construction sequence
3329,0x57B0A68,0x7F88EA2,0x7F88EA9,0x6828,il2cpp,static-observed,7.1 bulk registry type-slot construction sequence
3330,0x57C9870,0x7F88EB0,0x7F88EB7,0x6830,il2cpp,static-observed,7.1 bulk registry type-slot construction sequence
3331,0x57F7330,0x7F88EBE,0x7F88EC5,0x6838,il2cpp,static-observed,7.1 bulk registry type-slot construction sequence
3332,0x57F7338,0x7F88ECC,0x7F88ED3,0x6840,il2cpp,static-observed,7.1 bulk registry type-slot construction sequence
3333,0x57D30D8,0x7F88EDA,0x7F88EE1,0x6848,il2cpp,static-observed,7.1 bulk registry type-slot construction sequence
3334,0x57F7340,0x7F88EE8,0x7F88EEF,0x6850,il2cpp,static-observed,7.1 bulk registry type-slot construction sequence
3335,0x57F7348,0x7F88EF6,0x7F88EFD,0x6858,il2cpp,static-observed,7.1 bulk registry type-slot construction sequence
3336,0x57F7350,0x7F88F04,0x7F88F0B,0x6860,il2cpp,static-observed,7.1 bulk registry type-slot construction sequence
3337,0x57F7358,0x7F88F12,0x7F88F19,0x6868,il2cpp,static-observed,7.1 bulk registry type-slot construction sequence
3338,0x57DA110,0x7F88F20,0x7F88F27,0x6870,il2cpp,static-observed,7.1 bulk registry type-slot construction sequence
3339,0x57F7360,0x7F88F2E,0x7F88F35,0x6878,il2cpp,static-observed,7.1 bulk registry type-slot construction sequence
3340,0x57F7368,0x7F88F3C,0x7F88F43,0x6880,il2cpp,static-observed,7.1 bulk registry type-slot construction sequence
3341,0x57F7370,0x7F88F4A,0x7F88F51,0x6888,il2cpp,static-observed,7.1 bulk registry type-slot construction sequence
3342,0x57F7378,0x7F88F58,0x7F88F5F,0x6890,il2cpp,static-observed,7.1 bulk registry type-slot construction sequence
3343,0x57ECA90,0x7F88F66,0x7F88F6D,0x6898,il2cpp,static-observed,7.1 bulk registry type-slot construction sequence
3344,0x57E92C8,0x7F88F74,0x7F88F7B,0x68A0,il2cpp,static-observed,7.1 bulk registry type-slot construction sequence
3345,0x57F7380,0x7F88F82,0x7F88F89,0x68A8,il2cpp,static-observed,7.1 bulk registry type-slot construction sequence
3346,0x57D0C60,0x7F88F90,0x7F88F97,0x68B0,il2cpp,static-observed,7.1 bulk registry type-slot construction sequence
3347,0x57D7748,0x7F88F9E,0x7F88FA5,0x68B8,il2cpp,static-observed,7.1 bulk registry type-slot construction sequence
3348,0x57F7388,0x7F88FAC,0x7F88FB3,0x68C0,il2cpp,static-observed,7.1 bulk registry type-slot construction sequence
3349,0x57F7390,0x7F88FBA,0x7F88FC1,0x68C8,il2cpp,static-observed,7.1 bulk registry type-slot construction sequence
3350,0x57CFCE0,0x7F88FC8,0x7F88FCF,0x68D0,il2cpp,static-observed,7.1 bulk registry type-slot construction sequence
3351,0x57B5848,0x7F88FD6,0x7F88FDD,0x68D8,il2cpp,static-observed,7.1 bulk registry type-slot construction sequence
3352,0x57E3FE0,0x7F88FE4,0x7F88FEB,0x68E0,il2cpp,static-observed,7.1 bulk registry type-slot construction sequence
3353,0x57F7398,0x7F88FF2,0x7F88FF9,0x68E8,il2cpp,static-observed,7.1 bulk registry type-slot construction sequence
3354,0x57E00B0,0x7F89000,0x7F89007,0x68F0,il2cpp,static-observed,7.1 bulk registry type-slot construction sequence
3355,0x57F73A0,0x7F8900E,0x7F89015,0x68F8,il2cpp,static-observed,7.1 bulk registry type-slot construction sequence
3356,0x57D3900,0x7F8901C,0x7F89023,0x6900,il2cpp,static-observed,7.1 bulk registry type-slot construction sequence
3357,0x57D39C0,0x7F8902A,0x7F89031,0x6908,il2cpp,static-observed,7.1 bulk registry type-slot construction sequence
3358,0x57F73A8,0x7F89038,0x7F8903F,0x6910,il2cpp,static-observed,7.1 bulk registry type-slot construction sequence
3359,0x57F73B0,0x7F89046,0x7F8904D,0x6918,il2cpp,static-observed,7.1 bulk registry type-slot construction sequence
3360,0x57C78F0,0x7F89054,0x7F8905B,0x6920,il2cpp,static-observed,7.1 bulk registry type-slot construction sequence
3361,0x57F73B8,0x7F89062,0x7F89069,0x6928,il2cpp,static-observed,7.1 bulk registry type-slot construction sequence
3362,0x57F73C0,0x7F89070,0x7F89077,0x6930,il2cpp,static-observed,7.1 bulk registry type-slot construction sequence
3363,0x57E5D10,0x7F8907E,0x7F89085,0x6938,il2cpp,static-observed,7.1 bulk registry type-slot construction sequence
3364,0x57F73C8,0x7F8908C,0x7F89093,0x6940,il2cpp,static-observed,7.1 bulk registry type-slot construction sequence
3365,0x57C2AD0,0x7F8909A,0x7F890A1,0x6948,il2cpp,static-observed,7.1 bulk registry type-slot construction sequence
3366,0x57F73D0,0x7F890A8,0x7F890AF,0x6950,il2cpp,static-observed,7.1 bulk registry type-slot construction sequence
3367,0x57AE5D0,0x7F890B6,0x7F890BD,0x6958,il2cpp,static-observed,7.1 bulk registry type-slot construction sequence
3368,0x57F73D8,0x7F890C4,0x7F890CB,0x6960,il2cpp,static-observed,7.1 bulk registry type-slot construction sequence
3369,0x57E4900,0x7F890D2,0x7F890D9,0x6968,il2cpp,static-observed,7.1 bulk registry type-slot construction sequence
3370,0x57EF8B0,0x7F890E0,0x7F890E7,0x6970,il2cpp,static-observed,7.1 bulk registry type-slot construction sequence
3371,0x57F73E0,0x7F890EE,0x7F890F5,0x6978,il2cpp,static-observed,7.1 bulk registry type-slot construction sequence
3372,0x57F73E8,0x7F890FC,0x7F89103,0x6980,il2cpp,static-observed,7.1 bulk registry type-slot construction sequence
3373,0x57EEE48,0x7F8910A,0x7F89111,0x6988,il2cpp,static-observed,7.1 bulk registry type-slot construction sequence
3374,0x57B4160,0x7F89118,0x7F8911F,0x6990,il2cpp,static-observed,7.1 bulk registry type-slot construction sequence
3375,0x57CF758,0x7F89126,0x7F8912D,0x6998,il2cpp,static-observed,7.1 bulk registry type-slot construction sequence
3376,0x57E8E90,0x7F89134,0x7F8913B,0x69A0,il2cpp,static-observed,7.1 bulk registry type-slot construction sequence
3377,0x57F73F0,0x7F89142,0x7F89149,0x69A8,il2cpp,static-observed,7.1 bulk registry type-slot construction sequence
3378,0x57F73F8,0x7F89150,0x7F89157,0x69B0,il2cpp,static-observed,7.1 bulk registry type-slot construction sequence
3379,0x57F7400,0x7F8915E,0x7F89165,0x69B8,il2cpp,static-observed,7.1 bulk registry type-slot construction sequence
3380,0x57F7408,0x7F8916C,0x7F89173,0x69C0,il2cpp,static-observed,7.1 bulk registry type-slot construction sequence
3381,0x57E48B0,0x7F8917A,0x7F89181,0x69C8,il2cpp,static-observed,7.1 bulk registry type-slot construction sequence
3382,0x57F7410,0x7F89188,0x7F8918F,0x69D0,il2cpp,static-observed,7.1 bulk registry type-slot construction sequence
3383,0x57F7418,0x7F89196,0x7F8919D,0x69D8,il2cpp,static-observed,7.1 bulk registry type-slot construction sequence
3384,0x57F7420,0x7F891A4,0x7F891AB,0x69E0,il2cpp,static-observed,7.1 bulk registry type-slot construction sequence
3385,0x57C8F10,0x7F891B2,0x7F891B9,0x69E8,il2cpp,static-observed,7.1 bulk registry type-slot construction sequence
3386,0x57F7428,0x7F891C0,0x7F891C7,0x69F0,il2cpp,static-observed,7.1 bulk registry type-slot construction sequence
3387,0x57CDB58,0x7F891CE,0x7F891D5,0x69F8,il2cpp,static-observed,7.1 bulk registry type-slot construction sequence
3388,0x57F7430,0x7F891DC,0x7F891E3,0x6A00,il2cpp,static-observed,7.1 bulk registry type-slot construction sequence
3389,0x57AF878,0x7F891EA,0x7F891F1,0x6A08,il2cpp,static-observed,7.1 bulk registry type-slot construction sequence
3390,0x57D6BD0,0x7F891F8,0x7F891FF,0x6A10,il2cpp,static-observed,7.1 bulk registry type-slot construction sequence
3391,0x57F7438,0x7F89206,0x7F8920D,0x6A18,il2cpp,static-observed,7.1 bulk registry type-slot construction sequence
3392,0x57C8398,0x7F89214,0x7F8921B,0x6A20,il2cpp,static-observed,7.1 bulk registry type-slot construction sequence
3393,0x57CE9E0,0x7F89222,0x7F89229,0x6A28,il2cpp,static-observed,7.1 bulk registry type-slot construction sequence
3394,0x57F7440,0x7F89230,0x7F89237,0x6A30,il2cpp,static-observed,7.1 bulk registry type-slot construction sequence
3395,0x57F21F8,0x7F8923E,0x7F89245,0x6A38,il2cpp,static-observed,7.1 bulk registry type-slot construction sequence
3396,0x57F7448,0x7F8924C,0x7F89253,0x6A40,il2cpp,static-observed,7.1 bulk registry type-slot construction sequence
3397,0x57D1268,0x7F8925A,0x7F89261,0x6A48,il2cpp,static-observed,7.1 bulk registry type-slot construction sequence
3398,0x57B3620,0x7F89268,0x7F8926F,0x6A50,il2cpp,static-observed,7.1 bulk registry type-slot construction sequence
3399,0x57E9FF8,0x7F89276,0x7F8927D,0x6A58,il2cpp,static-observed,7.1 bulk registry type-slot construction sequence
3400,0x57F7450,0x7F89284,0x7F8928B,0x6A60,il2cpp,static-observed,7.1 bulk registry type-slot construction sequence
3401,0x57D8F68,0x7F89292,0x7F89299,0x6A68,il2cpp,static-observed,7.1 bulk registry type-slot construction sequence
3402,0x57F7458,0x7F892A0,0x7F892A7,0x6A70,il2cpp,static-observed,7.1 bulk registry type-slot construction sequence
3403,0x57D8F70,0x7F892AE,0x7F892B5,0x6A78,il2cpp,static-observed,7.1 bulk registry type-slot construction sequence
3404,0x57F7460,0x7F892BC,0x7F892C3,0x6A80,il2cpp,static-observed,7.1 bulk registry type-slot construction sequence
3405,0x57EA4A8,0x7F892CA,0x7F892D1,0x6A88,il2cpp,static-observed,7.1 bulk registry type-slot construction sequence
3406,0x57F7468,0x7F892D8,0x7F892DF,0x6A90,il2cpp,static-observed,7.1 bulk registry type-slot construction sequence
3407,0x57B3198,0x7F892E6,0x7F892ED,0x6A98,il2cpp,static-observed,7.1 bulk registry type-slot construction sequence
3408,0x57F7470,0x7F892F4,0x7F892FB,0x6AA0,il2cpp,static-observed,7.1 bulk registry type-slot construction sequence
3409,0x57F7478,0x7F89302,0x7F89309,0x6AA8,il2cpp,static-observed,7.1 bulk registry type-slot construction sequence
3410,0x57F7480,0x7F89310,0x7F89317,0x6AB0,il2cpp,static-observed,7.1 bulk registry type-slot construction sequence
3411,0x57D08C8,0x7F8931E,0x7F89325,0x6AB8,il2cpp,static-observed,7.1 bulk registry type-slot construction sequence
3412,0x57F7488,0x7F8932C,0x7F89333,0x6AC0,il2cpp,static-observed,7.1 bulk registry type-slot construction sequence
3413,0x57F7490,0x7F8933A,0x7F89341,0x6AC8,il2cpp,static-observed,7.1 bulk registry type-slot construction sequence
3414,0x57F7498,0x7F89348,0x7F8934F,0x6AD0,il2cpp,static-observed,7.1 bulk registry type-slot construction sequence
3415,0x57F74A0,0x7F89356,0x7F8935D,0x6AD8,il2cpp,static-observed,7.1 bulk registry type-slot construction sequence
3416,0x57B28E0,0x7F89364,0x7F8936B,0x6AE0,il2cpp,static-observed,7.1 bulk registry type-slot construction sequence
3417,0x57E0908,0x7F89372,0x7F89379,0x6AE8,il2cpp,static-observed,7.1 bulk registry type-slot construction sequence
3418,0x57F74A8,0x7F89380,0x7F89387,0x6AF0,il2cpp,static-observed,7.1 bulk registry type-slot construction sequence
3419,0x57F74B0,0x7F8938E,0x7F89395,0x6AF8,il2cpp,static-observed,7.1 bulk registry type-slot construction sequence
3420,0x57CF308,0x7F8939C,0x7F893A3,0x6B00,il2cpp,static-observed,7.1 bulk registry type-slot construction sequence
3421,0x57EE450,0x7F893AA,0x7F893B1,0x6B08,il2cpp,static-observed,7.1 bulk registry type-slot construction sequence
3422,0x57D20D8,0x7F893B8,0x7F893BF,0x6B10,il2cpp,static-observed,7.1 bulk registry type-slot construction sequence
3423,0x57EC8F8,0x7F893C6,0x7F893CD,0x6B18,il2cpp,static-observed,7.1 bulk registry type-slot construction sequence
3424,0x57F74B8,0x7F893D4,0x7F893DB,0x6B20,il2cpp,static-observed,7.1 bulk registry type-slot construction sequence
3425,0x57DFA98,0x7F893E2,0x7F893E9,0x6B28,il2cpp,static-observed,7.1 bulk registry type-slot construction sequence
3426,0x57F74C0,0x7F893F0,0x7F893F7,0x6B30,il2cpp,static-observed,7.1 bulk registry type-slot construction sequence
3427,0x57F74C8,0x7F893FE,0x7F89405,0x6B38,il2cpp,static-observed,7.1 bulk registry type-slot construction sequence
3428,0x57DF0D0,0x7F8940C,0x7F89413,0x6B40,il2cpp,static-observed,7.1 bulk registry type-slot construction sequence
3429,0x57F74D0,0x7F8941A,0x7F89421,0x6B48,il2cpp,static-observed,7.1 bulk registry type-slot construction sequence
3430,0x57F74D8,0x7F89428,0x7F8942F,0x6B50,il2cpp,static-observed,7.1 bulk registry type-slot construction sequence
3431,0x57F74E0,0x7F89436,0x7F8943D,0x6B58,il2cpp,static-observed,7.1 bulk registry type-slot construction sequence
3432,0x57F74E8,0x7F89444,0x7F8944B,0x6B60,il2cpp,static-observed,7.1 bulk registry type-slot construction sequence
3433,0x57F74F0,0x7F89452,0x7F89459,0x6B68,il2cpp,static-observed,7.1 bulk registry type-slot construction sequence
3434,0x57E4300,0x7F89460,0x7F89467,0x6B70,il2cpp,static-observed,7.1 bulk registry type-slot construction sequence
3435,0x57F74F8,0x7F8946E,0x7F89475,0x6B78,il2cpp,static-observed,7.1 bulk registry type-slot construction sequence
3436,0x57F7500,0x7F8947C,0x7F89483,0x6B80,il2cpp,static-observed,7.1 bulk registry type-slot construction sequence
3437,0x57F7508,0x7F8948A,0x7F89491,0x6B88,il2cpp,static-observed,7.1 bulk registry type-slot construction sequence
3438,0x57F7510,0x7F89498,0x7F8949F,0x6B90,il2cpp,static-observed,7.1 bulk registry type-slot construction sequence
3439,0x57F7518,0x7F894A6,0x7F894AD,0x6B98,il2cpp,static-observed,7.1 bulk registry type-slot construction sequence
3440,0x57F7520,0x7F894B4,0x7F894BB,0x6BA0,il2cpp,static-observed,7.1 bulk registry type-slot construction sequence
3441,0x57CD5F0,0x7F894C2,0x7F894C9,0x6BA8,il2cpp,static-observed,7.1 bulk registry type-slot construction sequence
3442,0x57E2638,0x7F894D0,0x7F894D7,0x6BB0,il2cpp,static-observed,7.1 bulk registry type-slot construction sequence
3443,0x57F7528,0x7F894DE,0x7F894E5,0x6BB8,il2cpp,static-observed,7.1 bulk registry type-slot construction sequence
3444,0x57E0A58,0x7F894EC,0x7F894F3,0x6BC0,il2cpp,static-observed,7.1 bulk registry type-slot construction sequence
3445,0x57C9BA8,0x7F894FA,0x7F89501,0x6BC8,il2cpp,static-observed,7.1 bulk registry type-slot construction sequence
3446,0x57F7530,0x7F89508,0x7F8950F,0x6BD0,il2cpp,static-observed,7.1 bulk registry type-slot construction sequence
3447,0x57F7538,0x7F89516,0x7F8951D,0x6BD8,il2cpp,static-observed,7.1 bulk registry type-slot construction sequence
3448,0x57F7540,0x7F89524,0x7F8952B,0x6BE0,il2cpp,static-observed,7.1 bulk registry type-slot construction sequence
3449,0x57D6F48,0x7F89532,0x7F89539,0x6BE8,il2cpp,static-observed,7.1 bulk registry type-slot construction sequence
3450,0x57DC960,0x7F89540,0x7F89547,0x6BF0,il2cpp,static-observed,7.1 bulk registry type-slot construction sequence
3451,0x57F7548,0x7F8954E,0x7F89555,0x6BF8,il2cpp,static-observed,7.1 bulk registry type-slot construction sequence
3452,0x57F7550,0x7F8955C,0x7F89563,0x6C00,il2cpp,static-observed,7.1 bulk registry type-slot construction sequence
3453,0x57AF2D8,0x7F8956A,0x7F89571,0x6C08,il2cpp,static-observed,7.1 bulk registry type-slot construction sequence
3454,0x57B3AB0,0x7F89578,0x7F8957F,0x6C10,il2cpp,static-observed,7.1 bulk registry type-slot construction sequence
3455,0x57F7560,0x7F89586,0x7F8958D,0x6C18,il2cpp,static-observed,7.1 bulk registry type-slot construction sequence
3456,0x57F7568,0x7F89594,0x7F8959B,0x6C20,il2cpp,static-observed,7.1 bulk registry type-slot construction sequence
3457,0x57F7570,0x7F895A2,0x7F895A9,0x6C28,il2cpp,static-observed,7.1 bulk registry type-slot construction sequence
3458,0x57F7578,0x7F895B0,0x7F895B7,0x6C30,il2cpp,static-observed,7.1 bulk registry type-slot construction sequence
3459,0x57F7580,0x7F895BE,0x7F895C5,0x6C38,il2cpp,static-observed,7.1 bulk registry type-slot construction sequence
3460,0x57F7588,0x7F895CC,0x7F895D3,0x6C40,il2cpp,static-observed,7.1 bulk registry type-slot construction sequence
3461,0x57CAC40,0x7F895DA,0x7F895E1,0x6C48,il2cpp,static-observed,7.1 bulk registry type-slot construction sequence
3462,0x57F7590,0x7F895E8,0x7F895EF,0x6C50,il2cpp,static-observed,7.1 bulk registry type-slot construction sequence
3463,0x57F7598,0x7F895F6,0x7F895FD,0x6C58,il2cpp,static-observed,7.1 bulk registry type-slot construction sequence
3464,0x57D7EF0,0x7F89604,0x7F8960B,0x6C60,il2cpp,static-observed,7.1 bulk registry type-slot construction sequence
3465,0x57F00A8,0x7F89612,0x7F89619,0x6C68,il2cpp,static-observed,7.1 bulk registry type-slot construction sequence
3466,0x57C8640,0x7F89620,0x7F89627,0x6C70,il2cpp,static-observed,7.1 bulk registry type-slot construction sequence
3467,0x57E71B0,0x7F8962E,0x7F89635,0x6C78,il2cpp,static-observed,7.1 bulk registry type-slot construction sequence
3468,0x57F75A0,0x7F8963C,0x7F89643,0x6C80,il2cpp,static-observed,7.1 bulk registry type-slot construction sequence
3469,0x57F75A8,0x7F8964A,0x7F89651,0x6C88,il2cpp,static-observed,7.1 bulk registry type-slot construction sequence
3470,0x57F3258,0x7F89658,0x7F8965F,0x6C90,il2cpp,static-observed,7.1 bulk registry type-slot construction sequence
3471,0x57F75B0,0x7F89666,0x7F8966D,0x6C98,il2cpp,static-observed,7.1 bulk registry type-slot construction sequence
3472,0x57F75B8,0x7F89674,0x7F8967B,0x6CA0,il2cpp,static-observed,7.1 bulk registry type-slot construction sequence
3473,0x57F75C0,0x7F89682,0x7F89689,0x6CA8,il2cpp,static-observed,7.1 bulk registry type-slot construction sequence
3474,0x57E6910,0x7F89690,0x7F89697,0x6CB0,il2cpp,static-observed,7.1 bulk registry type-slot construction sequence
3475,0x57F75C8,0x7F8969E,0x7F896A5,0x6CB8,il2cpp,static-observed,7.1 bulk registry type-slot construction sequence
3476,0x57F75D0,0x7F896AC,0x7F896B3,0x6CC0,il2cpp,static-observed,7.1 bulk registry type-slot construction sequence
3477,0x57F75D8,0x7F896BA,0x7F896C1,0x6CC8,il2cpp,static-observed,7.1 bulk registry type-slot construction sequence
3478,0x57F75E0,0x7F896C8,0x7F896CF,0x6CD0,il2cpp,static-observed,7.1 bulk registry type-slot construction sequence
3479,0x57D2418,0x7F896D6,0x7F896DD,0x6CD8,il2cpp,static-observed,7.1 bulk registry type-slot construction sequence
3480,0x57F75E8,0x7F896E4,0x7F896EB,0x6CE0,il2cpp,static-observed,7.1 bulk registry type-slot construction sequence
3481,0x57F75F0,0x7F896F2,0x7F896F9,0x6CE8,il2cpp,static-observed,7.1 bulk registry type-slot construction sequence
3482,0x57D8760,0x7F89700,0x7F89707,0x6CF0,il2cpp,static-observed,7.1 bulk registry type-slot construction sequence
3483,0x57F1FC8,0x7F8970E,0x7F89715,0x6CF8,il2cpp,static-observed,7.1 bulk registry type-slot construction sequence
3484,0x57DDC68,0x7F8971C,0x7F89723,0x6D00,il2cpp,static-observed,7.1 bulk registry type-slot construction sequence
3485,0x57F75F8,0x7F8972A,0x7F89731,0x6D08,il2cpp,static-observed,7.1 bulk registry type-slot construction sequence
3486,0x57C80D0,0x7F89738,0x7F8973F,0x6D10,il2cpp,static-observed,7.1 bulk registry type-slot construction sequence
3487,0x57DC560,0x7F89746,0x7F8974D,0x6D18,il2cpp,static-observed,7.1 bulk registry type-slot construction sequence
3488,0x57E5510,0x7F89754,0x7F8975B,0x6D20,il2cpp,static-observed,7.1 bulk registry type-slot construction sequence
3489,0x57F7600,0x7F89762,0x7F89769,0x6D28,il2cpp,static-observed,7.1 bulk registry type-slot construction sequence
3490,0x57ED720,0x7F89770,0x7F89777,0x6D30,il2cpp,static-observed,7.1 bulk registry type-slot construction sequence
3491,0x57F7608,0x7F8977E,0x7F89785,0x6D38,il2cpp,static-observed,7.1 bulk registry type-slot construction sequence
3492,0x57F7610,0x7F8978C,0x7F89793,0x6D40,il2cpp,static-observed,7.1 bulk registry type-slot construction sequence
3493,0x57B3978,0x7F8979A,0x7F897A1,0x6D48,il2cpp,static-observed,7.1 bulk registry type-slot construction sequence
3494,0x57F7618,0x7F897A8,0x7F897AF,0x6D50,il2cpp,static-observed,7.1 bulk registry type-slot construction sequence
3495,0x57F7620,0x7F897B6,0x7F897BD,0x6D58,il2cpp,static-observed,7.1 bulk registry type-slot construction sequence
3496,0x57F7628,0x7F897C4,0x7F897CB,0x6D60,il2cpp,static-observed,7.1 bulk registry type-slot construction sequence
3497,0x57EB200,0x7F897D2,0x7F897D9,0x6D68,il2cpp,static-observed,7.1 bulk registry type-slot construction sequence
3498,0x57C6878,0x7F897E0,0x7F897E7,0x6D70,il2cpp,static-observed,7.1 bulk registry type-slot construction sequence
3499,0x57C4DE8,0x7F897EE,0x7F897F5,0x6D78,il2cpp,static-observed,7.1 bulk registry type-slot construction sequence
3500,0x57D6210,0x7F897FC,0x7F89803,0x6D80,il2cpp,static-observed,7.1 bulk registry type-slot construction sequence
3501,0x57F7630,0x7F8980A,0x7F89811,0x6D88,il2cpp,static-observed,7.1 bulk registry type-slot construction sequence
3502,0x57F7638,0x7F89818,0x7F8981F,0x6D90,il2cpp,static-observed,7.1 bulk registry type-slot construction sequence
3503,0x57F7640,0x7F89826,0x7F8982D,0x6D98,il2cpp,static-observed,7.1 bulk registry type-slot construction sequence
3504,0x57EE050,0x7F89834,0x7F8983B,0x6DA0,il2cpp,static-observed,7.1 bulk registry type-slot construction sequence
3505,0x57F7648,0x7F89842,0x7F89849,0x6DA8,il2cpp,static-observed,7.1 bulk registry type-slot construction sequence
3506,0x57F7650,0x7F89850,0x7F89857,0x6DB0,il2cpp,static-observed,7.1 bulk registry type-slot construction sequence
3507,0x57F7658,0x7F8985E,0x7F89865,0x6DB8,il2cpp,static-observed,7.1 bulk registry type-slot construction sequence
3508,0x57C4DB0,0x7F8986C,0x7F89873,0x6DC0,il2cpp,static-observed,7.1 bulk registry type-slot construction sequence
3509,0x57F24D8,0x7F8987A,0x7F89881,0x6DC8,il2cpp,static-observed,7.1 bulk registry type-slot construction sequence
3510,0x57DC3C0,0x7F89888,0x7F8988F,0x6DD0,il2cpp,static-observed,7.1 bulk registry type-slot construction sequence
3511,0x57E0AC8,0x7F89896,0x7F8989D,0x6DD8,il2cpp,static-observed,7.1 bulk registry type-slot construction sequence
3512,0x57F7660,0x7F898A4,0x7F898AB,0x6DE0,il2cpp,static-observed,7.1 bulk registry type-slot construction sequence
3513,0x57F7668,0x7F898B2,0x7F898B9,0x6DE8,il2cpp,static-observed,7.1 bulk registry type-slot construction sequence
3514,0x57F7670,0x7F898C0,0x7F898C7,0x6DF0,il2cpp,static-observed,7.1 bulk registry type-slot construction sequence
3515,0x57F0598,0x7F898CE,0x7F898D5,0x6DF8,il2cpp,static-observed,7.1 bulk registry type-slot construction sequence
3516,0x57CF300,0x7F898DC,0x7F898E3,0x6E00,il2cpp,static-observed,7.1 bulk registry type-slot construction sequence
3517,0x57CD310,0x7F898EA,0x7F898F1,0x6E08,il2cpp,static-observed,7.1 bulk registry type-slot construction sequence
3518,0x57ED0B0,0x7F898F8,0x7F898FF,0x6E10,il2cpp,static-observed,7.1 bulk registry type-slot construction sequence
3519,0x57F7678,0x7F89906,0x7F8990D,0x6E18,il2cpp,static-observed,7.1 bulk registry type-slot construction sequence
3520,0x57F7680,0x7F89914,0x7F8991B,0x6E20,il2cpp,static-observed,7.1 bulk registry type-slot construction sequence
3521,0x57F7688,0x7F89922,0x7F89929,0x6E28,il2cpp,static-observed,7.1 bulk registry type-slot construction sequence
3522,0x57F7690,0x7F89930,0x7F89937,0x6E30,il2cpp,static-observed,7.1 bulk registry type-slot construction sequence
3523,0x57E4A78,0x7F8993E,0x7F89945,0x6E38,il2cpp,static-observed,7.1 bulk registry type-slot construction sequence
3524,0x57F7698,0x7F8994C,0x7F89953,0x6E40,il2cpp,static-observed,7.1 bulk registry type-slot construction sequence
3525,0x57EA9A8,0x7F8995A,0x7F89961,0x6E48,il2cpp,static-observed,7.1 bulk registry type-slot construction sequence
3526,0x57F76A0,0x7F89968,0x7F8996F,0x6E50,il2cpp,static-observed,7.1 bulk registry type-slot construction sequence
3527,0x57C78A8,0x7F89976,0x7F8997D,0x6E58,il2cpp,static-observed,7.1 bulk registry type-slot construction sequence
3528,0x57F76A8,0x7F89984,0x7F8998B,0x6E60,il2cpp,static-observed,7.1 bulk registry type-slot construction sequence
3529,0x57E6460,0x7F89992,0x7F89999,0x6E68,il2cpp,static-observed,7.1 bulk registry type-slot construction sequence
3530,0x57F76B0,0x7F899A0,0x7F899A7,0x6E70,il2cpp,static-observed,7.1 bulk registry type-slot construction sequence
3531,0x57F76B8,0x7F899AE,0x7F899B5,0x6E78,il2cpp,static-observed,7.1 bulk registry type-slot construction sequence
3532,0x57C5338,0x7F899BC,0x7F899C3,0x6E80,il2cpp,static-observed,7.1 bulk registry type-slot construction sequence
3533,0x57E5A48,0x7F899CA,0x7F899D1,0x6E88,il2cpp,static-observed,7.1 bulk registry type-slot construction sequence
3534,0x57F76C0,0x7F899D8,0x7F899DF,0x6E90,il2cpp,static-observed,7.1 bulk registry type-slot construction sequence
3535,0x57F76C8,0x7F899E6,0x7F899ED,0x6E98,il2cpp,static-observed,7.1 bulk registry type-slot construction sequence
3536,0x57F76D0,0x7F899F4,0x7F899FB,0x6EA0,il2cpp,static-observed,7.1 bulk registry type-slot construction sequence
3537,0x57F76D8,0x7F89A02,0x7F89A09,0x6EA8,il2cpp,static-observed,7.1 bulk registry type-slot construction sequence
3538,0x57B0FB0,0x7F89A10,0x7F89A17,0x6EB0,il2cpp,static-observed,7.1 bulk registry type-slot construction sequence
3539,0x57F76E0,0x7F89A1E,0x7F89A25,0x6EB8,il2cpp,static-observed,7.1 bulk registry type-slot construction sequence
3540,0x57E7590,0x7F89A2C,0x7F89A33,0x6EC0,il2cpp,static-observed,7.1 bulk registry type-slot construction sequence
3541,0x57F76E8,0x7F89A3A,0x7F89A41,0x6EC8,il2cpp,static-observed,7.1 bulk registry type-slot construction sequence
3542,0x57F76F0,0x7F89A48,0x7F89A4F,0x6ED0,il2cpp,static-observed,7.1 bulk registry type-slot construction sequence
3543,0x57B4200,0x7F89A56,0x7F89A5D,0x6ED8,il2cpp,static-observed,7.1 bulk registry type-slot construction sequence
3544,0x57DF980,0x7F89A64,0x7F89A6B,0x6EE0,il2cpp,static-observed,7.1 bulk registry type-slot construction sequence
3545,0x57F2168,0x7F89A72,0x7F89A79,0x6EE8,il2cpp,static-observed,7.1 bulk registry type-slot construction sequence
3546,0x57CFDB8,0x7F89A80,0x7F89A87,0x6EF0,il2cpp,static-observed,7.1 bulk registry type-slot construction sequence
3547,0x57F76F8,0x7F89A8E,0x7F89A95,0x6EF8,il2cpp,static-observed,7.1 bulk registry type-slot construction sequence
3548,0x57C9010,0x7F89A9C,0x7F89AA3,0x6F00,il2cpp,static-observed,7.1 bulk registry type-slot construction sequence
3549,0x57EFA78,0x7F89AAA,0x7F89AB1,0x6F08,il2cpp,static-observed,7.1 bulk registry type-slot construction sequence
3550,0x57DAD58,0x7F89AB8,0x7F89ABF,0x6F10,il2cpp,static-observed,7.1 bulk registry type-slot construction sequence
3551,0x57F7700,0x7F89AC6,0x7F89ACD,0x6F18,il2cpp,static-observed,7.1 bulk registry type-slot construction sequence
3552,0x57F7708,0x7F89AD4,0x7F89ADB,0x6F20,il2cpp,static-observed,7.1 bulk registry type-slot construction sequence
3553,0x57D1790,0x7F89AE2,0x7F89AE9,0x6F28,il2cpp,static-observed,7.1 bulk registry type-slot construction sequence
3554,0x57F7710,0x7F89AF0,0x7F89AF7,0x6F30,il2cpp,static-observed,7.1 bulk registry type-slot construction sequence
3555,0x57C5050,0x7F89AFE,0x7F89B05,0x6F38,il2cpp,static-observed,7.1 bulk registry type-slot construction sequence
3556,0x57F7718,0x7F89B0C,0x7F89B13,0x6F40,il2cpp,static-observed,7.1 bulk registry type-slot construction sequence
3557,0x57F7720,0x7F89B1A,0x7F89B21,0x6F48,il2cpp,static-observed,7.1 bulk registry type-slot construction sequence
3558,0x57F7728,0x7F89B28,0x7F89B2F,0x6F50,il2cpp,static-observed,7.1 bulk registry type-slot construction sequence
3559,0x57F7730,0x7F89B36,0x7F89B3D,0x6F58,il2cpp,static-observed,7.1 bulk registry type-slot construction sequence
3560,0x57F24A8,0x7F89B44,0x7F89B4B,0x6F60,il2cpp,static-observed,7.1 bulk registry type-slot construction sequence
3561,0x57E1008,0x7F89B52,0x7F89B59,0x6F68,il2cpp,static-observed,7.1 bulk registry type-slot construction sequence
3562,0x57F7738,0x7F89B60,0x7F89B67,0x6F70,il2cpp,static-observed,7.1 bulk registry type-slot construction sequence
3563,0x57F7740,0x7F89B6E,0x7F89B75,0x6F78,il2cpp,static-observed,7.1 bulk registry type-slot construction sequence
3564,0x57F1F18,0x7F89B7C,0x7F89B83,0x6F80,il2cpp,static-observed,7.1 bulk registry type-slot construction sequence
3565,0x57E5D18,0x7F89B8A,0x7F89B91,0x6F88,il2cpp,static-observed,7.1 bulk registry type-slot construction sequence
3566,0x57F7748,0x7F89B98,0x7F89B9F,0x6F90,il2cpp,static-observed,7.1 bulk registry type-slot construction sequence
3567,0x57F07C0,0x7F89BA6,0x7F89BAD,0x6F98,il2cpp,static-observed,7.1 bulk registry type-slot construction sequence
3568,0x57F7750,0x7F89BB4,0x7F89BBB,0x6FA0,il2cpp,static-observed,7.1 bulk registry type-slot construction sequence
3569,0x57F7758,0x7F89BC2,0x7F89BC9,0x6FA8,il2cpp,static-observed,7.1 bulk registry type-slot construction sequence
3570,0x57F7760,0x7F89BD0,0x7F89BD7,0x6FB0,il2cpp,static-observed,7.1 bulk registry type-slot construction sequence
3571,0x57F7770,0x7F89BDE,0x7F89BE5,0x6FB8,il2cpp,static-observed,7.1 bulk registry type-slot construction sequence
3572,0x57F7778,0x7F89BEC,0x7F89BF3,0x6FC0,il2cpp,static-observed,7.1 bulk registry type-slot construction sequence
3573,0x57F7780,0x7F89BFA,0x7F89C01,0x6FC8,il2cpp,static-observed,7.1 bulk registry type-slot construction sequence
3574,0x57E90F0,0x7F89C08,0x7F89C0F,0x6FD0,il2cpp,static-observed,7.1 bulk registry type-slot construction sequence
3575,0x57F7788,0x7F89C16,0x7F89C1D,0x6FD8,il2cpp,static-observed,7.1 bulk registry type-slot construction sequence
3576,0x57F7790,0x7F89C24,0x7F89C2B,0x6FE0,il2cpp,static-observed,7.1 bulk registry type-slot construction sequence
3577,0x57F7798,0x7F89C32,0x7F89C39,0x6FE8,il2cpp,static-observed,7.1 bulk registry type-slot construction sequence
3578,0x57B0690,0x7F89C40,0x7F89C47,0x6FF0,il2cpp,static-observed,7.1 bulk registry type-slot construction sequence
3579,0x57E7CB8,0x7F89C4E,0x7F89C55,0x6FF8,il2cpp,static-observed,7.1 bulk registry type-slot construction sequence
3580,0x57D6238,0x7F89C5C,0x7F89C63,0x7000,il2cpp,static-observed,7.1 bulk registry type-slot construction sequence
3581,0x57ED2A0,0x7F89C6A,0x7F89C71,0x7008,il2cpp,static-observed,7.1 bulk registry type-slot construction sequence
3582,0x57ED998,0x7F89C78,0x7F89C7F,0x7010,il2cpp,static-observed,7.1 bulk registry type-slot construction sequence
3583,0x57F77A0,0x7F89C86,0x7F89C8D,0x7018,il2cpp,static-observed,7.1 bulk registry type-slot construction sequence
3584,0x57F2230,0x7F89C94,0x7F89C9B,0x7020,il2cpp,static-observed,7.1 bulk registry type-slot construction sequence
3585,0x57F77A8,0x7F89CA2,0x7F89CA9,0x7028,il2cpp,static-observed,7.1 bulk registry type-slot construction sequence
3586,0x57B3DE8,0x7F89CB0,0x7F89CB7,0x7030,il2cpp,static-observed,7.1 bulk registry type-slot construction sequence
3587,0x57DE6E8,0x7F89CBE,0x7F89CC5,0x7038,il2cpp,static-observed,7.1 bulk registry type-slot construction sequence
3588,0x57E9FD8,0x7F89CCC,0x7F89CD3,0x7040,il2cpp,static-observed,7.1 bulk registry type-slot construction sequence
3589,0x57AF6F8,0x7F89CDA,0x7F89CE1,0x7048,il2cpp,static-observed,7.1 bulk registry type-slot construction sequence
3590,0x57B20A0,0x7F89CE8,0x7F89CEF,0x7050,il2cpp,static-observed,7.1 bulk registry type-slot construction sequence
3591,0x57F77B0,0x7F89CF6,0x7F89CFD,0x7058,il2cpp,static-observed,7.1 bulk registry type-slot construction sequence
3592,0x57F06C0,0x7F89D04,0x7F89D0B,0x7060,il2cpp,static-observed,7.1 bulk registry type-slot construction sequence
3593,0x57C8770,0x7F89D12,0x7F89D19,0x7068,il2cpp,static-observed,7.1 bulk registry type-slot construction sequence
3594,0x57F77B8,0x7F89D20,0x7F89D27,0x7070,il2cpp,static-observed,7.1 bulk registry type-slot construction sequence
3595,0x57C52A0,0x7F89D2E,0x7F89D35,0x7078,il2cpp,static-observed,7.1 bulk registry type-slot construction sequence
3596,0x57F77C0,0x7F89D3C,0x7F89D43,0x7080,il2cpp,static-observed,7.1 bulk registry type-slot construction sequence
3597,0x57D6598,0x7F89D4A,0x7F89D51,0x7088,il2cpp,static-observed,7.1 bulk registry type-slot construction sequence
3598,0x57F77C8,0x7F89D58,0x7F89D5F,0x7090,il2cpp,static-observed,7.1 bulk registry type-slot construction sequence
3599,0x57F77D0,0x7F89D66,0x7F89D6D,0x7098,il2cpp,static-observed,7.1 bulk registry type-slot construction sequence
3600,0x57DD0E8,0x7F89D74,0x7F89D7B,0x70A0,il2cpp,static-observed,7.1 bulk registry type-slot construction sequence
3601,0x57F77D8,0x7F89D82,0x7F89D89,0x70A8,il2cpp,static-observed,7.1 bulk registry type-slot construction sequence
3602,0x57DE780,0x7F89D90,0x7F89D97,0x70B0,il2cpp,static-observed,7.1 bulk registry type-slot construction sequence
3603,0x57F77E0,0x7F89D9E,0x7F89DA5,0x70B8,il2cpp,static-observed,7.1 bulk registry type-slot construction sequence
3604,0x57F77E8,0x7F89DAC,0x7F89DB3,0x70C0,il2cpp,static-observed,7.1 bulk registry type-slot construction sequence
3605,0x57F77F0,0x7F89DBA,0x7F89DC1,0x70C8,il2cpp,static-observed,7.1 bulk registry type-slot construction sequence
3606,0x57E4028,0x7F89DC8,0x7F89DCF,0x70D0,il2cpp,static-observed,7.1 bulk registry type-slot construction sequence
3607,0x57D2E80,0x7F89DD6,0x7F89DDD,0x70D8,il2cpp,static-observed,7.1 bulk registry type-slot construction sequence
3608,0x57F77F8,0x7F89DE4,0x7F89DEB,0x70E0,il2cpp,static-observed,7.1 bulk registry type-slot construction sequence
3609,0x57F7800,0x7F89DF2,0x7F89DF9,0x70E8,il2cpp,static-observed,7.1 bulk registry type-slot construction sequence
3610,0x57B5460,0x7F89E00,0x7F89E07,0x70F0,il2cpp,static-observed,7.1 bulk registry type-slot construction sequence
3611,0x57F7808,0x7F89E0E,0x7F89E15,0x70F8,il2cpp,static-observed,7.1 bulk registry type-slot construction sequence
3612,0x57F7810,0x7F89E1C,0x7F89E23,0x7100,il2cpp,static-observed,7.1 bulk registry type-slot construction sequence
3613,0x57C5038,0x7F89E2A,0x7F89E31,0x7108,il2cpp,static-observed,7.1 bulk registry type-slot construction sequence
3614,0x57F7818,0x7F89E38,0x7F89E3F,0x7110,il2cpp,static-observed,7.1 bulk registry type-slot construction sequence
3615,0x57E1F50,0x7F89E46,0x7F89E4D,0x7118,il2cpp,static-observed,7.1 bulk registry type-slot construction sequence
3616,0x57F7820,0x7F89E54,0x7F89E5B,0x7120,il2cpp,static-observed,7.1 bulk registry type-slot construction sequence
3617,0x57F7828,0x7F89E62,0x7F89E69,0x7128,il2cpp,static-observed,7.1 bulk registry type-slot construction sequence
3618,0x57F7830,0x7F89E70,0x7F89E77,0x7130,il2cpp,static-observed,7.1 bulk registry type-slot construction sequence
3619,0x57DEBC8,0x7F89E7E,0x7F89E85,0x7138,il2cpp,static-observed,7.1 bulk registry type-slot construction sequence
3620,0x57E71B8,0x7F89E8C,0x7F89E93,0x7140,il2cpp,static-observed,7.1 bulk registry type-slot construction sequence
3621,0x57F7838,0x7F89E9A,0x7F89EA1,0x7148,il2cpp,static-observed,7.1 bulk registry type-slot construction sequence
3622,0x57E0EB8,0x7F89EA8,0x7F89EAF,0x7150,il2cpp,static-observed,7.1 bulk registry type-slot construction sequence
3623,0x57C78C0,0x7F89EB6,0x7F89EBD,0x7158,il2cpp,static-observed,7.1 bulk registry type-slot construction sequence
3624,0x57F0B70,0x7F89EC4,0x7F89ECB,0x7160,il2cpp,static-observed,7.1 bulk registry type-slot construction sequence
3625,0x57F7840,0x7F89ED2,0x7F89ED9,0x7168,il2cpp,static-observed,7.1 bulk registry type-slot construction sequence
3626,0x57E2878,0x7F89EE0,0x7F89EE7,0x7170,il2cpp,static-observed,7.1 bulk registry type-slot construction sequence
3627,0x57F7848,0x7F89EEE,0x7F89EF5,0x7178,il2cpp,static-observed,7.1 bulk registry type-slot construction sequence
3628,0x57F7850,0x7F89EFC,0x7F89F03,0x7180,il2cpp,static-observed,7.1 bulk registry type-slot construction sequence
3629,0x57DFD18,0x7F89F0A,0x7F89F11,0x7188,il2cpp,static-observed,7.1 bulk registry type-slot construction sequence
3630,0x57AF3D0,0x7F89F18,0x7F89F1F,0x7190,il2cpp,static-observed,7.1 bulk registry type-slot construction sequence
3631,0x57F3640,0x7F89F26,0x7F89F2D,0x7198,il2cpp,static-observed,7.1 bulk registry type-slot construction sequence
3632,0x57F7858,0x7F89F34,0x7F89F3B,0x71A0,il2cpp,static-observed,7.1 bulk registry type-slot construction sequence
3633,0x57F7860,0x7F89F42,0x7F89F49,0x71A8,il2cpp,static-observed,7.1 bulk registry type-slot construction sequence
3634,0x57F0B98,0x7F89F50,0x7F89F57,0x71B0,il2cpp,static-observed,7.1 bulk registry type-slot construction sequence
3635,0x57F7868,0x7F89F5E,0x7F89F65,0x71B8,il2cpp,static-observed,7.1 bulk registry type-slot construction sequence
3636,0x57C7780,0x7F89F6C,0x7F89F73,0x71C0,il2cpp,static-observed,7.1 bulk registry type-slot construction sequence
3637,0x57F7870,0x7F89F7A,0x7F89F81,0x71C8,il2cpp,static-observed,7.1 bulk registry type-slot construction sequence
3638,0x57F7878,0x7F89F88,0x7F89F8F,0x71D0,il2cpp,static-observed,7.1 bulk registry type-slot construction sequence
3639,0x57F7880,0x7F89F96,0x7F89F9D,0x71D8,il2cpp,static-observed,7.1 bulk registry type-slot construction sequence
3640,0x57C8418,0x7F89FA4,0x7F89FAB,0x71E0,il2cpp,static-observed,7.1 bulk registry type-slot construction sequence
3641,0x57D0B08,0x7F89FB2,0x7F89FB9,0x71E8,il2cpp,static-observed,7.1 bulk registry type-slot construction sequence
3642,0x57F7888,0x7F89FC0,0x7F89FC7,0x71F0,il2cpp,static-observed,7.1 bulk registry type-slot construction sequence
3643,0x57EE988,0x7F89FCE,0x7F89FD5,0x71F8,il2cpp,static-observed,7.1 bulk registry type-slot construction sequence
3644,0x57F7890,0x7F89FDC,0x7F89FE3,0x7200,il2cpp,static-observed,7.1 bulk registry type-slot construction sequence
3645,0x57F7898,0x7F89FEA,0x7F89FF1,0x7208,il2cpp,static-observed,7.1 bulk registry type-slot construction sequence
3646,0x57F78A0,0x7F89FF8,0x7F89FFF,0x7210,il2cpp,static-observed,7.1 bulk registry type-slot construction sequence
3647,0x57F78A8,0x7F8A006,0x7F8A00D,0x7218,il2cpp,static-observed,7.1 bulk registry type-slot construction sequence
3648,0x57D9C70,0x7F8A014,0x7F8A01B,0x7220,il2cpp,static-observed,7.1 bulk registry type-slot construction sequence
3649,0x57F78B0,0x7F8A022,0x7F8A029,0x7228,il2cpp,static-observed,7.1 bulk registry type-slot construction sequence
3650,0x57C64D8,0x7F8A030,0x7F8A037,0x7230,il2cpp,static-observed,7.1 bulk registry type-slot construction sequence
3651,0x57F3470,0x7F8A03E,0x7F8A045,0x7238,il2cpp,static-observed,7.1 bulk registry type-slot construction sequence
3652,0x57E0678,0x7F8A04C,0x7F8A053,0x7240,il2cpp,static-observed,7.1 bulk registry type-slot construction sequence
3653,0x57F78B8,0x7F8A05A,0x7F8A061,0x7248,il2cpp,static-observed,7.1 bulk registry type-slot construction sequence
3654,0x57CF228,0x7F8A068,0x7F8A06F,0x7250,il2cpp,static-observed,7.1 bulk registry type-slot construction sequence
3655,0x57F78C0,0x7F8A076,0x7F8A07D,0x7258,il2cpp,static-observed,7.1 bulk registry type-slot construction sequence
3656,0x57F0A68,0x7F8A084,0x7F8A08B,0x7260,il2cpp,static-observed,7.1 bulk registry type-slot construction sequence
3657,0x57F21E8,0x7F8A092,0x7F8A099,0x7268,il2cpp,static-observed,7.1 bulk registry type-slot construction sequence
3658,0x57C76B8,0x7F8A0A0,0x7F8A0A7,0x7270,il2cpp,static-observed,7.1 bulk registry type-slot construction sequence
3659,0x57E5FB8,0x7F8A0AE,0x7F8A0B5,0x7278,il2cpp,static-observed,7.1 bulk registry type-slot construction sequence
3660,0x57F78C8,0x7F8A0BC,0x7F8A0C3,0x7280,il2cpp,static-observed,7.1 bulk registry type-slot construction sequence
3661,0x57F78D0,0x7F8A0CA,0x7F8A0D1,0x7288,il2cpp,static-observed,7.1 bulk registry type-slot construction sequence
3662,0x57F78D8,0x7F8A0D8,0x7F8A0DF,0x7290,il2cpp,static-observed,7.1 bulk registry type-slot construction sequence
3663,0x57F78E0,0x7F8A0E6,0x7F8A0ED,0x7298,il2cpp,static-observed,7.1 bulk registry type-slot construction sequence
3664,0x57F78E8,0x7F8A0F4,0x7F8A0FB,0x72A0,il2cpp,static-observed,7.1 bulk registry type-slot construction sequence
3665,0x57F78F0,0x7F8A102,0x7F8A109,0x72A8,il2cpp,static-observed,7.1 bulk registry type-slot construction sequence
3666,0x57F78F8,0x7F8A110,0x7F8A117,0x72B0,il2cpp,static-observed,7.1 bulk registry type-slot construction sequence
3667,0x57F7900,0x7F8A11E,0x7F8A125,0x72B8,il2cpp,static-observed,7.1 bulk registry type-slot construction sequence
3668,0x57F7908,0x7F8A12C,0x7F8A133,0x72C0,il2cpp,static-observed,7.1 bulk registry type-slot construction sequence
3669,0x57AF540,0x7F8A13A,0x7F8A141,0x72C8,il2cpp,static-observed,7.1 bulk registry type-slot construction sequence
3670,0x57F7910,0x7F8A148,0x7F8A14F,0x72D0,il2cpp,static-observed,7.1 bulk registry type-slot construction sequence
3671,0x57CFD28,0x7F8A156,0x7F8A15D,0x72D8,il2cpp,static-observed,7.1 bulk registry type-slot construction sequence
3672,0x57F7918,0x7F8A164,0x7F8A16B,0x72E0,il2cpp,static-observed,7.1 bulk registry type-slot construction sequence
3673,0x57F7920,0x7F8A172,0x7F8A179,0x72E8,il2cpp,static-observed,7.1 bulk registry type-slot construction sequence
3674,0x57F7928,0x7F8A180,0x7F8A187,0x72F0,il2cpp,static-observed,7.1 bulk registry type-slot construction sequence
3675,0x57F7930,0x7F8A18E,0x7F8A195,0x72F8,il2cpp,static-observed,7.1 bulk registry type-slot construction sequence
3676,0x57F7938,0x7F8A19C,0x7F8A1A3,0x7300,il2cpp,static-observed,7.1 bulk registry type-slot construction sequence
3677,0x57F7940,0x7F8A1AA,0x7F8A1B1,0x7308,il2cpp,static-observed,7.1 bulk registry type-slot construction sequence
3678,0x57F7948,0x7F8A1B8,0x7F8A1BF,0x7310,il2cpp,static-observed,7.1 bulk registry type-slot construction sequence
3679,0x57F7950,0x7F8A1C6,0x7F8A1CD,0x7318,il2cpp,static-observed,7.1 bulk registry type-slot construction sequence
3680,0x57F7958,0x7F8A1D4,0x7F8A1DB,0x7320,il2cpp,static-observed,7.1 bulk registry type-slot construction sequence
3681,0x57F7960,0x7F8A1E2,0x7F8A1E9,0x7328,il2cpp,static-observed,7.1 bulk registry type-slot construction sequence
3682,0x57F7968,0x7F8A1F0,0x7F8A1F7,0x7330,il2cpp,static-observed,7.1 bulk registry type-slot construction sequence
3683,0x57EBFB0,0x7F8A1FE,0x7F8A205,0x7338,il2cpp,static-observed,7.1 bulk registry type-slot construction sequence
3684,0x57F7970,0x7F8A20C,0x7F8A213,0x7340,il2cpp,static-observed,7.1 bulk registry type-slot construction sequence
3685,0x57F7978,0x7F8A21A,0x7F8A221,0x7348,il2cpp,static-observed,7.1 bulk registry type-slot construction sequence
3686,0x57F7980,0x7F8A228,0x7F8A22F,0x7350,il2cpp,static-observed,7.1 bulk registry type-slot construction sequence
3687,0x57B54D8,0x7F8A236,0x7F8A23D,0x7358,il2cpp,static-observed,7.1 bulk registry type-slot construction sequence
3688,0x57D16C0,0x7F8A244,0x7F8A24B,0x7360,il2cpp,static-observed,7.1 bulk registry type-slot construction sequence
3689,0x57DD508,0x7F8A252,0x7F8A259,0x7368,il2cpp,static-observed,7.1 bulk registry type-slot construction sequence
3690,0x57F7988,0x7F8A260,0x7F8A267,0x7370,il2cpp,static-observed,7.1 bulk registry type-slot construction sequence
3691,0x57F7990,0x7F8A26E,0x7F8A275,0x7378,il2cpp,static-observed,7.1 bulk registry type-slot construction sequence
3692,0x57F7998,0x7F8A27C,0x7F8A283,0x7380,il2cpp,static-observed,7.1 bulk registry type-slot construction sequence
3693,0x57F79A0,0x7F8A28A,0x7F8A291,0x7388,il2cpp,static-observed,7.1 bulk registry type-slot construction sequence
3694,0x57F79A8,0x7F8A298,0x7F8A29F,0x7390,il2cpp,static-observed,7.1 bulk registry type-slot construction sequence
3695,0x57E1C58,0x7F8A2A6,0x7F8A2AD,0x7398,il2cpp,static-observed,7.1 bulk registry type-slot construction sequence
3696,0x57C8B48,0x7F8A2B4,0x7F8A2BB,0x73A0,il2cpp,static-observed,7.1 bulk registry type-slot construction sequence
3697,0x57F79B0,0x7F8A2C2,0x7F8A2C9,0x73A8,il2cpp,static-observed,7.1 bulk registry type-slot construction sequence
3698,0x57F79B8,0x7F8A2D0,0x7F8A2D7,0x73B0,il2cpp,static-observed,7.1 bulk registry type-slot construction sequence
3699,0x57F79C0,0x7F8A2DE,0x7F8A2E5,0x73B8,il2cpp,static-observed,7.1 bulk registry type-slot construction sequence
3700,0x57DFA18,0x7F8A2EC,0x7F8A2F3,0x73C0,il2cpp,static-observed,7.1 bulk registry type-slot construction sequence
3701,0x57CB990,0x7F8A2FA,0x7F8A301,0x73C8,il2cpp,static-observed,7.1 bulk registry type-slot construction sequence
3702,0x57F79C8,0x7F8A308,0x7F8A30F,0x73D0,il2cpp,static-observed,7.1 bulk registry type-slot construction sequence
3703,0x57F2910,0x7F8A316,0x7F8A31D,0x73D8,il2cpp,static-observed,7.1 bulk registry type-slot construction sequence
3704,0x57E9E90,0x7F8A324,0x7F8A32B,0x73E0,il2cpp,static-observed,7.1 bulk registry type-slot construction sequence
3705,0x57C5C58,0x7F8A332,0x7F8A339,0x73E8,il2cpp,static-observed,7.1 bulk registry type-slot construction sequence
3706,0x57F79D0,0x7F8A340,0x7F8A347,0x73F0,il2cpp,static-observed,7.1 bulk registry type-slot construction sequence
3707,0x57F79D8,0x7F8A34E,0x7F8A355,0x73F8,il2cpp,static-observed,7.1 bulk registry type-slot construction sequence
3708,0x57F79E0,0x7F8A35C,0x7F8A363,0x7400,il2cpp,static-observed,7.1 bulk registry type-slot construction sequence
3709,0x57F79E8,0x7F8A36A,0x7F8A371,0x7408,il2cpp,static-observed,7.1 bulk registry type-slot construction sequence
3710,0x57F79F0,0x7F8A378,0x7F8A37F,0x7410,il2cpp,static-observed,7.1 bulk registry type-slot construction sequence
3711,0x57F79F8,0x7F8A386,0x7F8A38D,0x7418,il2cpp,static-observed,7.1 bulk registry type-slot construction sequence
3712,0x57F7A00,0x7F8A394,0x7F8A39B,0x7420,il2cpp,static-observed,7.1 bulk registry type-slot construction sequence
3713,0x57F7A08,0x7F8A3A2,0x7F8A3A9,0x7428,il2cpp,static-observed,7.1 bulk registry type-slot construction sequence
3714,0x57CB028,0x7F8A3B0,0x7F8A3B7,0x7430,il2cpp,static-observed,7.1 bulk registry type-slot construction sequence
3715,0x57F7A10,0x7F8A3BE,0x7F8A3C5,0x7438,il2cpp,static-observed,7.1 bulk registry type-slot construction sequence
3716,0x57F7A18,0x7F8A3CC,0x7F8A3D3,0x7440,il2cpp,static-observed,7.1 bulk registry type-slot construction sequence
3717,0x57F7A20,0x7F8A3DA,0x7F8A3E1,0x7448,il2cpp,static-observed,7.1 bulk registry type-slot construction sequence
3718,0x57F7A28,0x7F8A3E8,0x7F8A3EF,0x7450,il2cpp,static-observed,7.1 bulk registry type-slot construction sequence
3719,0x57F7A30,0x7F8A3F6,0x7F8A3FD,0x7458,il2cpp,static-observed,7.1 bulk registry type-slot construction sequence
3720,0x57F7A38,0x7F8A404,0x7F8A40B,0x7460,il2cpp,static-observed,7.1 bulk registry type-slot construction sequence
3721,0x57F7A40,0x7F8A412,0x7F8A419,0x7468,il2cpp,static-observed,7.1 bulk registry type-slot construction sequence
3722,0x57D0CF8,0x7F8A420,0x7F8A427,0x7470,il2cpp,static-observed,7.1 bulk registry type-slot construction sequence
3723,0x57CDFF8,0x7F8A42E,0x7F8A435,0x7478,il2cpp,static-observed,7.1 bulk registry type-slot construction sequence
3724,0x57B3CF8,0x7F8A43C,0x7F8A443,0x7480,il2cpp,static-observed,7.1 bulk registry type-slot construction sequence
3725,0x57EE540,0x7F8A44A,0x7F8A451,0x7488,il2cpp,static-observed,7.1 bulk registry type-slot construction sequence
3726,0x57F7A48,0x7F8A458,0x7F8A45F,0x7490,il2cpp,static-observed,7.1 bulk registry type-slot construction sequence
3727,0x57F7A50,0x7F8A466,0x7F8A46D,0x7498,il2cpp,static-observed,7.1 bulk registry type-slot construction sequence
3728,0x57F7A58,0x7F8A474,0x7F8A47B,0x74A0,il2cpp,static-observed,7.1 bulk registry type-slot construction sequence
3729,0x57F7A60,0x7F8A482,0x7F8A489,0x74A8,il2cpp,static-observed,7.1 bulk registry type-slot construction sequence
3730,0x57F7A68,0x7F8A490,0x7F8A497,0x74B0,il2cpp,static-observed,7.1 bulk registry type-slot construction sequence
3731,0x57F7A70,0x7F8A49E,0x7F8A4A5,0x74B8,il2cpp,static-observed,7.1 bulk registry type-slot construction sequence
3732,0x57F7A78,0x7F8A4AC,0x7F8A4B3,0x74C0,il2cpp,static-observed,7.1 bulk registry type-slot construction sequence
3733,0x57F7A88,0x7F8A4BA,0x7F8A4C1,0x74C8,il2cpp,static-observed,7.1 bulk registry type-slot construction sequence
3734,0x57EA930,0x7F8A4C8,0x7F8A4CF,0x74D0,il2cpp,static-observed,7.1 bulk registry type-slot construction sequence
3735,0x57F7A90,0x7F8A4D6,0x7F8A4DD,0x74D8,il2cpp,static-observed,7.1 bulk registry type-slot construction sequence
3736,0x57EE4D8,0x7F8A4E4,0x7F8A4EB,0x74E0,il2cpp,static-observed,7.1 bulk registry type-slot construction sequence
3737,0x57F7A98,0x7F8A4F2,0x7F8A4F9,0x74E8,il2cpp,static-observed,7.1 bulk registry type-slot construction sequence
3738,0x57F7AA0,0x7F8A500,0x7F8A507,0x74F0,il2cpp,static-observed,7.1 bulk registry type-slot construction sequence
3739,0x57ED618,0x7F8A50E,0x7F8A515,0x74F8,il2cpp,static-observed,7.1 bulk registry type-slot construction sequence
3740,0x57F36A0,0x7F8A51C,0x7F8A523,0x7500,il2cpp,static-observed,7.1 bulk registry type-slot construction sequence
3741,0x57DE098,0x7F8A52A,0x7F8A531,0x7508,il2cpp,static-observed,7.1 bulk registry type-slot construction sequence
3742,0x57F7AA8,0x7F8A538,0x7F8A53F,0x7510,il2cpp,static-observed,7.1 bulk registry type-slot construction sequence
3743,0x57F7AB0,0x7F8A546,0x7F8A54D,0x7518,il2cpp,static-observed,7.1 bulk registry type-slot construction sequence
3744,0x57F7AB8,0x7F8A554,0x7F8A55B,0x7520,il2cpp,static-observed,7.1 bulk registry type-slot construction sequence
3745,0x57F7AC0,0x7F8A562,0x7F8A569,0x7528,il2cpp,static-observed,7.1 bulk registry type-slot construction sequence
3746,0x57DE3A0,0x7F8A570,0x7F8A577,0x7530,il2cpp,static-observed,7.1 bulk registry type-slot construction sequence
3747,0x57EA750,0x7F8A57E,0x7F8A585,0x7538,il2cpp,static-observed,7.1 bulk registry type-slot construction sequence
3748,0x57DB170,0x7F8A58C,0x7F8A593,0x7540,il2cpp,static-observed,7.1 bulk registry type-slot construction sequence
3749,0x57F7AC8,0x7F8A59A,0x7F8A5A1,0x7548,il2cpp,static-observed,7.1 bulk registry type-slot construction sequence
3750,0x57F7AD0,0x7F8A5A8,0x7F8A5AF,0x7550,il2cpp,static-observed,7.1 bulk registry type-slot construction sequence
3751,0x57F7AD8,0x7F8A5B6,0x7F8A5BD,0x7558,il2cpp,static-observed,7.1 bulk registry type-slot construction sequence
3752,0x57F7AE0,0x7F8A5C4,0x7F8A5CB,0x7560,il2cpp,static-observed,7.1 bulk registry type-slot construction sequence
3753,0x57DF0C8,0x7F8A5D2,0x7F8A5D9,0x7568,il2cpp,static-observed,7.1 bulk registry type-slot construction sequence
3754,0x57F7AE8,0x7F8A5E0,0x7F8A5E7,0x7570,il2cpp,static-observed,7.1 bulk registry type-slot construction sequence
3755,0x57F7AF0,0x7F8A5EE,0x7F8A5F5,0x7578,il2cpp,static-observed,7.1 bulk registry type-slot construction sequence
3756,0x57F7AF8,0x7F8A5FC,0x7F8A603,0x7580,il2cpp,static-observed,7.1 bulk registry type-slot construction sequence
3757,0x57B4928,0x7F8A60A,0x7F8A611,0x7588,il2cpp,static-observed,7.1 bulk registry type-slot construction sequence
3758,0x57F7B00,0x7F8A618,0x7F8A61F,0x7590,il2cpp,static-observed,7.1 bulk registry type-slot construction sequence
3759,0x57F7B08,0x7F8A626,0x7F8A62D,0x7598,il2cpp,static-observed,7.1 bulk registry type-slot construction sequence
3760,0x57F7B10,0x7F8A634,0x7F8A63B,0x75A0,il2cpp,static-observed,7.1 bulk registry type-slot construction sequence
3761,0x57F7B18,0x7F8A642,0x7F8A649,0x75A8,il2cpp,static-observed,7.1 bulk registry type-slot construction sequence
3762,0x57F7B20,0x7F8A650,0x7F8A657,0x75B0,il2cpp,static-observed,7.1 bulk registry type-slot construction sequence
3763,0x57F7B28,0x7F8A65E,0x7F8A665,0x75B8,il2cpp,static-observed,7.1 bulk registry type-slot construction sequence
3764,0x57F0618,0x7F8A66C,0x7F8A673,0x75C0,il2cpp,static-observed,7.1 bulk registry type-slot construction sequence
3765,0x57DDDF8,0x7F8A67A,0x7F8A681,0x75C8,il2cpp,static-observed,7.1 bulk registry type-slot construction sequence
3766,0x57F7B30,0x7F8A688,0x7F8A68F,0x75D0,il2cpp,static-observed,7.1 bulk registry type-slot construction sequence
3767,0x57F2AD8,0x7F8A696,0x7F8A69D,0x75D8,il2cpp,static-observed,7.1 bulk registry type-slot construction sequence
3768,0x57C9498,0x7F8A6A4,0x7F8A6AB,0x75E0,il2cpp,static-observed,7.1 bulk registry type-slot construction sequence
3769,0x57F7B38,0x7F8A6B2,0x7F8A6B9,0x75E8,il2cpp,static-observed,7.1 bulk registry type-slot construction sequence
3770,0x57F7B40,0x7F8A6C0,0x7F8A6C7,0x75F0,il2cpp,static-observed,7.1 bulk registry type-slot construction sequence
3771,0x57F7B48,0x7F8A6CE,0x7F8A6D5,0x75F8,il2cpp,static-observed,7.1 bulk registry type-slot construction sequence
3772,0x57F7B50,0x7F8A6DC,0x7F8A6E3,0x7600,il2cpp,static-observed,7.1 bulk registry type-slot construction sequence
3773,0x57F7B58,0x7F8A6EA,0x7F8A6F1,0x7608,il2cpp,static-observed,7.1 bulk registry type-slot construction sequence
3774,0x57F7B60,0x7F8A6F8,0x7F8A6FF,0x7610,il2cpp,static-observed,7.1 bulk registry type-slot construction sequence
3775,0x57F7B68,0x7F8A706,0x7F8A70D,0x7618,il2cpp,static-observed,7.1 bulk registry type-slot construction sequence
3776,0x57AE2E8,0x7F8A714,0x7F8A71B,0x7620,il2cpp,static-observed,7.1 bulk registry type-slot construction sequence
3777,0x57F7B70,0x7F8A722,0x7F8A729,0x7628,il2cpp,static-observed,7.1 bulk registry type-slot construction sequence
3778,0x57F7B78,0x7F8A730,0x7F8A737,0x7630,il2cpp,static-observed,7.1 bulk registry type-slot construction sequence
3779,0x57B4CF0,0x7F8A73E,0x7F8A745,0x7638,il2cpp,static-observed,7.1 bulk registry type-slot construction sequence
3780,0x57F7B80,0x7F8A74C,0x7F8A753,0x7640,il2cpp,static-observed,7.1 bulk registry type-slot construction sequence
3781,0x57C9728,0x7F8A75A,0x7F8A761,0x7648,il2cpp,static-observed,7.1 bulk registry type-slot construction sequence
3782,0x57F7B88,0x7F8A768,0x7F8A76F,0x7650,il2cpp,static-observed,7.1 bulk registry type-slot construction sequence
3783,0x57D60D0,0x7F8A776,0x7F8A77D,0x7658,il2cpp,static-observed,7.1 bulk registry type-slot construction sequence
3784,0x57F7B90,0x7F8A784,0x7F8A78B,0x7660,il2cpp,static-observed,7.1 bulk registry type-slot construction sequence
3785,0x57F7B98,0x7F8A792,0x7F8A799,0x7668,il2cpp,static-observed,7.1 bulk registry type-slot construction sequence
3786,0x57E7020,0x7F8A7A0,0x7F8A7A7,0x7670,il2cpp,static-observed,7.1 bulk registry type-slot construction sequence
3787,0x57E3A98,0x7F8A7AE,0x7F8A7B5,0x7678,il2cpp,static-observed,7.1 bulk registry type-slot construction sequence
3788,0x57F0D30,0x7F8A7BC,0x7F8A7C3,0x7680,il2cpp,static-observed,7.1 bulk registry type-slot construction sequence
3789,0x57F7BA0,0x7F8A7CA,0x7F8A7D1,0x7688,il2cpp,static-observed,7.1 bulk registry type-slot construction sequence
3790,0x57C4C18,0x7F8A7D8,0x7F8A7DF,0x7690,il2cpp,static-observed,7.1 bulk registry type-slot construction sequence
3791,0x57F7BA8,0x7F8A7E6,0x7F8A7ED,0x7698,il2cpp,static-observed,7.1 bulk registry type-slot construction sequence
3792,0x57F7BB0,0x7F8A7F4,0x7F8A7FB,0x76A0,il2cpp,static-observed,7.1 bulk registry type-slot construction sequence
3793,0x57F7BB8,0x7F8A802,0x7F8A809,0x76A8,il2cpp,static-observed,7.1 bulk registry type-slot construction sequence
3794,0x57F7BC0,0x7F8A810,0x7F8A817,0x76B0,il2cpp,static-observed,7.1 bulk registry type-slot construction sequence
3795,0x57CDE30,0x7F8A81E,0x7F8A825,0x76B8,il2cpp,static-observed,7.1 bulk registry type-slot construction sequence
3796,0x57F7BC8,0x7F8A82C,0x7F8A833,0x76C0,il2cpp,static-observed,7.1 bulk registry type-slot construction sequence
3797,0x57F7BD0,0x7F8A83A,0x7F8A841,0x76C8,il2cpp,static-observed,7.1 bulk registry type-slot construction sequence
3798,0x57F7BD8,0x7F8A848,0x7F8A84F,0x76D0,il2cpp,static-observed,7.1 bulk registry type-slot construction sequence
3799,0x57DB9F8,0x7F8A856,0x7F8A85D,0x76D8,il2cpp,static-observed,7.1 bulk registry type-slot construction sequence
3800,0x57F7BE0,0x7F8A864,0x7F8A86B,0x76E0,il2cpp,static-observed,7.1 bulk registry type-slot construction sequence
3801,0x57F7BE8,0x7F8A872,0x7F8A879,0x76E8,il2cpp,static-observed,7.1 bulk registry type-slot construction sequence
3802,0x57C72C0,0x7F8A880,0x7F8A887,0x76F0,il2cpp,static-observed,7.1 bulk registry type-slot construction sequence
3803,0x57F7BF0,0x7F8A88E,0x7F8A895,0x76F8,il2cpp,static-observed,7.1 bulk registry type-slot construction sequence
3804,0x57F7BF8,0x7F8A89C,0x7F8A8A3,0x7700,il2cpp,static-observed,7.1 bulk registry type-slot construction sequence
3805,0x57F7C00,0x7F8A8AA,0x7F8A8B1,0x7708,il2cpp,static-observed,7.1 bulk registry type-slot construction sequence
3806,0x57F1C30,0x7F8A8B8,0x7F8A8BF,0x7710,il2cpp,static-observed,7.1 bulk registry type-slot construction sequence
3807,0x57F7C08,0x7F8A8C6,0x7F8A8CD,0x7718,il2cpp,static-observed,7.1 bulk registry type-slot construction sequence
3808,0x57F7C10,0x7F8A8D4,0x7F8A8DB,0x7720,il2cpp,static-observed,7.1 bulk registry type-slot construction sequence
3809,0x57CBBD8,0x7F8A8E2,0x7F8A8E9,0x7728,il2cpp,static-observed,7.1 bulk registry type-slot construction sequence
3810,0x57E99F8,0x7F8A8F0,0x7F8A8F7,0x7730,il2cpp,static-observed,7.1 bulk registry type-slot construction sequence
3811,0x57F7C18,0x7F8A8FE,0x7F8A905,0x7738,il2cpp,static-observed,7.1 bulk registry type-slot construction sequence
3812,0x57D1E68,0x7F8A90C,0x7F8A913,0x7740,il2cpp,static-observed,7.1 bulk registry type-slot construction sequence
3813,0x57F7C20,0x7F8A91A,0x7F8A921,0x7748,il2cpp,static-observed,7.1 bulk registry type-slot construction sequence
3814,0x57F7C28,0x7F8A928,0x7F8A92F,0x7750,il2cpp,static-observed,7.1 bulk registry type-slot construction sequence
3815,0x57F7C30,0x7F8A936,0x7F8A93D,0x7758,il2cpp,static-observed,7.1 bulk registry type-slot construction sequence
3816,0x57F7C38,0x7F8A944,0x7F8A94B,0x7760,il2cpp,static-observed,7.1 bulk registry type-slot construction sequence
3817,0x57D02E8,0x7F8A952,0x7F8A959,0x7768,il2cpp,static-observed,7.1 bulk registry type-slot construction sequence
3818,0x57F7C40,0x7F8A960,0x7F8A967,0x7770,il2cpp,static-observed,7.1 bulk registry type-slot construction sequence
3819,0x57F7C48,0x7F8A96E,0x7F8A975,0x7778,il2cpp,static-observed,7.1 bulk registry type-slot construction sequence
3820,0x57E42D0,0x7F8A97C,0x7F8A983,0x7780,il2cpp,static-observed,7.1 bulk registry type-slot construction sequence
3821,0x57F7C50,0x7F8A98A,0x7F8A991,0x7788,il2cpp,static-observed,7.1 bulk registry type-slot construction sequence
3822,0x57B3690,0x7F8A998,0x7F8A99F,0x7790,il2cpp,static-observed,7.1 bulk registry type-slot construction sequence
3823,0x57E3E70,0x7F8A9A6,0x7F8A9AD,0x7798,il2cpp,static-observed,7.1 bulk registry type-slot construction sequence
3824,0x57C7610,0x7F8A9B4,0x7F8A9BB,0x77A0,il2cpp,static-observed,7.1 bulk registry type-slot construction sequence
3825,0x57F7C58,0x7F8A9C2,0x7F8A9C9,0x77A8,il2cpp,static-observed,7.1 bulk registry type-slot construction sequence
3826,0x57F7C60,0x7F8A9D0,0x7F8A9D7,0x77B0,il2cpp,static-observed,7.1 bulk registry type-slot construction sequence
3827,0x57F7C68,0x7F8A9DE,0x7F8A9E5,0x77B8,il2cpp,static-observed,7.1 bulk registry type-slot construction sequence
3828,0x57F7C70,0x7F8A9EC,0x7F8A9F3,0x77C0,il2cpp,static-observed,7.1 bulk registry type-slot construction sequence
3829,0x57F7C78,0x7F8A9FA,0x7F8AA01,0x77C8,il2cpp,static-observed,7.1 bulk registry type-slot construction sequence
3830,0x57F34C0,0x7F8AA08,0x7F8AA0F,0x77D0,il2cpp,static-observed,7.1 bulk registry type-slot construction sequence
3831,0x57F1F48,0x7F8AA16,0x7F8AA1D,0x77D8,il2cpp,static-observed,7.1 bulk registry type-slot construction sequence
3832,0x57F7C80,0x7F8AA24,0x7F8AA2B,0x77E0,il2cpp,static-observed,7.1 bulk registry type-slot construction sequence
3833,0x57F7C88,0x7F8AA32,0x7F8AA39,0x77E8,il2cpp,static-observed,7.1 bulk registry type-slot construction sequence
3834,0x57F7C90,0x7F8AA40,0x7F8AA47,0x77F0,il2cpp,static-observed,7.1 bulk registry type-slot construction sequence
3835,0x57F7C98,0x7F8AA4E,0x7F8AA55,0x77F8,il2cpp,static-observed,7.1 bulk registry type-slot construction sequence
3836,0x57D81B0,0x7F8AA5C,0x7F8AA63,0x7800,il2cpp,static-observed,7.1 bulk registry type-slot construction sequence
3837,0x57F7CA0,0x7F8AA6A,0x7F8AA71,0x7808,il2cpp,static-observed,7.1 bulk registry type-slot construction sequence
3838,0x57B36F8,0x7F8AA78,0x7F8AA7F,0x7810,il2cpp,static-observed,7.1 bulk registry type-slot construction sequence
3839,0x57D4148,0x7F8AA86,0x7F8AA8D,0x7818,il2cpp,static-observed,7.1 bulk registry type-slot construction sequence
3840,0x57F7CA8,0x7F8AA94,0x7F8AA9B,0x7820,il2cpp,static-observed,7.1 bulk registry type-slot construction sequence
3841,0x57F1798,0x7F8AAA2,0x7F8AAA9,0x7828,il2cpp,static-observed,7.1 bulk registry type-slot construction sequence
3842,0x57D6D28,0x7F8AAB0,0x7F8AAB7,0x7830,il2cpp,static-observed,7.1 bulk registry type-slot construction sequence
3843,0x57F7CB0,0x7F8AABE,0x7F8AAC5,0x7838,il2cpp,static-observed,7.1 bulk registry type-slot construction sequence
3844,0x57F16F0,0x7F8AACC,0x7F8AAD3,0x7840,il2cpp,static-observed,7.1 bulk registry type-slot construction sequence
3845,0x57F7CB8,0x7F8AADA,0x7F8AAE1,0x7848,il2cpp,static-observed,7.1 bulk registry type-slot construction sequence
3846,0x57F7CC0,0x7F8AAE8,0x7F8AAEF,0x7850,il2cpp,static-observed,7.1 bulk registry type-slot construction sequence
3847,0x57F7CC8,0x7F8AAF6,0x7F8AAFD,0x7858,il2cpp,static-observed,7.1 bulk registry type-slot construction sequence
3848,0x57DB780,0x7F8AB04,0x7F8AB0B,0x7860,il2cpp,static-observed,7.1 bulk registry type-slot construction sequence
3849,0x57F7CD0,0x7F8AB12,0x7F8AB19,0x7868,il2cpp,static-observed,7.1 bulk registry type-slot construction sequence
3850,0x57CA970,0x7F8AB20,0x7F8AB27,0x7870,il2cpp,static-observed,7.1 bulk registry type-slot construction sequence
3851,0x57C8718,0x7F8AB2E,0x7F8AB35,0x7878,il2cpp,static-observed,7.1 bulk registry type-slot construction sequence
3852,0x57EBC70,0x7F8AB3C,0x7F8AB43,0x7880,il2cpp,static-observed,7.1 bulk registry type-slot construction sequence
3853,0x57C6AE8,0x7F8AB4A,0x7F8AB51,0x7888,il2cpp,static-observed,7.1 bulk registry type-slot construction sequence
3854,0x57F7CD8,0x7F8AB58,0x7F8AB5F,0x7890,il2cpp,static-observed,7.1 bulk registry type-slot construction sequence
3855,0x57DF418,0x7F8AB66,0x7F8AB6D,0x7898,il2cpp,static-observed,7.1 bulk registry type-slot construction sequence
3856,0x57F7CE0,0x7F8AB74,0x7F8AB7B,0x78A0,il2cpp,static-observed,7.1 bulk registry type-slot construction sequence
3857,0x57F7CE8,0x7F8AB82,0x7F8AB89,0x78A8,il2cpp,static-observed,7.1 bulk registry type-slot construction sequence
3858,0x57F7CF0,0x7F8AB90,0x7F8AB97,0x78B0,il2cpp,static-observed,7.1 bulk registry type-slot construction sequence
3859,0x57F7CF8,0x7F8AB9E,0x7F8ABA5,0x78B8,il2cpp,static-observed,7.1 bulk registry type-slot construction sequence
3860,0x57F7D00,0x7F8ABAC,0x7F8ABB3,0x78C0,il2cpp,static-observed,7.1 bulk registry type-slot construction sequence
3861,0x57F7D08,0x7F8ABBA,0x7F8ABC1,0x78C8,il2cpp,static-observed,7.1 bulk registry type-slot construction sequence
3862,0x57F7D10,0x7F8ABC8,0x7F8ABCF,0x78D0,il2cpp,static-observed,7.1 bulk registry type-slot construction sequence
3863,0x57F7D18,0x7F8ABD6,0x7F8ABDD,0x78D8,il2cpp,static-observed,7.1 bulk registry type-slot construction sequence
3864,0x57F7D20,0x7F8ABE4,0x7F8ABEB,0x78E0,il2cpp,static-observed,7.1 bulk registry type-slot construction sequence
3865,0x57F7D28,0x7F8ABF2,0x7F8ABF9,0x78E8,il2cpp,static-observed,7.1 bulk registry type-slot construction sequence
3866,0x57DC568,0x7F8AC00,0x7F8AC07,0x78F0,il2cpp,static-observed,7.1 bulk registry type-slot construction sequence
3867,0x57D0F58,0x7F8AC0E,0x7F8AC15,0x78F8,il2cpp,static-observed,7.1 bulk registry type-slot construction sequence
3868,0x57F7D30,0x7F8AC1C,0x7F8AC23,0x7900,il2cpp,static-observed,7.1 bulk registry type-slot construction sequence
3869,0x57F7D38,0x7F8AC2A,0x7F8AC31,0x7908,il2cpp,static-observed,7.1 bulk registry type-slot construction sequence
3870,0x57F3100,0x7F8AC38,0x7F8AC3F,0x7910,il2cpp,static-observed,7.1 bulk registry type-slot construction sequence
3871,0x57E36A8,0x7F8AC46,0x7F8AC4D,0x7918,il2cpp,static-observed,7.1 bulk registry type-slot construction sequence
3872,0x57DAF60,0x7F8AC54,0x7F8AC5B,0x7920,il2cpp,static-observed,7.1 bulk registry type-slot construction sequence
3873,0x57F7D40,0x7F8AC62,0x7F8AC69,0x7928,il2cpp,static-observed,7.1 bulk registry type-slot construction sequence
3874,0x57E9720,0x7F8AC70,0x7F8AC77,0x7930,il2cpp,static-observed,7.1 bulk registry type-slot construction sequence
3875,0x57EDE50,0x7F8AC7E,0x7F8AC85,0x7938,il2cpp,static-observed,7.1 bulk registry type-slot construction sequence
3876,0x57D6BC0,0x7F8AC8C,0x7F8AC93,0x7940,il2cpp,static-observed,7.1 bulk registry type-slot construction sequence
3877,0x57F7D48,0x7F8AC9A,0x7F8ACA1,0x7948,il2cpp,static-observed,7.1 bulk registry type-slot construction sequence
3878,0x57B1310,0x7F8ACA8,0x7F8ACAF,0x7950,il2cpp,static-observed,7.1 bulk registry type-slot construction sequence
3879,0x57B0228,0x7F8ACB6,0x7F8ACBD,0x7958,il2cpp,static-observed,7.1 bulk registry type-slot construction sequence
3880,0x57F7D50,0x7F8ACC4,0x7F8ACCB,0x7960,il2cpp,static-observed,7.1 bulk registry type-slot construction sequence
3881,0x57F7D58,0x7F8ACD2,0x7F8ACD9,0x7968,il2cpp,static-observed,7.1 bulk registry type-slot construction sequence
3882,0x57C9160,0x7F8ACE0,0x7F8ACE7,0x7970,il2cpp,static-observed,7.1 bulk registry type-slot construction sequence
3883,0x57E65C8,0x7F8ACEE,0x7F8ACF5,0x7978,il2cpp,static-observed,7.1 bulk registry type-slot construction sequence
3884,0x57F7D60,0x7F8ACFC,0x7F8AD03,0x7980,il2cpp,static-observed,7.1 bulk registry type-slot construction sequence
3885,0x57F7D68,0x7F8AD0A,0x7F8AD11,0x7988,il2cpp,static-observed,7.1 bulk registry type-slot construction sequence
3886,0x57B33B8,0x7F8AD18,0x7F8AD1F,0x7990,il2cpp,static-observed,7.1 bulk registry type-slot construction sequence
3887,0x57D4978,0x7F8AD26,0x7F8AD2D,0x7998,il2cpp,static-observed,7.1 bulk registry type-slot construction sequence
3888,0x57F7D70,0x7F8AD34,0x7F8AD3B,0x79A0,il2cpp,static-observed,7.1 bulk registry type-slot construction sequence
3889,0x57F7D78,0x7F8AD42,0x7F8AD49,0x79A8,il2cpp,static-observed,7.1 bulk registry type-slot construction sequence
3890,0x57D3528,0x7F8AD50,0x7F8AD57,0x79B0,il2cpp,static-observed,7.1 bulk registry type-slot construction sequence
3891,0x57F7D80,0x7F8AD5E,0x7F8AD65,0x79B8,il2cpp,static-observed,7.1 bulk registry type-slot construction sequence
3892,0x57F7D88,0x7F8AD6C,0x7F8AD73,0x79C0,il2cpp,static-observed,7.1 bulk registry type-slot construction sequence
3893,0x57F7D90,0x7F8AD7A,0x7F8AD81,0x79C8,il2cpp,static-observed,7.1 bulk registry type-slot construction sequence
3894,0x57E3F40,0x7F8AD88,0x7F8AD8F,0x79D0,il2cpp,static-observed,7.1 bulk registry type-slot construction sequence
3895,0x57F7D98,0x7F8AD96,0x7F8AD9D,0x79D8,il2cpp,static-observed,7.1 bulk registry type-slot construction sequence
3896,0x57F7DA0,0x7F8ADA4,0x7F8ADAB,0x79E0,il2cpp,static-observed,7.1 bulk registry type-slot construction sequence
3897,0x57F7DA8,0x7F8ADB2,0x7F8ADB9,0x79E8,il2cpp,static-observed,7.1 bulk registry type-slot construction sequence
3898,0x57F1ED8,0x7F8ADC0,0x7F8ADC7,0x79F0,il2cpp,static-observed,7.1 bulk registry type-slot construction sequence
3899,0x57F7DB0,0x7F8ADCE,0x7F8ADD5,0x79F8,il2cpp,static-observed,7.1 bulk registry type-slot construction sequence
3900,0x57F7DB8,0x7F8ADDC,0x7F8ADE3,0x7A00,il2cpp,static-observed,7.1 bulk registry type-slot construction sequence
3901,0x57F7DC0,0x7F8ADEA,0x7F8ADF1,0x7A08,il2cpp,static-observed,7.1 bulk registry type-slot construction sequence
3902,0x57D0D00,0x7F8ADF8,0x7F8ADFF,0x7A10,il2cpp,static-observed,7.1 bulk registry type-slot construction sequence
3903,0x57F7DC8,0x7F8AE06,0x7F8AE0D,0x7A18,il2cpp,static-observed,7.1 bulk registry type-slot construction sequence
3904,0x57D4330,0x7F8AE14,0x7F8AE1B,0x7A20,il2cpp,static-observed,7.1 bulk registry type-slot construction sequence
3905,0x57F7DD0,0x7F8AE22,0x7F8AE29,0x7A28,il2cpp,static-observed,7.1 bulk registry type-slot construction sequence
3906,0x57F7DD8,0x7F8AE30,0x7F8AE37,0x7A30,il2cpp,static-observed,7.1 bulk registry type-slot construction sequence
3907,0x57F7DE0,0x7F8AE3E,0x7F8AE45,0x7A38,il2cpp,static-observed,7.1 bulk registry type-slot construction sequence
3908,0x57D3AE0,0x7F8AE4C,0x7F8AE53,0x7A40,il2cpp,static-observed,7.1 bulk registry type-slot construction sequence
3909,0x57B0700,0x7F8AE5A,0x7F8AE61,0x7A48,il2cpp,static-observed,7.1 bulk registry type-slot construction sequence
3910,0x57D6288,0x7F8AE68,0x7F8AE6F,0x7A50,il2cpp,static-observed,7.1 bulk registry type-slot construction sequence
3911,0x57B4720,0x7F8AE76,0x7F8AE7D,0x7A58,il2cpp,static-observed,7.1 bulk registry type-slot construction sequence
3912,0x57DCCE8,0x7F8AE84,0x7F8AE8B,0x7A60,il2cpp,static-observed,7.1 bulk registry type-slot construction sequence
3913,0x57E1918,0x7F8AE92,0x7F8AE99,0x7A68,il2cpp,static-observed,7.1 bulk registry type-slot construction sequence
3914,0x57F7DE8,0x7F8AEA0,0x7F8AEA7,0x7A70,il2cpp,static-observed,7.1 bulk registry type-slot construction sequence
3915,0x57D3838,0x7F8AEAE,0x7F8AEB5,0x7A78,il2cpp,static-observed,7.1 bulk registry type-slot construction sequence
3916,0x57E17A8,0x7F8AEBC,0x7F8AEC3,0x7A80,il2cpp,static-observed,7.1 bulk registry type-slot construction sequence
3917,0x57D1CE8,0x7F8AECA,0x7F8AED1,0x7A88,il2cpp,static-observed,7.1 bulk registry type-slot construction sequence
3918,0x57EF1E8,0x7F8AED8,0x7F8AEDF,0x7A90,il2cpp,static-observed,7.1 bulk registry type-slot construction sequence
3919,0x57C8E88,0x7F8AEE6,0x7F8AEED,0x7A98,il2cpp,static-observed,7.1 bulk registry type-slot construction sequence
3920,0x57F7DF0,0x7F8AEF4,0x7F8AEFB,0x7AA0,il2cpp,static-observed,7.1 bulk registry type-slot construction sequence
3921,0x57CD0E8,0x7F8AF02,0x7F8AF09,0x7AA8,il2cpp,static-observed,7.1 bulk registry type-slot construction sequence
3922,0x57F7DF8,0x7F8AF10,0x7F8AF17,0x7AB0,il2cpp,static-observed,7.1 bulk registry type-slot construction sequence
3923,0x57F7E00,0x7F8AF1E,0x7F8AF25,0x7AB8,il2cpp,static-observed,7.1 bulk registry type-slot construction sequence
3924,0x57F7E08,0x7F8AF2C,0x7F8AF33,0x7AC0,il2cpp,static-observed,7.1 bulk registry type-slot construction sequence
3925,0x57EC628,0x7F8AF3A,0x7F8AF41,0x7AC8,il2cpp,static-observed,7.1 bulk registry type-slot construction sequence
3926,0x57F1F68,0x7F8AF48,0x7F8AF4F,0x7AD0,il2cpp,static-observed,7.1 bulk registry type-slot construction sequence
3927,0x57F7E10,0x7F8AF56,0x7F8AF5D,0x7AD8,il2cpp,static-observed,7.1 bulk registry type-slot construction sequence
3928,0x57F7E18,0x7F8AF64,0x7F8AF6B,0x7AE0,il2cpp,static-observed,7.1 bulk registry type-slot construction sequence
3929,0x57F7E20,0x7F8AF72,0x7F8AF79,0x7AE8,il2cpp,static-observed,7.1 bulk registry type-slot construction sequence
3930,0x57F7E28,0x7F8AF80,0x7F8AF87,0x7AF0,il2cpp,static-observed,7.1 bulk registry type-slot construction sequence
3931,0x57C5C40,0x7F8AF8E,0x7F8AF95,0x7AF8,il2cpp,static-observed,7.1 bulk registry type-slot construction sequence
3932,0x57DC540,0x7F8AF9C,0x7F8AFA3,0x7B00,il2cpp,static-observed,7.1 bulk registry type-slot construction sequence
3933,0x57F7E30,0x7F8AFAA,0x7F8AFB1,0x7B08,il2cpp,static-observed,7.1 bulk registry type-slot construction sequence
3934,0x57F7E38,0x7F8AFB8,0x7F8AFBF,0x7B10,il2cpp,static-observed,7.1 bulk registry type-slot construction sequence
3935,0x57F7E40,0x7F8AFC6,0x7F8AFCD,0x7B18,il2cpp,static-observed,7.1 bulk registry type-slot construction sequence
3936,0x57EA6A0,0x7F8AFD4,0x7F8AFDB,0x7B20,il2cpp,static-observed,7.1 bulk registry type-slot construction sequence
3937,0x57CA338,0x7F8AFE2,0x7F8AFE9,0x7B28,il2cpp,static-observed,7.1 bulk registry type-slot construction sequence
3938,0x57F7E48,0x7F8AFF0,0x7F8AFF7,0x7B30,il2cpp,static-observed,7.1 bulk registry type-slot construction sequence
3939,0x57C81C8,0x7F8AFFE,0x7F8B005,0x7B38,il2cpp,static-observed,7.1 bulk registry type-slot construction sequence
3940,0x57D4370,0x7F8B00C,0x7F8B013,0x7B40,il2cpp,static-observed,7.1 bulk registry type-slot construction sequence
3941,0x57F7E50,0x7F8B01A,0x7F8B021,0x7B48,il2cpp,static-observed,7.1 bulk registry type-slot construction sequence
3942,0x57F7E58,0x7F8B028,0x7F8B02F,0x7B50,il2cpp,static-observed,7.1 bulk registry type-slot construction sequence
3943,0x57F1288,0x7F8B036,0x7F8B03D,0x7B58,il2cpp,static-observed,7.1 bulk registry type-slot construction sequence
3944,0x57F7E60,0x7F8B044,0x7F8B04B,0x7B60,il2cpp,static-observed,7.1 bulk registry type-slot construction sequence
3945,0x57EE8F8,0x7F8B052,0x7F8B059,0x7B68,il2cpp,static-observed,7.1 bulk registry type-slot construction sequence
3946,0x57F7E68,0x7F8B060,0x7F8B067,0x7B70,il2cpp,static-observed,7.1 bulk registry type-slot construction sequence
3947,0x57F7E70,0x7F8B06E,0x7F8B075,0x7B78,il2cpp,static-observed,7.1 bulk registry type-slot construction sequence
3948,0x57F7E78,0x7F8B07C,0x7F8B083,0x7B80,il2cpp,static-observed,7.1 bulk registry type-slot construction sequence
3949,0x57F7E80,0x7F8B08A,0x7F8B091,0x7B88,il2cpp,static-observed,7.1 bulk registry type-slot construction sequence
3950,0x57F7E88,0x7F8B098,0x7F8B09F,0x7B90,il2cpp,static-observed,7.1 bulk registry type-slot construction sequence
3951,0x57F31C8,0x7F8B0A6,0x7F8B0AD,0x7B98,il2cpp,static-observed,7.1 bulk registry type-slot construction sequence
3952,0x57D6F58,0x7F8B0B4,0x7F8B0BB,0x7BA0,il2cpp,static-observed,7.1 bulk registry type-slot construction sequence
3953,0x57F7E90,0x7F8B0C2,0x7F8B0C9,0x7BA8,il2cpp,static-observed,7.1 bulk registry type-slot construction sequence
3954,0x57F7E98,0x7F8B0D0,0x7F8B0D7,0x7BB0,il2cpp,static-observed,7.1 bulk registry type-slot construction sequence
3955,0x57D6F40,0x7F8B0DE,0x7F8B0E5,0x7BB8,il2cpp,static-observed,7.1 bulk registry type-slot construction sequence
3956,0x57EE550,0x7F8B0EC,0x7F8B0F3,0x7BC0,il2cpp,static-observed,7.1 bulk registry type-slot construction sequence
3957,0x57DDAF0,0x7F8B0FA,0x7F8B101,0x7BC8,il2cpp,static-observed,7.1 bulk registry type-slot construction sequence
3958,0x57F7EA0,0x7F8B108,0x7F8B10F,0x7BD0,il2cpp,static-observed,7.1 bulk registry type-slot construction sequence
3959,0x57F7EA8,0x7F8B116,0x7F8B11D,0x7BD8,il2cpp,static-observed,7.1 bulk registry type-slot construction sequence
3960,0x57EBB40,0x7F8B124,0x7F8B12B,0x7BE0,il2cpp,static-observed,7.1 bulk registry type-slot construction sequence
3961,0x57F7EB0,0x7F8B132,0x7F8B139,0x7BE8,il2cpp,static-observed,7.1 bulk registry type-slot construction sequence
3962,0x57CC668,0x7F8B140,0x7F8B147,0x7BF0,il2cpp,static-observed,7.1 bulk registry type-slot construction sequence
3963,0x57F7EB8,0x7F8B14E,0x7F8B155,0x7BF8,il2cpp,static-observed,7.1 bulk registry type-slot construction sequence
3964,0x57ED058,0x7F8B15C,0x7F8B163,0x7C00,il2cpp,static-observed,7.1 bulk registry type-slot construction sequence
3965,0x57F7EC0,0x7F8B16A,0x7F8B171,0x7C08,il2cpp,static-observed,7.1 bulk registry type-slot construction sequence
3966,0x57F16D8,0x7F8B178,0x7F8B17F,0x7C10,il2cpp,static-observed,7.1 bulk registry type-slot construction sequence
3967,0x57F7EC8,0x7F8B186,0x7F8B18D,0x7C18,il2cpp,static-observed,7.1 bulk registry type-slot construction sequence
3968,0x57F7ED0,0x7F8B194,0x7F8B19B,0x7C20,il2cpp,static-observed,7.1 bulk registry type-slot construction sequence
3969,0x57CC638,0x7F8B1A2,0x7F8B1A9,0x7C28,il2cpp,static-observed,7.1 bulk registry type-slot construction sequence
3970,0x57F0D00,0x7F8B1B0,0x7F8B1B7,0x7C30,il2cpp,static-observed,7.1 bulk registry type-slot construction sequence
3971,0x57F7ED8,0x7F8B1BE,0x7F8B1C5,0x7C38,il2cpp,static-observed,7.1 bulk registry type-slot construction sequence
3972,0x57F7EE0,0x7F8B1CC,0x7F8B1D3,0x7C40,il2cpp,static-observed,7.1 bulk registry type-slot construction sequence
3973,0x57F7EE8,0x7F8B1DA,0x7F8B1E1,0x7C48,il2cpp,static-observed,7.1 bulk registry type-slot construction sequence
3974,0x57F7EF0,0x7F8B1E8,0x7F8B1EF,0x7C50,il2cpp,static-observed,7.1 bulk registry type-slot construction sequence
3975,0x57E9870,0x7F8B1F6,0x7F8B1FD,0x7C58,il2cpp,static-observed,7.1 bulk registry type-slot construction sequence
3976,0x57F7EF8,0x7F8B204,0x7F8B20B,0x7C60,il2cpp,static-observed,7.1 bulk registry type-slot construction sequence
3977,0x57B5900,0x7F8B212,0x7F8B219,0x7C68,il2cpp,static-observed,7.1 bulk registry type-slot construction sequence
3978,0x57D3CB0,0x7F8B220,0x7F8B227,0x7C70,il2cpp,static-observed,7.1 bulk registry type-slot construction sequence
3979,0x57B5090,0x7F8B22E,0x7F8B235,0x7C78,il2cpp,static-observed,7.1 bulk registry type-slot construction sequence
3980,0x57E6A00,0x7F8B23C,0x7F8B243,0x7C80,il2cpp,static-observed,7.1 bulk registry type-slot construction sequence
3981,0x57F7F00,0x7F8B24A,0x7F8B251,0x7C88,il2cpp,static-observed,7.1 bulk registry type-slot construction sequence
3982,0x57F7F08,0x7F8B258,0x7F8B25F,0x7C90,il2cpp,static-observed,7.1 bulk registry type-slot construction sequence
3983,0x57EB930,0x7F8B266,0x7F8B26D,0x7C98,il2cpp,static-observed,7.1 bulk registry type-slot construction sequence
3984,0x57DEDD0,0x7F8B274,0x7F8B27B,0x7CA0,il2cpp,static-observed,7.1 bulk registry type-slot construction sequence
3985,0x57EE458,0x7F8B282,0x7F8B289,0x7CA8,il2cpp,static-observed,7.1 bulk registry type-slot construction sequence
3986,0x57F7F10,0x7F8B290,0x7F8B297,0x7CB0,il2cpp,static-observed,7.1 bulk registry type-slot construction sequence
3987,0x57EEDF0,0x7F8B29E,0x7F8B2A5,0x7CB8,il2cpp,static-observed,7.1 bulk registry type-slot construction sequence
3988,0x57D30B0,0x7F8B2AC,0x7F8B2B3,0x7CC0,il2cpp,static-observed,7.1 bulk registry type-slot construction sequence
3989,0x57F7F18,0x7F8B2BA,0x7F8B2C1,0x7CC8,il2cpp,static-observed,7.1 bulk registry type-slot construction sequence
3990,0x57F7F20,0x7F8B2C8,0x7F8B2CF,0x7CD0,il2cpp,static-observed,7.1 bulk registry type-slot construction sequence
3991,0x57F7F28,0x7F8B2D6,0x7F8B2DD,0x7CD8,il2cpp,static-observed,7.1 bulk registry type-slot construction sequence
3992,0x57F7F30,0x7F8B2E4,0x7F8B2EB,0x7CE0,il2cpp,static-observed,7.1 bulk registry type-slot construction sequence
3993,0x57F7F38,0x7F8B2F2,0x7F8B2F9,0x7CE8,il2cpp,static-observed,7.1 bulk registry type-slot construction sequence
3994,0x57F7F40,0x7F8B300,0x7F8B307,0x7CF0,il2cpp,static-observed,7.1 bulk registry type-slot construction sequence
3995,0x57CDF88,0x7F8B30E,0x7F8B315,0x7CF8,il2cpp,static-observed,7.1 bulk registry type-slot construction sequence
3996,0x57F7F48,0x7F8B31C,0x7F8B323,0x7D00,il2cpp,static-observed,7.1 bulk registry type-slot construction sequence
3997,0x57F7F50,0x7F8B32A,0x7F8B331,0x7D08,il2cpp,static-observed,7.1 bulk registry type-slot construction sequence
3998,0x57F7F58,0x7F8B338,0x7F8B33F,0x7D10,il2cpp,static-observed,7.1 bulk registry type-slot construction sequence
3999,0x57E6E88,0x7F8B346,0x7F8B34D,0x7D18,il2cpp,static-observed,7.1 bulk registry type-slot construction sequence
4000,0x57F7F60,0x7F8B354,0x7F8B35B,0x7D20,il2cpp,static-observed,7.1 bulk registry type-slot construction sequence
4001,0x57F7F68,0x7F8B362,0x7F8B369,0x7D28,il2cpp,static-observed,7.1 bulk registry type-slot construction sequence
4002,0x57F7F70,0x7F8B370,0x7F8B377,0x7D30,il2cpp,static-observed,7.1 bulk registry type-slot construction sequence
4003,0x57F7F78,0x7F8B37E,0x7F8B385,0x7D38,il2cpp,static-observed,7.1 bulk registry type-slot construction sequence
4004,0x57F2E68,0x7F8B38C,0x7F8B393,0x7D40,il2cpp,static-observed,7.1 bulk registry type-slot construction sequence
4005,0x57C9168,0x7F8B39A,0x7F8B3A1,0x7D48,il2cpp,static-observed,7.1 bulk registry type-slot construction sequence
4006,0x57F7F80,0x7F8B3A8,0x7F8B3AF,0x7D50,il2cpp,static-observed,7.1 bulk registry type-slot construction sequence
4007,0x57D21F0,0x7F8B3B6,0x7F8B3BD,0x7D58,il2cpp,static-observed,7.1 bulk registry type-slot construction sequence
4008,0x57F7F88,0x7F8B3C4,0x7F8B3CB,0x7D60,il2cpp,static-observed,7.1 bulk registry type-slot construction sequence
4009,0x57F7F90,0x7F8B3D2,0x7F8B3D9,0x7D68,il2cpp,static-observed,7.1 bulk registry type-slot construction sequence
4010,0x57CA4F8,0x7F8B3E0,0x7F8B3E7,0x7D70,il2cpp,static-observed,7.1 bulk registry type-slot construction sequence
4011,0x57F7F98,0x7F8B3EE,0x7F8B3F5,0x7D78,il2cpp,static-observed,7.1 bulk registry type-slot construction sequence
4012,0x57F7FA0,0x7F8B3FC,0x7F8B403,0x7D80,il2cpp,static-observed,7.1 bulk registry type-slot construction sequence
4013,0x57F7FA8,0x7F8B40A,0x7F8B411,0x7D88,il2cpp,static-observed,7.1 bulk registry type-slot construction sequence
4014,0x57F7FB0,0x7F8B418,0x7F8B41F,0x7D90,il2cpp,static-observed,7.1 bulk registry type-slot construction sequence
4015,0x57F7FB8,0x7F8B426,0x7F8B42D,0x7D98,il2cpp,static-observed,7.1 bulk registry type-slot construction sequence
4016,0x57F7FC0,0x7F8B434,0x7F8B43B,0x7DA0,il2cpp,static-observed,7.1 bulk registry type-slot construction sequence
4017,0x57F7FC8,0x7F8B442,0x7F8B449,0x7DA8,il2cpp,static-observed,7.1 bulk registry type-slot construction sequence
4018,0x57F7FD0,0x7F8B450,0x7F8B457,0x7DB0,il2cpp,static-observed,7.1 bulk registry type-slot construction sequence
4019,0x57EC0F8,0x7F8B45E,0x7F8B465,0x7DB8,il2cpp,static-observed,7.1 bulk registry type-slot construction sequence
4020,0x57F7FD8,0x7F8B46C,0x7F8B473,0x7DC0,il2cpp,static-observed,7.1 bulk registry type-slot construction sequence
4021,0x57C7B40,0x7F8B47A,0x7F8B481,0x7DC8,il2cpp,static-observed,7.1 bulk registry type-slot construction sequence
4022,0x57F7FE0,0x7F8B488,0x7F8B48F,0x7DD0,il2cpp,static-observed,7.1 bulk registry type-slot construction sequence
4023,0x57CBBE0,0x7F8B496,0x7F8B49D,0x7DD8,il2cpp,static-observed,7.1 bulk registry type-slot construction sequence
4024,0x57D0ED8,0x7F8B4A4,0x7F8B4AB,0x7DE0,il2cpp,static-observed,7.1 bulk registry type-slot construction sequence
4025,0x57EC948,0x7F8B4B2,0x7F8B4B9,0x7DE8,il2cpp,static-observed,7.1 bulk registry type-slot construction sequence
4026,0x57CA800,0x7F8B4C0,0x7F8B4C7,0x7DF0,il2cpp,static-observed,7.1 bulk registry type-slot construction sequence
4027,0x57ED278,0x7F8B4CE,0x7F8B4D5,0x7DF8,il2cpp,static-observed,7.1 bulk registry type-slot construction sequence
4028,0x57F7FE8,0x7F8B4DC,0x7F8B4E3,0x7E00,il2cpp,static-observed,7.1 bulk registry type-slot construction sequence
4029,0x57F7FF0,0x7F8B4EA,0x7F8B4F1,0x7E08,il2cpp,static-observed,7.1 bulk registry type-slot construction sequence
4030,0x57C6100,0x7F8B4F8,0x7F8B4FF,0x7E10,il2cpp,static-observed,7.1 bulk registry type-slot construction sequence
4031,0x57EE9A8,0x7F8B506,0x7F8B50D,0x7E18,il2cpp,static-observed,7.1 bulk registry type-slot construction sequence
4032,0x57F7FF8,0x7F8B514,0x7F8B51B,0x7E20,il2cpp,static-observed,7.1 bulk registry type-slot construction sequence
4033,0x57C5AB8,0x7F8B522,0x7F8B529,0x7E28,il2cpp,static-observed,7.1 bulk registry type-slot construction sequence
4034,0x57F8000,0x7F8B530,0x7F8B537,0x7E30,il2cpp,static-observed,7.1 bulk registry type-slot construction sequence
4035,0x57F56E8,0x7F8B53E,0x7F8B545,0x7E38,il2cpp,static-observed,7.1 bulk registry type-slot construction sequence
4036,0x57F8008,0x7F8B54C,0x7F8B553,0x7E40,il2cpp,static-observed,7.1 bulk registry type-slot construction sequence
4037,0x57F8010,0x7F8B55A,0x7F8B561,0x7E48,il2cpp,static-observed,7.1 bulk registry type-slot construction sequence
4038,0x57E1928,0x7F8B568,0x7F8B56F,0x7E50,il2cpp,static-observed,7.1 bulk registry type-slot construction sequence
4039,0x57F8018,0x7F8B576,0x7F8B57D,0x7E58,il2cpp,static-observed,7.1 bulk registry type-slot construction sequence
4040,0x57E1B28,0x7F8B584,0x7F8B58B,0x7E60,il2cpp,static-observed,7.1 bulk registry type-slot construction sequence
4041,0x57F8020,0x7F8B592,0x7F8B599,0x7E68,il2cpp,static-observed,7.1 bulk registry type-slot construction sequence
4042,0x57F8028,0x7F8B5A0,0x7F8B5A7,0x7E70,il2cpp,static-observed,7.1 bulk registry type-slot construction sequence
4043,0x57F8030,0x7F8B5AE,0x7F8B5B5,0x7E78,il2cpp,static-observed,7.1 bulk registry type-slot construction sequence
4044,0x57C63E8,0x7F8B5BC,0x7F8B5C3,0x7E80,il2cpp,static-observed,7.1 bulk registry type-slot construction sequence
4045,0x57D24E0,0x7F8B5CA,0x7F8B5D1,0x7E88,il2cpp,static-observed,7.1 bulk registry type-slot construction sequence
4046,0x57F8038,0x7F8B5D8,0x7F8B5DF,0x7E90,il2cpp,static-observed,7.1 bulk registry type-slot construction sequence
4047,0x57F8040,0x7F8B5E6,0x7F8B5ED,0x7E98,il2cpp,static-observed,7.1 bulk registry type-slot construction sequence
4048,0x57F8048,0x7F8B5F4,0x7F8B5FB,0x7EA0,il2cpp,static-observed,7.1 bulk registry type-slot construction sequence
4049,0x57D5C10,0x7F8B602,0x7F8B609,0x7EA8,il2cpp,static-observed,7.1 bulk registry type-slot construction sequence
4050,0x57F8050,0x7F8B610,0x7F8B617,0x7EB0,il2cpp,static-observed,7.1 bulk registry type-slot construction sequence
4051,0x57F8058,0x7F8B61E,0x7F8B625,0x7EB8,il2cpp,static-observed,7.1 bulk registry type-slot construction sequence
4052,0x57F8060,0x7F8B62C,0x7F8B633,0x7EC0,il2cpp,static-observed,7.1 bulk registry type-slot construction sequence
4053,0x57F8068,0x7F8B63A,0x7F8B641,0x7EC8,il2cpp,static-observed,7.1 bulk registry type-slot construction sequence
4054,0x57F8070,0x7F8B648,0x7F8B64F,0x7ED0,il2cpp,static-observed,7.1 bulk registry type-slot construction sequence
4055,0x57D8538,0x7F8B656,0x7F8B65D,0x7ED8,il2cpp,static-observed,7.1 bulk registry type-slot construction sequence
4056,0x57AF5C0,0x7F8B664,0x7F8B66B,0x7EE0,il2cpp,static-observed,7.1 bulk registry type-slot construction sequence
4057,0x57E3AF8,0x7F8B672,0x7F8B679,0x7EE8,il2cpp,static-observed,7.1 bulk registry type-slot construction sequence
4058,0x57EACE8,0x7F8B680,0x7F8B687,0x7EF0,il2cpp,static-observed,7.1 bulk registry type-slot construction sequence
4059,0x57E9500,0x7F8B68E,0x7F8B695,0x7EF8,il2cpp,static-observed,7.1 bulk registry type-slot construction sequence
4060,0x57C84F0,0x7F8B69C,0x7F8B6A3,0x7F00,il2cpp,static-observed,7.1 bulk registry type-slot construction sequence
4061,0x57F8078,0x7F8B6AA,0x7F8B6B1,0x7F08,il2cpp,static-observed,7.1 bulk registry type-slot construction sequence
4062,0x57C75D0,0x7F8B6B8,0x7F8B6BF,0x7F10,il2cpp,static-observed,7.1 bulk registry type-slot construction sequence
4063,0x57F8080,0x7F8B6C6,0x7F8B6CD,0x7F18,il2cpp,static-observed,7.1 bulk registry type-slot construction sequence
4064,0x57F8088,0x7F8B6D4,0x7F8B6DB,0x7F20,il2cpp,static-observed,7.1 bulk registry type-slot construction sequence
4065,0x57F8090,0x7F8B6E2,0x7F8B6E9,0x7F28,il2cpp,static-observed,7.1 bulk registry type-slot construction sequence
4066,0x57E25A8,0x7F8B6F0,0x7F8B6F7,0x7F30,il2cpp,static-observed,7.1 bulk registry type-slot construction sequence
4067,0x57CB078,0x7F8B6FE,0x7F8B705,0x7F38,il2cpp,static-observed,7.1 bulk registry type-slot construction sequence
4068,0x57E50E8,0x7F8B70C,0x7F8B713,0x7F40,il2cpp,static-observed,7.1 bulk registry type-slot construction sequence
4069,0x57F8098,0x7F8B71A,0x7F8B721,0x7F48,il2cpp,static-observed,7.1 bulk registry type-slot construction sequence
4070,0x57F80A0,0x7F8B728,0x7F8B72F,0x7F50,il2cpp,static-observed,7.1 bulk registry type-slot construction sequence
4071,0x57F80A8,0x7F8B736,0x7F8B73D,0x7F58,il2cpp,static-observed,7.1 bulk registry type-slot construction sequence
4072,0x57B4960,0x7F8B744,0x7F8B74B,0x7F60,il2cpp,static-observed,7.1 bulk registry type-slot construction sequence
4073,0x57F80B0,0x7F8B752,0x7F8B759,0x7F68,il2cpp,static-observed,7.1 bulk registry type-slot construction sequence
4074,0x57F80B8,0x7F8B760,0x7F8B767,0x7F70,il2cpp,static-observed,7.1 bulk registry type-slot construction sequence
4075,0x57C9858,0x7F8B76E,0x7F8B775,0x7F78,il2cpp,static-observed,7.1 bulk registry type-slot construction sequence
4076,0x57D48C0,0x7F8B77C,0x7F8B783,0x7F80,il2cpp,static-observed,7.1 bulk registry type-slot construction sequence
4077,0x57F80C0,0x7F8B78A,0x7F8B791,0x7F88,il2cpp,static-observed,7.1 bulk registry type-slot construction sequence
4078,0x57E5C70,0x7F8B798,0x7F8B79F,0x7F90,il2cpp,static-observed,7.1 bulk registry type-slot construction sequence
4079,0x57F80C8,0x7F8B7A6,0x7F8B7AD,0x7F98,il2cpp,static-observed,7.1 bulk registry type-slot construction sequence
4080,0x57F80D0,0x7F8B7B4,0x7F8B7BB,0x7FA0,il2cpp,static-observed,7.1 bulk registry type-slot construction sequence
4081,0x57F80D8,0x7F8B7C2,0x7F8B7C9,0x7FA8,il2cpp,static-observed,7.1 bulk registry type-slot construction sequence
4082,0x57F80E0,0x7F8B7D0,0x7F8B7D7,0x7FB0,il2cpp,static-observed,7.1 bulk registry type-slot construction sequence
4083,0x57F80E8,0x7F8B7DE,0x7F8B7E5,0x7FB8,il2cpp,static-observed,7.1 bulk registry type-slot construction sequence
4084,0x57F80F0,0x7F8B7EC,0x7F8B7F3,0x7FC0,il2cpp,static-observed,7.1 bulk registry type-slot construction sequence
4085,0x57F80F8,0x7F8B7FA,0x7F8B801,0x7FC8,il2cpp,static-observed,7.1 bulk registry type-slot construction sequence
4086,0x57C7190,0x7F8B808,0x7F8B80F,0x7FD0,il2cpp,static-observed,7.1 bulk registry type-slot construction sequence
4087,0x57CCFF8,0x7F8B816,0x7F8B81D,0x7FD8,il2cpp,static-observed,7.1 bulk registry type-slot construction sequence
4088,0x57F8100,0x7F8B824,0x7F8B82B,0x7FE0,il2cpp,static-observed,7.1 bulk registry type-slot construction sequence
4089,0x57F8108,0x7F8B832,0x7F8B839,0x7FE8,il2cpp,static-observed,7.1 bulk registry type-slot construction sequence
4090,0x57AFA78,0x7F8B840,0x7F8B847,0x7FF0,il2cpp,static-observed,7.1 bulk registry type-slot construction sequence
4091,0x57D2098,0x7F8B84E,0x7F8B855,0x7FF8,il2cpp,static-observed,7.1 bulk registry type-slot construction sequence
4092,0x57EEFC0,0x7F8B85C,0x7F8B863,0x8000,il2cpp,static-observed,7.1 bulk registry type-slot construction sequence
4093,0x57F8110,0x7F8B86A,0x7F8B871,0x8008,il2cpp,static-observed,7.1 bulk registry type-slot construction sequence
4094,0x57D0918,0x7F8B878,0x7F8B87F,0x8010,il2cpp,static-observed,7.1 bulk registry type-slot construction sequence
4095,0x57F3488,0x7F8B886,0x7F8B88D,0x8018,il2cpp,static-observed,7.1 bulk registry type-slot construction sequence
4096,0x57F8118,0x7F8B894,0x7F8B89B,0x8020,il2cpp,static-observed,7.1 bulk registry type-slot construction sequence
4097,0x57D9560,0x7F8B8A2,0x7F8B8A9,0x8028,il2cpp,static-observed,7.1 bulk registry type-slot construction sequence
4098,0x57F3620,0x7F8B8B0,0x7F8B8B7,0x8030,il2cpp,static-observed,7.1 bulk registry type-slot construction sequence
4099,0x57F8120,0x7F8B8BE,0x7F8B8C5,0x8038,il2cpp,static-observed,7.1 bulk registry type-slot construction sequence
4100,0x57F8128,0x7F8B8CC,0x7F8B8D3,0x8040,il2cpp,static-observed,7.1 bulk registry type-slot construction sequence
4101,0x57B2E88,0x7F8B8DA,0x7F8B8E1,0x8048,il2cpp,static-observed,7.1 bulk registry type-slot construction sequence
4102,0x57F8130,0x7F8B8E8,0x7F8B8EF,0x8050,il2cpp,static-observed,7.1 bulk registry type-slot construction sequence
4103,0x57F1558,0x7F8B8F6,0x7F8B8FD,0x8058,il2cpp,static-observed,7.1 bulk registry type-slot construction sequence
4104,0x57B6A38,0x7F8B904,0x7F8B90B,0x8060,il2cpp,static-observed,7.1 bulk registry type-slot construction sequence
4105,0x57F8138,0x7F8B912,0x7F8B919,0x8068,il2cpp,static-observed,7.1 bulk registry type-slot construction sequence
4106,0x57F8140,0x7F8B920,0x7F8B927,0x8070,il2cpp,static-observed,7.1 bulk registry type-slot construction sequence
4107,0x57E3BE0,0x7F8B92E,0x7F8B935,0x8078,il2cpp,static-observed,7.1 bulk registry type-slot construction sequence
4108,0x57F8148,0x7F8B93C,0x7F8B943,0x8080,il2cpp,static-observed,7.1 bulk registry type-slot construction sequence
4109,0x57F8150,0x7F8B94A,0x7F8B951,0x8088,il2cpp,static-observed,7.1 bulk registry type-slot construction sequence
4110,0x57F8158,0x7F8B958,0x7F8B95F,0x8090,il2cpp,static-observed,7.1 bulk registry type-slot construction sequence
4111,0x57F8160,0x7F8B966,0x7F8B96D,0x8098,il2cpp,static-observed,7.1 bulk registry type-slot construction sequence
4112,0x57F8168,0x7F8B974,0x7F8B97B,0x80A0,il2cpp,static-observed,7.1 bulk registry type-slot construction sequence
4113,0x57F8170,0x7F8B982,0x7F8B989,0x80A8,il2cpp,static-observed,7.1 bulk registry type-slot construction sequence
4114,0x57F8178,0x7F8B990,0x7F8B997,0x80B0,il2cpp,static-observed,7.1 bulk registry type-slot construction sequence
4115,0x57F8180,0x7F8B99E,0x7F8B9A5,0x80B8,il2cpp,static-observed,7.1 bulk registry type-slot construction sequence
4116,0x57F8188,0x7F8B9AC,0x7F8B9B3,0x80C0,il2cpp,static-observed,7.1 bulk registry type-slot construction sequence
4117,0x57F8190,0x7F8B9BA,0x7F8B9C1,0x80C8,il2cpp,static-observed,7.1 bulk registry type-slot construction sequence
4118,0x57F8198,0x7F8B9C8,0x7F8B9CF,0x80D0,il2cpp,static-observed,7.1 bulk registry type-slot construction sequence
4119,0x57F81A0,0x7F8B9D6,0x7F8B9DD,0x80D8,il2cpp,static-observed,7.1 bulk registry type-slot construction sequence
4120,0x57B4B20,0x7F8B9E4,0x7F8B9EB,0x80E0,il2cpp,static-observed,7.1 bulk registry type-slot construction sequence
4121,0x57C8E78,0x7F8B9F2,0x7F8B9F9,0x80E8,il2cpp,static-observed,7.1 bulk registry type-slot construction sequence
4122,0x57F81A8,0x7F8BA00,0x7F8BA07,0x80F0,il2cpp,static-observed,7.1 bulk registry type-slot construction sequence
4123,0x57F81B0,0x7F8BA0E,0x7F8BA15,0x80F8,il2cpp,static-observed,7.1 bulk registry type-slot construction sequence
4124,0x57F81B8,0x7F8BA1C,0x7F8BA23,0x8100,il2cpp,static-observed,7.1 bulk registry type-slot construction sequence
4125,0x57CDC98,0x7F8BA2A,0x7F8BA31,0x8108,il2cpp,static-observed,7.1 bulk registry type-slot construction sequence
4126,0x57F81C0,0x7F8BA38,0x7F8BA3F,0x8110,il2cpp,static-observed,7.1 bulk registry type-slot construction sequence
4127,0x57F81C8,0x7F8BA46,0x7F8BA4D,0x8118,il2cpp,static-observed,7.1 bulk registry type-slot construction sequence
4128,0x57E6678,0x7F8BA54,0x7F8BA5B,0x8120,il2cpp,static-observed,7.1 bulk registry type-slot construction sequence
4129,0x57F81D0,0x7F8BA62,0x7F8BA69,0x8128,il2cpp,static-observed,7.1 bulk registry type-slot construction sequence
4130,0x57CC980,0x7F8BA70,0x7F8BA77,0x8130,il2cpp,static-observed,7.1 bulk registry type-slot construction sequence
4131,0x57F81D8,0x7F8BA7E,0x7F8BA85,0x8138,il2cpp,static-observed,7.1 bulk registry type-slot construction sequence
4132,0x57D5F90,0x7F8BA8C,0x7F8BA93,0x8140,il2cpp,static-observed,7.1 bulk registry type-slot construction sequence
4133,0x57F81E0,0x7F8BA9A,0x7F8BAA1,0x8148,il2cpp,static-observed,7.1 bulk registry type-slot construction sequence
4134,0x57F1AF8,0x7F8BAA8,0x7F8BAAF,0x8150,il2cpp,static-observed,7.1 bulk registry type-slot construction sequence
4135,0x57B23D8,0x7F8BAB6,0x7F8BABD,0x8158,il2cpp,static-observed,7.1 bulk registry type-slot construction sequence
4136,0x57D6170,0x7F8BAC4,0x7F8BACB,0x8160,il2cpp,static-observed,7.1 bulk registry type-slot construction sequence
4137,0x57F81E8,0x7F8BAD2,0x7F8BAD9,0x8168,il2cpp,static-observed,7.1 bulk registry type-slot construction sequence
4138,0x57F81F0,0x7F8BAE0,0x7F8BAE7,0x8170,il2cpp,static-observed,7.1 bulk registry type-slot construction sequence
4139,0x57DBA08,0x7F8BAEE,0x7F8BAF5,0x8178,il2cpp,static-observed,7.1 bulk registry type-slot construction sequence
4140,0x57F81F8,0x7F8BAFC,0x7F8BB03,0x8180,il2cpp,static-observed,7.1 bulk registry type-slot construction sequence
4141,0x57F8200,0x7F8BB0A,0x7F8BB11,0x8188,il2cpp,static-observed,7.1 bulk registry type-slot construction sequence
4142,0x57F8208,0x7F8BB18,0x7F8BB1F,0x8190,il2cpp,static-observed,7.1 bulk registry type-slot construction sequence
4143,0x57D9598,0x7F8BB26,0x7F8BB2D,0x8198,il2cpp,static-observed,7.1 bulk registry type-slot construction sequence
4144,0x57F8210,0x7F8BB34,0x7F8BB3B,0x81A0,il2cpp,static-observed,7.1 bulk registry type-slot construction sequence
4145,0x57F8218,0x7F8BB42,0x7F8BB49,0x81A8,il2cpp,static-observed,7.1 bulk registry type-slot construction sequence
4146,0x57F8220,0x7F8BB50,0x7F8BB57,0x81B0,il2cpp,static-observed,7.1 bulk registry type-slot construction sequence
4147,0x57F8228,0x7F8BB5E,0x7F8BB65,0x81B8,il2cpp,static-observed,7.1 bulk registry type-slot construction sequence
4148,0x57B3068,0x7F8BB6C,0x7F8BB73,0x81C0,il2cpp,static-observed,7.1 bulk registry type-slot construction sequence
4149,0x57E28D0,0x7F8BB7A,0x7F8BB81,0x81C8,il2cpp,static-observed,7.1 bulk registry type-slot construction sequence
4150,0x57F8230,0x7F8BB88,0x7F8BB8F,0x81D0,il2cpp,static-observed,7.1 bulk registry type-slot construction sequence
4151,0x57F8238,0x7F8BB96,0x7F8BB9D,0x81D8,il2cpp,static-observed,7.1 bulk registry type-slot construction sequence
4152,0x57F8240,0x7F8BBA4,0x7F8BBAB,0x81E0,il2cpp,static-observed,7.1 bulk registry type-slot construction sequence
4153,0x57D39F8,0x7F8BBB2,0x7F8BBB9,0x81E8,il2cpp,static-observed,7.1 bulk registry type-slot construction sequence
4154,0x57E3CB0,0x7F8BBC0,0x7F8BBC7,0x81F0,il2cpp,static-observed,7.1 bulk registry type-slot construction sequence
4155,0x57F8248,0x7F8BBCE,0x7F8BBD5,0x81F8,il2cpp,static-observed,7.1 bulk registry type-slot construction sequence
4156,0x57F8250,0x7F8BBDC,0x7F8BBE3,0x8200,il2cpp,static-observed,7.1 bulk registry type-slot construction sequence
4157,0x57B2990,0x7F8BBEA,0x7F8BBF1,0x8208,il2cpp,static-observed,7.1 bulk registry type-slot construction sequence
4158,0x57F8258,0x7F8BBF8,0x7F8BBFF,0x8210,il2cpp,static-observed,7.1 bulk registry type-slot construction sequence
4159,0x57DB8C8,0x7F8BC06,0x7F8BC0D,0x8218,il2cpp,static-observed,7.1 bulk registry type-slot construction sequence
4160,0x57B2230,0x7F8BC14,0x7F8BC1B,0x8220,il2cpp,static-observed,7.1 bulk registry type-slot construction sequence
4161,0x57F1DE8,0x7F8BC22,0x7F8BC29,0x8228,il2cpp,static-observed,7.1 bulk registry type-slot construction sequence
4162,0x57F8260,0x7F8BC30,0x7F8BC37,0x8230,il2cpp,static-observed,7.1 bulk registry type-slot construction sequence
4163,0x57F8268,0x7F8BC3E,0x7F8BC45,0x8238,il2cpp,static-observed,7.1 bulk registry type-slot construction sequence
4164,0x57D5FB8,0x7F8BC4C,0x7F8BC53,0x8240,il2cpp,static-observed,7.1 bulk registry type-slot construction sequence
4165,0x57F8270,0x7F8BC5A,0x7F8BC61,0x8248,il2cpp,static-observed,7.1 bulk registry type-slot construction sequence
4166,0x57B4658,0x7F8BC68,0x7F8BC6F,0x8250,il2cpp,static-observed,7.1 bulk registry type-slot construction sequence
4167,0x57F8278,0x7F8BC76,0x7F8BC7D,0x8258,il2cpp,static-observed,7.1 bulk registry type-slot construction sequence
4168,0x57F8280,0x7F8BC84,0x7F8BC8B,0x8260,il2cpp,static-observed,7.1 bulk registry type-slot construction sequence
4169,0x57F8288,0x7F8BC92,0x7F8BC99,0x8268,il2cpp,static-observed,7.1 bulk registry type-slot construction sequence
4170,0x57F8290,0x7F8BCA0,0x7F8BCA7,0x8270,il2cpp,static-observed,7.1 bulk registry type-slot construction sequence
4171,0x57E3590,0x7F8BCAE,0x7F8BCB5,0x8278,il2cpp,static-observed,7.1 bulk registry type-slot construction sequence
4172,0x57F8298,0x7F8BCBC,0x7F8BCC3,0x8280,il2cpp,static-observed,7.1 bulk registry type-slot construction sequence
4173,0x57F82A0,0x7F8BCCA,0x7F8BCD1,0x8288,il2cpp,static-observed,7.1 bulk registry type-slot construction sequence
4174,0x57F82A8,0x7F8BCD8,0x7F8BCDF,0x8290,il2cpp,static-observed,7.1 bulk registry type-slot construction sequence
4175,0x57D5E60,0x7F8BCE6,0x7F8BCED,0x8298,il2cpp,static-observed,7.1 bulk registry type-slot construction sequence
4176,0x57F82B0,0x7F8BCF4,0x7F8BCFB,0x82A0,il2cpp,static-observed,7.1 bulk registry type-slot construction sequence
4177,0x57F82B8,0x7F8BD02,0x7F8BD09,0x82A8,il2cpp,static-observed,7.1 bulk registry type-slot construction sequence
4178,0x57F82C0,0x7F8BD10,0x7F8BD17,0x82B0,il2cpp,static-observed,7.1 bulk registry type-slot construction sequence
4179,0x57F82C8,0x7F8BD1E,0x7F8BD25,0x82B8,il2cpp,static-observed,7.1 bulk registry type-slot construction sequence
4180,0x57F82D8,0x7F8BD2C,0x7F8BD33,0x82C0,il2cpp,static-observed,7.1 bulk registry type-slot construction sequence
4181,0x57C6EF0,0x7F8BD3A,0x7F8BD41,0x82C8,il2cpp,static-observed,7.1 bulk registry type-slot construction sequence
4182,0x57F82E0,0x7F8BD48,0x7F8BD4F,0x82D0,il2cpp,static-observed,7.1 bulk registry type-slot construction sequence
4183,0x57F82E8,0x7F8BD56,0x7F8BD5D,0x82D8,il2cpp,static-observed,7.1 bulk registry type-slot construction sequence
4184,0x57F82F0,0x7F8BD64,0x7F8BD6B,0x82E0,il2cpp,static-observed,7.1 bulk registry type-slot construction sequence
4185,0x57F82F8,0x7F8BD72,0x7F8BD79,0x82E8,il2cpp,static-observed,7.1 bulk registry type-slot construction sequence
4186,0x57DACE0,0x7F8BD80,0x7F8BD87,0x82F0,il2cpp,static-observed,7.1 bulk registry type-slot construction sequence
4187,0x57CBCD0,0x7F8BD8E,0x7F8BD95,0x82F8,il2cpp,static-observed,7.1 bulk registry type-slot construction sequence
4188,0x57F0B00,0x7F8BD9C,0x7F8BDA3,0x8300,il2cpp,static-observed,7.1 bulk registry type-slot construction sequence
4189,0x57C8E68,0x7F8BDAA,0x7F8BDB1,0x8308,il2cpp,static-observed,7.1 bulk registry type-slot construction sequence
4190,0x57F8300,0x7F8BDB8,0x7F8BDBF,0x8310,il2cpp,static-observed,7.1 bulk registry type-slot construction sequence
4191,0x57F8308,0x7F8BDC6,0x7F8BDCD,0x8318,il2cpp,static-observed,7.1 bulk registry type-slot construction sequence
4192,0x57AF5E0,0x7F8BDD4,0x7F8BDDB,0x8320,il2cpp,static-observed,7.1 bulk registry type-slot construction sequence
4193,0x57F8310,0x7F8BDE2,0x7F8BDE9,0x8328,il2cpp,static-observed,7.1 bulk registry type-slot construction sequence
4194,0x57C9810,0x7F8BDF0,0x7F8BDF7,0x8330,il2cpp,static-observed,7.1 bulk registry type-slot construction sequence
4195,0x57F8318,0x7F8BDFE,0x7F8BE05,0x8338,il2cpp,static-observed,7.1 bulk registry type-slot construction sequence
4196,0x57CC940,0x7F8BE0C,0x7F8BE13,0x8340,il2cpp,static-observed,7.1 bulk registry type-slot construction sequence
4197,0x57CC880,0x7F8BE1A,0x7F8BE21,0x8348,il2cpp,static-observed,7.1 bulk registry type-slot construction sequence
4198,0x57F8320,0x7F8BE28,0x7F8BE2F,0x8350,il2cpp,static-observed,7.1 bulk registry type-slot construction sequence
4199,0x57F8328,0x7F8BE36,0x7F8BE3D,0x8358,il2cpp,static-observed,7.1 bulk registry type-slot construction sequence
4200,0x57F8330,0x7F8BE44,0x7F8BE4B,0x8360,il2cpp,static-observed,7.1 bulk registry type-slot construction sequence
4201,0x57F8338,0x7F8BE52,0x7F8BE59,0x8368,il2cpp,static-observed,7.1 bulk registry type-slot construction sequence
4202,0x57F8340,0x7F8BE60,0x7F8BE67,0x8370,il2cpp,static-observed,7.1 bulk registry type-slot construction sequence
4203,0x57E3840,0x7F8BE6E,0x7F8BE75,0x8378,il2cpp,static-observed,7.1 bulk registry type-slot construction sequence
4204,0x57CE2D8,0x7F8BE7C,0x7F8BE83,0x8380,il2cpp,static-observed,7.1 bulk registry type-slot construction sequence
4205,0x57F8348,0x7F8BE8A,0x7F8BE91,0x8388,il2cpp,static-observed,7.1 bulk registry type-slot construction sequence
4206,0x57C9288,0x7F8BE98,0x7F8BE9F,0x8390,il2cpp,static-observed,7.1 bulk registry type-slot construction sequence
4207,0x57F8350,0x7F8BEA6,0x7F8BEAD,0x8398,il2cpp,static-observed,7.1 bulk registry type-slot construction sequence
4208,0x57F8358,0x7F8BEB4,0x7F8BEBB,0x83A0,il2cpp,static-observed,7.1 bulk registry type-slot construction sequence
4209,0x57F8360,0x7F8BEC2,0x7F8BEC9,0x83A8,il2cpp,static-observed,7.1 bulk registry type-slot construction sequence
4210,0x57F8368,0x7F8BED0,0x7F8BED7,0x83B0,il2cpp,static-observed,7.1 bulk registry type-slot construction sequence
4211,0x57D7F60,0x7F8BEDE,0x7F8BEE5,0x83B8,il2cpp,static-observed,7.1 bulk registry type-slot construction sequence
4212,0x57F8370,0x7F8BEEC,0x7F8BEF3,0x83C0,il2cpp,static-observed,7.1 bulk registry type-slot construction sequence
4213,0x57E4EC0,0x7F8BEFA,0x7F8BF01,0x83C8,il2cpp,static-observed,7.1 bulk registry type-slot construction sequence
4214,0x57CFCB0,0x7F8BF08,0x7F8BF0F,0x83D0,il2cpp,static-observed,7.1 bulk registry type-slot construction sequence
4215,0x57F8378,0x7F8BF16,0x7F8BF1D,0x83D8,il2cpp,static-observed,7.1 bulk registry type-slot construction sequence
4216,0x57F8380,0x7F8BF24,0x7F8BF2B,0x83E0,il2cpp,static-observed,7.1 bulk registry type-slot construction sequence
4217,0x57F8388,0x7F8BF32,0x7F8BF39,0x83E8,il2cpp,static-observed,7.1 bulk registry type-slot construction sequence
4218,0x57B1060,0x7F8BF40,0x7F8BF47,0x83F0,il2cpp,static-observed,7.1 bulk registry type-slot construction sequence
4219,0x57F8390,0x7F8BF4E,0x7F8BF55,0x83F8,il2cpp,static-observed,7.1 bulk registry type-slot construction sequence
4220,0x57F8398,0x7F8BF5C,0x7F8BF63,0x8400,il2cpp,static-observed,7.1 bulk registry type-slot construction sequence
4221,0x57F83A0,0x7F8BF6A,0x7F8BF71,0x8408,il2cpp,static-observed,7.1 bulk registry type-slot construction sequence
4222,0x57E6948,0x7F8BF78,0x7F8BF7F,0x8410,il2cpp,static-observed,7.1 bulk registry type-slot construction sequence
4223,0x57F83A8,0x7F8BF86,0x7F8BF8D,0x8418,il2cpp,static-observed,7.1 bulk registry type-slot construction sequence
4224,0x57F83B0,0x7F8BF94,0x7F8BF9B,0x8420,il2cpp,static-observed,7.1 bulk registry type-slot construction sequence
4225,0x57D6358,0x7F8BFA2,0x7F8BFA9,0x8428,il2cpp,static-observed,7.1 bulk registry type-slot construction sequence
4226,0x57DC8E0,0x7F8BFB0,0x7F8BFB7,0x8430,il2cpp,static-observed,7.1 bulk registry type-slot construction sequence
4227,0x57F83B8,0x7F8BFBE,0x7F8BFC5,0x8438,il2cpp,static-observed,7.1 bulk registry type-slot construction sequence
4228,0x57C95B0,0x7F8BFCC,0x7F8BFD3,0x8440,il2cpp,static-observed,7.1 bulk registry type-slot construction sequence
4229,0x57F83C0,0x7F8BFDA,0x7F8BFE1,0x8448,il2cpp,static-observed,7.1 bulk registry type-slot construction sequence
4230,0x57F83C8,0x7F8BFE8,0x7F8BFEF,0x8450,il2cpp,static-observed,7.1 bulk registry type-slot construction sequence
4231,0x57AF218,0x7F8BFF6,0x7F8BFFD,0x8458,il2cpp,static-observed,7.1 bulk registry type-slot construction sequence
4232,0x57F83D0,0x7F8C004,0x7F8C00B,0x8460,il2cpp,static-observed,7.1 bulk registry type-slot construction sequence
4233,0x57C9C68,0x7F8C012,0x7F8C019,0x8468,il2cpp,static-observed,7.1 bulk registry type-slot construction sequence
4234,0x57F83D8,0x7F8C020,0x7F8C027,0x8470,il2cpp,static-observed,7.1 bulk registry type-slot construction sequence
4235,0x57F83E0,0x7F8C02E,0x7F8C035,0x8478,il2cpp,static-observed,7.1 bulk registry type-slot construction sequence
4236,0x57E24B0,0x7F8C03C,0x7F8C043,0x8480,il2cpp,static-observed,7.1 bulk registry type-slot construction sequence
4237,0x57C6650,0x7F8C04A,0x7F8C051,0x8488,il2cpp,static-observed,7.1 bulk registry type-slot construction sequence
4238,0x57E8B10,0x7F8C058,0x7F8C05F,0x8490,il2cpp,static-observed,7.1 bulk registry type-slot construction sequence
4239,0x57F83E8,0x7F8C066,0x7F8C06D,0x8498,il2cpp,static-observed,7.1 bulk registry type-slot construction sequence
4240,0x57D3858,0x7F8C074,0x7F8C07B,0x84A0,il2cpp,static-observed,7.1 bulk registry type-slot construction sequence
4241,0x57F83F0,0x7F8C082,0x7F8C089,0x84A8,il2cpp,static-observed,7.1 bulk registry type-slot construction sequence
4242,0x57C7590,0x7F8C090,0x7F8C097,0x84B0,il2cpp,static-observed,7.1 bulk registry type-slot construction sequence
4243,0x57F83F8,0x7F8C09E,0x7F8C0A5,0x84B8,il2cpp,static-observed,7.1 bulk registry type-slot construction sequence
4244,0x57F8400,0x7F8C0AC,0x7F8C0B3,0x84C0,il2cpp,static-observed,7.1 bulk registry type-slot construction sequence
4245,0x57C4A90,0x7F8C0BA,0x7F8C0C1,0x84C8,il2cpp,static-observed,7.1 bulk registry type-slot construction sequence
4246,0x57B3E08,0x7F8C0C8,0x7F8C0CF,0x84D0,il2cpp,static-observed,7.1 bulk registry type-slot construction sequence
4247,0x57F8408,0x7F8C0D6,0x7F8C0DD,0x84D8,il2cpp,static-observed,7.1 bulk registry type-slot construction sequence
4248,0x57D2498,0x7F8C0E4,0x7F8C0EB,0x84E0,il2cpp,static-observed,7.1 bulk registry type-slot construction sequence
4249,0x57F8410,0x7F8C0F2,0x7F8C0F9,0x84E8,il2cpp,static-observed,7.1 bulk registry type-slot construction sequence
4250,0x57EB720,0x7F8C100,0x7F8C107,0x84F0,il2cpp,static-observed,7.1 bulk registry type-slot construction sequence
4251,0x57F8418,0x7F8C10E,0x7F8C115,0x84F8,il2cpp,static-observed,7.1 bulk registry type-slot construction sequence
4252,0x57E4260,0x7F8C11C,0x7F8C123,0x8500,il2cpp,static-observed,7.1 bulk registry type-slot construction sequence
4253,0x57C0B68,0x7F8C12A,0x7F8C131,0x8508,il2cpp,static-observed,7.1 bulk registry type-slot construction sequence
4254,0x57F8420,0x7F8C138,0x7F8C13F,0x8510,il2cpp,static-observed,7.1 bulk registry type-slot construction sequence
4255,0x57F8428,0x7F8C146,0x7F8C14D,0x8518,il2cpp,static-observed,7.1 bulk registry type-slot construction sequence
4256,0x57F8430,0x7F8C154,0x7F8C15B,0x8520,il2cpp,static-observed,7.1 bulk registry type-slot construction sequence
4257,0x57F8438,0x7F8C162,0x7F8C169,0x8528,il2cpp,static-observed,7.1 bulk registry type-slot construction sequence
4258,0x57F8440,0x7F8C170,0x7F8C177,0x8530,il2cpp,static-observed,7.1 bulk registry type-slot construction sequence
4259,0x57F8448,0x7F8C17E,0x7F8C185,0x8538,il2cpp,static-observed,7.1 bulk registry type-slot construction sequence
4260,0x57B3700,0x7F8C18C,0x7F8C193,0x8540,il2cpp,static-observed,7.1 bulk registry type-slot construction sequence
4261,0x57F8450,0x7F8C19A,0x7F8C1A1,0x8548,il2cpp,static-observed,7.1 bulk registry type-slot construction sequence
4262,0x57DD4E0,0x7F8C1A8,0x7F8C1AF,0x8550,il2cpp,static-observed,7.1 bulk registry type-slot construction sequence
4263,0x57F8458,0x7F8C1B6,0x7F8C1BD,0x8558,il2cpp,static-observed,7.1 bulk registry type-slot construction sequence
4264,0x57D2188,0x7F8C1C4,0x7F8C1CB,0x8560,il2cpp,static-observed,7.1 bulk registry type-slot construction sequence
4265,0x57F8460,0x7F8C1D2,0x7F8C1D9,0x8568,il2cpp,static-observed,7.1 bulk registry type-slot construction sequence
4266,0x57C4B88,0x7F8C1E0,0x7F8C1E7,0x8570,il2cpp,static-observed,7.1 bulk registry type-slot construction sequence
4267,0x57F8468,0x7F8C1EE,0x7F8C1F5,0x8578,il2cpp,static-observed,7.1 bulk registry type-slot construction sequence
4268,0x57DB598,0x7F8C1FC,0x7F8C203,0x8580,il2cpp,static-observed,7.1 bulk registry type-slot construction sequence
4269,0x57E7C58,0x7F8C20A,0x7F8C211,0x8588,il2cpp,static-observed,7.1 bulk registry type-slot construction sequence
4270,0x57EC9E8,0x7F8C218,0x7F8C21F,0x8590,il2cpp,static-observed,7.1 bulk registry type-slot construction sequence
4271,0x57F8470,0x7F8C226,0x7F8C22D,0x8598,il2cpp,static-observed,7.1 bulk registry type-slot construction sequence
4272,0x57D4248,0x7F8C234,0x7F8C23B,0x85A0,il2cpp,static-observed,7.1 bulk registry type-slot construction sequence
4273,0x57F8478,0x7F8C242,0x7F8C249,0x85A8,il2cpp,static-observed,7.1 bulk registry type-slot construction sequence
4274,0x57F8480,0x7F8C250,0x7F8C257,0x85B0,il2cpp,static-observed,7.1 bulk registry type-slot construction sequence
4275,0x57F8488,0x7F8C25E,0x7F8C265,0x85B8,il2cpp,static-observed,7.1 bulk registry type-slot construction sequence
4276,0x57C78C8,0x7F8C26C,0x7F8C273,0x85C0,il2cpp,static-observed,7.1 bulk registry type-slot construction sequence
4277,0x57F8490,0x7F8C27A,0x7F8C281,0x85C8,il2cpp,static-observed,7.1 bulk registry type-slot construction sequence
4278,0x57CFEE8,0x7F8C288,0x7F8C28F,0x85D0,il2cpp,static-observed,7.1 bulk registry type-slot construction sequence
4279,0x57F8498,0x7F8C296,0x7F8C29D,0x85D8,il2cpp,static-observed,7.1 bulk registry type-slot construction sequence
4280,0x57F84A0,0x7F8C2A4,0x7F8C2AB,0x85E0,il2cpp,static-observed,7.1 bulk registry type-slot construction sequence
4281,0x57B0E00,0x7F8C2B2,0x7F8C2B9,0x85E8,il2cpp,static-observed,7.1 bulk registry type-slot construction sequence
4282,0x57F84A8,0x7F8C2C0,0x7F8C2C7,0x85F0,il2cpp,static-observed,7.1 bulk registry type-slot construction sequence
4283,0x57B16D8,0x7F8C2CE,0x7F8C2D5,0x85F8,il2cpp,static-observed,7.1 bulk registry type-slot construction sequence
4284,0x57F0D10,0x7F8C2DC,0x7F8C2E3,0x8600,il2cpp,static-observed,7.1 bulk registry type-slot construction sequence
4285,0x57F84B0,0x7F8C2EA,0x7F8C2F1,0x8608,il2cpp,static-observed,7.1 bulk registry type-slot construction sequence
4286,0x57F84B8,0x7F8C2F8,0x7F8C2FF,0x8610,il2cpp,static-observed,7.1 bulk registry type-slot construction sequence
4287,0x57F2310,0x7F8C306,0x7F8C30D,0x8618,il2cpp,static-observed,7.1 bulk registry type-slot construction sequence
4288,0x57F84C0,0x7F8C314,0x7F8C31B,0x8620,il2cpp,static-observed,7.1 bulk registry type-slot construction sequence
4289,0x57E1740,0x7F8C322,0x7F8C329,0x8628,il2cpp,static-observed,7.1 bulk registry type-slot construction sequence
4290,0x57E1B30,0x7F8C330,0x7F8C337,0x8630,il2cpp,static-observed,7.1 bulk registry type-slot construction sequence
4291,0x57AE660,0x7F8C33E,0x7F8C345,0x8638,il2cpp,static-observed,7.1 bulk registry type-slot construction sequence
4292,0x57EEDA8,0x7F8C34C,0x7F8C353,0x8640,il2cpp,static-observed,7.1 bulk registry type-slot construction sequence
4293,0x57F84C8,0x7F8C35A,0x7F8C361,0x8648,il2cpp,static-observed,7.1 bulk registry type-slot construction sequence
4294,0x57F84D0,0x7F8C368,0x7F8C36F,0x8650,il2cpp,static-observed,7.1 bulk registry type-slot construction sequence
4295,0x57F84D8,0x7F8C376,0x7F8C37D,0x8658,il2cpp,static-observed,7.1 bulk registry type-slot construction sequence
4296,0x57F84E0,0x7F8C384,0x7F8C38B,0x8660,il2cpp,static-observed,7.1 bulk registry type-slot construction sequence
4297,0x57F08F0,0x7F8C392,0x7F8C399,0x8668,il2cpp,static-observed,7.1 bulk registry type-slot construction sequence
4298,0x57F84E8,0x7F8C3A0,0x7F8C3A7,0x8670,il2cpp,static-observed,7.1 bulk registry type-slot construction sequence
4299,0x57F84F0,0x7F8C3AE,0x7F8C3B5,0x8678,il2cpp,static-observed,7.1 bulk registry type-slot construction sequence
4300,0x57E6BC0,0x7F8C3BC,0x7F8C3C3,0x8680,il2cpp,static-observed,7.1 bulk registry type-slot construction sequence
4301,0x57C9FD0,0x7F8C3CA,0x7F8C3D1,0x8688,il2cpp,static-observed,7.1 bulk registry type-slot construction sequence
4302,0x57F84F8,0x7F8C3D8,0x7F8C3DF,0x8690,il2cpp,static-observed,7.1 bulk registry type-slot construction sequence
4303,0x57AE390,0x7F8C3E6,0x7F8C3ED,0x8698,il2cpp,static-observed,7.1 bulk registry type-slot construction sequence
4304,0x57F8500,0x7F8C3F4,0x7F8C3FB,0x86A0,il2cpp,static-observed,7.1 bulk registry type-slot construction sequence
4305,0x57C4D58,0x7F8C402,0x7F8C409,0x86A8,il2cpp,static-observed,7.1 bulk registry type-slot construction sequence
4306,0x57D8D10,0x7F8C410,0x7F8C417,0x86B0,il2cpp,static-observed,7.1 bulk registry type-slot construction sequence
4307,0x57F8508,0x7F8C41E,0x7F8C425,0x86B8,il2cpp,static-observed,7.1 bulk registry type-slot construction sequence
4308,0x57F8510,0x7F8C42C,0x7F8C433,0x86C0,il2cpp,static-observed,7.1 bulk registry type-slot construction sequence
4309,0x57F8518,0x7F8C43A,0x7F8C441,0x86C8,il2cpp,static-observed,7.1 bulk registry type-slot construction sequence
4310,0x57E6EB8,0x7F8C448,0x7F8C44F,0x86D0,il2cpp,static-observed,7.1 bulk registry type-slot construction sequence
4311,0x57F8520,0x7F8C456,0x7F8C45D,0x86D8,il2cpp,static-observed,7.1 bulk registry type-slot construction sequence
4312,0x57EA050,0x7F8C464,0x7F8C46B,0x86E0,il2cpp,static-observed,7.1 bulk registry type-slot construction sequence
4313,0x57F8528,0x7F8C472,0x7F8C479,0x86E8,il2cpp,static-observed,7.1 bulk registry type-slot construction sequence
4314,0x57F8530,0x7F8C480,0x7F8C487,0x86F0,il2cpp,static-observed,7.1 bulk registry type-slot construction sequence
4315,0x57F8538,0x7F8C48E,0x7F8C495,0x86F8,il2cpp,static-observed,7.1 bulk registry type-slot construction sequence
4316,0x57C6AE0,0x7F8C49C,0x7F8C4A3,0x8700,il2cpp,static-observed,7.1 bulk registry type-slot construction sequence
4317,0x57F8540,0x7F8C4AA,0x7F8C4B1,0x8708,il2cpp,static-observed,7.1 bulk registry type-slot construction sequence
4318,0x57C7A28,0x7F8C4B8,0x7F8C4BF,0x8710,il2cpp,static-observed,7.1 bulk registry type-slot construction sequence
4319,0x57CDD48,0x7F8C4C6,0x7F8C4CD,0x8718,il2cpp,static-observed,7.1 bulk registry type-slot construction sequence
4320,0x57F8548,0x7F8C4D4,0x7F8C4DB,0x8720,il2cpp,static-observed,7.1 bulk registry type-slot construction sequence
4321,0x57F8550,0x7F8C4E2,0x7F8C4E9,0x8728,il2cpp,static-observed,7.1 bulk registry type-slot construction sequence
4322,0x57B3A80,0x7F8C4F0,0x7F8C4F7,0x8730,il2cpp,static-observed,7.1 bulk registry type-slot construction sequence
4323,0x57F06B0,0x7F8C4FE,0x7F8C505,0x8738,il2cpp,static-observed,7.1 bulk registry type-slot construction sequence
4324,0x57F8558,0x7F8C50C,0x7F8C513,0x8740,il2cpp,static-observed,7.1 bulk registry type-slot construction sequence
4325,0x57DF220,0x7F8C51A,0x7F8C521,0x8748,il2cpp,static-observed,7.1 bulk registry type-slot construction sequence
4326,0x57CD060,0x7F8C528,0x7F8C52F,0x8750,il2cpp,static-observed,7.1 bulk registry type-slot construction sequence
4327,0x57F8560,0x7F8C536,0x7F8C53D,0x8758,il2cpp,static-observed,7.1 bulk registry type-slot construction sequence
4328,0x57B4988,0x7F8C544,0x7F8C54B,0x8760,il2cpp,static-observed,7.1 bulk registry type-slot construction sequence
4329,0x57F8568,0x7F8C552,0x7F8C559,0x8768,il2cpp,static-observed,7.1 bulk registry type-slot construction sequence
4330,0x57F8570,0x7F8C560,0x7F8C567,0x8770,il2cpp,static-observed,7.1 bulk registry type-slot construction sequence
4331,0x57E9928,0x7F8C56E,0x7F8C575,0x8778,il2cpp,static-observed,7.1 bulk registry type-slot construction sequence
4332,0x57E49C0,0x7F8C57C,0x7F8C583,0x8780,il2cpp,static-observed,7.1 bulk registry type-slot construction sequence
4333,0x57C81B8,0x7F8C58A,0x7F8C591,0x8788,il2cpp,static-observed,7.1 bulk registry type-slot construction sequence
4334,0x57F8578,0x7F8C598,0x7F8C59F,0x8790,il2cpp,static-observed,7.1 bulk registry type-slot construction sequence
4335,0x57C96C0,0x7F8C5A6,0x7F8C5AD,0x8798,il2cpp,static-observed,7.1 bulk registry type-slot construction sequence
4336,0x57F8580,0x7F8C5B4,0x7F8C5BB,0x87A0,il2cpp,static-observed,7.1 bulk registry type-slot construction sequence
4337,0x57CE360,0x7F8C5C2,0x7F8C5C9,0x87A8,il2cpp,static-observed,7.1 bulk registry type-slot construction sequence
4338,0x57E6878,0x7F8C5D0,0x7F8C5D7,0x87B0,il2cpp,static-observed,7.1 bulk registry type-slot construction sequence
4339,0x57CC0E0,0x7F8C5DE,0x7F8C5E5,0x87B8,il2cpp,static-observed,7.1 bulk registry type-slot construction sequence
4340,0x57F8588,0x7F8C5EC,0x7F8C5F3,0x87C0,il2cpp,static-observed,7.1 bulk registry type-slot construction sequence
4341,0x57E3CF0,0x7F8C5FA,0x7F8C601,0x87C8,il2cpp,static-observed,7.1 bulk registry type-slot construction sequence
4342,0x57E0730,0x7F8C608,0x7F8C60F,0x87D0,il2cpp,static-observed,7.1 bulk registry type-slot construction sequence
4343,0x57E8DC0,0x7F8C616,0x7F8C61D,0x87D8,il2cpp,static-observed,7.1 bulk registry type-slot construction sequence
4344,0x57F8590,0x7F8C624,0x7F8C62B,0x87E0,il2cpp,static-observed,7.1 bulk registry type-slot construction sequence
4345,0x57F8598,0x7F8C632,0x7F8C639,0x87E8,il2cpp,static-observed,7.1 bulk registry type-slot construction sequence
4346,0x57F85A0,0x7F8C640,0x7F8C647,0x87F0,il2cpp,static-observed,7.1 bulk registry type-slot construction sequence
4347,0x57E0FB0,0x7F8C64E,0x7F8C655,0x87F8,il2cpp,static-observed,7.1 bulk registry type-slot construction sequence
4348,0x57C8878,0x7F8C65C,0x7F8C663,0x8800,il2cpp,static-observed,7.1 bulk registry type-slot construction sequence
4349,0x57D9D00,0x7F8C66A,0x7F8C671,0x8808,il2cpp,static-observed,7.1 bulk registry type-slot construction sequence
4350,0x57F85A8,0x7F8C678,0x7F8C67F,0x8810,il2cpp,static-observed,7.1 bulk registry type-slot construction sequence
4351,0x57E1658,0x7F8C686,0x7F8C68D,0x8818,il2cpp,static-observed,7.1 bulk registry type-slot construction sequence
4352,0x57B3FD8,0x7F8C694,0x7F8C69B,0x8820,il2cpp,static-observed,7.1 bulk registry type-slot construction sequence
4353,0x57F85B0,0x7F8C6A2,0x7F8C6A9,0x8828,il2cpp,static-observed,7.1 bulk registry type-slot construction sequence
4354,0x57F85B8,0x7F8C6B0,0x7F8C6B7,0x8830,il2cpp,static-observed,7.1 bulk registry type-slot construction sequence
4355,0x57F85C0,0x7F8C6BE,0x7F8C6C5,0x8838,il2cpp,static-observed,7.1 bulk registry type-slot construction sequence
4356,0x57C7A90,0x7F8C6CC,0x7F8C6D3,0x8840,il2cpp,static-observed,7.1 bulk registry type-slot construction sequence
4357,0x57B2BC8,0x7F8C6DA,0x7F8C6E1,0x8848,il2cpp,static-observed,7.1 bulk registry type-slot construction sequence
4358,0x57C5E10,0x7F8C6E8,0x7F8C6EF,0x8850,il2cpp,static-observed,7.1 bulk registry type-slot construction sequence
4359,0x57F85C8,0x7F8C6F6,0x7F8C6FD,0x8858,il2cpp,static-observed,7.1 bulk registry type-slot construction sequence
4360,0x57C9330,0x7F8C704,0x7F8C70B,0x8860,il2cpp,static-observed,7.1 bulk registry type-slot construction sequence
4361,0x57F85D0,0x7F8C712,0x7F8C719,0x8868,il2cpp,static-observed,7.1 bulk registry type-slot construction sequence
4362,0x57F85D8,0x7F8C720,0x7F8C727,0x8870,il2cpp,static-observed,7.1 bulk registry type-slot construction sequence
4363,0x57F85E0,0x7F8C72E,0x7F8C735,0x8878,il2cpp,static-observed,7.1 bulk registry type-slot construction sequence
4364,0x57F85E8,0x7F8C73C,0x7F8C743,0x8880,il2cpp,static-observed,7.1 bulk registry type-slot construction sequence
4365,0x57F85F0,0x7F8C74A,0x7F8C751,0x8888,il2cpp,static-observed,7.1 bulk registry type-slot construction sequence
4366,0x57F85F8,0x7F8C758,0x7F8C75F,0x8890,il2cpp,static-observed,7.1 bulk registry type-slot construction sequence
4367,0x57AE658,0x7F8C766,0x7F8C76D,0x8898,il2cpp,static-observed,7.1 bulk registry type-slot construction sequence
4368,0x57F8600,0x7F8C774,0x7F8C77B,0x88A0,il2cpp,static-observed,7.1 bulk registry type-slot construction sequence
4369,0x57F8608,0x7F8C782,0x7F8C789,0x88A8,il2cpp,static-observed,7.1 bulk registry type-slot construction sequence
4370,0x57F2570,0x7F8C790,0x7F8C797,0x88B0,il2cpp,static-observed,7.1 bulk registry type-slot construction sequence
4371,0x57F8610,0x7F8C79E,0x7F8C7A5,0x88B8,il2cpp,static-observed,7.1 bulk registry type-slot construction sequence
4372,0x57F8618,0x7F8C7AC,0x7F8C7B3,0x88C0,il2cpp,static-observed,7.1 bulk registry type-slot construction sequence
4373,0x57F1E60,0x7F8C7BA,0x7F8C7C1,0x88C8,il2cpp,static-observed,7.1 bulk registry type-slot construction sequence
4374,0x57F8620,0x7F8C7C8,0x7F8C7CF,0x88D0,il2cpp,static-observed,7.1 bulk registry type-slot construction sequence
4375,0x57F8628,0x7F8C7D6,0x7F8C7DD,0x88D8,il2cpp,static-observed,7.1 bulk registry type-slot construction sequence
4376,0x57D4930,0x7F8C7E4,0x7F8C7EB,0x88E0,il2cpp,static-observed,7.1 bulk registry type-slot construction sequence
4377,0x57F8630,0x7F8C7F2,0x7F8C7F9,0x88E8,il2cpp,static-observed,7.1 bulk registry type-slot construction sequence
4378,0x57F8638,0x7F8C800,0x7F8C807,0x88F0,il2cpp,static-observed,7.1 bulk registry type-slot construction sequence
4379,0x57F8640,0x7F8C80E,0x7F8C815,0x88F8,il2cpp,static-observed,7.1 bulk registry type-slot construction sequence
4380,0x57F8648,0x7F8C81C,0x7F8C823,0x8900,il2cpp,static-observed,7.1 bulk registry type-slot construction sequence
4381,0x57F8650,0x7F8C82A,0x7F8C831,0x8908,il2cpp,static-observed,7.1 bulk registry type-slot construction sequence
4382,0x57F8658,0x7F8C838,0x7F8C83F,0x8910,il2cpp,static-observed,7.1 bulk registry type-slot construction sequence
4383,0x57EB180,0x7F8C846,0x7F8C84D,0x8918,il2cpp,static-observed,7.1 bulk registry type-slot construction sequence
4384,0x57F8660,0x7F8C854,0x7F8C85B,0x8920,il2cpp,static-observed,7.1 bulk registry type-slot construction sequence
4385,0x57F8668,0x7F8C862,0x7F8C869,0x8928,il2cpp,static-observed,7.1 bulk registry type-slot construction sequence
4386,0x57F8670,0x7F8C870,0x7F8C877,0x8930,il2cpp,static-observed,7.1 bulk registry type-slot construction sequence
4387,0x57CE3E0,0x7F8C87E,0x7F8C885,0x8938,il2cpp,static-observed,7.1 bulk registry type-slot construction sequence
4388,0x57E0360,0x7F8C88C,0x7F8C893,0x8940,il2cpp,static-observed,7.1 bulk registry type-slot construction sequence
4389,0x57F8678,0x7F8C89A,0x7F8C8A1,0x8948,il2cpp,static-observed,7.1 bulk registry type-slot construction sequence
4390,0x57F8680,0x7F8C8A8,0x7F8C8AF,0x8950,il2cpp,static-observed,7.1 bulk registry type-slot construction sequence
4391,0x57F8688,0x7F8C8B6,0x7F8C8BD,0x8958,il2cpp,static-observed,7.1 bulk registry type-slot construction sequence
4392,0x57F8690,0x7F8C8C4,0x7F8C8CB,0x8960,il2cpp,static-observed,7.1 bulk registry type-slot construction sequence
4393,0x57F8698,0x7F8C8D2,0x7F8C8D9,0x8968,il2cpp,static-observed,7.1 bulk registry type-slot construction sequence
4394,0x57F86A0,0x7F8C8E0,0x7F8C8E7,0x8970,il2cpp,static-observed,7.1 bulk registry type-slot construction sequence
4395,0x57E1FC8,0x7F8C8EE,0x7F8C8F5,0x8978,il2cpp,static-observed,7.1 bulk registry type-slot construction sequence
4396,0x57F86A8,0x7F8C8FC,0x7F8C903,0x8980,il2cpp,static-observed,7.1 bulk registry type-slot construction sequence
4397,0x57F86B0,0x7F8C90A,0x7F8C911,0x8988,il2cpp,static-observed,7.1 bulk registry type-slot construction sequence
4398,0x57E6CE0,0x7F8C918,0x7F8C91F,0x8990,il2cpp,static-observed,7.1 bulk registry type-slot construction sequence
4399,0x57AE2C0,0x7F8C926,0x7F8C92D,0x8998,il2cpp,static-observed,7.1 bulk registry type-slot construction sequence
4400,0x57F86B8,0x7F8C934,0x7F8C93B,0x89A0,il2cpp,static-observed,7.1 bulk registry type-slot construction sequence
4401,0x57F3448,0x7F8C942,0x7F8C949,0x89A8,il2cpp,static-observed,7.1 bulk registry type-slot construction sequence
4402,0x57F86C0,0x7F8C950,0x7F8C957,0x89B0,il2cpp,static-observed,7.1 bulk registry type-slot construction sequence
4403,0x57F86C8,0x7F8C95E,0x7F8C965,0x89B8,il2cpp,static-observed,7.1 bulk registry type-slot construction sequence
4404,0x57F86D0,0x7F8C96C,0x7F8C973,0x89C0,il2cpp,static-observed,7.1 bulk registry type-slot construction sequence
4405,0x57F86D8,0x7F8C97A,0x7F8C981,0x89C8,il2cpp,static-observed,7.1 bulk registry type-slot construction sequence
4406,0x57AE908,0x7F8C988,0x7F8C98F,0x89D0,il2cpp,static-observed,7.1 bulk registry type-slot construction sequence
4407,0x57E6830,0x7F8C996,0x7F8C99D,0x89D8,il2cpp,static-observed,7.1 bulk registry type-slot construction sequence
4408,0x57F86E0,0x7F8C9A4,0x7F8C9AB,0x89E0,il2cpp,static-observed,7.1 bulk registry type-slot construction sequence
4409,0x57F86E8,0x7F8C9B2,0x7F8C9B9,0x89E8,il2cpp,static-observed,7.1 bulk registry type-slot construction sequence
4410,0x57B1980,0x7F8C9C0,0x7F8C9C7,0x89F0,il2cpp,static-observed,7.1 bulk registry type-slot construction sequence
4411,0x57F86F0,0x7F8C9CE,0x7F8C9D5,0x89F8,il2cpp,static-observed,7.1 bulk registry type-slot construction sequence
4412,0x57F86F8,0x7F8C9DC,0x7F8C9E3,0x8A00,il2cpp,static-observed,7.1 bulk registry type-slot construction sequence
4413,0x57F8700,0x7F8C9EA,0x7F8C9F1,0x8A08,il2cpp,static-observed,7.1 bulk registry type-slot construction sequence
4414,0x57F8708,0x7F8C9F8,0x7F8C9FF,0x8A10,il2cpp,static-observed,7.1 bulk registry type-slot construction sequence
4415,0x57F8710,0x7F8CA06,0x7F8CA0D,0x8A18,il2cpp,static-observed,7.1 bulk registry type-slot construction sequence
4416,0x57B1500,0x7F8CA14,0x7F8CA1B,0x8A20,il2cpp,static-observed,7.1 bulk registry type-slot construction sequence
4417,0x57F8718,0x7F8CA22,0x7F8CA29,0x8A28,il2cpp,static-observed,7.1 bulk registry type-slot construction sequence
4418,0x57F8720,0x7F8CA30,0x7F8CA37,0x8A30,il2cpp,static-observed,7.1 bulk registry type-slot construction sequence
4419,0x57F8728,0x7F8CA3E,0x7F8CA45,0x8A38,il2cpp,static-observed,7.1 bulk registry type-slot construction sequence
4420,0x57F8730,0x7F8CA4C,0x7F8CA53,0x8A40,il2cpp,static-observed,7.1 bulk registry type-slot construction sequence
4421,0x57F8738,0x7F8CA5A,0x7F8CA61,0x8A48,il2cpp,static-observed,7.1 bulk registry type-slot construction sequence
4422,0x57F8740,0x7F8CA68,0x7F8CA6F,0x8A50,il2cpp,static-observed,7.1 bulk registry type-slot construction sequence
4423,0x57EE260,0x7F8CA76,0x7F8CA7D,0x8A58,il2cpp,static-observed,7.1 bulk registry type-slot construction sequence
4424,0x57F8748,0x7F8CA84,0x7F8CA8B,0x8A60,il2cpp,static-observed,7.1 bulk registry type-slot construction sequence
4425,0x57F8750,0x7F8CA92,0x7F8CA99,0x8A68,il2cpp,static-observed,7.1 bulk registry type-slot construction sequence
4426,0x57F8758,0x7F8CAA0,0x7F8CAA7,0x8A70,il2cpp,static-observed,7.1 bulk registry type-slot construction sequence
4427,0x57F8760,0x7F8CAAE,0x7F8CAB5,0x8A78,il2cpp,static-observed,7.1 bulk registry type-slot construction sequence
4428,0x57F8768,0x7F8CABC,0x7F8CAC3,0x8A80,il2cpp,static-observed,7.1 bulk registry type-slot construction sequence
4429,0x57F8770,0x7F8CACA,0x7F8CAD1,0x8A88,il2cpp,static-observed,7.1 bulk registry type-slot construction sequence
4430,0x57E3F68,0x7F8CAD8,0x7F8CADF,0x8A90,il2cpp,static-observed,7.1 bulk registry type-slot construction sequence
4431,0x57D6270,0x7F8CAE6,0x7F8CAED,0x8A98,il2cpp,static-observed,7.1 bulk registry type-slot construction sequence
4432,0x57D9430,0x7F8CAF4,0x7F8CAFB,0x8AA0,il2cpp,static-observed,7.1 bulk registry type-slot construction sequence
4433,0x57F8778,0x7F8CB02,0x7F8CB09,0x8AA8,il2cpp,static-observed,7.1 bulk registry type-slot construction sequence
4434,0x57F8780,0x7F8CB10,0x7F8CB17,0x8AB0,il2cpp,static-observed,7.1 bulk registry type-slot construction sequence
4435,0x57F8788,0x7F8CB1E,0x7F8CB25,0x8AB8,il2cpp,static-observed,7.1 bulk registry type-slot construction sequence
4436,0x57F8790,0x7F8CB2C,0x7F8CB33,0x8AC0,il2cpp,static-observed,7.1 bulk registry type-slot construction sequence
4437,0x57CF880,0x7F8CB3A,0x7F8CB41,0x8AC8,il2cpp,static-observed,7.1 bulk registry type-slot construction sequence
4438,0x57F8798,0x7F8CB48,0x7F8CB4F,0x8AD0,il2cpp,static-observed,7.1 bulk registry type-slot construction sequence
4439,0x57EDA60,0x7F8CB56,0x7F8CB5D,0x8AD8,il2cpp,static-observed,7.1 bulk registry type-slot construction sequence
4440,0x57F87A0,0x7F8CB64,0x7F8CB6B,0x8AE0,il2cpp,static-observed,7.1 bulk registry type-slot construction sequence
4441,0x57EF900,0x7F8CB72,0x7F8CB79,0x8AE8,il2cpp,static-observed,7.1 bulk registry type-slot construction sequence
4442,0x57CC110,0x7F8CB80,0x7F8CB87,0x8AF0,il2cpp,static-observed,7.1 bulk registry type-slot construction sequence
4443,0x57F2358,0x7F8CB8E,0x7F8CB95,0x8AF8,il2cpp,static-observed,7.1 bulk registry type-slot construction sequence
4444,0x57EFE00,0x7F8CB9C,0x7F8CBA3,0x8B00,il2cpp,static-observed,7.1 bulk registry type-slot construction sequence
4445,0x57EA478,0x7F8CBAA,0x7F8CBB1,0x8B08,il2cpp,static-observed,7.1 bulk registry type-slot construction sequence
4446,0x57F87A8,0x7F8CBB8,0x7F8CBBF,0x8B10,il2cpp,static-observed,7.1 bulk registry type-slot construction sequence
4447,0x57F87B0,0x7F8CBC6,0x7F8CBCD,0x8B18,il2cpp,static-observed,7.1 bulk registry type-slot construction sequence
4448,0x57CA9C0,0x7F8CBD4,0x7F8CBDB,0x8B20,il2cpp,static-observed,7.1 bulk registry type-slot construction sequence
4449,0x57F87C0,0x7F8CBE2,0x7F8CBE9,0x8B28,il2cpp,static-observed,7.1 bulk registry type-slot construction sequence
4450,0x57F87C8,0x7F8CBF0,0x7F8CBF7,0x8B30,il2cpp,static-observed,7.1 bulk registry type-slot construction sequence
4451,0x57F87D0,0x7F8CBFE,0x7F8CC05,0x8B38,il2cpp,static-observed,7.1 bulk registry type-slot construction sequence
4452,0x57F87D8,0x7F8CC0C,0x7F8CC13,0x8B40,il2cpp,static-observed,7.1 bulk registry type-slot construction sequence
4453,0x57F87E0,0x7F8CC1A,0x7F8CC21,0x8B48,il2cpp,static-observed,7.1 bulk registry type-slot construction sequence
4454,0x57F87E8,0x7F8CC28,0x7F8CC2F,0x8B50,il2cpp,static-observed,7.1 bulk registry type-slot construction sequence
4455,0x57EFA28,0x7F8CC36,0x7F8CC3D,0x8B58,il2cpp,static-observed,7.1 bulk registry type-slot construction sequence
4456,0x57B4F20,0x7F8CC44,0x7F8CC4B,0x8B60,il2cpp,static-observed,7.1 bulk registry type-slot construction sequence
4457,0x57E5960,0x7F8CC52,0x7F8CC59,0x8B68,il2cpp,static-observed,7.1 bulk registry type-slot construction sequence
4458,0x57D6C48,0x7F8CC60,0x7F8CC67,0x8B70,il2cpp,static-observed,7.1 bulk registry type-slot construction sequence
4459,0x57F87F0,0x7F8CC6E,0x7F8CC75,0x8B78,il2cpp,static-observed,7.1 bulk registry type-slot construction sequence
4460,0x57F87F8,0x7F8CC7C,0x7F8CC83,0x8B80,il2cpp,static-observed,7.1 bulk registry type-slot construction sequence
4461,0x57F8800,0x7F8CC8A,0x7F8CC91,0x8B88,il2cpp,static-observed,7.1 bulk registry type-slot construction sequence
4462,0x57F8808,0x7F8CC98,0x7F8CC9F,0x8B90,il2cpp,static-observed,7.1 bulk registry type-slot construction sequence
4463,0x57F1A98,0x7F8CCA6,0x7F8CCAD,0x8B98,il2cpp,static-observed,7.1 bulk registry type-slot construction sequence
4464,0x57F8810,0x7F8CCB4,0x7F8CCBB,0x8BA0,il2cpp,static-observed,7.1 bulk registry type-slot construction sequence
4465,0x57F8818,0x7F8CCC2,0x7F8CCC9,0x8BA8,il2cpp,static-observed,7.1 bulk registry type-slot construction sequence
4466,0x57F8820,0x7F8CCD0,0x7F8CCD7,0x8BB0,il2cpp,static-observed,7.1 bulk registry type-slot construction sequence
4467,0x57CD928,0x7F8CCDE,0x7F8CCE5,0x8BB8,il2cpp,static-observed,7.1 bulk registry type-slot construction sequence
4468,0x57EEE30,0x7F8CCEC,0x7F8CCF3,0x8BC0,il2cpp,static-observed,7.1 bulk registry type-slot construction sequence
4469,0x57F8828,0x7F8CCFA,0x7F8CD01,0x8BC8,il2cpp,static-observed,7.1 bulk registry type-slot construction sequence
4470,0x57F8830,0x7F8CD08,0x7F8CD0F,0x8BD0,il2cpp,static-observed,7.1 bulk registry type-slot construction sequence
4471,0x57B2F30,0x7F8CD16,0x7F8CD1D,0x8BD8,il2cpp,static-observed,7.1 bulk registry type-slot construction sequence
4472,0x57F8838,0x7F8CD24,0x7F8CD2B,0x8BE0,il2cpp,static-observed,7.1 bulk registry type-slot construction sequence
4473,0x57F8840,0x7F8CD32,0x7F8CD39,0x8BE8,il2cpp,static-observed,7.1 bulk registry type-slot construction sequence
4474,0x57F8848,0x7F8CD40,0x7F8CD47,0x8BF0,il2cpp,static-observed,7.1 bulk registry type-slot construction sequence
4475,0x57F8850,0x7F8CD4E,0x7F8CD55,0x8BF8,il2cpp,static-observed,7.1 bulk registry type-slot construction sequence
4476,0x57B07B0,0x7F8CD5C,0x7F8CD63,0x8C00,il2cpp,static-observed,7.1 bulk registry type-slot construction sequence
4477,0x57F7A80,0x7F8CD6A,0x7F8CD71,0x8C08,il2cpp,static-observed,7.1 bulk registry type-slot construction sequence
4478,0x57F8858,0x7F8CD78,0x7F8CD7F,0x8C10,il2cpp,static-observed,7.1 bulk registry type-slot construction sequence
4479,0x57F8860,0x7F8CD86,0x7F8CD8D,0x8C18,il2cpp,static-observed,7.1 bulk registry type-slot construction sequence
4480,0x57F3748,0x7F8CD94,0x7F8CD9B,0x8C20,il2cpp,static-observed,7.1 bulk registry type-slot construction sequence
4481,0x57F8868,0x7F8CDA2,0x7F8CDA9,0x8C28,il2cpp,static-observed,7.1 bulk registry type-slot construction sequence
4482,0x57F8870,0x7F8CDB0,0x7F8CDB7,0x8C30,il2cpp,static-observed,7.1 bulk registry type-slot construction sequence
4483,0x57EABA0,0x7F8CDBE,0x7F8CDC5,0x8C38,il2cpp,static-observed,7.1 bulk registry type-slot construction sequence
4484,0x57F8878,0x7F8CDCC,0x7F8CDD3,0x8C40,il2cpp,static-observed,7.1 bulk registry type-slot construction sequence
4485,0x57F8880,0x7F8CDDA,0x7F8CDE1,0x8C48,il2cpp,static-observed,7.1 bulk registry type-slot construction sequence
4486,0x57F8888,0x7F8CDE8,0x7F8CDEF,0x8C50,il2cpp,static-observed,7.1 bulk registry type-slot construction sequence
4487,0x57F8890,0x7F8CDF6,0x7F8CDFD,0x8C58,il2cpp,static-observed,7.1 bulk registry type-slot construction sequence
4488,0x57F8898,0x7F8CE04,0x7F8CE0B,0x8C60,il2cpp,static-observed,7.1 bulk registry type-slot construction sequence
4489,0x57F88A0,0x7F8CE12,0x7F8CE19,0x8C68,il2cpp,static-observed,7.1 bulk registry type-slot construction sequence
4490,0x57F88A8,0x7F8CE20,0x7F8CE27,0x8C70,il2cpp,static-observed,7.1 bulk registry type-slot construction sequence
4491,0x57F88B0,0x7F8CE2E,0x7F8CE35,0x8C78,il2cpp,static-observed,7.1 bulk registry type-slot construction sequence
4492,0x57B1DD8,0x7F8CE3C,0x7F8CE43,0x8C80,il2cpp,static-observed,7.1 bulk registry type-slot construction sequence
4493,0x57F88B8,0x7F8CE4A,0x7F8CE51,0x8C88,il2cpp,static-observed,7.1 bulk registry type-slot construction sequence
4494,0x57E2888,0x7F8CE58,0x7F8CE5F,0x8C90,il2cpp,static-observed,7.1 bulk registry type-slot construction sequence
4495,0x57E9FE0,0x7F8CE66,0x7F8CE6D,0x8C98,il2cpp,static-observed,7.1 bulk registry type-slot construction sequence
4496,0x57F88C0,0x7F8CE74,0x7F8CE7B,0x8CA0,il2cpp,static-observed,7.1 bulk registry type-slot construction sequence
4497,0x57D5AF0,0x7F8CE82,0x7F8CE89,0x8CA8,il2cpp,static-observed,7.1 bulk registry type-slot construction sequence
4498,0x57F88C8,0x7F8CE90,0x7F8CE97,0x8CB0,il2cpp,static-observed,7.1 bulk registry type-slot construction sequence
4499,0x57F88D0,0x7F8CE9E,0x7F8CEA5,0x8CB8,il2cpp,static-observed,7.1 bulk registry type-slot construction sequence
4500,0x57F88D8,0x7F8CEAC,0x7F8CEB3,0x8CC0,il2cpp,static-observed,7.1 bulk registry type-slot construction sequence
4501,0x57C80B8,0x7F8CEBA,0x7F8CEC1,0x8CC8,il2cpp,static-observed,7.1 bulk registry type-slot construction sequence
4502,0x57F88E0,0x7F8CEC8,0x7F8CECF,0x8CD0,il2cpp,static-observed,7.1 bulk registry type-slot construction sequence
4503,0x57F88E8,0x7F8CED6,0x7F8CEDD,0x8CD8,il2cpp,static-observed,7.1 bulk registry type-slot construction sequence
4504,0x57DAEE0,0x7F8CEE4,0x7F8CEEB,0x8CE0,il2cpp,static-observed,7.1 bulk registry type-slot construction sequence
4505,0x57F88F0,0x7F8CEF2,0x7F8CEF9,0x8CE8,il2cpp,static-observed,7.1 bulk registry type-slot construction sequence
4506,0x57F88F8,0x7F8CF00,0x7F8CF07,0x8CF0,il2cpp,static-observed,7.1 bulk registry type-slot construction sequence
4507,0x57F8900,0x7F8CF0E,0x7F8CF15,0x8CF8,il2cpp,static-observed,7.1 bulk registry type-slot construction sequence
4508,0x57F8908,0x7F8CF1C,0x7F8CF23,0x8D00,il2cpp,static-observed,7.1 bulk registry type-slot construction sequence
4509,0x57E39E0,0x7F8CF2A,0x7F8CF31,0x8D08,il2cpp,static-observed,7.1 bulk registry type-slot construction sequence
4510,0x57F8910,0x7F8CF38,0x7F8CF3F,0x8D10,il2cpp,static-observed,7.1 bulk registry type-slot construction sequence
4511,0x57F8918,0x7F8CF46,0x7F8CF4D,0x8D18,il2cpp,static-observed,7.1 bulk registry type-slot construction sequence
4512,0x57CB8E0,0x7F8CF54,0x7F8CF5B,0x8D20,il2cpp,static-observed,7.1 bulk registry type-slot construction sequence
4513,0x57B2B60,0x7F8CF62,0x7F8CF69,0x8D28,il2cpp,static-observed,7.1 bulk registry type-slot construction sequence
4514,0x57F8920,0x7F8CF70,0x7F8CF77,0x8D30,il2cpp,static-observed,7.1 bulk registry type-slot construction sequence
4515,0x57F8928,0x7F8CF7E,0x7F8CF85,0x8D38,il2cpp,static-observed,7.1 bulk registry type-slot construction sequence
4516,0x57F8930,0x7F8CF8C,0x7F8CF93,0x8D40,il2cpp,static-observed,7.1 bulk registry type-slot construction sequence
4517,0x57F11D0,0x7F8CF9A,0x7F8CFA1,0x8D48,il2cpp,static-observed,7.1 bulk registry type-slot construction sequence
4518,0x57D2E78,0x7F8CFA8,0x7F8CFAF,0x8D50,il2cpp,static-observed,7.1 bulk registry type-slot construction sequence
4519,0x57F8938,0x7F8CFB6,0x7F8CFBD,0x8D58,il2cpp,static-observed,7.1 bulk registry type-slot construction sequence
4520,0x57F8940,0x7F8CFC4,0x7F8CFCB,0x8D60,il2cpp,static-observed,7.1 bulk registry type-slot construction sequence
4521,0x57B54D0,0x7F8CFD2,0x7F8CFD9,0x8D68,il2cpp,static-observed,7.1 bulk registry type-slot construction sequence
4522,0x57DD418,0x7F8CFE0,0x7F8CFE7,0x8D70,il2cpp,static-observed,7.1 bulk registry type-slot construction sequence
4523,0x57EEE08,0x7F8CFEE,0x7F8CFF5,0x8D78,il2cpp,static-observed,7.1 bulk registry type-slot construction sequence
4524,0x57F1D30,0x7F8CFFC,0x7F8D003,0x8D80,il2cpp,static-observed,7.1 bulk registry type-slot construction sequence
4525,0x57C6788,0x7F8D00A,0x7F8D011,0x8D88,il2cpp,static-observed,7.1 bulk registry type-slot construction sequence
4526,0x57F8948,0x7F8D018,0x7F8D01F,0x8D90,il2cpp,static-observed,7.1 bulk registry type-slot construction sequence
4527,0x57C7D60,0x7F8D026,0x7F8D02D,0x8D98,il2cpp,static-observed,7.1 bulk registry type-slot construction sequence
4528,0x57F8950,0x7F8D034,0x7F8D03B,0x8DA0,il2cpp,static-observed,7.1 bulk registry type-slot construction sequence
4529,0x57F3038,0x7F8D042,0x7F8D049,0x8DA8,il2cpp,static-observed,7.1 bulk registry type-slot construction sequence
4530,0x57B4FC0,0x7F8D050,0x7F8D057,0x8DB0,il2cpp,static-observed,7.1 bulk registry type-slot construction sequence
4531,0x57E6C18,0x7F8D05E,0x7F8D065,0x8DB8,il2cpp,static-observed,7.1 bulk registry type-slot construction sequence
4532,0x57F8958,0x7F8D06C,0x7F8D073,0x8DC0,il2cpp,static-observed,7.1 bulk registry type-slot construction sequence
4533,0x57F8960,0x7F8D07A,0x7F8D081,0x8DC8,il2cpp,static-observed,7.1 bulk registry type-slot construction sequence
4534,0x57EE0A0,0x7F8D088,0x7F8D08F,0x8DD0,il2cpp,static-observed,7.1 bulk registry type-slot construction sequence
4535,0x57F8968,0x7F8D096,0x7F8D09D,0x8DD8,il2cpp,static-observed,7.1 bulk registry type-slot construction sequence
4536,0x57C4CC0,0x7F8D0A4,0x7F8D0AB,0x8DE0,il2cpp,static-observed,7.1 bulk registry type-slot construction sequence
4537,0x57EE648,0x7F8D0B2,0x7F8D0B9,0x8DE8,il2cpp,static-observed,7.1 bulk registry type-slot construction sequence
4538,0x57F8970,0x7F8D0C0,0x7F8D0C7,0x8DF0,il2cpp,static-observed,7.1 bulk registry type-slot construction sequence
4539,0x57F8978,0x7F8D0CE,0x7F8D0D5,0x8DF8,il2cpp,static-observed,7.1 bulk registry type-slot construction sequence
4540,0x57DFA78,0x7F8D0DC,0x7F8D0E3,0x8E00,il2cpp,static-observed,7.1 bulk registry type-slot construction sequence
4541,0x57F8980,0x7F8D0EA,0x7F8D0F1,0x8E08,il2cpp,static-observed,7.1 bulk registry type-slot construction sequence
4542,0x57F8988,0x7F8D0F8,0x7F8D0FF,0x8E10,il2cpp,static-observed,7.1 bulk registry type-slot construction sequence
4543,0x57F8990,0x7F8D106,0x7F8D10D,0x8E18,il2cpp,static-observed,7.1 bulk registry type-slot construction sequence
4544,0x57E0F90,0x7F8D114,0x7F8D11B,0x8E20,il2cpp,static-observed,7.1 bulk registry type-slot construction sequence
4545,0x57E1840,0x7F8D122,0x7F8D129,0x8E28,il2cpp,static-observed,7.1 bulk registry type-slot construction sequence
4546,0x57F8998,0x7F8D130,0x7F8D137,0x8E30,il2cpp,static-observed,7.1 bulk registry type-slot construction sequence
4547,0x57F14A0,0x7F8D13E,0x7F8D145,0x8E38,il2cpp,static-observed,7.1 bulk registry type-slot construction sequence
4548,0x57F89A0,0x7F8D14C,0x7F8D153,0x8E40,il2cpp,static-observed,7.1 bulk registry type-slot construction sequence
4549,0x57DE1C8,0x7F8D15A,0x7F8D161,0x8E48,il2cpp,static-observed,7.1 bulk registry type-slot construction sequence
4550,0x57F89A8,0x7F8D168,0x7F8D16F,0x8E50,il2cpp,static-observed,7.1 bulk registry type-slot construction sequence
4551,0x57F89B0,0x7F8D176,0x7F8D17D,0x8E58,il2cpp,static-observed,7.1 bulk registry type-slot construction sequence
4552,0x57EF608,0x7F8D184,0x7F8D18B,0x8E60,il2cpp,static-observed,7.1 bulk registry type-slot construction sequence
4553,0x57C90B0,0x7F8D192,0x7F8D199,0x8E68,il2cpp,static-observed,7.1 bulk registry type-slot construction sequence
4554,0x57EB430,0x7F8D1A0,0x7F8D1A7,0x8E70,il2cpp,static-observed,7.1 bulk registry type-slot construction sequence
4555,0x57F0910,0x7F8D1AE,0x7F8D1B5,0x8E78,il2cpp,static-observed,7.1 bulk registry type-slot construction sequence
4556,0x57E01F8,0x7F8D1BC,0x7F8D1C3,0x8E80,il2cpp,static-observed,7.1 bulk registry type-slot construction sequence
4557,0x57F1B18,0x7F8D1CA,0x7F8D1D1,0x8E88,il2cpp,static-observed,7.1 bulk registry type-slot construction sequence
4558,0x57F89B8,0x7F8D1D8,0x7F8D1DF,0x8E90,il2cpp,static-observed,7.1 bulk registry type-slot construction sequence
4559,0x57D86B8,0x7F8D1E6,0x7F8D1ED,0x8E98,il2cpp,static-observed,7.1 bulk registry type-slot construction sequence
4560,0x57F36C0,0x7F8D1F4,0x7F8D1FB,0x8EA0,il2cpp,static-observed,7.1 bulk registry type-slot construction sequence
4561,0x57DC750,0x7F8D202,0x7F8D209,0x8EA8,il2cpp,static-observed,7.1 bulk registry type-slot construction sequence
4562,0x57F89C0,0x7F8D210,0x7F8D217,0x8EB0,il2cpp,static-observed,7.1 bulk registry type-slot construction sequence
4563,0x57F89C8,0x7F8D21E,0x7F8D225,0x8EB8,il2cpp,static-observed,7.1 bulk registry type-slot construction sequence
4564,0x57B4150,0x7F8D22C,0x7F8D233,0x8EC0,il2cpp,static-observed,7.1 bulk registry type-slot construction sequence
4565,0x57F89D0,0x7F8D23A,0x7F8D241,0x8EC8,il2cpp,static-observed,7.1 bulk registry type-slot construction sequence
4566,0x57D9AD8,0x7F8D248,0x7F8D24F,0x8ED0,il2cpp,static-observed,7.1 bulk registry type-slot construction sequence
4567,0x57F89D8,0x7F8D256,0x7F8D25D,0x8ED8,il2cpp,static-observed,7.1 bulk registry type-slot construction sequence
4568,0x57F89E0,0x7F8D264,0x7F8D26B,0x8EE0,il2cpp,static-observed,7.1 bulk registry type-slot construction sequence
4569,0x57F89E8,0x7F8D272,0x7F8D279,0x8EE8,il2cpp,static-observed,7.1 bulk registry type-slot construction sequence
4570,0x57F89F0,0x7F8D280,0x7F8D287,0x8EF0,il2cpp,static-observed,7.1 bulk registry type-slot construction sequence
4571,0x57F89F8,0x7F8D28E,0x7F8D295,0x8EF8,il2cpp,static-observed,7.1 bulk registry type-slot construction sequence
4572,0x57DA6B8,0x7F8D29C,0x7F8D2A3,0x8F00,il2cpp,static-observed,7.1 bulk registry type-slot construction sequence
4573,0x57C79D8,0x7F8D2AA,0x7F8D2B1,0x8F08,il2cpp,static-observed,7.1 bulk registry type-slot construction sequence
4574,0x57F8A00,0x7F8D2B8,0x7F8D2BF,0x8F10,il2cpp,static-observed,7.1 bulk registry type-slot construction sequence
4575,0x57D4778,0x7F8D2C6,0x7F8D2CD,0x8F18,il2cpp,static-observed,7.1 bulk registry type-slot construction sequence
4576,0x57F8A08,0x7F8D2D4,0x7F8D2DB,0x8F20,il2cpp,static-observed,7.1 bulk registry type-slot construction sequence
4577,0x57DC5C0,0x7F8D2E2,0x7F8D2E9,0x8F28,il2cpp,static-observed,7.1 bulk registry type-slot construction sequence
4578,0x57CE4A8,0x7F8D2F0,0x7F8D2F7,0x8F30,il2cpp,static-observed,7.1 bulk registry type-slot construction sequence
4579,0x57F8A10,0x7F8D2FE,0x7F8D305,0x8F38,il2cpp,static-observed,7.1 bulk registry type-slot construction sequence
4580,0x57F8A18,0x7F8D30C,0x7F8D313,0x8F40,il2cpp,static-observed,7.1 bulk registry type-slot construction sequence
4581,0x57C9908,0x7F8D31A,0x7F8D321,0x8F48,il2cpp,static-observed,7.1 bulk registry type-slot construction sequence
4582,0x57F8A20,0x7F8D328,0x7F8D32F,0x8F50,il2cpp,static-observed,7.1 bulk registry type-slot construction sequence
4583,0x57F8A28,0x7F8D336,0x7F8D33D,0x8F58,il2cpp,static-observed,7.1 bulk registry type-slot construction sequence
4584,0x57F8A30,0x7F8D344,0x7F8D34B,0x8F60,il2cpp,static-observed,7.1 bulk registry type-slot construction sequence
4585,0x57F8A38,0x7F8D352,0x7F8D359,0x8F68,il2cpp,static-observed,7.1 bulk registry type-slot construction sequence
4586,0x57F8A40,0x7F8D360,0x7F8D367,0x8F70,il2cpp,static-observed,7.1 bulk registry type-slot construction sequence
4587,0x57D4C78,0x7F8D36E,0x7F8D375,0x8F78,il2cpp,static-observed,7.1 bulk registry type-slot construction sequence
4588,0x57F8A48,0x7F8D37C,0x7F8D383,0x8F80,il2cpp,static-observed,7.1 bulk registry type-slot construction sequence
4589,0x57B58C0,0x7F8D38A,0x7F8D391,0x8F88,il2cpp,static-observed,7.1 bulk registry type-slot construction sequence
4590,0x57F8A50,0x7F8D398,0x7F8D39F,0x8F90,il2cpp,static-observed,7.1 bulk registry type-slot construction sequence
4591,0x57F8A58,0x7F8D3A6,0x7F8D3AD,0x8F98,il2cpp,static-observed,7.1 bulk registry type-slot construction sequence
4592,0x57F8A60,0x7F8D3B4,0x7F8D3BB,0x8FA0,il2cpp,static-observed,7.1 bulk registry type-slot construction sequence
4593,0x57F8A68,0x7F8D3C2,0x7F8D3C9,0x8FA8,il2cpp,static-observed,7.1 bulk registry type-slot construction sequence
4594,0x57F8A70,0x7F8D3D0,0x7F8D3D7,0x8FB0,il2cpp,static-observed,7.1 bulk registry type-slot construction sequence
4595,0x57F8A78,0x7F8D3DE,0x7F8D3E5,0x8FB8,il2cpp,static-observed,7.1 bulk registry type-slot construction sequence
4596,0x57AF730,0x7F8D3EC,0x7F8D3F3,0x8FC0,il2cpp,static-observed,7.1 bulk registry type-slot construction sequence
4597,0x57F8A80,0x7F8D3FA,0x7F8D401,0x8FC8,il2cpp,static-observed,7.1 bulk registry type-slot construction sequence
4598,0x57F8A88,0x7F8D408,0x7F8D40F,0x8FD0,il2cpp,static-observed,7.1 bulk registry type-slot construction sequence
4599,0x57F8A90,0x7F8D416,0x7F8D41D,0x8FD8,il2cpp,static-observed,7.1 bulk registry type-slot construction sequence
4600,0x57F8A98,0x7F8D424,0x7F8D42B,0x8FE0,il2cpp,static-observed,7.1 bulk registry type-slot construction sequence
4601,0x57F8AA0,0x7F8D432,0x7F8D439,0x8FE8,il2cpp,static-observed,7.1 bulk registry type-slot construction sequence
4602,0x57F8AA8,0x7F8D440,0x7F8D447,0x8FF0,il2cpp,static-observed,7.1 bulk registry type-slot construction sequence
4603,0x57F8AB0,0x7F8D44E,0x7F8D455,0x8FF8,il2cpp,static-observed,7.1 bulk registry type-slot construction sequence
4604,0x57F8AB8,0x7F8D45C,0x7F8D463,0x9000,il2cpp,static-observed,7.1 bulk registry type-slot construction sequence
4605,0x57F8AC0,0x7F8D46A,0x7F8D471,0x9008,il2cpp,static-observed,7.1 bulk registry type-slot construction sequence
4606,0x57F8AD0,0x7F8D478,0x7F8D47F,0x9010,il2cpp,static-observed,7.1 bulk registry type-slot construction sequence
4607,0x57F8AD8,0x7F8D486,0x7F8D48D,0x9018,il2cpp,static-observed,7.1 bulk registry type-slot construction sequence
4608,0x57CCAE0,0x7F8D494,0x7F8D49B,0x9020,il2cpp,static-observed,7.1 bulk registry type-slot construction sequence
4609,0x57F8AE0,0x7F8D4A2,0x7F8D4A9,0x9028,il2cpp,static-observed,7.1 bulk registry type-slot construction sequence
4610,0x57DDF40,0x7F8D4B0,0x7F8D4B7,0x9030,il2cpp,static-observed,7.1 bulk registry type-slot construction sequence
4611,0x57F8AE8,0x7F8D4BE,0x7F8D4C5,0x9038,il2cpp,static-observed,7.1 bulk registry type-slot construction sequence
4612,0x57F8AF0,0x7F8D4CC,0x7F8D4D3,0x9040,il2cpp,static-observed,7.1 bulk registry type-slot construction sequence
4613,0x57EA010,0x7F8D4DA,0x7F8D4E1,0x9048,il2cpp,static-observed,7.1 bulk registry type-slot construction sequence
4614,0x57F8AF8,0x7F8D4E8,0x7F8D4EF,0x9050,il2cpp,static-observed,7.1 bulk registry type-slot construction sequence
4615,0x57F8B00,0x7F8D4F6,0x7F8D4FD,0x9058,il2cpp,static-observed,7.1 bulk registry type-slot construction sequence
4616,0x57F8B08,0x7F8D504,0x7F8D50B,0x9060,il2cpp,static-observed,7.1 bulk registry type-slot construction sequence
4617,0x57F8B10,0x7F8D512,0x7F8D519,0x9068,il2cpp,static-observed,7.1 bulk registry type-slot construction sequence
4618,0x57F8B18,0x7F8D520,0x7F8D527,0x9070,il2cpp,static-observed,7.1 bulk registry type-slot construction sequence
4619,0x57F8B20,0x7F8D52E,0x7F8D535,0x9078,il2cpp,static-observed,7.1 bulk registry type-slot construction sequence
4620,0x57F8B28,0x7F8D53C,0x7F8D543,0x9080,il2cpp,static-observed,7.1 bulk registry type-slot construction sequence
4621,0x57F8B30,0x7F8D54A,0x7F8D551,0x9088,il2cpp,static-observed,7.1 bulk registry type-slot construction sequence
4622,0x57F8B38,0x7F8D558,0x7F8D55F,0x9090,il2cpp,static-observed,7.1 bulk registry type-slot construction sequence
4623,0x57F8B40,0x7F8D566,0x7F8D56D,0x9098,il2cpp,static-observed,7.1 bulk registry type-slot construction sequence
4624,0x57F8B48,0x7F8D574,0x7F8D57B,0x90A0,il2cpp,static-observed,7.1 bulk registry type-slot construction sequence
4625,0x57F8B50,0x7F8D582,0x7F8D589,0x90A8,il2cpp,static-observed,7.1 bulk registry type-slot construction sequence
4626,0x57F8B58,0x7F8D590,0x7F8D597,0x90B0,il2cpp,static-observed,7.1 bulk registry type-slot construction sequence
4627,0x57F8B60,0x7F8D59E,0x7F8D5A5,0x90B8,il2cpp,static-observed,7.1 bulk registry type-slot construction sequence
4628,0x57F8B68,0x7F8D5AC,0x7F8D5B3,0x90C0,il2cpp,static-observed,7.1 bulk registry type-slot construction sequence
4629,0x57F8B70,0x7F8D5BA,0x7F8D5C1,0x90C8,il2cpp,static-observed,7.1 bulk registry type-slot construction sequence
4630,0x57F8B78,0x7F8D5C8,0x7F8D5CF,0x90D0,il2cpp,static-observed,7.1 bulk registry type-slot construction sequence
4631,0x57F8B80,0x7F8D5D6,0x7F8D5DD,0x90D8,il2cpp,static-observed,7.1 bulk registry type-slot construction sequence
4632,0x57ECBD8,0x7F8D5E4,0x7F8D5EB,0x90E0,il2cpp,static-observed,7.1 bulk registry type-slot construction sequence
4633,0x57F8B88,0x7F8D5F2,0x7F8D5F9,0x90E8,il2cpp,static-observed,7.1 bulk registry type-slot construction sequence
4634,0x57F8B98,0x7F8D600,0x7F8D607,0x90F0,il2cpp,static-observed,7.1 bulk registry type-slot construction sequence
4635,0x57F8BA0,0x7F8D60E,0x7F8D615,0x90F8,il2cpp,static-observed,7.1 bulk registry type-slot construction sequence
4636,0x57CF170,0x7F8D61C,0x7F8D623,0x9100,il2cpp,static-observed,7.1 bulk registry type-slot construction sequence
4637,0x57D8718,0x7F8D62A,0x7F8D631,0x9108,il2cpp,static-observed,7.1 bulk registry type-slot construction sequence
4638,0x57F12A0,0x7F8D638,0x7F8D63F,0x9110,il2cpp,static-observed,7.1 bulk registry type-slot construction sequence
4639,0x57B5348,0x7F8D646,0x7F8D64D,0x9118,il2cpp,static-observed,7.1 bulk registry type-slot construction sequence
4640,0x57F8BA8,0x7F8D654,0x7F8D65B,0x9120,il2cpp,static-observed,7.1 bulk registry type-slot construction sequence
4641,0x57ECB48,0x7F8D662,0x7F8D669,0x9128,il2cpp,static-observed,7.1 bulk registry type-slot construction sequence
4642,0x57F8BB0,0x7F8D670,0x7F8D677,0x9130,il2cpp,static-observed,7.1 bulk registry type-slot construction sequence
4643,0x57B2700,0x7F8D67E,0x7F8D685,0x9138,il2cpp,static-observed,7.1 bulk registry type-slot construction sequence
4644,0x57DC4E8,0x7F8D68C,0x7F8D693,0x9140,il2cpp,static-observed,7.1 bulk registry type-slot construction sequence
4645,0x57F8BB8,0x7F8D69A,0x7F8D6A1,0x9148,il2cpp,static-observed,7.1 bulk registry type-slot construction sequence
4646,0x57F8BC0,0x7F8D6A8,0x7F8D6AF,0x9150,il2cpp,static-observed,7.1 bulk registry type-slot construction sequence
4647,0x57F8BC8,0x7F8D6B6,0x7F8D6BD,0x9158,il2cpp,static-observed,7.1 bulk registry type-slot construction sequence
4648,0x57F8BD0,0x7F8D6C4,0x7F8D6CB,0x9160,il2cpp,static-observed,7.1 bulk registry type-slot construction sequence
4649,0x57F8BD8,0x7F8D6D2,0x7F8D6D9,0x9168,il2cpp,static-observed,7.1 bulk registry type-slot construction sequence
4650,0x57DD838,0x7F8D6E0,0x7F8D6E7,0x9170,il2cpp,static-observed,7.1 bulk registry type-slot construction sequence
4651,0x57D1DA8,0x7F8D6EE,0x7F8D6F5,0x9178,il2cpp,static-observed,7.1 bulk registry type-slot construction sequence
4652,0x57F8BE0,0x7F8D6FC,0x7F8D703,0x9180,il2cpp,static-observed,7.1 bulk registry type-slot construction sequence
4653,0x57F8BE8,0x7F8D70A,0x7F8D711,0x9188,il2cpp,static-observed,7.1 bulk registry type-slot construction sequence
4654,0x57F8BF0,0x7F8D718,0x7F8D71F,0x9190,il2cpp,static-observed,7.1 bulk registry type-slot construction sequence
4655,0x57F8BF8,0x7F8D726,0x7F8D72D,0x9198,il2cpp,static-observed,7.1 bulk registry type-slot construction sequence
4656,0x57F8C00,0x7F8D734,0x7F8D73B,0x91A0,il2cpp,static-observed,7.1 bulk registry type-slot construction sequence
4657,0x57F8C08,0x7F8D742,0x7F8D749,0x91A8,il2cpp,static-observed,7.1 bulk registry type-slot construction sequence
4658,0x57E9558,0x7F8D750,0x7F8D757,0x91B0,il2cpp,static-observed,7.1 bulk registry type-slot construction sequence
4659,0x57F8C10,0x7F8D75E,0x7F8D765,0x91B8,il2cpp,static-observed,7.1 bulk registry type-slot construction sequence
4660,0x57F8C18,0x7F8D76C,0x7F8D773,0x91C0,il2cpp,static-observed,7.1 bulk registry type-slot construction sequence
4661,0x57CE850,0x7F8D77A,0x7F8D781,0x91C8,il2cpp,static-observed,7.1 bulk registry type-slot construction sequence
4662,0x57C5048,0x7F8D788,0x7F8D78F,0x91D0,il2cpp,static-observed,7.1 bulk registry type-slot construction sequence
4663,0x57F8C20,0x7F8D796,0x7F8D79D,0x91D8,il2cpp,static-observed,7.1 bulk registry type-slot construction sequence
4664,0x57F8C28,0x7F8D7A4,0x7F8D7AB,0x91E0,il2cpp,static-observed,7.1 bulk registry type-slot construction sequence
4665,0x57EB338,0x7F8D7B2,0x7F8D7B9,0x91E8,il2cpp,static-observed,7.1 bulk registry type-slot construction sequence
4666,0x57F8C30,0x7F8D7C0,0x7F8D7C7,0x91F0,il2cpp,static-observed,7.1 bulk registry type-slot construction sequence
4667,0x57D4D40,0x7F8D7CE,0x7F8D7D5,0x91F8,il2cpp,static-observed,7.1 bulk registry type-slot construction sequence
4668,0x57EE618,0x7F8D7DC,0x7F8D7E3,0x9200,il2cpp,static-observed,7.1 bulk registry type-slot construction sequence
4669,0x57F8C38,0x7F8D7EA,0x7F8D7F1,0x9208,il2cpp,static-observed,7.1 bulk registry type-slot construction sequence
4670,0x57F8C48,0x7F8D7F8,0x7F8D7FF,0x9210,il2cpp,static-observed,7.1 bulk registry type-slot construction sequence
4671,0x57F8C50,0x7F8D806,0x7F8D80D,0x9218,il2cpp,static-observed,7.1 bulk registry type-slot construction sequence
4672,0x57CDDE8,0x7F8D814,0x7F8D81B,0x9220,il2cpp,static-observed,7.1 bulk registry type-slot construction sequence
4673,0x57F8C58,0x7F8D822,0x7F8D829,0x9228,il2cpp,static-observed,7.1 bulk registry type-slot construction sequence
4674,0x57F0FF8,0x7F8D830,0x7F8D837,0x9230,il2cpp,static-observed,7.1 bulk registry type-slot construction sequence
4675,0x57F8C60,0x7F8D83E,0x7F8D845,0x9238,il2cpp,static-observed,7.1 bulk registry type-slot construction sequence
4676,0x57DE658,0x7F8D84C,0x7F8D853,0x9240,il2cpp,static-observed,7.1 bulk registry type-slot construction sequence
4677,0x57C52D0,0x7F8D85A,0x7F8D861,0x9248,il2cpp,static-observed,7.1 bulk registry type-slot construction sequence
4678,0x57F8C68,0x7F8D868,0x7F8D86F,0x9250,il2cpp,static-observed,7.1 bulk registry type-slot construction sequence
4679,0x57F8C70,0x7F8D876,0x7F8D87D,0x9258,il2cpp,static-observed,7.1 bulk registry type-slot construction sequence
4680,0x57F3500,0x7F8D884,0x7F8D88B,0x9260,il2cpp,static-observed,7.1 bulk registry type-slot construction sequence
4681,0x57B4CE0,0x7F8D892,0x7F8D899,0x9268,il2cpp,static-observed,7.1 bulk registry type-slot construction sequence
4682,0x57F8C78,0x7F8D8A0,0x7F8D8A7,0x9270,il2cpp,static-observed,7.1 bulk registry type-slot construction sequence
4683,0x57F8C80,0x7F8D8AE,0x7F8D8B5,0x9278,il2cpp,static-observed,7.1 bulk registry type-slot construction sequence
4684,0x57E95A8,0x7F8D8BC,0x7F8D8C3,0x9280,il2cpp,static-observed,7.1 bulk registry type-slot construction sequence
4685,0x57F8C88,0x7F8D8CA,0x7F8D8D1,0x9288,il2cpp,static-observed,7.1 bulk registry type-slot construction sequence
4686,0x57F8C90,0x7F8D8D8,0x7F8D8DF,0x9290,il2cpp,static-observed,7.1 bulk registry type-slot construction sequence
4687,0x57B27F0,0x7F8D8E6,0x7F8D8ED,0x9298,il2cpp,static-observed,7.1 bulk registry type-slot construction sequence
4688,0x57D0818,0x7F8D8F4,0x7F8D8FB,0x92A0,il2cpp,static-observed,7.1 bulk registry type-slot construction sequence
4689,0x57F8C98,0x7F8D902,0x7F8D909,0x92A8,il2cpp,static-observed,7.1 bulk registry type-slot construction sequence
4690,0x57F8CA0,0x7F8D910,0x7F8D917,0x92B0,il2cpp,static-observed,7.1 bulk registry type-slot construction sequence
4691,0x57E74E8,0x7F8D91E,0x7F8D925,0x92B8,il2cpp,static-observed,7.1 bulk registry type-slot construction sequence
4692,0x57F8CA8,0x7F8D92C,0x7F8D933,0x92C0,il2cpp,static-observed,7.1 bulk registry type-slot construction sequence
4693,0x57F8CB0,0x7F8D93A,0x7F8D941,0x92C8,il2cpp,static-observed,7.1 bulk registry type-slot construction sequence
4694,0x57B2A40,0x7F8D948,0x7F8D94F,0x92D0,il2cpp,static-observed,7.1 bulk registry type-slot construction sequence
4695,0x57F8CB8,0x7F8D956,0x7F8D95D,0x92D8,il2cpp,static-observed,7.1 bulk registry type-slot construction sequence
4696,0x57F8CC0,0x7F8D964,0x7F8D96B,0x92E0,il2cpp,static-observed,7.1 bulk registry type-slot construction sequence
4697,0x57F8CC8,0x7F8D972,0x7F8D979,0x92E8,il2cpp,static-observed,7.1 bulk registry type-slot construction sequence
4698,0x57DB6A0,0x7F8D980,0x7F8D987,0x92F0,il2cpp,static-observed,7.1 bulk registry type-slot construction sequence
4699,0x57F8CD0,0x7F8D98E,0x7F8D995,0x92F8,il2cpp,static-observed,7.1 bulk registry type-slot construction sequence
4700,0x57F8CD8,0x7F8D99C,0x7F8D9A3,0x9300,il2cpp,static-observed,7.1 bulk registry type-slot construction sequence
4701,0x57F8CE0,0x7F8D9AA,0x7F8D9B1,0x9308,il2cpp,static-observed,7.1 bulk registry type-slot construction sequence
4702,0x57F1328,0x7F8D9B8,0x7F8D9BF,0x9310,il2cpp,static-observed,7.1 bulk registry type-slot construction sequence
4703,0x57F8CE8,0x7F8D9C6,0x7F8D9CD,0x9318,il2cpp,static-observed,7.1 bulk registry type-slot construction sequence
4704,0x57F8CF0,0x7F8D9D4,0x7F8D9DB,0x9320,il2cpp,static-observed,7.1 bulk registry type-slot construction sequence
4705,0x57E17B8,0x7F8D9E2,0x7F8D9E9,0x9328,il2cpp,static-observed,7.1 bulk registry type-slot construction sequence
4706,0x57F8CF8,0x7F8D9F0,0x7F8D9F7,0x9330,il2cpp,static-observed,7.1 bulk registry type-slot construction sequence
4707,0x57F8D00,0x7F8D9FE,0x7F8DA05,0x9338,il2cpp,static-observed,7.1 bulk registry type-slot construction sequence
4708,0x57F8D08,0x7F8DA0C,0x7F8DA13,0x9340,il2cpp,static-observed,7.1 bulk registry type-slot construction sequence
4709,0x57F20B0,0x7F8DA1A,0x7F8DA21,0x9348,il2cpp,static-observed,7.1 bulk registry type-slot construction sequence
4710,0x57B29C8,0x7F8DA28,0x7F8DA2F,0x9350,il2cpp,static-observed,7.1 bulk registry type-slot construction sequence
4711,0x57F8AC8,0x7F8DA36,0x7F8DA3D,0x9358,il2cpp,static-observed,7.1 bulk registry type-slot construction sequence
4712,0x57F8D10,0x7F8DA44,0x7F8DA4B,0x9360,il2cpp,static-observed,7.1 bulk registry type-slot construction sequence
4713,0x57F8D18,0x7F8DA52,0x7F8DA59,0x9368,il2cpp,static-observed,7.1 bulk registry type-slot construction sequence
4714,0x57F8D20,0x7F8DA60,0x7F8DA67,0x9370,il2cpp,static-observed,7.1 bulk registry type-slot construction sequence
4715,0x57F0F00,0x7F8DA6E,0x7F8DA75,0x9378,il2cpp,static-observed,7.1 bulk registry type-slot construction sequence
4716,0x57E5118,0x7F8DA7C,0x7F8DA83,0x9380,il2cpp,static-observed,7.1 bulk registry type-slot construction sequence
4717,0x57F8D28,0x7F8DA8A,0x7F8DA91,0x9388,il2cpp,static-observed,7.1 bulk registry type-slot construction sequence
4718,0x57F8D30,0x7F8DA98,0x7F8DA9F,0x9390,il2cpp,static-observed,7.1 bulk registry type-slot construction sequence
4719,0x57E42C8,0x7F8DAA6,0x7F8DAAD,0x9398,il2cpp,static-observed,7.1 bulk registry type-slot construction sequence
4720,0x57F1BF8,0x7F8DAB4,0x7F8DABB,0x93A0,il2cpp,static-observed,7.1 bulk registry type-slot construction sequence
4721,0x57F8D38,0x7F8DAC2,0x7F8DAC9,0x93A8,il2cpp,static-observed,7.1 bulk registry type-slot construction sequence
4722,0x57F8D40,0x7F8DAD0,0x7F8DAD7,0x93B0,il2cpp,static-observed,7.1 bulk registry type-slot construction sequence
4723,0x57F8D48,0x7F8DADE,0x7F8DAE5,0x93B8,il2cpp,static-observed,7.1 bulk registry type-slot construction sequence
4724,0x57F8D50,0x7F8DAEC,0x7F8DAF3,0x93C0,il2cpp,static-observed,7.1 bulk registry type-slot construction sequence
4725,0x57EFFF8,0x7F8DAFA,0x7F8DB01,0x93C8,il2cpp,static-observed,7.1 bulk registry type-slot construction sequence
4726,0x57F8D58,0x7F8DB08,0x7F8DB0F,0x93D0,il2cpp,static-observed,7.1 bulk registry type-slot construction sequence
4727,0x57F8D60,0x7F8DB16,0x7F8DB1D,0x93D8,il2cpp,static-observed,7.1 bulk registry type-slot construction sequence
4728,0x57F8D68,0x7F8DB24,0x7F8DB2B,0x93E0,il2cpp,static-observed,7.1 bulk registry type-slot construction sequence
4729,0x57F8D70,0x7F8DB32,0x7F8DB39,0x93E8,il2cpp,static-observed,7.1 bulk registry type-slot construction sequence
4730,0x57F8D78,0x7F8DB40,0x7F8DB47,0x93F0,il2cpp,static-observed,7.1 bulk registry type-slot construction sequence
4731,0x57F8D80,0x7F8DB4E,0x7F8DB55,0x93F8,il2cpp,static-observed,7.1 bulk registry type-slot construction sequence
4732,0x57F8D88,0x7F8DB5C,0x7F8DB63,0x9400,il2cpp,static-observed,7.1 bulk registry type-slot construction sequence
4733,0x57F8D90,0x7F8DB6A,0x7F8DB71,0x9408,il2cpp,static-observed,7.1 bulk registry type-slot construction sequence
4734,0x57F8D98,0x7F8DB78,0x7F8DB7F,0x9410,il2cpp,static-observed,7.1 bulk registry type-slot construction sequence
4735,0x57F8DA0,0x7F8DB86,0x7F8DB8D,0x9418,il2cpp,static-observed,7.1 bulk registry type-slot construction sequence
4736,0x57F8DA8,0x7F8DB94,0x7F8DB9B,0x9420,il2cpp,static-observed,7.1 bulk registry type-slot construction sequence
4737,0x57F8DB0,0x7F8DBA2,0x7F8DBA9,0x9428,il2cpp,static-observed,7.1 bulk registry type-slot construction sequence
4738,0x57F3688,0x7F8DBB0,0x7F8DBB7,0x9430,il2cpp,static-observed,7.1 bulk registry type-slot construction sequence
4739,0x57F8DB8,0x7F8DBBE,0x7F8DBC5,0x9438,il2cpp,static-observed,7.1 bulk registry type-slot construction sequence
4740,0x57F8DC0,0x7F8DBCC,0x7F8DBD3,0x9440,il2cpp,static-observed,7.1 bulk registry type-slot construction sequence
4741,0x57D8EC8,0x7F8DBDA,0x7F8DBE1,0x9448,il2cpp,static-observed,7.1 bulk registry type-slot construction sequence
4742,0x57C9548,0x7F8DBE8,0x7F8DBEF,0x9450,il2cpp,static-observed,7.1 bulk registry type-slot construction sequence
4743,0x57E1548,0x7F8DBF6,0x7F8DBFD,0x9458,il2cpp,static-observed,7.1 bulk registry type-slot construction sequence
4744,0x57CCE48,0x7F8DC04,0x7F8DC0B,0x9460,il2cpp,static-observed,7.1 bulk registry type-slot construction sequence
4745,0x57F8DC8,0x7F8DC12,0x7F8DC19,0x9468,il2cpp,static-observed,7.1 bulk registry type-slot construction sequence
4746,0x57F8DD0,0x7F8DC20,0x7F8DC27,0x9470,il2cpp,static-observed,7.1 bulk registry type-slot construction sequence
4747,0x57F8DD8,0x7F8DC2E,0x7F8DC35,0x9478,il2cpp,static-observed,7.1 bulk registry type-slot construction sequence
4748,0x57F8DE0,0x7F8DC3C,0x7F8DC43,0x9480,il2cpp,static-observed,7.1 bulk registry type-slot construction sequence
4749,0x57F8DE8,0x7F8DC4A,0x7F8DC51,0x9488,il2cpp,static-observed,7.1 bulk registry type-slot construction sequence
4750,0x57B10B8,0x7F8DC58,0x7F8DC5F,0x9490,il2cpp,static-observed,7.1 bulk registry type-slot construction sequence
4751,0x57F8DF0,0x7F8DC66,0x7F8DC6D,0x9498,il2cpp,static-observed,7.1 bulk registry type-slot construction sequence
4752,0x57F8DF8,0x7F8DC74,0x7F8DC7B,0x94A0,il2cpp,static-observed,7.1 bulk registry type-slot construction sequence
4753,0x57F8E00,0x7F8DC82,0x7F8DC89,0x94A8,il2cpp,static-observed,7.1 bulk registry type-slot construction sequence
4754,0x57DB810,0x7F8DC90,0x7F8DC97,0x94B0,il2cpp,static-observed,7.1 bulk registry type-slot construction sequence
4755,0x57C6368,0x7F8DC9E,0x7F8DCA5,0x94B8,il2cpp,static-observed,7.1 bulk registry type-slot construction sequence
4756,0x57F8E08,0x7F8DCAC,0x7F8DCB3,0x94C0,il2cpp,static-observed,7.1 bulk registry type-slot construction sequence
4757,0x57F8E10,0x7F8DCBA,0x7F8DCC1,0x94C8,il2cpp,static-observed,7.1 bulk registry type-slot construction sequence
4758,0x57C68C8,0x7F8DCC8,0x7F8DCCF,0x94D0,il2cpp,static-observed,7.1 bulk registry type-slot construction sequence
4759,0x57F8E18,0x7F8DCD6,0x7F8DCDD,0x94D8,il2cpp,static-observed,7.1 bulk registry type-slot construction sequence
4760,0x57F8E20,0x7F8DCE4,0x7F8DCEB,0x94E0,il2cpp,static-observed,7.1 bulk registry type-slot construction sequence
4761,0x57C92D0,0x7F8DCF2,0x7F8DCF9,0x94E8,il2cpp,static-observed,7.1 bulk registry type-slot construction sequence
4762,0x57B1A40,0x7F8DD00,0x7F8DD07,0x94F0,il2cpp,static-observed,7.1 bulk registry type-slot construction sequence
4763,0x57F8E28,0x7F8DD0E,0x7F8DD15,0x94F8,il2cpp,static-observed,7.1 bulk registry type-slot construction sequence
4764,0x57F8E30,0x7F8DD1C,0x7F8DD23,0x9500,il2cpp,static-observed,7.1 bulk registry type-slot construction sequence
4765,0x57F8E38,0x7F8DD2A,0x7F8DD31,0x9508,il2cpp,static-observed,7.1 bulk registry type-slot construction sequence
4766,0x57F8E40,0x7F8DD38,0x7F8DD3F,0x9510,il2cpp,static-observed,7.1 bulk registry type-slot construction sequence
4767,0x57F8E48,0x7F8DD46,0x7F8DD4D,0x9518,il2cpp,static-observed,7.1 bulk registry type-slot construction sequence
4768,0x57F8E50,0x7F8DD54,0x7F8DD5B,0x9520,il2cpp,static-observed,7.1 bulk registry type-slot construction sequence
4769,0x57EF4B0,0x7F8DD62,0x7F8DD69,0x9528,il2cpp,static-observed,7.1 bulk registry type-slot construction sequence
4770,0x57D2F30,0x7F8DD70,0x7F8DD77,0x9530,il2cpp,static-observed,7.1 bulk registry type-slot construction sequence
4771,0x57DC138,0x7F8DD7E,0x7F8DD85,0x9538,il2cpp,static-observed,7.1 bulk registry type-slot construction sequence
4772,0x57C9F50,0x7F8DD8C,0x7F8DD93,0x9540,il2cpp,static-observed,7.1 bulk registry type-slot construction sequence
4773,0x57ED8B0,0x7F8DD9A,0x7F8DDA1,0x9548,il2cpp,static-observed,7.1 bulk registry type-slot construction sequence
4774,0x57F8E58,0x7F8DDA8,0x7F8DDAF,0x9550,il2cpp,static-observed,7.1 bulk registry type-slot construction sequence
4775,0x57F8E60,0x7F8DDB6,0x7F8DDBD,0x9558,il2cpp,static-observed,7.1 bulk registry type-slot construction sequence
4776,0x57F8E68,0x7F8DDC4,0x7F8DDCB,0x9560,il2cpp,static-observed,7.1 bulk registry type-slot construction sequence
4777,0x57F8E70,0x7F8DDD2,0x7F8DDD9,0x9568,il2cpp,static-observed,7.1 bulk registry type-slot construction sequence
4778,0x57F8E78,0x7F8DDE0,0x7F8DDE7,0x9570,il2cpp,static-observed,7.1 bulk registry type-slot construction sequence
4779,0x57F8E80,0x7F8DDEE,0x7F8DDF5,0x9578,il2cpp,static-observed,7.1 bulk registry type-slot construction sequence
4780,0x57AEC20,0x7F8DDFC,0x7F8DE03,0x9580,il2cpp,static-observed,7.1 bulk registry type-slot construction sequence
4781,0x57F8E88,0x7F8DE0A,0x7F8DE11,0x9588,il2cpp,static-observed,7.1 bulk registry type-slot construction sequence
4782,0x57CB0C0,0x7F8DE18,0x7F8DE1F,0x9590,il2cpp,static-observed,7.1 bulk registry type-slot construction sequence
4783,0x57F8E90,0x7F8DE26,0x7F8DE2D,0x9598,il2cpp,static-observed,7.1 bulk registry type-slot construction sequence
4784,0x57F8E98,0x7F8DE34,0x7F8DE3B,0x95A0,il2cpp,static-observed,7.1 bulk registry type-slot construction sequence
4785,0x57D43F8,0x7F8DE42,0x7F8DE49,0x95A8,il2cpp,static-observed,7.1 bulk registry type-slot construction sequence
4786,0x57D1760,0x7F8DE50,0x7F8DE57,0x95B0,il2cpp,static-observed,7.1 bulk registry type-slot construction sequence
4787,0x57D3A38,0x7F8DE5E,0x7F8DE65,0x95B8,il2cpp,static-observed,7.1 bulk registry type-slot construction sequence
4788,0x57CBDA0,0x7F8DE6C,0x7F8DE73,0x95C0,il2cpp,static-observed,7.1 bulk registry type-slot construction sequence
4789,0x57F2740,0x7F8DE7A,0x7F8DE81,0x95C8,il2cpp,static-observed,7.1 bulk registry type-slot construction sequence
4790,0x57F8EA0,0x7F8DE88,0x7F8DE8F,0x95D0,il2cpp,static-observed,7.1 bulk registry type-slot construction sequence
4791,0x57C5178,0x7F8DE96,0x7F8DE9D,0x95D8,il2cpp,static-observed,7.1 bulk registry type-slot construction sequence
4792,0x57F8EA8,0x7F8DEA4,0x7F8DEAB,0x95E0,il2cpp,static-observed,7.1 bulk registry type-slot construction sequence
4793,0x57E7850,0x7F8DEB2,0x7F8DEB9,0x95E8,il2cpp,static-observed,7.1 bulk registry type-slot construction sequence
4794,0x57F8EB0,0x7F8DEC0,0x7F8DEC7,0x95F0,il2cpp,static-observed,7.1 bulk registry type-slot construction sequence
4795,0x57ECF80,0x7F8DECE,0x7F8DED5,0x95F8,il2cpp,static-observed,7.1 bulk registry type-slot construction sequence
4796,0x57F8EB8,0x7F8DEDC,0x7F8DEE3,0x9600,il2cpp,static-observed,7.1 bulk registry type-slot construction sequence
4797,0x57F8EC0,0x7F8DEEA,0x7F8DEF1,0x9608,il2cpp,static-observed,7.1 bulk registry type-slot construction sequence
4798,0x57F8EC8,0x7F8DEF8,0x7F8DEFF,0x9610,il2cpp,static-observed,7.1 bulk registry type-slot construction sequence
4799,0x57DE3A8,0x7F8DF06,0x7F8DF0D,0x9618,il2cpp,static-observed,7.1 bulk registry type-slot construction sequence
4800,0x57D8D48,0x7F8DF14,0x7F8DF1B,0x9620,il2cpp,static-observed,7.1 bulk registry type-slot construction sequence
4801,0x57F8ED0,0x7F8DF22,0x7F8DF29,0x9628,il2cpp,static-observed,7.1 bulk registry type-slot construction sequence
4802,0x57F8ED8,0x7F8DF30,0x7F8DF37,0x9630,il2cpp,static-observed,7.1 bulk registry type-slot construction sequence
4803,0x57E9128,0x7F8DF3E,0x7F8DF45,0x9638,il2cpp,static-observed,7.1 bulk registry type-slot construction sequence
4804,0x57F8EE0,0x7F8DF4C,0x7F8DF53,0x9640,il2cpp,static-observed,7.1 bulk registry type-slot construction sequence
4805,0x57F8EE8,0x7F8DF5A,0x7F8DF61,0x9648,il2cpp,static-observed,7.1 bulk registry type-slot construction sequence
4806,0x57F8EF0,0x7F8DF68,0x7F8DF6F,0x9650,il2cpp,static-observed,7.1 bulk registry type-slot construction sequence
4807,0x57F8EF8,0x7F8DF76,0x7F8DF7D,0x9658,il2cpp,static-observed,7.1 bulk registry type-slot construction sequence
4808,0x57EFE68,0x7F8DF84,0x7F8DF8B,0x9660,il2cpp,static-observed,7.1 bulk registry type-slot construction sequence
4809,0x57F8F00,0x7F8DF92,0x7F8DF99,0x9668,il2cpp,static-observed,7.1 bulk registry type-slot construction sequence
4810,0x57E6F30,0x7F8DFA0,0x7F8DFA7,0x9670,il2cpp,static-observed,7.1 bulk registry type-slot construction sequence
4811,0x57D1C00,0x7F8DFAE,0x7F8DFB5,0x9678,il2cpp,static-observed,7.1 bulk registry type-slot construction sequence
4812,0x57F8F08,0x7F8DFBC,0x7F8DFC3,0x9680,il2cpp,static-observed,7.1 bulk registry type-slot construction sequence
4813,0x57F8F10,0x7F8DFCA,0x7F8DFD1,0x9688,il2cpp,static-observed,7.1 bulk registry type-slot construction sequence
4814,0x57F8F18,0x7F8DFD8,0x7F8DFDF,0x9690,il2cpp,static-observed,7.1 bulk registry type-slot construction sequence
4815,0x57C8EA8,0x7F8DFE6,0x7F8DFED,0x9698,il2cpp,static-observed,7.1 bulk registry type-slot construction sequence
4816,0x57F8F20,0x7F8DFF4,0x7F8DFFB,0x96A0,il2cpp,static-observed,7.1 bulk registry type-slot construction sequence
4817,0x57F8F28,0x7F8E002,0x7F8E009,0x96A8,il2cpp,static-observed,7.1 bulk registry type-slot construction sequence
4818,0x57D7DD8,0x7F8E010,0x7F8E017,0x96B0,il2cpp,static-observed,7.1 bulk registry type-slot construction sequence
4819,0x57F8F30,0x7F8E01E,0x7F8E025,0x96B8,il2cpp,static-observed,7.1 bulk registry type-slot construction sequence
4820,0x57F8F38,0x7F8E02C,0x7F8E033,0x96C0,il2cpp,static-observed,7.1 bulk registry type-slot construction sequence
4821,0x57C80C8,0x7F8E03A,0x7F8E041,0x96C8,il2cpp,static-observed,7.1 bulk registry type-slot construction sequence
4822,0x57C8748,0x7F8E048,0x7F8E04F,0x96D0,il2cpp,static-observed,7.1 bulk registry type-slot construction sequence
4823,0x57ED418,0x7F8E056,0x7F8E05D,0x96D8,il2cpp,static-observed,7.1 bulk registry type-slot construction sequence
4824,0x57F8F40,0x7F8E064,0x7F8E06B,0x96E0,il2cpp,static-observed,7.1 bulk registry type-slot construction sequence
4825,0x57F8F48,0x7F8E072,0x7F8E079,0x96E8,il2cpp,static-observed,7.1 bulk registry type-slot construction sequence
4826,0x57E1D60,0x7F8E080,0x7F8E087,0x96F0,il2cpp,static-observed,7.1 bulk registry type-slot construction sequence
4827,0x57F8F50,0x7F8E08E,0x7F8E095,0x96F8,il2cpp,static-observed,7.1 bulk registry type-slot construction sequence
4828,0x57CD020,0x7F8E09C,0x7F8E0A3,0x9700,il2cpp,static-observed,7.1 bulk registry type-slot construction sequence
4829,0x57CEF48,0x7F8E0AA,0x7F8E0B1,0x9708,il2cpp,static-observed,7.1 bulk registry type-slot construction sequence
4830,0x57F8F58,0x7F8E0B8,0x7F8E0BF,0x9710,il2cpp,static-observed,7.1 bulk registry type-slot construction sequence
4831,0x57F8F60,0x7F8E0C6,0x7F8E0CD,0x9718,il2cpp,static-observed,7.1 bulk registry type-slot construction sequence
4832,0x57F8F68,0x7F8E0D4,0x7F8E0DB,0x9720,il2cpp,static-observed,7.1 bulk registry type-slot construction sequence
4833,0x57F8F70,0x7F8E0E2,0x7F8E0E9,0x9728,il2cpp,static-observed,7.1 bulk registry type-slot construction sequence
4834,0x57F8F78,0x7F8E0F0,0x7F8E0F7,0x9730,il2cpp,static-observed,7.1 bulk registry type-slot construction sequence
4835,0x57CF050,0x7F8E0FE,0x7F8E105,0x9738,il2cpp,static-observed,7.1 bulk registry type-slot construction sequence
4836,0x57F8F80,0x7F8E10C,0x7F8E113,0x9740,il2cpp,static-observed,7.1 bulk registry type-slot construction sequence
4837,0x57B47B0,0x7F8E11A,0x7F8E121,0x9748,il2cpp,static-observed,7.1 bulk registry type-slot construction sequence
4838,0x57D8458,0x7F8E128,0x7F8E12F,0x9750,il2cpp,static-observed,7.1 bulk registry type-slot construction sequence
4839,0x57F8F88,0x7F8E136,0x7F8E13D,0x9758,il2cpp,static-observed,7.1 bulk registry type-slot construction sequence
4840,0x57F8F90,0x7F8E144,0x7F8E14B,0x9760,il2cpp,static-observed,7.1 bulk registry type-slot construction sequence
4841,0x57EB460,0x7F8E152,0x7F8E159,0x9768,il2cpp,static-observed,7.1 bulk registry type-slot construction sequence
4842,0x57E6928,0x7F8E160,0x7F8E167,0x9770,il2cpp,static-observed,7.1 bulk registry type-slot construction sequence
4843,0x57F8F98,0x7F8E16E,0x7F8E175,0x9778,il2cpp,static-observed,7.1 bulk registry type-slot construction sequence
4844,0x57F8FA0,0x7F8E17C,0x7F8E183,0x9780,il2cpp,static-observed,7.1 bulk registry type-slot construction sequence
4845,0x57F8FA8,0x7F8E18A,0x7F8E191,0x9788,il2cpp,static-observed,7.1 bulk registry type-slot construction sequence
4846,0x57F8FB0,0x7F8E198,0x7F8E19F,0x9790,il2cpp,static-observed,7.1 bulk registry type-slot construction sequence
4847,0x57C7808,0x7F8E1A6,0x7F8E1AD,0x9798,il2cpp,static-observed,7.1 bulk registry type-slot construction sequence
4848,0x57F8FB8,0x7F8E1B4,0x7F8E1BB,0x97A0,il2cpp,static-observed,7.1 bulk registry type-slot construction sequence
4849,0x57F8FC0,0x7F8E1C2,0x7F8E1C9,0x97A8,il2cpp,static-observed,7.1 bulk registry type-slot construction sequence
4850,0x57F8FC8,0x7F8E1D0,0x7F8E1D7,0x97B0,il2cpp,static-observed,7.1 bulk registry type-slot construction sequence
4851,0x57F8FD0,0x7F8E1DE,0x7F8E1E5,0x97B8,il2cpp,static-observed,7.1 bulk registry type-slot construction sequence
4852,0x57CEF50,0x7F8E1EC,0x7F8E1F3,0x97C0,il2cpp,static-observed,7.1 bulk registry type-slot construction sequence
4853,0x57F8FD8,0x7F8E1FA,0x7F8E201,0x97C8,il2cpp,static-observed,7.1 bulk registry type-slot construction sequence
4854,0x57F8FE0,0x7F8E208,0x7F8E20F,0x97D0,il2cpp,static-observed,7.1 bulk registry type-slot construction sequence
4855,0x57C6868,0x7F8E216,0x7F8E21D,0x97D8,il2cpp,static-observed,7.1 bulk registry type-slot construction sequence
4856,0x57F8FE8,0x7F8E224,0x7F8E22B,0x97E0,il2cpp,static-observed,7.1 bulk registry type-slot construction sequence
4857,0x57CE868,0x7F8E232,0x7F8E239,0x97E8,il2cpp,static-observed,7.1 bulk registry type-slot construction sequence
4858,0x57F8FF0,0x7F8E240,0x7F8E247,0x97F0,il2cpp,static-observed,7.1 bulk registry type-slot construction sequence
4859,0x57F8FF8,0x7F8E24E,0x7F8E255,0x97F8,il2cpp,static-observed,7.1 bulk registry type-slot construction sequence
4860,0x57DF4D8,0x7F8E25C,0x7F8E263,0x9800,il2cpp,static-observed,7.1 bulk registry type-slot construction sequence
4861,0x57F9000,0x7F8E26A,0x7F8E271,0x9808,il2cpp,static-observed,7.1 bulk registry type-slot construction sequence
4862,0x57F9008,0x7F8E278,0x7F8E27F,0x9810,il2cpp,static-observed,7.1 bulk registry type-slot construction sequence
4863,0x57F9010,0x7F8E286,0x7F8E28D,0x9818,il2cpp,static-observed,7.1 bulk registry type-slot construction sequence
4864,0x57F9018,0x7F8E294,0x7F8E29B,0x9820,il2cpp,static-observed,7.1 bulk registry type-slot construction sequence
4865,0x57F9020,0x7F8E2A2,0x7F8E2A9,0x9828,il2cpp,static-observed,7.1 bulk registry type-slot construction sequence
4866,0x57F9028,0x7F8E2B0,0x7F8E2B7,0x9830,il2cpp,static-observed,7.1 bulk registry type-slot construction sequence
4867,0x57F9030,0x7F8E2BE,0x7F8E2C5,0x9838,il2cpp,static-observed,7.1 bulk registry type-slot construction sequence
4868,0x57E7828,0x7F8E2CC,0x7F8E2D3,0x9840,il2cpp,static-observed,7.1 bulk registry type-slot construction sequence
4869,0x57F9038,0x7F8E2DA,0x7F8E2E1,0x9848,il2cpp,static-observed,7.1 bulk registry type-slot construction sequence
4870,0x57F9040,0x7F8E2E8,0x7F8E2EF,0x9850,il2cpp,static-observed,7.1 bulk registry type-slot construction sequence
4871,0x57F9048,0x7F8E2F6,0x7F8E2FD,0x9858,il2cpp,static-observed,7.1 bulk registry type-slot construction sequence
4872,0x57F9050,0x7F8E304,0x7F8E30B,0x9860,il2cpp,static-observed,7.1 bulk registry type-slot construction sequence
4873,0x57F9058,0x7F8E312,0x7F8E319,0x9868,il2cpp,static-observed,7.1 bulk registry type-slot construction sequence
4874,0x57F9060,0x7F8E320,0x7F8E327,0x9870,il2cpp,static-observed,7.1 bulk registry type-slot construction sequence
4875,0x57F9068,0x7F8E32E,0x7F8E335,0x9878,il2cpp,static-observed,7.1 bulk registry type-slot construction sequence
4876,0x57F9070,0x7F8E33C,0x7F8E343,0x9880,il2cpp,static-observed,7.1 bulk registry type-slot construction sequence
4877,0x57F9078,0x7F8E34A,0x7F8E351,0x9888,il2cpp,static-observed,7.1 bulk registry type-slot construction sequence
4878,0x57F9080,0x7F8E358,0x7F8E35F,0x9890,il2cpp,static-observed,7.1 bulk registry type-slot construction sequence
4879,0x57F9088,0x7F8E366,0x7F8E36D,0x9898,il2cpp,static-observed,7.1 bulk registry type-slot construction sequence
4880,0x57F9090,0x7F8E374,0x7F8E37B,0x98A0,il2cpp,static-observed,7.1 bulk registry type-slot construction sequence
4881,0x57F9098,0x7F8E382,0x7F8E389,0x98A8,il2cpp,static-observed,7.1 bulk registry type-slot construction sequence
4882,0x57EF9B0,0x7F8E390,0x7F8E397,0x98B0,il2cpp,static-observed,7.1 bulk registry type-slot construction sequence
4883,0x57F90A0,0x7F8E39E,0x7F8E3A5,0x98B8,il2cpp,static-observed,7.1 bulk registry type-slot construction sequence
4884,0x57E0DB8,0x7F8E3AC,0x7F8E3B3,0x98C0,il2cpp,static-observed,7.1 bulk registry type-slot construction sequence
4885,0x57F90A8,0x7F8E3BA,0x7F8E3C1,0x98C8,il2cpp,static-observed,7.1 bulk registry type-slot construction sequence
4886,0x57CB180,0x7F8E3C8,0x7F8E3CF,0x98D0,il2cpp,static-observed,7.1 bulk registry type-slot construction sequence
4887,0x57D4498,0x7F8E3D6,0x7F8E3DD,0x98D8,il2cpp,static-observed,7.1 bulk registry type-slot construction sequence
4888,0x57F90B0,0x7F8E3E4,0x7F8E3EB,0x98E0,il2cpp,static-observed,7.1 bulk registry type-slot construction sequence
4889,0x57F90B8,0x7F8E3F2,0x7F8E3F9,0x98E8,il2cpp,static-observed,7.1 bulk registry type-slot construction sequence
4890,0x57EDF08,0x7F8E400,0x7F8E407,0x98F0,il2cpp,static-observed,7.1 bulk registry type-slot construction sequence
4891,0x57F90C0,0x7F8E40E,0x7F8E415,0x98F8,il2cpp,static-observed,7.1 bulk registry type-slot construction sequence
4892,0x57F90C8,0x7F8E41C,0x7F8E423,0x9900,il2cpp,static-observed,7.1 bulk registry type-slot construction sequence
4893,0x57F90D0,0x7F8E42A,0x7F8E431,0x9908,il2cpp,static-observed,7.1 bulk registry type-slot construction sequence
4894,0x57C6AB0,0x7F8E438,0x7F8E43F,0x9910,il2cpp,static-observed,7.1 bulk registry type-slot construction sequence
4895,0x57F90D8,0x7F8E446,0x7F8E44D,0x9918,il2cpp,static-observed,7.1 bulk registry type-slot construction sequence
